"id_no","binomial","area","lotic","lentic","lentic_only","length","importance","marine","FoodTroph","foodtrophcat","climate_zone","code"
285,"Strongylura marina",2595.35254533741,1,0,0,111,"minor commercial",1,3.78,"Carni.",2,"LC"
2266,"Haplochromis tanaos",70029.8147067808,0,1,1,7.69999980926514,NA,0,NA,NA,1,"LC"
2267,"Epiplatys grahami",169129.266936742,1,1,0,NA,NA,NA,NA,NA,1,"LC"
2272,"Protomelas fenestratus",4694.31397546243,0,1,1,NA,NA,NA,NA,NA,1,"LC"
2273,"Mastacembelus moorii",33012.5919769452,1,1,0,44,"minor commercial",0,4.2,"Carni.",1,"LC"
2275,"Taenioides cirratus",4104.71705795499,1,0,0,30,"of no interest",1,3.85999989509583,"Carni.",1,"DD"
2276,"Oreochromis amphimelas",33855.7689594522,0,1,1,28,NA,0,NA,NA,2,"EN"
2278,"Mochokus niloticus",532413.855052162,1,1,0,NA,NA,NA,NA,NA,2,"LC"
2279,"Nannocharax altus",25772.1189682281,NA,NA,0,NA,NA,NA,NA,NA,1,"EN"
2280,"Aphyosemion christyi",133549.293363527,1,1,0,NA,NA,NA,NA,NA,1,"LC"
2281,"Glossogobius callidus",676443.788884807,1,0,0,NA,NA,NA,NA,NA,1,"LC"
2282,"Stigmatochromis modestus",4694.31397546243,0,1,1,25,"commercial",0,4.2,"Carni.",1,"LC"
2287,"Eleotris fusca",717276.543940615,1,1,0,26,"minor commercial",1,3.62,"Carni.",1,"LC"
2288,"Aphyosemion passaroi",7398.35485791959,1,0,0,NA,NA,NA,NA,NA,1,"EN"
2289,"Gobiocichla ethelwynnae",7365.08427734965,1,0,0,7,NA,0,2,"Herbi.",1,"EN"
2290,"Enteromius catenarius",9444.38502199769,NA,NA,0,NA,NA,NA,NA,NA,1,"DD"
2293,"Ivindomyrus marchei",222296.187114612,NA,NA,0,NA,NA,NA,NA,NA,1,"LC"
2295,"Cromeria nilotica",123272.320133957,1,0,0,NA,NA,NA,NA,NA,1,"LC"
2298,"Gephyroglanis habereri",49413.0101037181,1,1,0,NA,NA,NA,NA,NA,1,"DD"
2305,"Chiloglanis ruziziensis",10399.5848388487,1,0,0,NA,NA,NA,NA,NA,1,"CR"
2307,"Xenotilapia sima",33012.5919769452,0,1,1,16.3999996185303,"commercial",0,NA,NA,1,"LC"
2311,"Cyphomyrus psittacus",1195234.87341727,1,1,0,NA,NA,NA,NA,NA,1,"LC"
2313,"Synodontis polystigma",88828.5106536822,1,1,0,NA,NA,NA,NA,NA,3,"LC"
2320,"Chrysichthys mabusi",234857.588413762,1,1,0,NA,NA,NA,NA,NA,1,"LC"
2322,"Chindongo socolofi",168.137754261711,0,1,1,NA,NA,NA,NA,NA,1,"LC"
2328,"Pseudomugil tenellus",2430.2420310998,1,1,0,NA,NA,NA,NA,NA,2,"LC"
2333,"Giuris margaritacea",240929.668571871,NA,NA,0,NA,NA,NA,NA,NA,1,NA
2337,"Oreochromis mossambicus",999783.127480853,1,1,0,39,"highly commercial",0,2.77,"Omni.",2,"VU"
2338,"Tylochromis regani",48127.136013045,1,1,0,27.5,NA,0,2.58,"Omni.",1,"NT"
2341,"Chelon labrosus",282588.657803412,1,1,0,75,"commercial",1,2.59,"Omni.",2,"LC"
2343,"Engraulicypris gariepinus",39738.0554974965,1,0,0,4.65999984741211,NA,0,NA,NA,2,"LC"
2347,"Enteromius greenwoodi",4373.95759775266,1,1,0,NA,NA,NA,NA,NA,3,"DD"
2349,"Synodontis batensoda",2118484.06513364,1,1,0,28.6000003814697,"commercial",0,2.84,"Carni.",2,"LC"
2351,"Parauchenoglanis balayi",1492532.90522985,1,1,0,NA,NA,NA,NA,NA,1,"LC"
2352,"Tilapia ruweti",606353.607679287,1,1,0,10.3999996185303,"commercial",0,2.43,"Omni.",3,"LC"
2353,"Clarias buthupogon",1595656.01970499,1,1,0,34.0999984741211,NA,0,3.25,"Carni.",1,"LC"
2354,"Ambassis urotaenia",10672.138026065,1,1,0,14,NA,1,NA,NA,3,"LC"
2356,"Orthochromis kalungwishiensis",15359.6835289211,1,1,0,NA,NA,NA,NA,NA,1,"LC"
2357,"Neolamprologus christyi",34890.675799273,0,1,1,15," ",0,3.27,"Carni.",1,"VU"
2359,"Trachyglanis sanghensis",4815.18161867641,1,1,0,NA,NA,NA,NA,NA,1,"DD"
2362,"Protomelas taeniolatus",4694.31397546243,0,1,1,11.3000001907349,"commercial",0,3.21,"Carni.",1,"LC"
2366,"Nyassachromis microcephalus",6876.2660956166,0,1,1,15,"commercial",0,3.4,"Carni.",1,"LC"
2368,"Caranx hippos",10871.2547871155,1,0,0,124,"commercial",1,3.83,"Carni.",1,"LC"
2370,"Labeo cyclopinnis",225758.304018267,1,1,0,NA,NA,NA,NA,NA,1,"LC"
2373,"Hepsetus odoe",4037895.02079021,1,1,0,44.2000007629395,"subsistence fisheries",0,4.1,"Carni.",1,"LC"
2380,"Neolamprologus brichardi",34890.675799273,0,1,1,9,"commercial",0,3.4,"Carni.",1,"LC"
2385,"Aphyosemion congicum",9517.39744913612,1,0,0,NA,NA,NA,NA,NA,1,"DD"
2391,"Kribia uellensis",50092.3373728994,1,1,0,NA,NA,NA,NA,NA,1,"LC"
2393,"Acentrogobius audax",152196.793643166,1,0,0,NA,NA,NA,NA,NA,1,"LC"
2394,"Aphyosemion australe",30845.5203093766,1,1,0,6,"of no interest",0,3.25,"Carni.",1,"LC"
2399,"Labeobarbus upembensis",18667.1775683477,1,1,0,NA,NA,NA,NA,NA,1,"DD"
2403,"Enteromius bawkuensis",26849.782080417,1,1,0,NA,NA,NA,NA,NA,2,"LC"
2404,"Xenotilapia caudafasciata",33012.5919769452,0,1,1,10.5,"commercial",0,2.95000004768372,"Carni.",1,"LC"
2405,"Bathybates ferox",33354.7184506497,0,1,1,38.5,"commercial",0,4.2,"Carni.",1,"LC"
2406,"Pellonula vorax",696012.483085127,1,1,0,12,"subsistence fisheries",1,NA,NA,1,"LC"
2409,"Mastacembelus brachyrhinus",171981.751823558,1,1,0,NA,NA,NA,NA,NA,1,"LC"
2420,"Malapterurus teugelsi",8016.16068662593,1,1,0,NA,NA,NA,NA,NA,1,"VU"
2422,"Serranochromis macrocephalus",1159503.52206756,1,1,0,35,"commercial",0,4.16,"Carni.",3,"LC"
2429,"Synodontis congicus",583660.967402489,1,1,0,NA,NA,NA,NA,NA,1,"LC"
2439,"Notoglanidium macrostoma",722640.652302047,1,1,0,28.1000003814697,NA,0,3.75,"Carni.",1,"LC"
2440,"Mormyrus iriodes",9335.71281336562,1,1,0,NA,NA,NA,NA,NA,1,"VU"
2441,"Pseudobarbus capensis",20495.0562734206,1,1,0,NA,NA,NA,NA,NA,3,"EN"
2450,"Epiplatys mesogramma",40986.7820604395,1,0,0,NA,NA,NA,NA,NA,1,"LC"
2451,"Pseudotropheus joanjohnsonae",84.1614107759323,NA,NA,0,NA,NA,NA,NA,NA,1,NA
2464,"Synodontis bastiani",178199.63185421,1,0,0,NA,NA,NA,NA,NA,1,"LC"
2473,"Micropanchax loati",458303.79479892,1,1,0,NA,NA,NA,NA,NA,1,"LC"
2475,"Labeo parvus",2562674.49348384,1,1,0,38,"of no interest",0,2,"Herbi.",1,"LC"
2476,"Chiloglanis paratus",313039.79556935,1,0,0,NA,NA,NA,NA,NA,2,"LC"
2477,"Haplochromis cinereus",83191.2376373477,0,1,1,8.10000038146973,NA,0,2.57,"Omni.",1,"DD"
2481,"Atopochilus christyi",454792.554542004,1,1,0,NA,NA,NA,NA,NA,1,"LC"
2485,"Haplochromis plagiodon",70029.8147067808,0,1,1,8.5,NA,0,3.2,"Carni.",1,"VU"
2487,"Nanochromis nudiceps",308705.691609001,1,1,0,NA,NA,NA,NA,NA,1,"LC"
2488,"Hemichromis stellifer",113843.383222147,1,1,0,NA,NA,NA,NA,NA,1,"LC"
2492,"Julidochromis regani",33183.4448681446,0,1,1,13,"commercial",0,NA,NA,1,"LC"
2494,"Enteromius afrovernayi",1353728.45116894,1,1,0,5.69999980926514,"commercial",0,3.5,"Carni.",3,"LC"
2496,"Bathybates hornii",33354.7184506497,0,1,1,27.2000007629395,"commercial",0,4.2,"Carni.",1,"LC"
2501,"Lutjanus fulvus",6711.98828391718,0,0,0,40,"commercial",1,3.76,"Carni.",1,"LC"
2502,"Lethrinops microstoma",6876.2660956166,0,1,1,14.5,"commercial",0,3.5,"Carni.",1,"LC"
2503,"Synodontis filamentosus",1352499.420866,1,1,0,NA,NA,NA,NA,NA,1,"LC"
2506,"Enteromius magdalenae",109330.207257641,1,1,0,NA,NA,NA,NA,NA,1,"LC"
2507,"Labeo cyclorhynchus",208548.199755248,1,1,0,NA,NA,NA,NA,NA,1,"LC"
2508,"Oreochromis tanganicae",34890.675799273,1,1,0,42,NA,0,2,"Herbi.",1,"LC"
2509,"Mastacembelus ophidium",33012.5919769452,0,1,1,NA,NA,NA,NA,NA,1,"LC"
2514,"Chiloglanis lukugae",476467.463091256,1,1,0,NA,NA,NA,NA,NA,1,"LC"
2517,"Gephyroglanis congicus",423089.505487825,1,1,0,NA,NA,NA,NA,NA,1,"LC"
2520,"Tropheops modestus",250.547819787209,0,1,1,NA,NA,NA,NA,NA,1,"NT"
2522,"Amphilius atesuensis",954076.507116493,1,0,0,NA,NA,NA,NA,NA,1,"LC"
2523,"Divandu albimarginatus",148644.334692028,NA,NA,0,NA,NA,NA,NA,NA,1,"LC"
2527,"Lethrinops micrentodon",6876.2660956166,0,1,1,11.5,"commercial",0,2,"Herbi.",1,"DD"
2528,"Copadichromis trewavasae",84.1614107759323,0,1,1,10.539999961853,"commercial",0,NA,NA,1,"LC"
2529,"Chromidotilapia kingsleyae",171893.083301614,NA,NA,0,NA,NA,NA,NA,NA,1,"LC"
2537,"Campylomormyrus christyi",51141.6408583467,1,1,0,NA,NA,NA,NA,NA,1,"LC"
2544,"Lethrinops albus",6876.2660956166,0,1,1,NA,NA,NA,NA,NA,1,"LC"
2551,"Paramormyrops gabonensis",60562.839318433,1,0,0,16.2999992370605,NA,0,NA,NA,1,"VU"
2552,"Pelmatochromis buettikoferi",274900.720859899,1,0,0,NA,NA,NA,NA,NA,1,"LC"
2553,"Marcusenius greshoffii",697974.319392499,1,1,0,NA,NA,NA,NA,NA,1,"LC"
2555,"Pantanodon stuhlmanni",173503.017784663,NA,NA,0,NA,NA,NA,NA,NA,1,"DD"
2556,"Enteromius brevidorsalis",669910.220332669,1,1,0,NA,NA,NA,NA,NA,1,"LC"
2558,"Labeobarbus ruwenzorii",23749.7430521263,1,0,0,NA,NA,NA,NA,NA,1,"VU"
2561,"Bagrus caeruleus",13374.8013617231,1,1,0,21,NA,0,NA,NA,1,"VU"
2562,"Petrotilapia genalutea",4443.05885150706,0,1,1,13.1000003814697,"commercial",0,2,"Herbi.",1,"LC"
2563,"Astatotilapia tweddlei",13455.8962789844,NA,NA,0,NA,NA,NA,NA,NA,1,NA
2564,"Hemichromis elongatus",2819298.7070927,1,1,0,18.7000007629395,NA,0,3.65,"Carni.",1,"LC"
2565,"Petrotilapia tridentiger",4191.16508658342,0,1,1,NA,NA,NA,NA,NA,1,"LC"
2567,"Zaireichthys camerunensis",29094.0610875627,1,0,0,NA,NA,NA,NA,NA,1,"LC"
2571,"Congochromis dimidiatus",838800.38244629,NA,NA,0,NA,NA,NA,NA,NA,1,NA
2572,"Myomyrus pharao",26943.2328524134,1,1,0,NA,NA,NA,NA,NA,1,"VU"
2573,"Marcusenius ghesquierei",28827.0887942206,1,1,0,NA,NA,NA,NA,NA,1,"LC"
2577,"Clariallabes brevibarbis",9206.75322445915,NA,NA,0,NA,NA,NA,NA,NA,1,"DD"
2581,"Brachypetersius gabonensis",118733.304461278,NA,NA,0,NA,NA,NA,NA,NA,1,"LC"
2582,"Aphyosemion raddai",28767.018192349,1,0,0,NA,NA,NA,NA,NA,1,"LC"
2583,"Chrysichthys okae",166144.400322635,1,1,0,NA,NA,NA,NA,NA,1,"LC"
2585,"Pelmatochromis ocellifer",139413.448604285,1,1,0,NA,NA,NA,NA,NA,1,"DD"
2586,"Maylandia phaeos",252.840895309254,NA,NA,0,NA,NA,NA,NA,NA,1,NA
2591,"Lates microlepis",33012.5919769452,0,1,1,93,"commercial",0,4.35,"Carni.",1,"EN"
2593,"Placidochromis rotundifrons",83.4835759602318,0,1,1,NA,NA,NA,NA,NA,1,"LC"
2595,"Enteromius dorsolineatus",48586.9739676583,1,1,0,NA,NA,NA,NA,NA,2,"LC"
2597,"Micropterus punctulatus",387.865927449787,1,0,0,63.5,NA,0,3.56,"Carni.",3,"LC"
2598,"Aphyosemion amoenum",13648.1027397759,1,0,0,NA,NA,NA,NA,NA,1,"EN"
2599,"Trematocara caparti",33012.5919769452,0,1,1,NA,NA,NA,NA,NA,1,"LC"
2603,"Synodontis violaceus",342953.942426739,1,1,0,NA,NA,NA,NA,NA,1,"LC"
2605,"Enteromius neumayeri",529873.931768482,1,1,0,11.8000001907349,NA,0,3.04,"Carni.",1,"LC"
2606,"Aphyosemion schluppi",30497.8053900913,1,0,0,NA,NA,NA,NA,NA,1,"VU"
2607,"Labeobarbus beso",31545.1145463886,1,1,0,NA,NA,NA,NA,NA,1,"LC"
2609,"Opsaridium splendens",11246.7932777203,1,0,0,NA,NA,NA,NA,NA,1,"DD"
2611,"Alticorpus geoffreyi",7128.85034957208,0,1,1,NA,NA,NA,NA,NA,1,"LC"
2612,"Haplochromis taurinus",16177.5782462457,1,1,0,14,NA,0,NA,NA,1,"LC"
2614,"Microsynodontis polli",57519.0045475174,1,1,0,NA,NA,NA,NA,NA,1,"LC"
2615,"Haplochromis maxillaris",74503.6580156115,0,1,1,16,NA,0,4,"Carni.",1,"VU"
2616,"Enteromius janssensi",78413.5999214711,1,1,0,NA,NA,NA,NA,NA,1,"LC"
2618,"Marcusenius krameri",1657.20857980551,1,0,0,19.7000007629395,NA,0,NA,NA,2,"LC"
2620,"Platyallabes tihoni",38245.0644525414,1,1,0,NA,NA,NA,NA,NA,1,"LC"
2622,"Oreochromis angolensis",19968.574274147,1,1,0,NA,NA,NA,NA,NA,2,"LC"
2627,"Labeobarbus jaegeri",6247.89632192623,NA,NA,0,NA,NA,NA,NA,NA,1,"DD"
2628,"Alestopetersius nigropterus",29074.3660478933,0,1,1,NA,NA,NA,NA,NA,1,"EN"
2629,"Nothobranchius kafuensis",14338.773339669,1,1,0,NA,NA,NA,NA,NA,3,"LC"
2630,"Aulonocara brevinidus",26520.5883195937,0,1,1,NA,NA,NA,NA,NA,1,"LC"
2632,"Enteromius nigroluteus",58057.6711870975,NA,NA,0,NA,NA,NA,NA,NA,1,"EN"
2633,"Brycinus poptae",366858.405613138,1,1,0,NA,NA,NA,NA,NA,1,"LC"
2634,"Raiamas buchholzi",751090.62157774,1,1,0,NA,NA,NA,NA,NA,1,"LC"
2635,"Luciobarbus pallaryi",347201.56204174,1,0,0,NA,NA,NA,NA,NA,2,"LC"
2643,"Boulengerochromis microlepis",33354.7184506497,0,1,1,80,"commercial",0,4.5,"Carni.",1,"LC"
2648,"Chrysichthys longibarbis",367849.792312108,1,1,0,NA,NA,NA,NA,NA,1,"LC"
2651,"Alestes dentex",3734225.5244276,1,1,0,55,"commercial",0,2.93,"Carni.",1,"LC"
2656,"Enteromius marmoratus",115131.696718943,1,1,0,NA,NA,NA,NA,NA,1,"LC"
2657,"Schilbe djeremi",133242.977226339,NA,NA,0,NA,NA,NA,NA,NA,1,"LC"
2660,"Clarotes laticeps",1703042.4277278,1,1,0,80,"commercial",0,3.14,"Carni.",1,"LC"
2663,"Micropanchax johnstoni",901245.857485894,1,1,0,8.5,"minor commercial",0,3.2,"Carni.",2,"LC"
2666,"Astatoreochromis straeleni",15721.8422297731,1,0,0,13,"of no interest",0,NA,NA,1,"LC"
2669,"Xenocharax crassus",178575.561558675,1,1,0,18.6000003814697,NA,0,NA,NA,1,"LC"
2678,"Enteromius aboinensis",41625.3422292593,1,0,0,NA,NA,NA,NA,NA,1,"LC"
2679,"Sierrathrissa leonensis",228057.541342272,1,1,0,3.51999998092651,"commercial",0,3.1,"Carni.",1,"LC"
2680,"Synodontis macrostoma",64621.6237089556,1,0,0,9.19999980926514,NA,0,NA,NA,2,"LC"
2681,"Enteromius bifrenatus",1417718.06657192,1,0,0,7,"commercial",0,2.61,"Omni.",2,"LC"
2685,"Ichthyborus monodi",121934.094413816,1,0,0,NA,NA,NA,NA,NA,1,"LC"
2688,"Serranochromis altus",196865.078827447,1,0,0,56,NA,0,4.21,"Carni.",2,"LC"
2690,"Maylandia aurora",335.813020952305,0,1,1,8.69999980926514,"commercial",0,2.5,"Omni.",1,NA
2692,"Clarias alluaudi",197919.633339019,1,1,0,23,NA,0,3.2,"Carni.",1,"LC"
2695,"Chiloglanis reticulatus",8319.26019070995,1,1,0,NA,NA,NA,NA,NA,1,"DD"
2697,"Rhamphochromis woodi",25431.1252954917,0,1,1,42,"commercial",0,3.85,"Carni.",1,"LC"
2698,"Trematocara stigmaticum",33012.5919769452,0,1,1,NA,NA,NA,NA,NA,1,"LC"
2701,"Callochromis melanostigma",33354.7184506497,0,1,1,15,"commercial",0,3.5,"Carni.",1,"LC"
2702,"Euchilichthys royauxi",699005.020527562,1,1,0,NA,NA,NA,NA,NA,1,"LC"
2705,"Aphyosemion ahli",71276.5095697356,1,1,0,NA,NA,NA,NA,NA,1,"LC"
2708,"Melanochromis baliodigma",252.0845748694,0,1,1,8.55000019073486,NA,0,4.26,"Carni.",1,"LC"
2710,"Citharinus macrolepis",355750.541820452,1,1,0,NA,NA,NA,NA,NA,1,"LC"
2715,"Synodontis ornatipinnis",211052.205399624,1,1,0,NA,NA,NA,NA,NA,1,"LC"
2716,"Neolamprologus leleupi",34890.675799273,0,1,1,10,"commercial",0,NA,NA,1,"LC"
2719,"Nothobranchius ugandensis",31648.8694688996,1,1,0,NA,NA,NA,NA,NA,1,"LC"
2721,"Coptodon dageti",250747.545915562,1,1,0,NA,NA,NA,NA,NA,1,"LC"
2722,"Epiplatys njalaensis",9386.24327020999,1,0,0,NA,NA,NA,NA,NA,1,"NT"
2724,"Epiplatys lamottei",63561.5532711305,1,0,0,NA,NA,NA,NA,NA,1,"LC"
2727,"Sargochromis mellandi",332858.038982027,1,1,0,NA,NA,NA,NA,NA,3,"LC"
2731,"Clypeobarbus pleuropholis",921700.942464618,1,1,0,NA,NA,NA,NA,NA,1,"LC"
2735,"Chrysichthys punctatus",399745.016155049,1,1,0,NA,NA,NA,NA,NA,1,"LC"
2740,"Distichodus petersii",54198.8105226828,1,0,0,NA,NA,NA,NA,NA,1,"VU"
2741,"Chrysichthys nigrodigitatus",1662791.63230213,1,1,0,65,"minor commercial",0,3.17,"Carni.",1,"LC"
2751,"Campylomormyrus cassaicus",76882.6931748605,1,1,0,NA,NA,NA,NA,NA,1,"DD"
2752,"Luciobarbus magniatlantis",194818.802569559,1,0,0,13,NA,0,NA,NA,3,"EN"
2754,"Alestopetersius brichardi",150756.73899325,1,1,0,NA,NA,NA,NA,NA,1,"LC"
2758,"Kneria stappersii",133787.411574315,1,1,0,NA,NA,NA,NA,NA,1,"LC"
2759,"Lacustricola kongoranensis",193239.161689221,NA,NA,0,NA,NA,NA,NA,NA,1,NA
2764,"Synodontis manni",48419.7430537204,1,0,0,21.6000003814697,NA,0,NA,NA,1,"VU"
2765,"Sciaenochromis ahli",336.592471683571,0,1,1,20,"commercial",0,4.2,"Carni.",1,"LC"
2771,"Gobius paganellus",4473.83721609087,0,1,1,13,"minor commercial",1,3.29999995231628,"Carni.",2,"LC"
2773,"Haplochromis rufus",70029.8147067808,0,1,1,8.55000019073486,NA,0,3.29,"Carni.",1,"LC"
2774,"Enteromius macrotaenia",265332.488970642,1,1,0,NA,NA,NA,NA,NA,1,"LC"
2778,"Haplochromis thereuterion",70029.8147067808,0,1,1,8.19999980926514,NA,0,NA,NA,1,"VU"
2779,"Phago boulengeri",756015.752439744,1,1,0,NA,NA,NA,NA,NA,1,"LC"
2783,"Lamprologus symoensi",21933.9154094822,1,1,0,NA,NA,NA,NA,NA,1,"DD"
2785,"Scriptaphyosemion schmitti",25102.6464791029,1,0,0,NA,NA,NA,NA,NA,1,"CR"
2787,"Hylopanchax stictopleuron",605688.080744481,1,1,0,NA,NA,NA,NA,NA,1,"LC"
2796,"Petrocephalus sullivani",170748.066409436,NA,NA,0,NA,NA,NA,NA,NA,1,"LC"
2797,"Rhexipanchax nimbaensis",26461.1212458289,1,1,0,4.5," ",0,NA,NA,1,"VU"
2801,"Nannocharax gracilis",180377.557629281,1,1,0,NA,NA,NA,NA,NA,1,"LC"
2803,"Lophiobagrus cyclurus",33012.5919769452,0,1,1,8,"of potential interest",0,3.3,"Carni.",1,"LC"
2807,"Labeo lunatus",270769.044548186,1,1,0,40,"subsistence fisheries",0,2,"Herbi.",2,"LC"
2808,"Gnathonemus longibarbis",222008.889942666,1,1,0,NA,NA,NA,NA,NA,1,"LC"
2810,"Enteromius trispiloides",28063.1122199278,1,0,0,NA,NA,NA,NA,NA,1,"DD"
2817,"Clarias anguillaris",3455136.96514997,1,1,0,100,"minor commercial",0,3.35,"Carni.",1,"LC"
2821,"Distichodus decemmaculatus",246712.548037443,1,1,0,NA,NA,NA,NA,NA,1,"LC"
2827,"Chrysichthys thonneri",672982.59297395,1,1,0,NA,NA,NA,NA,NA,1,"LC"
2830,"Brycinus lateralis",1765026.07168919,0,0,0,14,"subsistence fisheries",0,3.5,"Carni.",3,NA
2831,"Omobranchus ferox",205148.609426088,1,1,0,6,"of no interest",0,3.5,"Carni.",1,"LC"
2834,"Hemichromis bimaculatus",1564495.33962555,1,0,0,NA,NA,NA,NA,NA,1,"LC"
2840,"Aphyosemion loennbergii",38477.4974522706,1,1,0,NA,NA,NA,NA,NA,1,"LC"
2842,"Enteromius pleurogramma",24060.3888679786,1,1,0,NA,NA,NA,NA,NA,1,"DD"
2845,"Schilbe yangambianus",660678.740690037,1,1,0,25,NA,0,2.86,"Carni.",1,"LC"
2848,"Phenacogrammus deheyni",136247.705472637,1,1,0,NA,NA,NA,NA,NA,1,"LC"
2850,"Labeobarbus altianalis",250337.276687868,1,1,0,90,NA,0,3.37,"Carni.",1,"LC"
2852,"Tropheops macrophthalmus",5056.87470152553,0,1,1,NA,NA,NA,NA,NA,1,"LC"
2853,"Labeobarbus oxyrhynchus",85182.3461207671,1,0,0,NA,NA,NA,NA,NA,1,"LC"
2860,"Placidochromis longimanus",1669.39092568725,0,1,1,14.5,"commercial",0,2,"Herbi.",1,"LC"
2862,"Maylandia fainzilberi",506.921682077324,NA,NA,0,NA,NA,NA,NA,NA,1,NA
2865,"Raiamas levequei",7277.35074528019,1,0,0,NA,NA,NA,NA,NA,1,"VU"
2867,"Chrysichthys auratus",2985572.06607204,1,1,0,57,"commercial",0,3.66,"Carni.",1,"LC"
2870,"Pseudobarbus afer",6593.97717266839,1,1,0,8.89999961853027," ",0,2.72,"Omni.",3,"EN"
2875,"Pterochromis congicus",189281.040220433,1,1,0,NA,NA,NA,NA,NA,1,"LC"
2879,"Chrysichthys delhezi",87451.6496110312,1,1,0,NA,NA,NA,NA,NA,1,"LC"
2881,"Petrochromis orthognathus",34890.675799273,0,1,1,16.5,"commercial",0,2,"Herbi.",1,"LC"
2886,"Lamprologus lemairii",33012.5919769452,0,1,1,25,NA,0,4.5,"Carni.",1,"LC"
2888,"Paradoxoglanis parvus",235877.044423601,1,1,0,NA,NA,NA,NA,NA,1,"LC"
2890,"Altolamprologus calvus",33012.5919769452,0,1,1,13.5," ",0,NA,NA,1,"NT"
2891,"Micralestes argyrotaenia",10022.6083025178,1,0,0,NA,NA,NA,NA,NA,2,"LC"
2892,"Clariallabes longicauda",287175.32443178,1,1,0,NA,NA,NA,NA,NA,1,"LC"
2895,"Enteromius traorei",10341.3766921154,1,0,0,NA,NA,NA,NA,NA,1,"VU"
2896,"Haplochromis erythrocephalus",70201.9485614657,0,1,1,7.69999980926514,NA,0,2.51,"Omni.",1,"DD"
2905,"Mormyrus longirostris",720908.094248556,1,1,0,75,"commercial",0,3.3,"Carni.",1,"LC"
2907,"Tropheops romandi",166.936638001007,0,1,1,NA,NA,NA,NA,NA,1,"LC"
2910,"Neolamprologus niger",34890.675799273,0,1,1,9,"commercial",0,3.6,"Carni.",1,"LC"
2912,"Tetracamphilius angustifrons",123077.678322794,1,1,0,NA,NA,NA,NA,NA,1,"DD"
2913,"Amphilius lamani",7028.05250078894,1,1,0,NA,NA,NA,NA,NA,1,"EN"
2914,"Croilia mossambica",211008.844661,1,1,0,6.40000009536743,NA,1,3.26,"Carni.",1,"LC"
2916,"Aulonocara saulosi",505.086671161861,0,1,1,9.19999980926514,"commercial",0,3.5,"Carni.",1,"LC"
2918,"Enteromius humeralis",458056.3847381,1,1,0,NA,NA,NA,NA,NA,1,"LC"
2920,"Cyphotilapia frontosa",33354.7184506497,0,1,1,33,"commercial",0,2.93,"Carni.",1,"LC"
2921,"Mormyrops masuianus",433698.711583745,1,1,0,NA,NA,NA,NA,NA,1,"LC"
2923,"Epiplatys togolensis",178193.964517783,1,0,0,NA,NA,NA,NA,NA,1,"LC"
2924,"Haplochromis katavi",15197.3693000757,1,1,0,NA,NA,NA,NA,NA,1,"VU"
2926,"Labeobarbus somereni",51751.1305697191,1,0,0,NA,NA,NA,NA,NA,1,"LC"
2931,"Parakneria cameronensis",269952.020686233,1,1,0,NA,NA,NA,NA,NA,1,"LC"
2937,"Hypsopanchax catenatus",3525.94022878293,1,0,0,NA,NA,NA,NA,NA,1,"DD"
2939,"Placidochromis lineatus",84.3398314721336,0,1,1,NA,NA,NA,NA,NA,1,"DD"
2940,"Enteromius eburneensis",51896.8510529882,1,1,0,NA,NA,NA,NA,NA,1,"LC"
2942,"Pelvicachromis pulcher",185351.514130804,1,1,0,11," ",0,3.25,"Carni.",1,"LC"
2943,"Campylomormyrus mirus",251846.537035659,1,1,0,NA,NA,NA,NA,NA,1,"LC"
2952,"Polypterus palmas",335492.518114498,1,1,0,35.2999992370605,"of no interest",0,2.91,"Carni.",1,"LC"
2954,"Malapterurus oguensis",149401.691714056,NA,NA,0,NA,NA,NA,NA,NA,1,"LC"
2956,"Ambassis dussumieri",48082.0342183909,1,1,0,10,"of no interest",1,NA,NA,3,"LC"
2965,"Maylandia pulpican",252.510198510948,NA,NA,0,NA,NA,NA,NA,NA,1,NA
2966,"Tetraodon mbu",708166.308978214,1,1,0,NA,NA,NA,NA,NA,1,"LC"
2970,"Benthochromis melanoides",33354.7184506497,0,1,1,18.2000007629395,"commercial",0,3.45,"Carni.",1,"LC"
2971,"Aulonocara hueseri",84.1614107759323,0,1,1,7.90000009536743,"commercial",0,3.5,"Carni.",1,"LC"
2974,"Microsynodontis lamberti",8174.39177136692,1,1,0,NA,NA,NA,NA,NA,1,"DD"
2977,"Hypsopanchax zebra",40898.022102634,1,0,0,NA,NA,NA,NA,NA,1,"LC"
2979,"Mastacembelus zebratus",33012.5919769452,0,1,1,NA,NA,NA,NA,NA,1,"LC"
2982,"Labeobarbus acuticeps",3525.05686230457,1,1,0,NA,NA,NA,NA,NA,1,"NT"
2984,"Neolamprologus modestus",34890.675799273,0,1,1,12,"commercial",0,3.52,"Carni.",1,"LC"
2985,"Enteromius olivaceus",73903.3463935144,1,0,0,NA,NA,NA,NA,NA,1,"LC"
2991,"Sprattus sprattus",2975.97275784544,1,0,0,16,"highly commercial",1,3.01,"Carni.",2,"LC"
2993,"Sandelia bainsii",20201.7675976929,1,1,0,26,"commercial",0,3.65,"Carni.",3,"EN"
2998,"Bathygobius soporator",694691.449097289,1,1,0,15,"of no interest",1,3.71,"Carni.",1,"LC"
3003,"Labeo niloticus",677165.851019473,1,1,0,63,NA,0,2.53,"Omni.",2,"LC"
3004,"Phractura tenuicauda",445129.891607834,1,1,0,NA,NA,NA,NA,NA,1,"LC"
3006,"Mormyrops engystoma",38992.2216121418,1,1,0,NA,NA,NA,NA,NA,1,"LC"
3007,"Greenwoodochromis abeelei",33012.5919769452,NA,NA,0,NA,NA,NA,NA,NA,1,NA
3008,"Enteromius carens",43158.3091127447,1,1,0,NA,NA,NA,NA,NA,1,"LC"
3010,"Enteromius mattozi",101303.284946615,1,1,0,40,NA,0,3.26,"Carni.",2,"LC"
3011,"Haplochromis loati",6427.49045271091,0,1,1,5.19999980926514,NA,0,3.01,"Carni.",1,"DD"
3014,"Lethrinops longipinnis",6876.2660956166,0,1,1,16,"commercial",0,3.35,"Carni.",1,"LC"
3015,"Parakneria spekii",51707.8866783944,1,0,0,NA,NA,NA,NA,NA,1,"LC"
3017,"Thrattidion noctivagus",10556.845318168,1,0,0,2.14000010490417,"of no interest",0,3.3,"Carni.",1,"DD"
3018,"Nothobranchius ocellatus",3492.05333665643,1,1,0,NA,NA,NA,NA,NA,1,"NT"
3020,"Campylomormyrus numenius",451386.484747747,1,1,0,NA,NA,NA,NA,NA,1,"LC"
3023,"Thoracochromis fasciatus",24165.4295824173,NA,NA,0,NA,NA,NA,NA,NA,1,NA
3024,"Synodontis centralis",224566.184792391,1,1,0,NA,NA,NA,NA,NA,1,"LC"
3025,"Steatocranus rouxi",17926.3411309768,1,1,0,NA,NA,NA,NA,NA,1,"DD"
3027,"Mylochromis spilostichus",6876.2660956166,0,1,1,22.2000007629395,"commercial",0,4.2,"Carni.",1,"LC"
3028,"Nothobranchius furzeri",17458.6239921544,1,1,0,NA,NA,NA,NA,NA,2,"LC"
3030,"Pronothobranchius kiyawensis",246483.168298165,0,1,1,NA,NA,NA,NA,NA,2,"EN"
3032,"Labeobarbus seeberi",12795.0361195863,1,0,0,98.6999969482422,"of no interest",0,3.36,"Carni.",2,"NT"
3033,"Brycinus leuciscus",578141.871502859,1,1,0,12,"of no interest",0,3.19,"Carni.",1,"LC"
3035,"Enteromius prionacanthus",209549.171346392,NA,NA,0,NA,NA,NA,NA,NA,1,"LC"
3036,"Haplochromis aeneocolor",14026.4132505725,1,1,0,7.5,NA,0,2.52,"Omni.",1,"VU"
3037,"Enteromius argenteus",25484.3021215407,1,1,0,19.7000007629395," ",0,3.2,"Carni.",2,"LC"
3039,"Cynotilapia aurifrons",253.549496086174,0,1,1,NA,NA,NA,NA,NA,1,"LC"
3040,"Enteromius stanleyi",32604.7058913192,1,1,0,NA,NA,NA,NA,NA,1,"LC"
3042,"Synodontis courteti",85506.8182026103,0,1,1,NA,NA,NA,NA,NA,2,"LC"
3044,"Tylochromis sudanensis",421019.020535694,1,1,0,20,NA,0,2.55,"Omni.",1,"LC"
3045,"Petrotilapia nigra",251.33484814138,0,1,1,12.1999998092651,"commercial",0,NA,NA,1,"LC"
3046,"Trachyglanis minutus",24187.8942900765,1,1,0,NA,NA,NA,NA,NA,1,"DD"
3048,"Bryconaethiops quinquesquamae",40817.9754260405,1,0,0,NA,NA,NA,NA,NA,1,"EN"
3053,"Bathybagrus tetranema",33354.7184506497,0,1,1,NA,NA,NA,NA,NA,1,"LC"
3059,"Petrocephalus gliroides",639159.522007843,1,0,0,NA,NA,NA,NA,NA,2,"DD"
3060,"Micralestes vittatus",79258.0354635419,1,0,0,NA,NA,NA,NA,NA,1,"DD"
3063,"Labeobarbus aspius",12859.0944541663,NA,NA,0,NA,NA,NA,NA,NA,1,"LC"
3065,"Raiamas kheeli",24228.158737704,1,1,0,9.60000038146973,NA,0,NA,NA,1,"DD"
3066,"Scriptaphyosemion bertholdi",31675.2803451677,1,1,0,NA,NA,NA,NA,NA,1,"VU"
3070,"Enteromius miolepis",1968689.09335214,1,1,0,NA,NA,NA,NA,NA,1,"LC"
3071,"Afronemacheilus abyssinicus",17511.475810345,NA,NA,0,NA,NA,NA,NA,NA,1,NA
3072,"Synodontis tessmanni",144623.449303707,NA,NA,0,NA,NA,NA,NA,NA,1,"LC"
3074,"Haplochromis nigricans",75275.99539497,0,1,1,9.39999961853027,NA,0,2.35,"Omni.",1,"DD"
3076,"Caranx latus",3093.35102319719,1,0,0,101,"minor commercial",1,3.88,"Carni.",1,"LC"
3081,"Labeo bottegi",40567.428811496,1,0,0,NA,NA,NA,NA,NA,2,"DD"
3082,"Nannocharax fasciatus",1194863.20377835,1,1,0,6.59999990463257," ",0,3.4,"Carni.",1,"LC"
3091,"Labeobarbus gruveli",2205.56114002838,1,0,0,NA,NA,NA,NA,NA,1,"VU"
3092,"Microsynodontis nasutus",11702.4611430373,1,0,0,3.65000009536743,NA,0,NA,NA,1,"DD"
3098,"Stomatorhinus ater",33867.430888289,1,1,0,NA,NA,NA,NA,NA,1,"DD"
3103,"Clarias gariepinus",4403535.84970463,1,1,0,170,"minor commercial",0,3.5,"Carni.",2,"LC"
3109,"Labeo annectens",1286819.10828496,1,0,0,NA,NA,NA,NA,NA,1,"LC"
3112,"Labeo ansorgii",87210.3857230531,1,1,0,25,NA,0,NA,NA,2,"LC"
3114,"Champsochromis spilorhynchus",7292.64023344102,0,1,1,30,"commercial",0,4.2,"Carni.",1,"EN"
3115,"Haplochromis bayoni",70201.9485614657,0,1,1,15.3999996185303,NA,0,4.2,"Carni.",1,"DD"
3117,"Microctenopoma fasciolatum",473434.630141186,1,1,0,NA,NA,NA,NA,NA,1,"LC"
3125,"Mugil cephalus",245671.848017913,1,1,0,100,"highly commercial",1,2.48,"Omni.",2,"LC"
3126,"Neolebias lozii",5552.70566576389,1,0,0,1.79999995231628,NA,0,3.5,"Carni.",1,"CR"
3128,"Bathyclarias filicibarbis",28950.2249686961,0,1,1,79.1999969482422," ",0,4.06,"Carni.",1,"LC"
3130,"Rhabdalestes aeratis",4560.53903315996,0,1,1,NA,NA,NA,NA,NA,1,"DD"
3131,"Fundulopanchax amieti",41015.0276131556,1,1,0,NA,NA,NA,NA,NA,1,"EN"
3133,"Enteromius serengetiensis",6190.79955568857,1,1,0,4.01999998092651,NA,0,NA,NA,1,"LC"
3138,"Chiloglanis kolente",339.021236158487,1,0,0,2.5699999332428,"of no interest",0,NA,NA,1,"EN"
3140,"Chiloglanis occidentalis",35860.6466070729,1,0,0,NA,NA,NA,NA,NA,1,"LC"
3161,"Chrysichthys levequei",9743.39403627344,1,0,0,NA,NA,NA,NA,NA,1,"EN"
3162,"Parauchenoglanis ngamensis",1044935.04888339,1,1,0,38,"minor commercial",0,3.59,"Carni.",2,"LC"
3163,"Labeo victorianus",215713.072524371,1,1,0,41,"commercial",0,2.41,"Omni.",1,"LC"
3172,"Aphanius stiassnyae",251.249702545048,0,1,1,NA,NA,NA,NA,NA,2,"EN"
3173,"Enteromius venustus",3264.62302633772,1,1,0,NA,NA,NA,NA,NA,1,"DD"
3175,"Labidochromis caeruleus",253.093106922787,0,1,1,NA,NA,NA,NA,NA,1,"LC"
3176,"Fundulopanchax spoorenbergi",3770.48986436419,NA,NA,0,NA,NA,NA,NA,NA,1,"DD"
3179,"Enteromius brevilateralis",9067.78324835414,1,1,0,NA,NA,NA,NA,NA,2,"DD"
3181,"Mylochromis incola",2683.74261882117,0,1,1,19.8999996185303,"commercial",0,3.5,"Carni.",1,"LC"
3184,"Enteromius stigmatopygus",1115123.69090996,1,0,0,NA,NA,NA,NA,NA,2,"LC"
3189,"Micralestes congicus",39840.9319058021,1,1,0,NA,NA,NA,NA,NA,1,"LC"
3192,"Haplochromis tridens",70029.8147067808,0,1,1,11.8999996185303,NA,0,2.76,"Omni.",1,"DD"
3193,"Coptodon spongotroktis",1456.6482365492,0,1,1,NA,NA,NA,NA,NA,1,"CR"
3194,"Fenerbahce formosus",245688.448835234,1,1,0,NA,NA,NA,NA,NA,1,"LC"
3195,"Hydrocynus forskahlii",3608125.94598189,1,1,0,78,"commercial",0,4,"Carni.",1,"LC"
3197,"Distichodus notospilus",736534.811478767,1,1,0,NA,NA,NA,NA,NA,1,"LC"
3201,"Mormyrops nigricans",506722.950380764,1,1,0,NA,NA,NA,NA,NA,1,"LC"
3202,"Nothobranchius foerschi",940.170535368774,1,1,0,NA,NA,NA,NA,NA,1,"VU"
3204,"Coptodon congica",539500.151088555,NA,NA,0,NA,NA,NA,NA,NA,1,NA
3205,"Labeo rosae",272322.894829614,1,1,0,40,NA,0,2.43,"Omni.",2,"LC"
3207,"Scardinius plotizza",258.146720563579,1,1,0,NA,NA,NA,NA,NA,1,"LC"
3208,"Haplochromis pellegrini",70029.8147067808,0,1,1,10.3999996185303,NA,0,3.46,"Carni.",1,"DD"
3210,"Mastacembelus brichardi",36958.546873683,1,0,0,NA,NA,NA,NA,NA,1,"LC"
3211,"Aphanius dispar",1349.33431326137,NA,NA,0,NA,NA,NA,NA,NA,2,"LC"
3215,"Butis butis",6312.86224751933,1,1,0,15,"minor commercial",1,4,"Carni.",1,"LC"
3221,"Zaireichthys lacustris",48046.9708331923,1,1,0,2.21000003814697,NA,0,NA,NA,1,"LC"
3226,"Maylandia callainos",1423.97800331201,NA,NA,0,NA,NA,NA,NA,NA,1,NA
3229,"Otopharynx pachycheilus",83.6918234879036,0,1,1,16.5300006866455,NA,0,NA,NA,1,"VU"
3231,"Labeobarbus nthuwa",4055.46645308257,1,0,0,NA,NA,NA,NA,NA,3,"NT"
3233,"Synodontis afrofischeri",204899.406770146,1,1,0,17.7000007629395,NA,0,3.41,"Carni.",1,"LC"
3237,"Labeobarbus varicostoma",2546.77383606627,1,1,0,NA,NA,NA,NA,NA,1,"DD"
3239,"Scriptaphyosemion guignardi",113306.074513204,1,1,0,NA,NA,NA,NA,NA,1,"LC"
3243,"Mormyrops breviceps",90525.2284313921,1,1,0,NA,NA,NA,NA,NA,1,"LC"
3248,"Bagrus orientalis",202230.681002554,1,1,0,NA,NA,NA,NA,NA,1,"LC"
3249,"Labeo quadribarbis",334173.597176892,1,1,0,NA,NA,NA,NA,NA,1,"LC"
3252,"Synodontis lufirae",28097.8601154605,1,1,0,NA,NA,NA,NA,NA,3,"VU"
3257,"Labeotropheus fuelleborni",6876.2660956166,0,1,1,30,"commercial",0,2.8,"Carni.",1,"LC"
3262,"Ichthyborus quadrilineatus",128016.678630423,1,0,0,NA,NA,NA,NA,NA,1,"VU"
3265,"Micralestes schelly",4369.8999964696,1,1,0,4.8899998664856,NA,0,NA,NA,1,"DD"
3272,"Labeobarbus semireticulatus",9444.38502199769,NA,NA,0,NA,NA,NA,NA,NA,1,"DD"
3274,"Haplochromis macrops",70201.9485614657,0,1,1,9.10000038146973,NA,0,2.78,"Omni.",1,"DD"
3276,"Lestradea perspicax",33012.5919769452,0,1,1,NA,NA,NA,NA,NA,1,"LC"
3278,"Buccochromis heterotaenia",4694.31397546243,0,1,1,40,"commercial",0,4.2,"Carni.",1,"LC"
3279,"Kneria uluguru",24940.3594247701,1,0,0,4.30999994277954,NA,0,2,"Herbi.",1,"VU"
3283,"Paramormyrops tavernei",85287.7662581526,1,1,0,NA,NA,NA,NA,NA,1,"LC"
3286,"Serranochromis jallae",1234697.47779199,1,1,0,39.5999984741211,"minor commercial",0,NA,NA,3,"LC"
3287,"Polypterus congicus",398909.35860968,1,1,0,97,"minor commercial",0,3.3,"Carni.",1,"LC"
3289,"Synodontis schoutedeni",324918.219470555,1,1,0,NA,NA,NA,NA,NA,1,"LC"
3291,"Luciobarbus callensis",105697.293486266,1,1,0,30,"commercial",0,NA,NA,2,"LC"
3296,"Brycinus peringueyi",76087.0596355281,NA,NA,0,NA,NA,NA,NA,NA,3,NA
3301,"Aphanius apodus",44162.0461316259,NA,NA,0,NA,NA,NA,NA,NA,2,NA
3302,"Petrocephalus degeni",258.164537380053,0,1,1,NA,NA,NA,NA,NA,1,"DD"
3310,"Labeo simpsoni",553456.003368248,1,1,0,NA,NA,NA,NA,NA,1,"LC"
3311,"Astatotilapia stappersii",88428.9377745122,1,1,0,NA,NA,NA,NA,NA,1,"LC"
3313,"Nothobranchius niassa",1009.4348259368,1,1,0,2.91000008583069,NA,0,NA,NA,1,"VU"
3317,"Parauchenoglanis buettikoferi",4369.07075902528,1,1,0,NA,NA,NA,NA,NA,1,"CR"
3318,"Synodontis marmoratus",3002.91946512575,NA,NA,0,NA,NA,NA,NA,NA,1,"DD"
3320,"Mylochromis mola",6876.2660956166,0,1,1,18,"commercial",0,3.6,"Carni.",1,"LC"
3322,"Mormyrops lineolatus",166511.80197777,1,1,0,NA,NA,NA,NA,NA,1,"LC"
3329,"Chrysichthys brachynema",33354.7184506497,1,1,0,77,"commercial",0,3.89,"Carni.",1,"LC"
3339,"Bathyclarias rotundifrons",6876.2660956166,0,1,1,NA,NA,NA,NA,NA,1,"LC"
3340,"Labeobarbus girardi",2546.77383606627,1,1,0,NA,NA,NA,NA,NA,1,"DD"
3349,"Tylochromis leonensis",328221.24597943,1,0,0,21.8999996185303,NA,0,2.58,"Omni.",1,"LC"
3351,"Synodontis alberti",625225.114848198,1,1,0,20.2999992370605,"of no interest",0,2.76,"Omni.",1,"LC"
3354,"Enteromius ansorgii",36992.00875028,1,1,0,NA,NA,NA,NA,NA,2,"LC"
3356,"Oreochromis ismailiaensis",3716.18967140879,1,0,0,NA,NA,NA,NA,NA,2,"DD"
3364,"Taeniolethrinops laticeps",6876.2660956166,0,1,1,NA,NA,NA,NA,NA,1,"LC"
3366,"Brycinus affinis",380770.308844539,NA,NA,0,NA,NA,NA,NA,NA,2,NA
3367,"Haplochromis omnicaeruleus",75275.99539497,0,1,1,11.9200000762939,NA,0,2,"Herbi.",1,"LC"
3369,"Chiloglanis elisabethianus",32926.0449056881,1,0,0,NA,NA,NA,NA,NA,1,"VU"
3370,"Aulonocara stonemani",1335.53520547754,0,1,1,5.5,"commercial",0,3.26,"Carni.",1,"LC"
3371,"Mastacembelus paucispinis",180718.24071864,1,1,0,NA,NA,NA,NA,NA,1,"LC"
3377,"Clariallabes simeonsi",9112.10199237926,1,1,0,NA,NA,NA,NA,NA,1,"DD"
3380,"Xiphophorus hellerii",74.6816384931335,1,1,0,14,"highly commercial",0,3.19,"Carni.",3,"LC"
3381,"Haplochromis plagiostoma",70029.8147067808,0,1,1,14.6999998092651,NA,0,4.36,"Carni.",1,"DD"
3384,"Taeniolethrinops praeorbitalis",7292.64023344102,1,1,0,30,"commercial",0,3.2,"Carni.",1,"LC"
3385,"Tramitichromis trilineatus",416.374137824429,0,1,1,14,"commercial",0,3.5,"Carni.",1,"LC"
3387,"Nothobranchius elongatus",2060.56543619452,1,1,0,NA,NA,NA,NA,NA,1,"VU"
3390,"Brycinus imberi",1757047.2160015,1,0,0,19.7999992370605,"subsistence fisheries",0,3.26,"Carni.",1,NA
3393,"Labeobarbus rosae",2546.77383606627,1,1,0,NA,NA,NA,NA,NA,1,"DD"
3397,"Alosa alosa",6220.19842785278,1,0,0,69,"minor commercial",1,3.62,"Carni.",3,"LC"
3401,"Mormyrus niloticus",105361.496972819,1,1,0,NA,NA,NA,NA,NA,1,"NT"
3403,"Paratilapia toddi",144723.960512395,1,1,0,NA,NA,NA,NA,NA,1,"DD"
3405,"Terapon theraps",486296.955173559,1,0,0,30,"minor commercial",1,3.69,"Carni.",1,"LC"
3410,"Pseudosimochromis babaulti",34890.675799273,0,0,0,12," ",0,2,"Herbi.",1,NA
3412,"Enteromius condei",5935.76492371003,NA,NA,0,NA,NA,NA,NA,NA,1,"DD"
3415,"Marcusenius stanleyanus",801380.274383871,1,1,0,NA,NA,NA,NA,NA,1,"LC"
3417,"Aphyosemion tirbaki",13678.4122576408,1,0,0,NA,NA,NA,NA,NA,1,"EN"
3419,"Nyassachromis boadzulu",333.65860636158,0,1,1,14,"commercial",0,3.4,"Carni.",1,"EN"
3420,"Epiplatys duboisi",75550.6080764529,1,0,0,NA,NA,NA,NA,NA,1,"LC"
3422,"Xenotilapia nigrolabiata",33012.5919769452,0,1,1,NA,NA,NA,NA,NA,1,"LC"
3425,"Callopanchax monroviae",19394.6483512069,1,1,0,NA,NA,NA,NA,NA,1,"CR"
3427,"Gasterosteus aculeatus",13633.6796161371,1,1,0,11,"minor commercial",1,3.38000011444092,"Carni.",3,"LC"
3429,"Epiplatys barmoiensis",111205.766409563,1,1,0,NA,NA,NA,NA,NA,1,"LC"
3430,"Petrochromis macrognathus",34890.675799273,0,1,1,17.2000007629395,"of no interest",0,2,"Herbi.",1,"DD"
3434,"Pseudobarbus asper",10545.5770374609,1,0,0,12,"commercial",0,2,"Herbi.",2,"VU"
3435,"Lacustricola katangae",814373.628405635,1,0,0,5," ",0,3.28,"Carni.",3,NA
3439,"Enteromius lukindae",3575.15996173024,1,1,0,NA,NA,NA,NA,NA,1,"DD"
3444,"Nannocharax reidi",7365.08427734965,NA,NA,0,NA,NA,NA,NA,NA,1,"DD"
3447,"Aphyosemion ocellatum",26317.6190871858,1,0,0,NA,NA,NA,NA,NA,1,"LC"
3449,"Labeobarbus cardozoi",137358.120166159,1,1,0,NA,NA,NA,NA,NA,1,"LC"
3451,"Nothobranchius orthonotus",56124.0343943823,1,1,0,10," ",0,3.26,"Carni.",1,"LC"
3454,"Enteromius neglectus",477428.71492285,1,1,0,NA,NA,NA,NA,NA,2,"LC"
3455,"Chrysichthys walkeri",53067.223291786,1,1,0,11.5," ",0,3.2,"Carni.",1,"VU"
3465,"Nothobranchius geminus",681.269114427669,1,1,0,NA,NA,NA,NA,NA,1,"VU"
3466,"Enteromius ditinensis",8197.70880395591,1,0,0,NA,NA,NA,NA,NA,1,"LC"
3469,"Marcusenius fuscus",82646.4597819074,1,1,0,NA,NA,NA,NA,NA,1,"LC"
3473,"Nothobranchius vosseleri",1285.93815109244,1,1,0,4.46000003814697,"of no interest",0,NA,NA,1,"VU"
3478,"Enteromius anniae",3286.86717395399,1,0,0,NA,NA,NA,NA,NA,1,"EN"
3482,"Epiplatys infrafasciatus",78662.2501451799,1,1,0,NA,NA,NA,NA,NA,1,"LC"
3483,"Salmo akairos",1477.66090711624,1,1,0,18.0400009155273,NA,0,2.78,"Omni.",2,"VU"
3484,"Lamprologus callipterus",33012.5919769452,1,1,0,12.3999996185303,"commercial",0,NA,NA,1,"LC"
3485,"Labeobarbus pungweensis",70180.3396338751,1,0,0,NA,NA,NA,NA,NA,1,"LC"
3486,"Haplochromis fusiformis",70029.8147067808,0,1,1,11,NA,0,3.28999996185303,"Carni.",1,"VU"
3487,"Lobochilotes labiatus",33012.5919769452,1,1,0,NA,NA,NA,NA,NA,1,"LC"
3489,"Tropheus duboisi",33012.5919769452,0,1,1,NA,NA,NA,NA,NA,1,"VU"
3491,"Barbopsis devecchii",17769.3641916214,1,0,0,10.3000001907349,NA,0,NA,NA,2,"DD"
3492,"Labeobarbus lufupensis",29820.4565126409,1,1,0,NA,NA,NA,NA,NA,1,"DD"
3493,"Enteromius nyanzae",13765.0428057327,1,1,0,NA,NA,NA,NA,NA,1,"LC"
3501,"Chrysichthys aluuensis",38475.673742301,1,1,0,NA,NA,NA,NA,NA,1,"EN"
3506,"Enteromius zalbiensis",148833.150160624,1,0,0,NA,NA,NA,NA,NA,1,"LC"
3507,"Rhexipanchax kabae",5336.70242042542,1,0,0,4.5,NA,0,NA,NA,1,"VU"
3508,"Lethrinops marginatus",6876.2660956166,0,1,1,11,"commercial",0,3.5,"Carni.",1,"LC"
3511,"Coptodon deckerti",3169.98407785068,0,1,1,NA,NA,NA,NA,NA,1,"CR"
3515,"Campylomormyrus curvirostris",458458.467468457,1,1,0,NA,NA,NA,NA,NA,1,"LC"
3516,"Planiliza alata",139733.095684261,1,0,0,75,"minor commercial",1,2.33,"Omni.",1,"LC"
3517,"Aphyosemion wuendschi",4212.94338000643,1,1,0,NA,NA,NA,NA,NA,1,"DD"
3520,"Aphyosemion fulgens",3356.06478147708,1,1,0,NA,NA,NA,NA,NA,1,"EN"
3521,"Alticorpus macrocleithrum",1089.67648157163,0,1,1,12.6999998092651,"commercial",0,3.5,"Carni.",1,"LC"
3526,"Plicofollis dussumieri",553800.454352804,1,0,0,85,NA,1,4.02,"Carni.",1,"LC"
3527,"Paramphilius trichomycteroides",64766.46181312,1,0,0,NA,NA,NA,NA,NA,1,"LC"
3532,"Mesoborus crocodilus",759789.958790304,1,1,0,NA,NA,NA,NA,NA,1,"LC"
3534,"Enteromius tongaensis",5179.32679852671,NA,NA,0,NA,NA,NA,NA,NA,2,"DD"
3536,"Nothobranchius serengetiensis",2837.89298611956,1,1,0,NA,NA,NA,NA,NA,1,"VU"
3538,"Campylomormyrus tamandua",941590.887397697,1,1,0,NA,NA,NA,NA,NA,1,"LC"
3541,"Fundulopanchax marmoratus",1801.32606590871,1,1,0,NA,NA,NA,NA,NA,1,"EN"
3542,"Lacustricola maculatus",64932.9824868081,NA,NA,0,NA,NA,NA,NA,NA,1,NA
3546,"Stomatorhinus polli",155117.599924725,1,1,0,NA,NA,NA,NA,NA,1,"LC"
3547,"Micralestes fodori",12494.2914183932,0,1,1,NA,NA,NA,NA,NA,1,"LC"
3554,"Mastacembelus ansorgii",9067.78324835414,1,0,0,NA,NA,NA,NA,NA,2,"DD"
3566,"Synodontis fuelleborni",72714.2791921898,1,1,0,NA,NA,NA,NA,NA,1,"LC"
3567,"Hemichromis cerasogaster",26710.8589001328,0,1,1,NA,NA,NA,NA,NA,1,"EN"
3573,"Sarotherodon mvogoi",106117.53744409,1,1,0,NA,NA,NA,NA,NA,1,"LC"
3575,"Scriptaphyosemion brueningi",27132.8678575248,1,1,0,NA,NA,NA,NA,NA,1,"VU"
3576,"Chiloglanis rukwaensis",74258.87955478,1,0,0,NA,NA,NA,NA,NA,1,"VU"
3583,"Cyprinus intha",6904.1190632954,0,1,1,NA,NA,0,NA,NA,3,"EN"
3586,"Synodontis thysi",68944.1662057006,1,0,0,NA,NA,NA,NA,NA,1,"LC"
3589,"Labeo fulakariensis",8241.5677408495,1,1,0,NA,NA,NA,NA,NA,1,"LC"
3591,"Pollimyrus plagiostoma",327309.137449621,1,1,0,NA,NA,NA,NA,NA,1,"LC"
3592,"Sciaenochromis benthicola",3101.36326211259,0,1,1,NA,NA,NA,NA,NA,1,"LC"
3594,"Labeo capensis",299874.951276155,1,0,0,50,"of potential interest",0,2,"Herbi.",2,"LC"
3599,"Channallabes sanghaensis",30373.1964624059,1,1,0,22.1000003814697,"commercial",0,NA,NA,1,"DD"
3603,"Nothobranchius sainthousei",422.645381221539,1,1,0,4.07999992370605,NA,0,NA,NA,1,"EN"
3604,"Fundulopanchax intermittens",7193.91699219597,NA,NA,0,NA,NA,NA,NA,NA,1,"DD"
3608,"Otopharynx ovatus",5271.52924006345,0,1,1,20,"commercial",0,4,"Carni.",1,"LC"
3618,"Coptodon flava",1456.6482365492,NA,NA,0,NA,NA,NA,NA,NA,1,NA
3620,"Orthochromis kasuluensis",2915.88082803946,1,0,0,7.84999990463257,NA,0,2,"Herbi.",1,"EN"
3622,"Synodontis longispinis",7227.3139076865,1,1,0,NA,NA,NA,NA,NA,1,"DD"
3623,"Aphyosemion striatum",92449.8234220125,1,1,0,NA,NA,NA,NA,NA,1,"LC"
3624,"Garra regressus",2946.00893117719,0,1,1,12.1800003051758,"of no interest",0,NA,NA,1,"VU"
3628,"Campylomormyrus alces",328571.905177733,1,1,0,NA,NA,NA,NA,NA,1,"LC"
3629,"Neolamprologus leloupi",34890.675799273,0,1,1,NA,NA,NA,NA,NA,1,"LC"
3630,"Enteromius luikae",62644.2605167729,1,1,0,NA,NA,NA,NA,NA,1,"LC"
3631,"Pantodon buchholzi",904449.934571122,1,1,0,11.8999996185303,"of no interest",0,3.57,"Carni.",1,"LC"
3640,"Corematodus taeniatus",7292.64023344102,0,1,1,19,"commercial",0,4.4,"Carni.",1,"LC"
3644,"Enteromius aliciae",20151.9332749059,1,0,0,NA,NA,NA,NA,NA,1,"VU"
3652,"Labeobarbus dainellii",2946.00893117719,0,1,1,49,NA,0,3.82,"Carni.",1,"DD"
3653,"Mastacembelus vanderwaali",95136.0941942388,1,0,0,15.1000003814697,NA,0,NA,NA,2,"LC"
3656,"Aphyosemion alpha",1979.21397596678,1,0,0,50,"of no interest",0,NA,NA,1,"EN"
3657,"Coptodon bemini",1456.6482365492,0,1,1,NA,NA,NA,NA,NA,1,"CR"
3660,"Gobionellus occidentalis",208091.337948487,1,1,0,NA,NA,NA,NA,NA,1,"LC"
3662,"Marcusenius leopoldianus",191486.048291998,1,1,0,NA,NA,NA,NA,NA,1,"LC"
3665,"Brycinus taeniurus",250594.409750361,NA,NA,0,NA,NA,NA,NA,NA,1,NA
3666,"Lates macrophthalmus",5246.93228194348,1,1,0,NA,NA,NA,NA,NA,1,"VU"
3667,"Garra ornata",285805.133422291,1,0,0,NA,NA,NA,NA,NA,1,"LC"
3672,"Pollimyrus petricolus",535698.62053922,1,1,0,NA,NA,NA,NA,NA,1,"LC"
3673,"Chindongo bellicosus",83.5439592053947,0,1,1,NA,NA,NA,NA,NA,1,"LC"
3677,"Enteromius pygmaeus",2064.99349520955,1,1,0,NA,NA,NA,NA,NA,1,"DD"
3678,"Ctenogobius lepturus",4251.75915186019,1,0,0,NA,NA,NA,NA,NA,1,"LC"
3683,"Xenotilapia ornatipinnis",33012.5919769452,1,1,0,12.5,"commercial",0,3.10999989509583,"Carni.",1,"LC"
3689,"Lethrinops auritus",1919.69855629198,0,1,1,14,"commercial",0,2.98,"Carni.",1,"LC"
3695,"Amphilius rheophilus",22323.2423844414,1,0,0,NA,NA,NA,NA,NA,1,"LC"
3696,"Chiloglanis camarabounyi",1690.36943476936,1,0,0,4.59000015258789,"of no interest",0,NA,NA,1,"VU"
3697,"Nothobranchius taeniopygus",513.731243739937,1,1,0,NA,NA,NA,NA,NA,1,"VU"
3698,"Chiloglanis dialloi",2382.00486476363,1,0,0,NA,NA,NA,NA,NA,1,"EN"
3699,"Chiloglanis kabaensis",1863.25249877813,1,0,0,4.59000015258789,"of no interest",0,NA,NA,1,"EN"
3701,"Chiloglanis longibarbis",2382.00486476363,1,0,0,4.1399998664856,"of no interest",0,NA,NA,1,"EN"
3702,"Chiloglanis pezoldi",2043.28073775009,1,0,0,5.07000017166138,"of no interest",0,NA,NA,1,"EN"
3712,"Aphyosemion riggenbachi",58412.3779098797,1,0,0,NA,NA,NA,NA,NA,1,"LC"
3717,"Amphilius opisthophthalmus",1892.15110422434,1,0,0,NA,NA,NA,NA,NA,1,"DD"
3719,"Scardinius scardafa",258.146720563579,1,1,0,NA,NA,NA,NA,NA,1,"CR"
3721,"Distichodus lusosso",810470.738127802,1,1,0,NA,NA,NA,NA,NA,1,"LC"
3723,"Pseudobarbus burgi",13222.3772651122,1,0,0,12,NA,0,3.3,"Carni.",3,"EN"
3724,"Labeobarbus gananensis",32245.3186482207,1,0,0,NA,NA,NA,NA,NA,2,"DD"
3726,"Labeo maleboensis",3948.6275505585,1,1,0,NA,NA,NA,NA,NA,1,"DD"
3733,"Chiloglanis sanagaensis",74239.4813350712,NA,NA,0,NA,NA,NA,NA,NA,1,"LC"
3735,"Nothobranchius sagittae",258.000665434944,0,1,1,NA,NA,NA,NA,NA,1,"EN"
3742,"Enteromius gurneyi",55887.6172880184,1,1,0,10,"commercial",0,3.38,"Carni.",3,"VU"
3744,"Neolamprologus devosi",7027.70923961712,1,0,0,NA,NA,NA,NA,NA,1,"VU"
3745,"Haplochromis mylodon",16177.5782462457,1,1,0,11.5,NA,0,3.28,"Carni.",1,"LC"
3752,"Ichthyborus ornatus",142922.337182834,1,1,0,NA,NA,NA,NA,NA,1,"LC"
3753,"Neolamprologus multifasciatus",34890.675799273,0,1,1,4,"commercial",0,3.4,"Carni.",1,"LC"
3754,"Coptodon margaritacea",26449.1706235642,NA,NA,0,NA,NA,NA,NA,NA,1,NA
3759,"Haplochromis decticostoma",70201.9485614657,0,1,1,22.8999996185303,NA,0,4.04,"Carni.",1,"DD"
3766,"Microctenopoma milleri",2142.34471766564,1,1,0,NA,NA,NA,NA,NA,1,"DD"
3769,"Labeobarbus ruasae",1978.59369783675,1,0,0,NA,NA,NA,NA,NA,3,"CR"
3773,"Nannothrissa stewarti",1806.20941578989,0,1,1,NA,NA,NA,NA,NA,1,"EN"
3774,"Enteromius camptacanthus",737461.184245486,1,1,0,NA,NA,NA,NA,NA,1,"LC"
3777,"Labeobarbus microterolepis",2130.93895943124,NA,NA,0,NA,NA,NA,NA,NA,3,NA
3781,"Haplochromis goldschmidti",687.717675601513,0,1,1,6.92000007629395,NA,0,NA,NA,1,"DD"
3782,"Microsynodontis vigilis",16951.7180771492,1,0,0,6.19999980926514,NA,0,NA,NA,1,"DD"
3786,"Mormyrus bernhardi",24254.656801267,1,0,0,NA,NA,NA,NA,NA,1,"VU"
3793,"Maylandia flavifemina",334.073951818199,0,1,1,8.52000045776367,NA,0,NA,NA,1,NA
3797,"Pelmatochromis nigrofasciatus",387148.921961369,1,1,0,NA,NA,NA,NA,NA,1,"LC"
3800,"Trachyglanis intermedius",2824.44411094468,1,0,0,NA,NA,NA,NA,NA,1,"DD"
3801,"Simochromis diagramma",35576.7603617142,1,1,0,19.5,"commercial",0,NA,NA,1,"LC"
3802,"Labeobarbus werneri",158620.735464394,NA,NA,0,NA,NA,NA,NA,NA,1,"LC"
3803,"Thoracochromis demeusii",10707.2353426827,NA,NA,0,NA,NA,NA,NA,NA,1,NA
3804,"Cynotilapia zebroides",1849.48135069328,0,1,1,9.32999992370605,"of no interest",0,NA,NA,1,"LC"
3805,"Distichodus engycephalus",599589.793963408,1,0,0,40,"commercial",0,2,"Herbi.",1,"LC"
3806,"Enteromius nounensis",129803.877892494,1,0,0,5.34999990463257,NA,0,NA,NA,1,"LC"
3814,"Protomelas virgatus",2590.94348315171,0,1,1,NA,NA,NA,NA,NA,1,"LC"
3816,"Parakneria thysi",1018.49126812665,1,1,0,NA,NA,NA,NA,NA,1,"DD"
3820,"Nannocharax machadoi",1104247.83743891,1,0,0,4," ",0,2.96,"Carni.",2,NA
3821,"Heteromycteris proboscideus",6154.65505563646,0,1,1,NA,NA,NA,NA,NA,1,"DD"
3825,"Trematocranus labifer",250.119760287445,0,1,1,22.3999996185303,"commercial",0,3.1,"Carni.",1,"DD"
3827,"Haplochromis chromogynos",70201.9485614657,0,1,1,11,NA,0,3.2,"Carni.",1,"VU"
3831,"Orthochromis stormsi",129994.528583365,1,1,0,NA,NA,NA,NA,NA,1,"LC"
3836,"Labeo sanagaensis",150225.507277021,NA,NA,0,NA,NA,NA,NA,NA,1,"LC"
3841,"Steatocranus mpozoensis",6843.65769263429,1,1,0,NA,NA,NA,NA,NA,1,"DD"
3844,"Alestopetersius smykalai",46956.1622454496,1,0,0,NA,NA,NA,NA,NA,1,"EN"
3850,"Buccochromis rhoadesii",7292.64023344102,0,1,1,34.0999984741211,"commercial",0,4.2,"Carni.",1,"LC"
3854,"Ambassis miops",1285.94427129211,1,1,0,10.3000001907349,NA,1,3.45,"Carni.",1,"LC"
3856,"Microctenopoma uelense",182940.857223565,1,1,0,NA,NA,NA,NA,NA,1,"LC"
3857,"Haplochromis petronius",344.220116835274,0,1,1,NA,NA,NA,NA,NA,1,"VU"
3858,"Synodontis ansorgii",45728.1088301041,1,0,0,22.2999992370605,NA,0,2.51,"Omni.",1,"LC"
3861,"Pangasianodon hypophthalmus",2216.82614369462,1,1,0,130,"commercial",0,3.12,"Carni.",2,"EN"
3862,"Garra waterloti",175733.046532274,1,0,0,NA,NA,NA,NA,NA,1,"LC"
3863,"Nothobranchius flammicomantis",341.719840098869,0,1,1,NA,NA,NA,NA,NA,1,"VU"
3870,"Epiplatys spilargyreius",2489840.3914537,1,1,0,5.46000003814697,"commercial",0,3.1,"Carni.",1,"LC"
3879,"Pseudotropheus livingstonii",6445.78476755857,0,1,1,15," ",0,NA,NA,1,"LC"
3881,"Chiloglanis lamottei",1193.77721871197,1,1,0,NA,NA,NA,NA,NA,1,"VU"
3883,"Enteromius treurensis",3049.31493873617,1,0,0,108,NA,0,3.37,"Carni.",3,"CR"
3884,"Nothobranchius hassoni",509.233058597553,1,1,0,NA,NA,NA,NA,NA,1,"VU"
3885,"Placidochromis milomo",4694.31397546243,0,1,1,18.7000007629395,"commercial",0,3.34,"Carni.",1,"LC"
3886,"Clarias lamottei",9103.20870268003,0,1,1,16.3999996185303,NA,0,NA,NA,1,"VU"
3887,"Enteromius guildi",11720.7147317034,1,0,0,NA,NA,NA,NA,NA,1,"LC"
3897,"Oreochromis karomo",6427.30734592015,1,1,0,28,"commercial",0,2,"Herbi.",1,"CR"
3898,"Hyperopisus bebe",879575.70436744,1,1,0,51,"commercial",0,3.6,"Carni.",2,"LC"
3899,"Sciaena umbra",4673.44078035398,1,0,0,70,"commercial",1,3.83,"Carni.",2,"NT"
3901,"Haplochromis paradoxus",2151.38441866675,0,1,1,NA,NA,NA,NA,NA,1,"DD"
3903,"Synodontis macrostigma",316319.360690013,1,0,0,17.1000003814697,NA,0,3.3,"Carni.",2,"LC"
3906,"Brycinus brevis",86185.7422856174,1,0,0,NA,NA,NA,NA,NA,1,"EN"
3907,"Alticorpus peterdaviesi",5367.43921908237,0,1,1,15,"commercial",0,2,"Herbi.",1,"LC"
3908,"Isichthys henryi",449902.639067427,1,1,0,NA,NA,NA,NA,NA,1,"LC"
3914,"Enteromius nigrifilis",2478.89447085964,1,1,0,NA,NA,NA,NA,NA,1,"DD"
3915,"Stomatorhinus fuliginosus",167120.379433966,1,1,0,NA,NA,NA,NA,NA,1,"LC"
3916,"Engraulicypris sardella",31867.763094849,1,1,0,13,"highly commercial",0,2.93,"Carni.",1,"LC"
3922,"Steatocranus ubanguiensis",3603.93161348787,1,1,0,NA,NA,NA,NA,NA,1,"DD"
3923,"Anguilla marmorata",3239249.73044386,1,1,0,70,"commercial",1,3.79,"Carni.",1,"LC"
3925,"Labeobarbus wurtzi",557159.753024259,1,0,0,NA,NA,NA,NA,NA,1,"LC"
3926,"Greenwoodochromis staneri",33012.5919769452,NA,NA,0,NA,NA,NA,NA,NA,1,NA
3928,"Nannocharax ogoensis",16255.7111573213,1,0,0,NA,NA,NA,NA,NA,1,"DD"
3929,"Pseudotropheus fuscus",337.73693007019,0,1,1,11,"commercial",0,2,"Herbi.",1,"LC"
3931,"Epiplatys roloffi",20377.1973738623,1,1,0,NA,NA,NA,NA,NA,1,"EN"
3932,"Nothobranchius interruptus",343.540021089985,0,1,1,NA,NA,NA,NA,NA,1,"EN"
3935,"Ctenochromis polli",36898.8616531081,NA,NA,0,NA,NA,NA,NA,NA,1,NA
3936,"Nothobranchius brieni",850.661075902431,1,1,0,NA,NA,NA,NA,NA,1,"VU"
3937,"Phractura macrura",18601.0470244323,1,1,0,NA,NA,NA,NA,NA,1,"DD"
3939,"Polycentropsis abbreviata",263262.924785941,1,1,0,NA,NA,NA,NA,NA,1,"LC"
3940,"Nimbochromis venustus",3256.3845123284,0,1,1,25,"commercial",0,4.2,"Carni.",1,"LC"
3943,"Neolebias ansorgii",138766.179205366,1,0,0,2.59999990463257," ",0,3.25,"Carni.",1,"LC"
3946,"Haplochromis obliquidens",70029.8147067808,0,1,1,8.89999961853027,NA,0,2,"Herbi.",1,"VU"
3947,"Microsynodontis emarginata",172.044316147103,1,0,0,3.35999989509583,NA,0,NA,NA,1,"DD"
3948,"Coptodon guineensis",1114950.07849094,1,1,0,30,"commercial",1,2.79,"Omni.",1,"LC"
3951,"Labeobarbus jubae",12573.388492427,1,0,0,13.5,NA,0,NA,NA,2,"DD"
3952,"Labeobarbus huloti",10490.6727449901,1,0,0,NA,NA,NA,NA,NA,1,"DD"
3956,"Sarotherodon occidentalis",275756.019400842,1,0,0,NA,NA,NA,NA,NA,1,"LC"
3957,"Raiamas steindachneri",199076.879906713,1,0,0,NA,NA,NA,NA,NA,1,"LC"
3959,"Lepidiolamprologus profundicola",33012.5919769452,0,1,1,30.5,"commercial",0,4.2,"Carni.",1,"LC"
3963,"Chiloglanis deckenii",193348.304277883,1,0,0,NA,NA,NA,NA,NA,1,"LC"
3965,"Atopochilus savorgnani",263641.408128278,NA,NA,0,NA,NA,NA,NA,NA,1,"LC"
3968,"Nannocharax latifasciatus",77303.7058262897,1,0,0,NA,NA,NA,NA,NA,1,"LC"
3969,"Haplochromis nyanzae",70029.8147067808,0,1,1,17.1000003814697,NA,0,4.2,"Carni.",1,"DD"
3972,"Congolapia bilineata",155866.202423896,1,1,0,17.5400009155273,NA,0,NA,NA,1,"LC"
3973,"Mastacembelus platysoma",33012.5919769452,0,1,1,NA,NA,NA,NA,NA,1,"LC"
3977,"Aphyosemion schioetzi",193152.840673629,1,0,0,NA,NA,NA,NA,NA,1,"LC"
3979,"Chiloglanis fasciatus",738953.725150377,1,0,0,6.40000009536743,"of no interest",0,3.03,"Carni.",2,"LC"
3980,"Enteromius niokoloensis",36891.0646651052,1,0,0,NA,NA,NA,NA,NA,1,"LC"
3983,"Brycinus kingsleyae",808251.148529754,NA,NA,0,NA,NA,NA,NA,NA,1,NA
3985,"Diplotaxodon ecclesi",8395.9619470392,0,1,1,14.6000003814697,"commercial",0,4.2,"Carni.",1,"LC"
3988,"Nannocharax micros",1375.13496628521,NA,NA,0,NA,NA,NA,NA,NA,1,"DD"
3992,"Nannocharax procatopus",451011.441973137,1,1,0,8,"of no interest",0,3.5,"Carni.",1,"LC"
3993,"Synodontis serratus",725941.774798753,1,1,0,NA,NA,NA,NA,NA,2,"LC"
3994,"Aphyosemion caudofasciatum",4641.78637975751,1,0,0,NA,NA,NA,NA,NA,1,"DD"
3995,"Chromidotilapia regani",91719.0323827402,1,0,0,NA,NA,NA,NA,NA,1,"VU"
3997,"Neolebias axelrodi",31442.1366589513,1,0,0,NA,NA,NA,NA,NA,1,"EN"
4015,"Parasicydium bandama",56961.5089036127,1,0,0,NA,NA,NA,NA,NA,1,"LC"
4017,"Potamothrissa acutirostris",489353.969472805,1,1,0,7,"subsistence fisheries",0,NA,NA,1,"LC"
4024,"Phractura bovei",35584.0689744534,1,1,0,NA,NA,NA,NA,NA,1,"DD"
4026,"Aphyosemion hera",1204.7378367572,1,0,0,NA,NA,NA,NA,NA,1,"DD"
4028,"Labeobarbus caudovittatus",948207.052753115,1,1,0,NA,NA,NA,NA,NA,1,"LC"
4031,"Batrachoides pacifici",5078.32084620861,0,1,1,NA,NA,NA,NA,NA,1,"LC"
4035,"Haplochromis macropsoides",16177.5782462457,0,1,1,7.69999980926514,NA,0,3.2,"Carni.",1,"LC"
4037,"Brycinus humilis",173311.447042591,NA,NA,0,NA,NA,NA,NA,NA,1,NA
4045,"Serranochromis longimanus",216866.864718022,1,0,0,30,NA,0,3.87,"Carni.",2,"LC"
4046,"Amphilius longirostris",286725.25151325,1,1,0,NA,NA,NA,NA,NA,1,"LC"
4048,"Otopharynx tetraspilus",666.579624779861,1,1,0,15.6000003814697,"commercial",0,2.66,"Omni.",1,"LC"
4050,"Enteromius mimus",154767.6769888,1,0,0,NA,NA,NA,NA,NA,1,"LC"
4055,"Chiloglanis congicus",47882.607485413,1,0,0,NA,NA,NA,NA,NA,1,"LC"
4059,"Labeobarbus macrolepidotus",349070.692785566,1,1,0,NA,NA,NA,NA,NA,1,"LC"
4061,"Amphilius zairensis",99803.0890652278,1,1,0,NA,NA,NA,NA,NA,1,"LC"
4062,"Spathodus erythrodon",34890.675799273,0,1,1,8.5,"commercial",0,3.4,"Carni.",1,"LC"
4065,"Synodontis vanderwaali",105185.956211192,1,0,0,16.0300006866455,NA,0,NA,NA,2,"LC"
4071,"Garra allostoma",5901.51185005901,1,0,0,NA,NA,NA,NA,NA,1,"VU"
4080,"Marcusenius monteiri",930099.966948739,1,1,0,NA,NA,NA,NA,NA,1,"LC"
4083,"Steatocranus irvinei",201500.820844468,1,0,0,NA,NA,NA,NA,NA,1,"LC"
4084,"Maylandia zebra",3351.98526231642,0,1,1,11.3000001907349,"highly commercial",0,NA,NA,1,NA
4092,"Tropheus annectens",33012.5919769452,0,1,1,NA,NA,NA,NA,NA,1,"LC"
4098,"Mylochromis epichorialis",4694.31397546243,0,1,1,20,"commercial",0,3.5,"Carni.",1,"LC"
4099,"Dolichamphilius longiceps",2839.94914831016,1,0,0,NA,NA,NA,NA,NA,1,"DD"
4100,"Hippopotamyrus castor",132429.006572284,1,0,0,NA,NA,NA,NA,NA,1,"LC"
4101,"Enteromius thamalakanensis",584370.19789201,1,1,0,5,"commercial",0,2.56,"Omni.",2,"LC"
4105,"Nothobranchius symoensi",335.889782926676,1,1,0,NA,NA,NA,NA,NA,3,"EN"
4108,"Tropheops tropheops",333.720344491116,0,1,1,14,"commercial",0,NA,NA,1,"LC"
4112,"Alestopetersius caudalis",483537.938884905,1,1,0,NA,NA,NA,NA,NA,1,"LC"
4114,"Haplochromis fischeri",74159.1565948698,0,1,1,NA,NA,NA,NA,NA,1,"VU"
4116,"Tylochromis labrodon",218788.926422684,1,1,0,22.6000003814697,NA,0,2.61,"Omni.",1,"LC"
4118,"Elops lacerta",156260.238470788,1,1,0,100,"commercial",1,4.24,"Carni.",1,"LC"
4127,"Oreochromis karongae",6690.86020506613,1,1,0,42,"commercial",0,2,"Herbi.",1,"CR"
4129,"Rhabdalestes brevidorsalis",9860.33290859717,1,0,0,NA,NA,NA,NA,NA,1,"LC"
4130,"Cunningtonia longiventralis",33354.7184506497,0,1,1,NA,NA,NA,NA,NA,1,"LC"
4131,"Lamprologus teugelsi",24700.4803614699,1,1,0,NA,NA,NA,NA,NA,1,"VU"
4136,"Chilochromis duponti",79469.1207218378,1,1,0,22,NA,0,2.59,"Omni.",1,"LC"
4138,"Oreochromis variabilis",263458.96097303,1,1,0,30,"commercial",0,2,"Herbi.",1,"NT"
4142,"Parauchenoglanis ahli",23805.3267242135,1,0,0,NA,NA,NA,NA,NA,1,"DD"
4144,"Cyphomyrus discorhynchus",2224632.6951117,1,1,0,31,"minor commercial",0,3.2,"Carni.",1,"LC"
4145,"Docimodus johnstoni",7292.64023344102,0,1,1,25,"commercial",0,4.2,"Carni.",1,"LC"
4147,"Labeobarbus rhinophorus",2546.77383606627,1,1,0,NA,NA,NA,NA,NA,1,"DD"
4148,"Distichodus maculatus",1232772.05922746,1,1,0,NA,NA,NA,NA,NA,1,"LC"
4150,"Melanochromis dialeptos",83.691823487896,0,1,1,7.94999980926514,NA,0,2,"Herbi.",1,"LC"
4151,"Tropheops novemfasciatus",834.438125360748,0,1,1,9,"commercial",0,2,"Herbi.",1,"LC"
4154,"Haplochromis aelocephalus",70288.0030463266,0,1,1,12,NA,0,3.27,"Carni.",1,"CR"
4155,"Zaireichthys maravensis",56296.189340719,1,0,0,3.04999995231628,NA,0,NA,NA,3,"LC"
4157,"Petrocephalus binotatus",195751.140067046,1,1,0,NA,NA,NA,NA,NA,1,"LC"
4159,"Marcusenius bentleyi",2839.94914831016,1,0,0,NA,NA,NA,NA,NA,1,"DD"
4162,"Distichodus kolleri",104784.628122008,NA,NA,0,NA,NA,NA,NA,NA,1,"LC"
4168,"Parailia spiniserrata",69602.9301511093,1,0,0,NA,NA,NA,NA,NA,1,"LC"
4171,"Chelon auratus",3199.89314203268,1,1,0,61,"commercial",1,2.84,"Carni.",2,"LC"
4179,"Nimbapanchax petersi",58684.8764964703,1,1,0,NA,NA,NA,NA,NA,1,"EN"
4181,"Sarotherodon steinbachi",4202.50772882648,0,1,1,11.3000001907349,NA,0,2.23,"Omni.",1,"CR"
4182,"Parananochromis axelrodi",40866.2053958418,1,0,0,9.11999988555908,NA,0,NA,NA,1,"EN"
4185,"Haplochromis prognathus",70029.8147067808,0,1,1,14.1000003814697,NA,0,3.14,"Carni.",1,"DD"
4188,"Epiplatys biafranus",31629.0919588432,1,1,0,NA,NA,NA,NA,NA,1,"EN"
4190,"Pollimyrus schreyeni",33646.2185369557,1,1,0,NA,NA,NA,NA,NA,1,"LC"
4192,"Chrysichthys maurus",1038284.2429834,1,1,0,51,NA,0,2.69,"Omni.",1,"LC"
4194,"Nothobranchius pienaari",4356.97831434001,1,1,0,3.84999990463257,NA,0,NA,NA,1,"LC"
4195,"Enteromius okae",6453.81877094843,1,1,0,NA,NA,NA,NA,NA,1,"DD"
4196,"Clarias gabonensis",1123231.66305805,1,1,0,36,NA,0,3.27,"Carni.",1,"LC"
4197,"Aphyosemion elegans",356327.519606179,1,1,0,NA,NA,NA,NA,NA,1,"LC"
4198,"Otopharynx speciosus",6876.2660956166,0,1,1,25.2000007629395,"commercial",0,4.2,"Carni.",1,"LC"
4201,"Engraulicypris moeruensis",74823.7855663267,NA,NA,0,NA,NA,NA,NA,NA,1,NA
4205,"Pollimyrus pedunculatus",11755.0090331811,1,1,0,NA,NA,NA,NA,NA,1,"DD"
4206,"Mastacembelus sanagali",133670.963197998,NA,NA,0,NA,NA,NA,NA,NA,1,"LC"
4207,"Labeo seeberi",1676.93022089597,1,0,0,35.5,NA,0,2.51,"Omni.",2,"EN"
4209,"Lepidiolamprologus cunningtoni",33012.5919769452,0,1,1,NA,NA,NA,NA,NA,1,"LC"
4212,"Melanochromis lepidiadaptes",83.5738857687492,0,1,1,8.72000026702881,NA,0,4.4,"Carni.",1,"CR"
4213,"Hemichromis exsul",8328.83092852185,0,1,1,NA,NA,NA,NA,NA,2,"LC"
4217,"Alcolapia grahami",86.0129644510727,NA,NA,0,NA,NA,NA,NA,NA,1,NA
4218,"Mormyrus cyaneus",9335.71281336562,1,1,0,NA,NA,NA,NA,NA,1,"VU"
4223,"Petrocephalus sauvagii",739880.547522566,1,1,0,NA,NA,NA,NA,NA,1,"LC"
4224,"Chiloglanis trilobatus",22542.0928149061,1,0,0,NA,NA,NA,NA,NA,1,"LC"
4227,"Scardinius erythrophthalmus",258.146720563579,1,1,0,NA,"minor commercial",0,2.89,"Carni.",1,"LC"
4229,"Coptodon imbriferna",1456.6482365492,NA,NA,0,NA,NA,NA,NA,NA,1,NA
4231,"Enteromius jacksoni",398136.491157038,1,1,0,NA,NA,NA,NA,NA,1,"LC"
4232,"Pseudocrenilabrus nicholsi",119129.609876354,1,1,0,NA,NA,NA,NA,NA,1,"LC"
4233,"Petrocephalus squalostoma",29440.4210459601,1,1,0,NA,NA,NA,NA,NA,1,"DD"
4236,"Carasobarbus harterti",76922.8646989733,1,0,0,25,NA,0,NA,NA,3,"CR"
4238,"Amphilius natalensis",185369.286300746,1,0,0,12.5,"commercial",0,3.2,"Carni.",3,"LC"
4239,"Haplochromis pharyngomylus",70029.8147067808,0,1,1,12.6000003814697,NA,0,3.24,"Carni.",1,"DD"
4241,"Synodontis nummifer",332273.429811081,1,1,0,NA,NA,NA,NA,NA,1,"LC"
4242,"Orthochromis uvinzae",7627.31743445158,1,0,0,8.55000019073486,NA,0,2,"Herbi.",1,"CR"
4246,"Xenotilapia boulengeri",33012.5919769452,0,1,1,15.3000001907349,"commercial",0,3.27,"Carni.",1,"LC"
4247,"Labeobarbus sacratus",123651.148953333,1,0,0,NA,NA,NA,NA,NA,1,"LC"
4248,"Clarias pachynema",1304297.09661004,1,1,0,NA,NA,NA,NA,NA,1,"LC"
4251,"Enteromius anema",347731.699753654,1,1,0,NA,NA,NA,NA,NA,2,"LC"
4257,"Placidochromis subocularis",7292.64023344102,1,1,0,16.2000007629395,"commercial",0,3.43,"Carni.",1,NA
4262,"Petrochromis polyodon",34890.675799273,0,1,1,21,"commercial",0,2,"Herbi.",1,"LC"
4263,"Haplochromis gracilior",2837.93065776997,0,1,1,NA,NA,NA,NA,NA,3,"LC"
4270,"Mastacembelus sexdecimspinus",10535.3004292425,1,1,0,NA,NA,NA,NA,NA,1,"NT"
4273,"Melanochromis chipokae",83.5138559146576,0,1,1,12," ",0,4.2,"Carni.",1,"CR"
4274,"Sarotherodon caroli",4202.50772882648,0,1,1,18.6000003814697,NA,0,2,"Herbi.",1,"CR"
4277,"Haplochromis oligolepis",344.197927015202,0,1,1,NA,NA,NA,NA,NA,1,"DD"
4278,"Dimidiochromis strigatus",7292.64023344102,0,1,1,24.3999996185303,"commercial",0,3.84,"Carni.",1,"LC"
4283,"Platichthys flesus",1279.7514623396,1,0,0,60,"commercial",1,3.3,"Carni.",2,"LC"
4288,"Engraulicypris brevianalis",610381.263101436,1,1,0,7.5,NA,0,3.17,"Carni.",2,"LC"
4289,"Synodontis dorsomaculatus",40369.5238765829,1,1,0,NA,NA,NA,NA,NA,1,"EN"
4290,"Arnoldichthys spilopterus",113361.32609351,1,0,0,9.60000038146973,"commercial",0,3.12,"Carni.",1,"EN"
4292,"Sargochromis thysi",46849.5176832779,1,1,0,NA,NA,NA,NA,NA,1,"DD"
4293,"Schilbe banguelensis",110930.853781555,1,1,0,NA,NA,NA,NA,NA,3,"LC"
4296,"Bagrus lubosicus",2401.04399602589,1,1,0,NA,NA,NA,NA,NA,1,"DD"
4300,"Aphyosemion punctatum",64785.7973457221,1,0,0,NA,NA,NA,NA,NA,1,"LC"
4306,"Labeobarbus sandersi",223573.751391625,NA,NA,0,NA,NA,NA,NA,NA,1,"LC"
4310,"Synodontis tourei",4988.32724499682,1,0,0,NA,NA,NA,NA,NA,1,"CR"
4316,"Haplochromis xanthopteryx",70029.8147067808,0,1,1,10.6700000762939,NA,0,3.12,"Carni.",1,"VU"
4318,"Periophthalmus argentilineatus",11765.6756578625,0,0,0,19,"of no interest",1,3.26,"Carni.",1,"LC"
4321,"Labeobarbus urotaenia",1459.89436655412,1,1,0,NA,NA,NA,NA,NA,1,"DD"
4326,"Enteromius chlorotaenia",881305.517111105,1,1,0,NA,NA,NA,NA,NA,1,"LC"
4332,"Brycinus longipinnis",1191202.02348957,NA,NA,0,NA,NA,NA,NA,NA,1,NA
4336,"Haplochromis boops",70201.9485614657,0,1,1,19.3999996185303,NA,0,4.2,"Carni.",1,"DD"
4337,"Trematocara variabile",42355.9006878504,1,1,0,NA,NA,NA,NA,NA,1,"LC"
4341,"Microctenopoma lineatum",25891.9825919588,1,1,0,NA,NA,NA,NA,NA,1,"DD"
4345,"Julidochromis dickfeldi",33183.4448681446,0,1,1,11,"of potential interest",0,3.5,"Carni.",1,"LC"
4352,"Enteromius ablabes",1414955.17599001,1,1,0,9.60000038146973," ",0,2.45,"Omni.",1,"LC"
4361,"Synodontis annectens",139600.033214242,1,0,0,NA,NA,NA,NA,NA,1,"LC"
4365,"Chiloglanis polyodon",14467.3002316871,1,0,0,NA,NA,NA,NA,NA,1,"EN"
4367,"Synodontis nebulosus",283735.886005777,1,0,0,15,"minor commercial",0,2.54,"Omni.",1,"LC"
4368,"Plataplochilus ngaensis",26152.7418051611,1,1,0,NA,NA,NA,NA,NA,1,"LC"
4369,"Marcusenius abadii",342588.908095892,1,1,0,NA,NA,NA,NA,NA,1,"LC"
4370,"Enteromius sexradiatus",860.542986542458,0,1,1,NA,NA,NA,NA,NA,1,"DD"
4374,"Rastrineobola argentea",156412.618629866,1,1,0,8,"highly commercial",0,3.41,"Carni.",1,"LC"
4390,"Petrocephalus christyi",711160.710611826,1,1,0,NA,NA,NA,NA,NA,1,"LC"
4396,"Aphyosemion primigenium",28378.7371514075,1,0,0,NA,NA,NA,NA,NA,1,"VU"
4397,"Labeo lineatus",597339.985340977,1,1,0,NA,NA,NA,NA,NA,1,"LC"
4399,"Haplotaxodon microlepis",33183.4448681446,0,1,1,26,"commercial",0,3.4,"Carni.",1,"LC"
4400,"Aphyosemion volcanum",4202.50772882648,1,1,0,NA,NA,NA,NA,NA,1,"EN"
4411,"Enteromius erythrozonus",9529.36942391187,1,1,0,NA,NA,NA,NA,NA,1,"DD"
4416,"Aphyosemion lamberti",38974.9214297384,1,0,0,NA,NA,NA,NA,NA,1,"LC"
4417,"Enteromius papilio",2320.49267972552,1,1,0,NA,NA,NA,NA,NA,1,"DD"
4418,"Tropheops kamtambo",83.5738857687531,0,1,1,NA,NA,NA,NA,NA,1,"LC"
4421,"Amphilius kakrimensis",31338.1205773117,1,0,0,NA,NA,NA,NA,NA,1,"VU"
4423,"Enteromius trispilopleura",2946.00893117719,0,1,1,NA,NA,NA,NA,NA,1,"LC"
4425,"Pareutropius mandevillei",405349.719673628,1,1,0,NA,NA,NA,NA,NA,1,"LC"
4429,"Nannocharax angolensis",165853.27195641,NA,NA,0,NA,NA,NA,NA,NA,1,NA
4435,"Aphyosemion exigoideum",9376.51511605307,1,1,0,NA,NA,NA,NA,NA,1,"LC"
4436,"Hippopotamyrus aelsbroecki",8174.12430357927,1,1,0,NA,NA,NA,NA,NA,3,"DD"
4438,"Chrysichthys polli",5992.43563900064,1,1,0,NA,NA,NA,NA,NA,1,"VU"
4439,"Haplochromis elegans",16177.5782462457,1,1,0,7.30000019073486,NA,0,3.2,"Carni.",1,"LC"
4444,"Enteromius annectens",1039892.82190792,1,0,0,NA,NA,NA,NA,NA,2,"LC"
4445,"Phenacogrammus interruptus",526647.267267974,1,1,0,8,"commercial",0,3.01,"Carni.",1,"LC"
4446,"Engraulicypris spinifer",140590.820919374,1,1,0,NA,NA,NA,NA,NA,1,"LC"
4448,"Mormyrops parvus",2139.52135836836,1,1,0,NA,NA,NA,NA,NA,1,"DD"
4450,"Nannocharax maculicauda",116718.997675017,NA,NA,0,NA,NA,NA,NA,NA,1,"LC"
4452,"Haplochromis bicolor",70029.8147067808,0,1,1,15,NA,0,3.6,"Carni.",1,"VU"
4453,"Raiamas scarciensis",14530.2361901291,1,0,0,NA,NA,NA,NA,NA,1,"DD"
4454,"Enteromius cercops",226412.243954126,1,0,0,NA,NA,NA,NA,NA,1,"LC"
4457,"Plataplochilus cabindae",82318.5206884063,NA,NA,0,NA,NA,NA,NA,NA,1,NA
4461,"Julidochromis ornatus",33183.4448681446,0,1,1,8.5,"commercial",0,3.5,"Carni.",1,"LC"
4469,"Labeo coubie",3176792.42306023,1,1,0,75,"commercial",0,NA,NA,1,"LC"
4475,"Enteromius pumilus",255045.771882249,1,0,0,NA,NA,NA,NA,NA,1,"LC"
4477,"Xenobarbus loveridgei",257.905049911531,0,1,1,NA,NA,NA,NA,NA,1,"DD"
4481,"Maylandia lanisticola",4599.10825991955,0,1,1,6.05999994277954,NA,0,NA,NA,1,NA
4482,"Stomatorhinus ivindoensis",10236.2249524605,1,1,0,NA,NA,NA,NA,NA,1,"EN"
4483,"Synodontis angelicus",695332.716691677,1,1,0,NA,NA,NA,NA,NA,1,"LC"
4488,"Telmatochromis vittatus",33012.5919769452,0,1,1,8.60000038146973,"commercial",0,NA,NA,1,"LC"
4490,"Paramormyrops longicaudatus",130857.34700609,1,0,0,23.7999992370605,NA,0,NA,NA,1,"VU"
4492,"Pollimyrus brevis",97884.3292894404,1,1,0,NA,NA,NA,NA,NA,1,"LC"
4496,"Belonophago tinanti",257155.265610443,1,1,0,NA,NA,NA,NA,NA,1,"LC"
4497,"Megalops cyprinoides",403792.744522176,1,1,0,150,"minor commercial",1,3.91000008583069,"Carni.",2,"DD"
4498,"Trematocara marginatum",33012.5919769452,0,1,1,NA,NA,NA,NA,NA,1,"LC"
4499,"Ctenochromis horei",56107.7774082358,1,1,0,NA,NA,NA,NA,NA,1,"LC"
4500,"Greenwoodochromis bellcrossi",33354.7184506497,0,1,1,NA,NA,NA,NA,NA,1,"LC"
4501,"Nannocharax macropterus",1373941.3076954,1,1,0,6,NA,0,NA,NA,1,"LC"
4504,"Enteromius pobeguini",577493.517812538,1,0,0,NA,NA,NA,NA,NA,1,"LC"
4509,"Epiplatys chaperi",176010.221996449,1,1,0,NA,NA,NA,NA,NA,1,"NT"
4512,"Enteromius callipterus",1117230.64560227,1,1,0,NA,NA,NA,NA,NA,1,"LC"
4513,"Congochromis sabinae",92960.1861617861,1,1,0,NA,NA,NA,NA,NA,1,"LC"
4518,"Ivindomyrus opdenboschi",59089.3764051466,NA,NA,0,NA,NA,NA,NA,NA,1,"VU"
4522,"Synodontis nigromaculatus",795991.595645622,1,1,0,38.5,"subsistence fisheries",0,3.38,"Carni.",1,"LC"
4523,"Siluranodon auritus",1978624.00825209,1,1,0,14,NA,0,2.86,"Carni.",1,"LC"
4525,"Labeo polli",16746.5278368608,1,1,0,NA,NA,NA,NA,NA,3,"DD"
4529,"Oreochromis chungruruensis",84.9258630313988,0,1,1,15.3999996185303,NA,0,NA,NA,3,"CR"
4530,"Lamprologus ocellatus",33012.5919769452,0,1,1,5.80000019073486,"commercial",0,3.45,"Carni.",1,"LC"
4531,"Marcusenius schilthuisiae",210623.111225159,1,1,0,NA,NA,NA,NA,NA,1,"LC"
4532,"Tylochromis pulcher",123302.23108164,1,1,0,22.8999996185303,NA,0,3.2,"Carni.",1,"LC"
4534,"Atopochilus macrocephalus",70091.5867117077,1,1,0,NA,NA,NA,NA,NA,1,"DD"
4535,"Aphyosemion escherichi",116478.044031669,1,1,0,NA,NA,NA,NA,NA,1,"LC"
4537,"Lethrinops christyi",6876.2660956166,0,1,1,NA,NA,NA,NA,NA,1,"LC"
4538,"Tropheus kasabae",33012.5919769452,0,1,1,NA,NA,NA,NA,NA,1,"LC"
4541,"Paramormyrops sphekodes",284037.75531521,1,0,0,11.3800001144409,NA,0,NA,NA,1,"LC"
4545,"Schilbe angolensis",7931.78573750912,1,1,0,NA,NA,NA,NA,NA,1,"DD"
4548,"Lamprologus lethops",3772.62325065123,1,1,0,NA,NA,NA,NA,NA,1,"DD"
4550,"Astatotilapia desfontainii",158633.993015109,NA,NA,0,NA,NA,NA,NA,NA,2,NA
4552,"Notoglanidium maculatum",6817.95166645863,1,0,0,NA,NA,NA,NA,NA,1,"VU"
4553,"Heterotilapia cessiana",12654.7482631372,1,0,0,NA,NA,NA,NA,NA,1,"EN"
4555,"Konia dikume",4717.56909834871,0,1,1,11.1999998092651,NA,0,3.2,"Carni.",1,"CR"
4558,"Haplochromis acidens",70288.0030463266,0,1,1,12.8000001907349,NA,0,3,"Carni.",1,"DD"
4559,"Placidochromis intermedius",334.782468437134,0,1,1,NA,NA,NA,NA,NA,1,"LC"
4561,"Chromidotilapia mamonekenei",63394.6464186654,NA,NA,0,NA,NA,NA,NA,NA,1,"LC"
4563,"Lamprologus werneri",35498.2833081543,1,1,0,NA,NA,NA,NA,NA,1,"VU"
4566,"Epiplatys longiventralis",69520.0321730896,1,1,0,NA,NA,NA,NA,NA,1,"EN"
4567,"Parakneria malaissei",14342.9747658247,NA,NA,0,NA,NA,NA,NA,NA,1,"DD"
4569,"Enteromius rubrostigma",300237.890305928,NA,NA,0,NA,NA,NA,NA,NA,1,"LC"
4571,"Potamothrissa whiteheadi",11269.8396042825,1,0,0,4.69999980926514,"of no interest",0,NA,NA,1,"DD"
4572,"Tramitichromis intermedius",6876.2660956166,0,1,1,16,"commercial",0,3.35,"Carni.",1,"LC"
4579,"Sandelia capensis",105094.841413636,1,0,0,20,"commercial",0,3.79,"Carni.",2,"DD"
4580,"Nothobranchius hengstleri",253.528530317207,0,1,1,4.13000011444092,NA,0,NA,NA,1,"EN"
4581,"Marcusenius macrolepidotus",733169.650817033,1,1,0,32,"commercial",0,3.2,"Carni.",1,"LC"
4583,"Distichodus brevipinnis",1005517.24811998,1,1,0,59,"commercial",0,2,"Herbi.",1,"LC"
4584,"Brycinus ferox",8414.7713261449,NA,NA,0,NA,NA,NA,NA,NA,2,NA
4585,"Enteromius arcislongae",70188.022945673,1,1,0,NA,NA,NA,NA,NA,1,"LC"
4588,"Enneacampus kaupi",474374.545542018,1,1,0,16.5," ",0,2.73,"Omni.",1,"LC"
4590,"Gnathonemus barbatus",6216.66263301699,1,1,0,NA,NA,NA,NA,NA,1,"DD"
4596,"Chelaethiops minutus",33354.7184506497,0,1,1,NA,NA,NA,NA,NA,1,"LC"
4601,"Nannothrissa parva",66063.6110751707,1,1,0,4.19999980926514,"subsistence fisheries",0,2.66,"Omni.",1,"LC"
4606,"Labidochromis pallidus",83.5439592053947,0,1,1,NA,NA,NA,NA,NA,1,"LC"
4609,"Labeobarbus tropidolepis",128336.943227812,1,1,0,NA,NA,NA,NA,NA,1,"LC"
4621,"Labeo boulengeri",11375.694100389,1,0,0,NA,NA,NA,NA,NA,2,"DD"
4628,"Haplochromis welcommei",70029.8147067808,0,1,1,10.5,NA,0,3.26,"Carni.",1,"VU"
4630,"Ctenopharynx nitidus",6876.2660956166,0,1,1,13.8999996185303,"commercial",0,3.5,"Carni.",1,"LC"
4636,"Enteromius aloyi",6278.33152552257,NA,NA,0,NA,NA,NA,NA,NA,1,"DD"
4637,"Phractura brevicauda",393417.006383253,1,1,0,NA,NA,NA,NA,NA,1,"LC"
4638,"Haplochromis exspectatus",86.0484689958878,0,1,1,NA,NA,NA,NA,NA,1,"VU"
4643,"Pseudosimochromis marginatus",34890.675799273,0,1,1,10," ",0,NA,NA,1,NA
4647,"Aphyosemion poliaki",7720.41627408374,1,0,0,NA,NA,NA,NA,NA,1,"EN"
4648,"Oreochromis mortimeri",361877.460349424,1,1,0,48,"commercial",0,2.7,"Omni.",3,"CR"
4654,"Parauchenoglanis pantherinus",79262.6883144036,NA,NA,0,NA,NA,NA,NA,NA,1,"VU"
4658,"Enteromius roussellei",1184.75308026537,1,1,0,NA,NA,NA,NA,NA,3,"DD"
4659,"Phreatichthys andruzzii",4719.15464882968,NA,NA,0,NA,NA,NA,NA,NA,2,NA
4669,"Poropanchax luxophthalmus",213540.890033875,1,1,0,4," ",0,NA,NA,1,"LC"
4671,"Pisodonophis boro",984674.034531064,1,1,0,100,"minor commercial",1,4.03,"Carni.",2,"LC"
4673,"Aphanius saourensis",5874.02698802009,NA,NA,0,NA,NA,NA,NA,NA,2,NA
4674,"Nothobranchius kirki",6478.28177012112,1,1,0,NA,NA,NA,NA,NA,1,"VU"
4675,"Heterotis niloticus",1108205.70291102,1,1,0,100,"commercial",0,2.9300000667572,"Carni.",1,"LC"
4676,"Channallabes ogooensis",7655.49178940106,NA,NA,0,NA,NA,NA,NA,NA,1,"DD"
4680,"Coelotilapia joka",73950.9033628168,1,0,0,NA,NA,NA,NA,NA,1,"EN"
4682,"Rhabdalestes maunensis",1001809.50204592,1,1,0,8.5,"commercial",0,3.34,"Carni.",2,"LC"
4683,"Placidochromis macroceps",84.3398314721336,0,1,1,NA,NA,NA,NA,NA,1,"DD"
4685,"Aphyosemion rectogoense",24170.5066000688,1,0,0,NA,NA,NA,NA,NA,1,"VU"
4690,"Labeobarbus mawambiensis",274402.752463994,1,1,0,NA,NA,NA,NA,NA,1,"LC"
4693,"Synodontis woosnami",206427.133977094,1,0,0,20.5,NA,0,2.42,"Omni.",2,"LC"
4695,"Channallabes apus",1038728.9531527,1,1,0,NA,NA,NA,NA,NA,1,"LC"
4701,"Synodontis resupinatus",258412.479195984,1,1,0,26,"commercial",0,2.62,"Omni.",2,"LC"
4704,"Nanochromis teugelsi",1543317.00744592,1,1,0,NA,NA,NA,NA,NA,1,"LC"
4706,"Epiplatys multifasciatus",981922.945767451,1,1,0,NA,NA,NA,NA,NA,1,"DD"
4707,"Labeo curriei",1537.12159386384,1,0,0,NA,NA,NA,NA,NA,1,"CR"
4718,"Lamprologus signatus",33012.5919769452,0,1,1,5.5,"commercial",0,3.6,"Carni.",1,"LC"
4719,"Nannopetersius lamberti",80790.3567404436,1,1,0,NA,NA,NA,NA,NA,1,"LC"
4720,"Distichodus rostratus",1459223.11875372,1,1,0,76,"commercial",0,2.57999992370605,"Omni.",1,"LC"
4726,"Xenotilapia albini",32927.6349325844,0,1,1,NA,NA,NA,NA,NA,1,"DD"
4728,"Synodontis notatus",570791.468079495,1,1,0,NA,NA,NA,NA,NA,1,"LC"
4729,"Oreochromis andersonii",947660.08919812,1,1,0,61,"commercial",0,2.39,"Omni.",2,"VU"
4730,"Atopochilus chabanaudi",3948.6275505585,1,1,0,NA,NA,NA,NA,NA,1,"DD"
4733,"Enteromius martorelli",276971.200804832,1,1,0,NA,NA,NA,NA,NA,1,"LC"
4735,"Mormyrus caschive",313484.555165466,1,1,0,100,NA,0,3.2,"Carni.",2,"LC"
4738,"Nothobranchius rubripinnis",597.622345063263,1,1,0,NA,NA,NA,NA,NA,1,"EN"
4740,"Polypterus weeksii",466068.619849999,1,1,0,NA,NA,NA,NA,NA,1,"LC"
4741,"Pomatoschistus microps",11381.7388943766,1,1,0,9,"of no interest",1,3.2,"Carni.",3,"LC"
4742,"Amphilius lujani",21080.1544104061,1,0,0,NA,NA,NA,NA,NA,1,"LC"
4747,"Synodontis polli",34890.675799273,0,1,1,NA,NA,NA,NA,NA,1,"LC"
4749,"Parachanna insignis",468101.895781959,1,1,0,NA,NA,NA,NA,NA,1,"LC"
4751,"Enteromius macinensis",784037.292789806,1,1,0,NA,NA,NA,NA,NA,1,"LC"
4755,"Euchilichthys dybowskii",24668.0573728656,1,0,0,NA,NA,NA,NA,NA,1,"LC"
4764,"Marcusenius dundoensis",156577.866294129,1,1,0,NA,NA,NA,NA,NA,1,"DD"
4766,"Pharyngochromis acuticeps",1428678.12799614,1,1,0,NA,NA,NA,NA,NA,2,"LC"
4767,"Psammogobius knysnaensis",935.417225323237,1,0,0,7.5,NA,0,NA,NA,3,"LC"
4770,"Odaxothrissa losera",1743032.00747141,1,0,0,14.3500003814697,"subsistence fisheries",0,NA,NA,1,"LC"
4771,"Tylochromis mylodon",59402.2604624895,1,1,0,22,"commercial",0,3.29,"Carni.",1,"LC"
4772,"Haplochromis olivaceus",2837.93065776997,0,1,1,8.89999961853027,NA,0,NA,NA,3,"LC"
4776,"Oreochromis jipe",6956.95780429941,1,1,0,50,"commercial",0,2,"Herbi.",1,"EN"
4779,"Chiloglanis kalambo",5192.14821747836,1,0,0,4.40000009536743,"of no interest",0,NA,NA,1,"VU"
4782,"Polypterus teugelsi",7365.08427734965,1,0,0,41.5,NA,0,NA,NA,1,"DD"
4788,"Stomatepia mariae",4202.50772882648,0,1,1,NA,NA,NA,NA,NA,1,"CR"
4790,"Serranochromis spei",160109.434716531,1,1,0,NA,NA,NA,NA,NA,1,"LC"
4791,"Microstomatichthyoborus katangae",118537.076550785,1,1,0,NA,NA,NA,NA,NA,1,"LC"
4792,"Protomelas annectens",6876.2660956166,0,1,1,NA,NA,NA,NA,NA,1,"LC"
4793,"Distichodus noboli",310333.825327205,1,1,0,NA,NA,NA,NA,NA,1,"LC"
4798,"Doumea sanaga",69425.9835082059,NA,NA,0,NA,NA,NA,NA,NA,1,"LC"
4800,"Clariallabes platyprosopos",100641.818906496,1,0,0,29.5,NA,0,4.2,"Carni.",2,"LC"
4805,"Labeobarbus codringtonii",173832.475383179,1,0,0,39,NA,0,3.65,"Carni.",2,"LC"
4806,"Malapterurus shirensis",381329.192313397,1,0,0,NA,NA,NA,NA,NA,1,"LC"
4811,"Nannocharax lineomaculatus",168812.926064714,1,1,0,NA,NA,NA,NA,NA,1,"LC"
4813,"Alloblennius jugularis",3328.40643877063,NA,NA,0,NA,NA,NA,NA,NA,2,"LC"
4817,"Marcusenius meronai",25516.3409531026,1,0,0,NA,NA,NA,NA,NA,1,"EN"
4820,"Carassius auratus",28028.0774473059,1,1,0,48,"commercial",0,2.86,"Carni.",3,"LC"
4822,"Clypeobarbus hypsolepis",333339.18994487,1,0,0,NA,NA,NA,NA,NA,1,"LC"
4823,"Opsaridium loveridgii",98980.9494727895,1,1,0,NA,NA,NA,NA,NA,1,"LC"
4825,"Labeobarbus altipinnis",7223.3756629481,1,1,0,NA,NA,NA,NA,NA,1,"LC"
4826,"Congochromis squamiceps",464588.143288779,1,1,0,NA,NA,NA,NA,NA,1,"LC"
4827,"Parakneria lufirae",7223.3756629481,1,1,0,NA,NA,NA,NA,NA,1,"DD"
4828,"Microctenopoma ansorgii",272369.660252889,1,1,0,NA,NA,NA,NA,NA,1,"LC"
4830,"Clariallabes manyangae",7299.72794438436,1,1,0,NA,NA,NA,NA,NA,1,"DD"
4831,"Enteromius multilineatus",1131139.42046494,1,1,0,4.5,"commercial",0,NA,NA,3,"LC"
4833,"Chrysichthys cranchii",952721.992353758,1,1,0,NA,NA,NA,NA,NA,1,"LC"
4835,"Tylochromis trewavasae",3002.91946512575,1,0,0,20,NA,0,3.24,"Carni.",1,"DD"
4838,"Mastacembelus aviceps",9335.71281336562,1,0,0,NA,NA,NA,NA,NA,1,"VU"
4845,"Epiplatys neumanni",199036.742328077,1,0,0,NA,NA,NA,NA,NA,1,"LC"
4848,"Lutjanus goreensis",12549.8484089694,1,0,0,80,"minor commercial",1,3.97,"Carni.",1,"DD"
4849,"Nannocharax wittei",272434.203189305,NA,NA,0,NA,NA,NA,NA,NA,1,NA
4850,"Lethrinops stridei",6876.2660956166,0,1,1,13,"commercial",0,2,"Herbi.",1,"DD"
4855,"Psammogobius biocellatus",1073184.67274886,1,1,0,19.7999992370605,"of no interest",1,NA,NA,1,"LC"
4857,"Nothobranchius lucius",2045.76461441908,1,1,0,5.36999988555908,NA,0,NA,NA,1,"NT"
4860,"Fundulopanchax fallax",47803.4058935403,1,1,0,NA,NA,NA,NA,NA,1,"EN"
4861,"Enteromius lauzannei",3747.24995899451,1,0,0,NA,NA,NA,NA,NA,1,"VU"
4864,"Micropanchax kingii",161793.897719862,1,1,0,4,NA,0,NA,NA,2,"LC"
4876,"Eugnathichthys eetveldii",626728.82239757,1,1,0,NA,NA,NA,NA,NA,1,"LC"
4881,"Marcusenius senegalensis",2069663.82031803,1,1,0,32.0999984741211,"minor commercial",0,2.79,"Omni.",1,"LC"
4885,"Neolebias kerguennae",45340.5420747062,NA,NA,0,NA,NA,NA,NA,NA,1,"EN"
4888,"Nannocharax minutus",46101.8433602338,NA,NA,0,NA,NA,NA,NA,NA,3,NA
4893,"Mastacembelus flavidus",33012.5919769452,0,1,1,NA,NA,NA,NA,NA,1,"LC"
4903,"Astatoreochromis alluaudi",232689.306821896,1,1,0,19,"commercial",0,3.6,"Carni.",1,"LC"
4907,"Labidochromis vellicans",1168.45461059626,0,1,1,6.69999980926514,"commercial",0,2,"Herbi.",1,"LC"
4909,"Redigobius dewaali",169502.236427955,1,0,0,5.59999990463257,NA,0,3.36,"Carni.",3,"LC"
4911,"Notoglanidium walkeri",18917.8773908584,1,1,0,NA,NA,NA,NA,NA,1,"NT"
4912,"Orthochromis rubrolabialis",9760.64509218185,1,0,0,NA,NA,NA,NA,NA,1,"EN"
4913,"Scriptaphyosemion etzeli",935.223000566747,1,1,0,NA,NA,NA,NA,NA,1,"CR"
4914,"Synodontis comoensis",52279.2606537983,1,0,0,NA,NA,NA,NA,NA,1,"LC"
4915,"Labeobarbus megastoma",12968.8578893625,1,1,0,82.4000015258789,NA,0,3.1800000667572,"Carni.",3,"LC"
4921,"Diplotaxodon limnothrissa",12927.206021921,0,1,1,15.3999996185303,"commercial",0,3.13,"Carni.",1,"LC"
4923,"Caprichromis orthognathus",3100.1167566456,0,1,1,19.5,"commercial",0,4,"Carni.",1,"LC"
4925,"Micralestes holargyreus",2569.5107953274,1,1,0,NA,NA,NA,NA,NA,1,"DD"
4927,"Mormyrus macrophthalmus",416423.308764872,1,1,0,NA,NA,NA,NA,NA,1,"LC"
4928,"Haplochromis estor",70201.9485614657,0,1,1,17,NA,0,4.2,"Carni.",1,"DD"
4931,"Synodontis pardalis",15383.5365212904,1,1,0,NA,NA,NA,NA,NA,1,"EN"
4936,"Amphilius pulcher",91193.1428889336,1,0,0,NA,NA,NA,NA,NA,1,"LC"
4939,"Enteromius trispilos",362333.651935968,1,0,0,NA,NA,NA,NA,NA,1,"LC"
4940,"Planiliza melinopterus",200034.198660052,NA,NA,0,NA,NA,NA,NA,NA,1,NA
4941,"Labeobarbus ethiopicus",426.192833465294,0,1,1,NA,NA,NA,NA,NA,3,"EN"
4943,"Enteromius tegulifer",1375.13496628521,NA,NA,0,NA,NA,NA,NA,NA,1,"DD"
4944,"Oreochromis lepidurus",2139.52135836836,1,1,0,NA,NA,NA,NA,NA,1,"EN"
4948,"Pareutropius longifilis",188217.354975269,1,1,0,NA,NA,NA,NA,NA,1,"LC"
4953,"Enteromius boboi",6071.35920387774,1,0,0,NA,NA,NA,NA,NA,1,"CR"
4955,"Coptodon discolor",51407.9567580598,1,1,0,NA,NA,NA,NA,NA,1,"NT"
4963,"Pomadasys argenteus",3839.99421921858,1,0,0,70,"commercial",1,3.36,"Carni.",2,"LC"
4968,"Microsynodontis batesii",394129.976283405,NA,NA,0,NA,NA,NA,NA,NA,1,"DD"
4970,"Haplochromis paucidens",2837.93065776997,0,1,1,NA,NA,NA,NA,NA,3,"LC"
4971,"Enteromius barnardi",763628.466048268,1,1,0,7,"commercial",0,2.63,"Omni.",2,"LC"
4975,"Synodontis frontosus",341906.535909856,1,1,0,34.2000007629395,NA,0,2.79,"Omni.",1,"LC"
4976,"Labeobarbus dartevellei",2397.98523964026,1,1,0,NA,NA,NA,NA,NA,1,"DD"
4978,"Placidochromis boops",668.409036324841,0,1,1,NA,NA,NA,NA,NA,1,"LC"
4980,"Enteromius poechii",988948.45266033,1,1,0,11,"minor commercial",0,3.35,"Carni.",2,"LC"
4981,"Amarginops platus",2839.94914831016,1,1,0,NA,NA,NA,NA,NA,1,"DD"
4982,"Microctenopoma nanum",1766907.66453224,1,1,0,NA,NA,NA,NA,NA,1,"LC"
4983,"Nanochromis transvestitus",1806.20941578989,0,1,1,NA,NA,NA,NA,NA,1,"EN"
4984,"Marcusenius brucii",75477.7344839847,1,0,0,NA,NA,NA,NA,NA,1,"DD"
4987,"Lamprologus tumbanus",4560.53903315996,0,1,1,NA,NA,NA,NA,NA,1,"EN"
4988,"Enteromius rouxi",41999.2493574387,NA,NA,0,NA,NA,NA,NA,NA,1,"DD"
4989,"Congothrissa gossei",38283.7777022497,1,0,0,3.5,"subsistence fisheries",0,3.33,"Carni.",1,"DD"
4990,"Pseudotropheus purpuratus",1339.5468642556,0,1,1,NA,NA,NA,NA,NA,1,"LC"
4991,"Haplochromis erythromaculatus",1978.59369783675,1,1,0,10.3000001907349,NA,0,NA,NA,3,"EN"
4992,"Nimbochromis fuscotaeniatus",2760.38238050639,0,1,1,25,"commercial",0,4.2,"Carni.",1,"VU"
4993,"Zaireichthys heterurus",108027.232490905,1,1,0,NA,NA,NA,NA,NA,1,"LC"
4995,"Haplochromis diplotaenia",70201.9485614657,0,1,1,11,NA,0,4.2,"Carni.",1,"DD"
4996,"Lophiobagrus brevispinis",33012.5919769452,0,1,1,NA,NA,NA,NA,NA,1,"LC"
4997,"Labeobarbus paucisquamatus",81708.9495341357,NA,NA,0,NA,NA,NA,NA,NA,1,NA
4999,"Synodontis robertsi",13319.4276580219,1,1,0,NA,NA,NA,NA,NA,1,"DD"
5006,"Salaria atlantica",3766.2425792225,NA,NA,0,NA,NA,NA,NA,NA,3,NA
5009,"Phractura clauseni",341997.656684785,1,0,0,NA,NA,NA,NA,NA,1,"LC"
5010,"Nannocharax fasciolaris",8476.82448055933,1,1,0,NA,NA,NA,NA,NA,2,"DD"
5011,"Coptodon thysi",1456.6482365492,0,1,1,NA,NA,NA,NA,NA,1,"CR"
5012,"Steatocranus glaber",9335.71281336562,1,1,0,NA,NA,NA,NA,NA,1,"VU"
5013,"Labeo barbatus",336125.443715222,1,0,0,NA,NA,NA,NA,NA,1,"LC"
5014,"Xenotilapia spiloptera",33012.5919769452,0,1,1,NA,NA,NA,NA,NA,1,"DD"
5015,"Nannocharax niloticus",172744.658250828,1,0,0,NA,NA,NA,NA,NA,2,"DD"
5019,"Micralestes stormsi",1029162.9557868,1,1,0,NA,NA,NA,NA,NA,1,"LC"
5020,"Aphyosemion heinemanni",5411.4949087238,1,0,0,NA,NA,NA,NA,NA,1,"DD"
5023,"Parananochromis ornatus",99108.577151465,NA,NA,0,NA,NA,NA,NA,NA,1,"EN"
5025,"Nothobranchius occultus",422.373311469475,1,1,0,NA,NA,NA,NA,NA,2,"DD"
5026,"Labeobarbus clarkeae",9067.78324835414,1,1,0,NA,NA,NA,NA,NA,2,"DD"
5031,"Campylomormyrus phantasticus",54534.5793726259,NA,NA,0,NA,NA,NA,NA,NA,1,"LC"
5033,"Diplotaxodon greenwoodi",26520.5883195937,0,1,1,24.7000007629395,"commercial",0,4.2,"Carni.",1,"LC"
5034,"Iodotropheus stuartgranti",83.691823487896,0,1,1,NA,NA,NA,NA,NA,1,"LC"
5035,"Lethrinops mylodon",3940.32942711829,0,1,1,20.2000007629395,"commercial",0,3.37,"Carni.",1,"LC"
5036,"Petrochromis trewavasae",34890.675799273,0,1,1,18," ",0,2,"Herbi.",1,"LC"
5038,"Labeo dhonti",210681.451691256,1,1,0,NA,NA,NA,NA,NA,1,"LC"
5051,"Nothobranchius streltsovi",85.4658319182816,1,1,0,5.11999988555908,NA,0,NA,NA,1,"VU"
5055,"Synodontis caudalis",90420.4225748307,1,0,0,NA,NA,NA,NA,NA,1,"LC"
5056,"Amphilius jacksonii",29620.4943835381,1,0,0,15,NA,0,2.96,"Carni.",1,"LC"
5059,"Alcolapia alcalica",12896.5304498533,NA,NA,0,NA,NA,NA,NA,NA,1,NA
5066,"Neolebias gossei",41476.1925020534,NA,NA,0,NA,NA,NA,NA,NA,1,"LC"
5068,"Leptocypris konkoureensis",14218.5807924757,1,0,0,NA,NA,NA,NA,NA,1,"VU"
5069,"Enteromius carcharhinoides",3667.09216418555,1,0,0,NA,NA,NA,NA,NA,1,"CR"
5071,"Aulonocara guentheri",251.022544618195,0,1,1,15,"commercial",0,3.5,"Carni.",1,"EN"
5088,"Epiplatys coccinatus",768.23235898292,1,0,0,NA,NA,NA,NA,NA,1,"CR"
5089,"Parauchenoglanis punctatus",1137709.33635401,1,1,0,NA,NA,NA,NA,NA,1,"LC"
5090,"Labeo kibimbi",21933.9154094822,1,1,0,NA,NA,NA,NA,NA,1,"LC"
5092,"Hemigrammopetersius barnardi",656571.230352448,1,1,0,7,"of no interest",0,3.38,"Carni.",1,"LC"
5093,"Paramormyrops retrodorsalis",37293.8940371758,NA,NA,0,NA,NA,NA,NA,NA,1,NA
5095,"Labeobarbus macrophtalmus",2946.00893117719,0,1,1,42.5,NA,0,3.42000007629395,"Carni.",1,"EN"
5099,"Enteromius quadripunctatus",29684.5330394771,1,0,0,NA,NA,NA,NA,NA,1,"DD"
5105,"Plataplochilus loemensis",34842.277944082,NA,NA,0,NA,NA,NA,NA,NA,1,NA
5106,"Parakneria abbreviata",276338.549551445,NA,NA,0,NA,NA,NA,NA,NA,1,"LC"
5110,"Synodontis zambezensis",964404.712576738,1,0,0,43,"minor commercial",0,2.66,"Omni.",2,"LC"
5111,"Phractura fasciata",4474.66401118992,1,0,0,NA,NA,NA,NA,NA,1,"DD"
5115,"Petrocephalus hutereaui",4723.13130917601,1,1,0,NA,NA,NA,NA,NA,1,"DD"
5119,"Pseudobarbus senticeps",357.097797500464,1,0,0,7.92999982833862,NA,0,NA,NA,3,"CR"
5129,"Callochromis macrops",33354.7184506497,1,1,0,NA,NA,NA,NA,NA,1,"LC"
5135,"Tetracamphilius pectinatus",11744.7113018625,1,1,0,3.36999988555908,NA,0,NA,NA,1,"DD"
5136,"Genyochromis mento",6876.2660956166,0,1,1,12.6000003814697,"commercial",0,4.4,"Carni.",1,"LC"
5140,"Euchilichthys guentheri",517854.200940527,1,1,0,NA,NA,NA,NA,NA,1,"LC"
5144,"Abactochromis labrosus",1933.82859661721,0,1,1,NA,NA,NA,NA,NA,1,"LC"
5149,"Synodontis levequei",17426.7903729055,1,0,0,NA,NA,NA,NA,NA,1,"VU"
5151,"Labeobarbus boulengeri",2546.77383606627,NA,NA,0,NA,NA,NA,NA,NA,1,NA
5152,"Dimidiochromis kiwinge",7292.64023344102,0,1,1,30,"commercial",0,4.2,"Carni.",1,"LC"
5158,"Enteromius motebensis",87121.5066430647,1,0,0,NA,NA,NA,NA,NA,2,"NT"
5162,"Synodontis omias",78687.0531702917,1,1,0,NA,NA,NA,NA,NA,1,"LC"
5165,"Thoracochromis buysi",51663.7171046581,1,1,0,NA,NA,NA,NA,NA,2,"LC"
5167,"Synodontis leopardinus",235650.07371203,1,0,0,19.6000003814697,NA,0,3.68,"Carni.",2,"LC"
5169,"Erpetoichthys calabaricus",64439.4008133635,1,1,0,37,"of no interest",0,3.26,"Carni.",1,"NT"
5174,"Pollimyrus nigripinnis",419103.892580735,1,1,0,NA,NA,NA,NA,NA,1,"LC"
5186,"Eleotris acanthopoma",2423.03619895682,NA,NA,0,NA,NA,NA,NA,NA,2,NA
5189,"Benitochromis batesii",42880.936009144,1,0,0,NA,NA,NA,NA,NA,1,"VU"
5191,"Brycinus rhodopleura",33354.7184506497,1,1,0,30,"commercial",0,NA,NA,1,"LC"
5193,"Nothobranchius nubaensis",8791.92353586446,1,1,0,4.98999977111816,NA,0,NA,NA,2,"VU"
5194,"Enteromius neefi",344655.505619955,1,1,0,NA,NA,NA,NA,NA,3,"LC"
5196,"Serranochromis thumbergi",590099.803339487,1,1,0,33,"subsistence fisheries",0,3.7,"Carni.",3,"LC"
5200,"Tanganicodus irsacae",33012.5919769452,0,1,1,7,"commercial",0,3.5,"Carni.",1,"LC"
5201,"Amphilius lampei",49458.5994008346,1,0,0,NA,NA,NA,NA,NA,1,"DD"
5209,"Microctenopoma intermedium",1249015.73175388,1,1,0,6.19999980926514,"commercial",0,3.2,"Carni.",3,"LC"
5214,"Gephyrochromis lawsi",2767.9040295971,0,1,1,NA,NA,NA,NA,NA,1,"LC"
5215,"Eucinostomus gula",2048.14066684581,1,0,0,25.5,"minor commercial",1,3.13,"Carni.",2,"LC"
5216,"Hydrocynus goliath",474009.823288783,1,1,0,NA,NA,NA,NA,NA,1,"LC"
5217,"Neobola bottegoi",8135.01291015676,1,1,0,NA,NA,NA,NA,NA,1,"DD"
5222,"Nannocharax multifasciatus",1176504.78253888,1,0,0,6,"of no interest",0,2.75,"Omni.",3,NA
5224,"Garra aethiopica",22483.6849660368,1,0,0,NA,NA,NA,NA,NA,2,"LC"
5225,"Platycephalus indicus",2238.98773004834,1,1,0,100,"commercial",1,4.23,"Carni.",2,"DD"
5229,"Pollimyrus marianne",9513.22495162562,1,0,0,NA,NA,NA,NA,NA,2,"LC"
5233,"Brevimyrus niger",1265796.23853896,1,1,0,15,NA,0,2.94,"Carni.",1,"LC"
5234,"Aphyosemion lefiniense",3265.99161473413,NA,NA,0,NA,NA,NA,NA,NA,1,"DD"
5236,"Labeobarbus nelspruitensis",54429.8510356814,1,0,0,NA,NA,NA,NA,NA,3,"NT"
5238,"Tilapia guinasana",1543.65632882045,0,1,1,14," ",0,2,"Herbi.",2,"CR"
5239,"Brycinus minutus",8414.7713261449,NA,NA,0,NA,NA,NA,NA,NA,2,NA
5248,"Stomatorhinus schoutedeni",2139.52135836836,1,1,0,NA,NA,NA,NA,NA,1,"DD"
5253,"Petrocephalus grandoculis",397453.014309084,1,1,0,NA,NA,NA,NA,NA,1,"LC"
5256,"Otopharynx heterodon",6876.2660956166,0,1,1,NA,NA,NA,NA,NA,1,"LC"
5257,"Haplochromis occultidens",2837.93065776997,0,1,1,NA,NA,NA,NA,NA,3,"LC"
5258,"Bathybates fasciatus",33354.7184506497,0,1,1,39.7000007629395,"commercial",0,4.2,"Carni.",1,"LC"
5259,"Brycinus macrolepidotus",4518010.83563983,1,1,0,53,"commercial",0,2.75,"Omni.",1,"LC"
5269,"Polypterus mokelembembe",128679.030157912,1,1,0,NA,NA,NA,NA,NA,1,"LC"
5272,"Bathyclarias atribranchus",26520.5883195937,0,1,1,60,"of no interest",0,3.061,"Carni.",1,"LC"
5273,"Prolabeops melanhypopterus",133670.963197998,NA,NA,0,NA,NA,NA,NA,NA,1,"LC"
5282,"Enteromius parablabes",844.64684486355,1,0,0,6.19999980926514,NA,0,2.77,"Omni.",1,"LC"
5288,"Polypterus ansorgii",40019.2334170004,1,1,0,NA,NA,NA,NA,NA,1,"LC"
5289,"Fundulopanchax kamdemi",3942.77264211391,0,0,0,7.30000019073486,NA,0,NA,NA,1,"LC"
5290,"Petrocephalus tenuicauda",203517.457308722,1,0,0,NA,NA,NA,NA,NA,1,"LC"
5297,"Brycinus luteus",11538.0077262664,1,0,0,NA,NA,NA,NA,NA,1,"EN"
5302,"Orthochromis luongoensis",845.165140088442,1,1,0,NA,NA,NA,NA,NA,1,"EN"
5305,"Pareutropius debauwi",1050583.62789881,1,1,0,NA,NA,NA,NA,NA,1,"LC"
5308,"Haplochromis altigenis",70288.0030463266,0,1,1,20.2000007629395,NA,0,4.2,"Carni.",1,"DD"
5323,"Mastacembelus taiaensis",44897.455656188,1,0,0,NA,NA,NA,NA,NA,1,"NT"
5324,"Microthrissa moeruensis",5184.69109620886,0,1,1,4.09999990463257,"minor commercial",0,NA,NA,1,NA
5328,"Mastacembelus shiranus",69977.313738417,1,1,0,26,"commercial",0,4,"Carni.",3,"LC"
5329,"Copadichromis pleurostigmoides",6876.2660956166,0,1,1,NA,NA,NA,NA,NA,1,"LC"
5337,"Eleotris pisonis",3266.82301567277,1,0,0,25,NA,1,3.72,"Carni.",1,"LC"
5339,"Chrysichthys wagenaari",286691.07875611,1,1,0,NA,NA,NA,NA,NA,1,"LC"
5341,"Marcusenius altisambesi",1294834.02289568,1,1,0,NA,NA,NA,NA,NA,2,"LC"
5343,"Aplocheilichthys spilauchen",763924.936485664,1,1,0,8," ",0,NA,NA,1,"LC"
5351,"Pseudobarbus calidus",10389.0733702298,1,0,0,NA,NA,NA,NA,NA,2,"NT"
5352,"Nannocharax uniocellatus",365300.992238588,NA,NA,0,NA,NA,NA,NA,NA,1,NA
5356,"Hemigrammopetersius pulcher",14401.7911131948,1,1,0,NA,NA,NA,NA,NA,1,"DD"
5358,"Tricuspidalestes caeruleus",46380.6695825512,1,1,0,NA,NA,NA,NA,NA,1,"LC"
5363,"Hippopotamyrus macroterops",24577.360875422,1,1,0,NA,NA,NA,NA,NA,1,"DD"
5364,"Diplotaxodon macrops",4447.32614848209,0,1,1,12.5,NA,0,2.81,"Carni.",1,"LC"
5366,"Tilapia baloni",22131.0217902288,1,1,0,NA,NA,NA,NA,NA,1,"LC"
5367,"Mchenga inornata",29454.7533964954,0,1,1,10,"commercial",0,3.4,"Carni.",1,"DD"
5368,"Lates angustifrons",33012.5919769452,0,1,1,200,"commercial",0,4.5,"Carni.",1,"EN"
5369,"Amphilius lentiginosus",74039.5764229481,1,1,0,NA,NA,NA,NA,NA,1,"DD"
5372,"Mylochromis gracilis",6876.2660956166,0,1,1,22,"commercial",0,3.99,"Carni.",1,"LC"
5374,"Grammatotria lemairii",33354.7184506497,0,1,1,26,"commercial",0,2.74,"Omni.",1,"LC"
5375,"Maylandia estherae",83.9468206076889,0,1,1,7.92000007629395,"commercial",0,2,"Herbi.",1,NA
5378,"Chrysichthys hildae",29774.1877051747,1,0,0,NA,NA,NA,NA,NA,3,"DD"
5379,"Synodontis woleuensis",20383.4415291541,NA,NA,0,NA,NA,NA,NA,NA,1,"DD"
5380,"Nothobranchius neumanni",4369.47039390129,1,1,0,NA,NA,NA,NA,NA,1,"LC"
5382,"Haplochromis lividus",82157.5045718859,0,1,1,9,NA,0,2.4,"Omni.",1,"DD"
5383,"Placidochromis argyrogaster",252.094588079952,0,1,1,NA,NA,NA,NA,NA,1,"LC"
5384,"Labeobarbus parawaldroni",74850.8873866548,1,0,0,NA,NA,NA,NA,NA,1,"LC"
5387,"Melanochromis auratus",2089.22131410333,0,1,1,11,"highly commercial",0,2,"Herbi.",1,"LC"
5390,"Leiognathus equulus",291888.809464231,1,0,0,NA,NA,NA,NA,NA,2,"LC"
5392,"Chaenogobius annularis",1683.48228925654,1,1,0,NA,NA,NA,NA,NA,2,"LC"
5396,"Hippopotamyrus ansorgii",1501587.38624287,1,1,0,NA,NA,NA,NA,NA,2,"LC"
5400,"Plecodus paradoxus",34890.675799273,1,1,0,NA,NA,NA,NA,NA,1,"LC"
5401,"Garra makiensis",28273.7585910545,1,1,0,NA,NA,NA,NA,NA,3,"LC"
5404,"Nothobranchius rubroreticulatus",7840.70311209267,1,1,0,NA,NA,NA,NA,NA,2,"NT"
5405,"Garra blanfordii",19445.4105872301,1,0,0,NA,NA,NA,NA,NA,2,"LC"
5413,"Petrocephalus microphthalmus",672953.979519515,1,1,0,NA,NA,NA,NA,NA,1,"LC"
5417,"Paramphilius teugelsi",22316.8055163705,1,0,0,NA,NA,NA,NA,NA,1,"LC"
5419,"Neolamprologus schreyeni",34890.675799273,0,1,1,NA,NA,NA,NA,NA,1,"VU"
5421,"Synodontis vaillanti",6519.22319489193,1,1,0,NA,NA,NA,NA,NA,1,"DD"
5424,"Phractolaemus ansorgii",340402.456084122,1,1,0,25,NA,0,2.69,"Omni.",1,"LC"
5427,"Phenacogrammus aurantiacus",385382.218762769,1,1,0,NA,NA,NA,NA,NA,1,"LC"
5428,"Opsaridium leleupi",32977.5935173109,1,1,0,NA,NA,NA,NA,NA,3,"DD"
5429,"Serranochromis stappersi",58133.5804029127,1,1,0,NA,NA,NA,NA,NA,1,"LC"
5431,"Labeo weeksii",970322.956343671,1,1,0,NA,NA,NA,NA,NA,1,"LC"
5432,"Kuhlia marginata",1479.21374794364,1,0,0,NA,NA,NA,NA,NA,2,"LC"
5436,"Marcusenius macrophthalmus",21699.0964219194,1,1,0,NA,NA,NA,NA,NA,1,"DD"
5437,"Enteromius amanpoae",59457.9460942509,1,0,0,NA,NA,NA,NA,NA,1,"LC"
5440,"Mastacembelus greshoffi",118352.07964572,1,1,0,NA,NA,NA,NA,NA,1,"LC"
5441,"Nannocharax brevis",501806.708942665,1,1,0,NA,NA,NA,NA,NA,1,"LC"
5444,"Astatotilapia bloyeti",407854.349633685,NA,NA,0,NA,NA,NA,NA,NA,1,NA
5446,"Enteromius lujae",82215.355748795,1,1,0,NA,NA,NA,NA,NA,2,"DD"
5447,"Lepidiolamprologus kendalli",33012.5919769452,0,1,1,16," ",0,4.2,"Carni.",1,"DD"
5449,"Clypeobarbus matthesi",105303.610355267,NA,NA,0,NA,NA,NA,NA,NA,1,NA
5453,"Synodontis camelopardalis",7658.36854521843,1,1,0,NA,NA,NA,NA,NA,1,"DD"
5454,"Copadichromis geertsi",83.691823487896,0,1,1,12.8199996948242,NA,0,NA,NA,1,"LC"
5456,"Labeo mesops",9319.98727725188,1,1,0,39,"commercial",0,2,"Herbi.",1,"CR"
5461,"Nothobranchius cardinalis",8315.38388295661,1,1,0,2.71000003814697,NA,0,NA,NA,1,"VU"
5464,"Cromeria occidentalis",7090.01831628866,1,0,0,4.40000009536743,NA,0,NA,NA,1,"LC"
5467,"Acapoeta tanganicae",42810.3486646984,1,1,0,61,"commercial",0,2,"Herbi.",1,"LC"
5468,"Distichodus atroventralis",522973.156487781,1,1,0,NA,NA,NA,NA,NA,1,"LC"
5473,"Phenacogrammus polli",152189.106395664,1,1,0,NA,NA,NA,NA,NA,1,"LC"
5474,"Kuhlia mugil",795629.75903757,1,1,0,40,"minor commercial",1,3.83,"Carni.",2,"LC"
5475,"Galaxias maculatus",167.412631710205,1,1,0,19,"commercial",1,NA,NA,3,"LC"
5476,"Labeo longipinnis",690239.893871381,1,1,0,NA,NA,NA,NA,NA,1,"LC"
5480,"Placidochromis phenochilus",84.6927014578362,0,1,1,NA,NA,NA,NA,NA,1,"EN"
5485,"Neolamprologus furcifer",34890.675799273,0,1,1,15," ",0,3.36,"Carni.",1,"LC"
5486,"Silhouettea sibayi",21662.1056412669,0,1,1,NA,NA,NA,NA,NA,1,"EN"
5489,"Neolamprologus gracilis",34890.675799273,0,1,1,NA,NA,NA,NA,NA,1,"LC"
5493,"Mauligobius nigri",171.69961528892,1,0,0,NA,NA,NA,NA,NA,1,"LC"
5494,"Brycinus jacksonii",220279.219349351,NA,NA,0,NA,NA,NA,NA,NA,1,NA
5500,"Pseudobarbus swartzi",1503.28740675119,1,0,0,8.10999965667725,NA,0,NA,NA,3,"VU"
5504,"Labeobarbus brauni",7053.50585230253,1,1,0,NA,NA,NA,NA,NA,1,"DD"
5507,"Nothobranchius krysanovi",2378.78663754682,1,1,0,3.11999988555908,NA,0,NA,NA,1,"VU"
5511,"Arius latiscutatus",4933.75187495005,NA,NA,0,NA,NA,NA,NA,NA,1,NA
5514,"Enteromius baudoni",345921.927167294,1,1,0,NA,NA,NA,NA,NA,1,"LC"
5516,"Placidochromis hennydaviesae",333.689005550304,0,1,1,10,"commercial",0,3.31,"Carni.",1,"LC"
5517,"Raiamas shariensis",7032.77046938922,NA,NA,0,NA,NA,NA,NA,NA,1,NA
5520,"Neolebias trilineatus",663018.358689752,1,1,0,NA,NA,NA,NA,NA,1,"LC"
5521,"Notoglanidium akiri",22972.4659398256,1,1,0,NA,NA,NA,NA,NA,1,"EN"
5522,"Orthochromis mazimeroensis",19499.9703108869,1,0,0,7.19999980926514,NA,0,2,"Herbi.",1,"EN"
5523,"Kneria paucisquamata",37915.2824809001,1,1,0,NA,NA,NA,NA,NA,1,"LC"
5528,"Synodontis caudovittatus",170186.251419634,NA,NA,0,NA,NA,NA,NA,NA,2,"DD"
5529,"Epiplatys etzeli",24286.5368667729,1,1,0,NA,NA,NA,NA,NA,1,"EN"
5530,"Haplochromis cronus",70201.9485614657,0,1,1,13.5,NA,0,4,"Carni.",1,"DD"
5532,"Microctenopoma nigricans",143507.223755524,1,1,0,NA,NA,NA,NA,NA,1,"LC"
5534,"Lethrinops gossei",3525.80895778019,0,1,1,14.3999996185303,"commercial",0,3.2,"Carni.",1,"LC"
5535,"Awaous aeneofuscus",859344.290028939,1,1,0,NA,NA,NA,NA,NA,1,"LC"
5538,"Clarias ebriensis",366008.345405135,1,1,0,31.5,NA,0,3.42,"Carni.",1,"LC"
5540,"Aphyosemion castaneum",142560.652856169,1,1,0,NA,NA,NA,NA,NA,1,"LC"
5542,"Pseudotropheus johannii",167.638644095585,0,1,1,10," ",0,NA,NA,1,"LC"
5544,"Tilapia busumana",93573.6487707268,1,1,0,NA,NA,NA,NA,NA,1,"LC"
5545,"Enteromius kissiensis",12978.4501217685,1,0,0,NA,NA,NA,NA,NA,1,"DD"
5549,"Parakneria damasi",33235.0153341486,NA,NA,0,NA,NA,NA,NA,NA,3,"DD"
5551,"Paracyprichromis nigripinnis",34890.675799273,0,1,1,11,"commercial",0,3.4,"Carni.",1,"LC"
5556,"Synodontis granulosus",34890.675799273,0,1,1,NA,NA,NA,NA,NA,1,"LC"
5561,"Pseudosimochromis curvifrons",34890.675799273,0,1,1,14,"commercial",0,2,"Herbi.",1,"LC"
5563,"Maylandia chrysomallos",83.691823487896,NA,NA,0,NA,NA,NA,NA,NA,1,NA
5565,"Neolebias philippei",7650.686255897,1,1,0,NA,NA,NA,NA,NA,1,"DD"
5569,"Baileychromis centropomoides",33354.7184506497,0,1,1,NA,NA,NA,NA,NA,1,"LC"
5571,"Synodontis soloni",153557.797564925,1,1,0,NA,NA,NA,NA,NA,1,"LC"
5579,"Doumea angolensis",6796.38756560037,1,0,0,NA,NA,NA,NA,NA,1,"LC"
5581,"Brachypetersius notospilus",16156.6312934154,NA,NA,0,NA,NA,NA,NA,NA,1,"DD"
5583,"Placidochromis koningsi",167.754756607819,0,1,1,NA,NA,NA,NA,NA,1,"DD"
5592,"Copadichromis cyaneus",4694.31397546243,0,1,1,19,"commercial",0,3.4,"Carni.",1,"LC"
5596,"Synodontis xiphias",19406.3361074073,0,1,1,NA,NA,NA,NA,NA,1,"CR"
5597,"Tilapia brevimanus",236664.447581547,1,0,0,NA,NA,NA,NA,NA,1,"LC"
5602,"Schwetzochromis neodon",12494.2914183932,1,1,0,NA,NA,NA,NA,NA,1,"LC"
5603,"Labeobarbus versluysii",43755.4481002545,NA,NA,0,NA,NA,NA,NA,NA,1,"LC"
5604,"Micropanchax rudolfianus",8672.36933225014,NA,NA,0,NA,NA,NA,NA,NA,2,NA
5606,"Leptocypris weeksii",522047.76584273,1,1,0,NA,NA,NA,NA,NA,1,"LC"
5607,"Pungu maclareni",7365.08427734965,0,1,1,10,NA,0,2.74,"Omni.",1,"CR"
5609,"Chiloglanis asymetricaudalis",9625.46217629624,1,0,0,7.59999990463257,"of no interest",0,2.57,"Omni.",1,"EN"
5610,"Micropterus salmoides",7706.89168618972,1,1,0,97,"minor commercial",0,4.42,"Carni.",3,"LC"
5611,"Lethrinops turneri",2086.0629604497,0,1,1,NA,NA,NA,NA,NA,1,"LC"
5616,"Gnathonemus petersii",1334758.10902634,1,1,0,35,"subsistence fisheries",0,3.13,"Carni.",1,"LC"
5618,"Paramormyrops jacksoni",7236.59752011563,1,0,0,NA,NA,NA,NA,NA,1,"DD"
5620,"Benitochromis finleyi",6003.81507451964,NA,NA,0,NA,NA,NA,NA,NA,1,"EN"
5621,"Lethrinops lunaris",1920.03493274815,0,1,1,NA,NA,NA,NA,NA,1,"LC"
5622,"Haplochromis labriformis",70201.9485614657,0,1,1,NA,NA,NA,NA,NA,1,"DD"
5624,"Haplochromis artaxerxes",70201.9485614657,0,1,1,14.6999998092651,NA,0,3.6,"Carni.",1,"DD"
5625,"Synodontis njassae",18698.7778368305,1,1,0,19.2000007629395,"minor commercial",0,3.1,"Carni.",1,"LC"
5626,"Enteromius urostigma",92556.5719030349,1,1,0,NA,NA,NA,NA,NA,1,"LC"
5627,"Clarias longior",62506.4091435078,NA,NA,0,NA,NA,NA,NA,NA,1,"LC"
5630,"Distichodus hypostomatus",213388.932647197,NA,NA,0,NA,NA,NA,NA,NA,1,"LC"
5638,"Nyassachromis purpurans",846.855465882458,0,1,1,18,"commercial",0,3.4,"Carni.",1,"LC"
5639,"Clarias liocephalus",919725.016698158,1,1,0,32,"commercial",0,3.26,"Carni.",1,"LC"
5642,"Heterobranchus bidorsalis",673229.973214775,1,1,0,NA,NA,NA,NA,NA,2,"LC"
5644,"Syngnathus typhle",2975.97275784544,1,1,0,35,"of no interest",1,3.4,"Carni.",2,"LC"
5646,"Labeobarbus roylii",22474.5644085592,NA,NA,0,NA,NA,NA,NA,NA,1,"EN"
5647,"Nannocharax parvus",204727.614458142,1,1,0,NA,NA,NA,NA,NA,1,"LC"
5650,"Haplochromis rudolfianus",8500.82980217615,0,1,1,NA,NA,NA,NA,NA,2,"LC"
5651,"Champsochromis caeruleus",3100.1167566456,0,1,1,32.2000007629395,"commercial",0,4.2,"Carni.",1,"LC"
5653,"Enteromius haasianus",1203363.89334569,1,1,0,3.20000004768372,"commercial",0,NA,NA,3,"LC"
5654,"Bathygobius casamancus",5674.00535554501,1,1,0,NA,NA,NA,NA,NA,1,"LC"
5656,"Labeobarbus claudinae",2751.46223158076,1,1,0,NA,NA,NA,NA,NA,1,"VU"
5657,"Andersonia leptura",2049085.69293141,1,0,0,NA,NA,NA,NA,NA,2,"LC"
5658,"Phoxinus phoxinus",5065.63844902546,1,1,0,14,"minor commercial",0,3.27,"Carni.",2,"LC"
5660,"Kneria angolensis",97808.008823435,1,1,0,NA,NA,NA,NA,NA,1,"LC"
5662,"Xenochromis hecqui",33012.5919769452,0,1,1,30," ",0,4.4,"Carni.",1,"DD"
5668,"Neolamprologus petricola",34890.675799273,0,1,1,14,"commercial",0,3.2,"Carni.",1,"LC"
5670,"Labeobarbus aeneus",362090.274425252,1,1,0,50,"commercial",0,3.11,"Carni.",2,"LC"
5671,"Telmatochromis temporalis",33012.5919769452,0,1,1,10.1999998092651,"commercial",0,3.02,"Carni.",1,"LC"
5672,"Enteromius zanzibaricus",153947.57781043,1,1,0,NA,NA,NA,NA,NA,1,"LC"
5674,"Labeo rouaneti",7277.35074528019,1,0,0,NA,NA,NA,NA,NA,1,"VU"
5675,"Eleotris senegalensis",1051816.6627429,1,1,0,NA,NA,NA,NA,NA,1,"LC"
5680,"Atopodontus adriaensi",45748.173299994,NA,NA,0,NA,NA,NA,NA,NA,1,"DD"
5682,"Anguilla japonica",1818.04817963873,1,1,0,150,"highly commercial",1,3.55,"Carni.",2,"EN"
5690,"Nyassachromis nigritaeniatus",2921.79288648067,0,1,1,21,"commercial",0,3.4,"Carni.",1,"LC"
5691,"Synodontis victoriae",131556.347194179,1,1,0,35,NA,0,3.28,"Carni.",1,"LC"
5693,"Otopharynx decorus",6876.2660956166,0,1,1,18,"commercial",0,3.5,"Carni.",1,"LC"
5694,"Scatophagus tetracanthus",236094.302505689,1,1,0,30,"minor commercial",1,2.77,"Omni.",1,"LC"
5695,"Haplochromis schubotziellus",14026.4132505725,1,1,0,7.90000009536743,NA,0,2.4,"Omni.",1,"LC"
5696,"Luciobarbus maghrebensis",176551.762588505,1,0,0,170.600006103516,NA,0,NA,NA,3,NA
5705,"Notoglanidium pallidum",18600.516979953,1,1,0,NA,NA,NA,NA,NA,1,"VU"
5706,"Otopharynx spelaeotes",1430.77712588527,0,1,1,11.7200002670288,NA,0,NA,NA,1,"LC"
5707,"Caprichromis liemi",7292.64023344102,0,1,1,19.1000003814697,"commercial",0,4,"Carni.",1,"LC"
5708,"Labidochromis freibergi",84.1614107759323,0,1,1,NA,NA,NA,NA,NA,1,"LC"
5713,"Hilsa kelee",6044.73839103813,1,0,0,35,"highly commercial",1,2.85,"Carni.",1,"LC"
5716,"Enteromius raimbaulti",24824.0564460042,1,0,0,NA,NA,NA,NA,NA,1,"VU"
5719,"Scriptaphyosemion liberiense",78831.9986881038,1,1,0,NA,NA,NA,NA,NA,1,"LC"
5720,"Mylochromis anaphyrmus",4934.88465827685,0,1,1,NA,NA,NA,NA,NA,1,"LC"
5722,"Clarias hilli",528971.246368644,1,1,0,NA,NA,NA,NA,NA,1,"LC"
5723,"Micropanchax fuelleborni",210514.733812333,NA,NA,0,NA,NA,NA,NA,NA,1,NA
5724,"Hippopotamyrus paugyi",165301.22502043,1,0,0,NA,NA,NA,NA,NA,1,"LC"
5725,"Clypeobarbus bellcrossi",21209.843129039,1,0,0,NA,NA,NA,NA,NA,3,"DD"
5727,"Chrysichthys bocagii",7895.16838372643,1,0,0,NA,NA,NA,NA,NA,2,"LC"
5729,"Neolamprologus pleuromaculatus",34890.675799273,0,1,1,NA,NA,NA,NA,NA,1,"LC"
5732,"Labeo falcipinnis",173902.873706208,1,1,0,NA,NA,NA,NA,NA,1,"LC"
5733,"Hippopotamyrus pappenheimi",15773.6103670901,1,1,0,NA,NA,NA,NA,NA,2,"LC"
5734,"Eleotris melanosoma",268945.903140178,1,0,0,26,"minor commercial",1,NA,NA,1,"LC"
5735,"Enteromius tiekoroi",62569.5191513008,1,0,0,NA,NA,NA,NA,NA,1,"NT"
5737,"Aphyosemion mimbon",40352.5680346671,1,0,0,NA,NA,NA,NA,NA,1,"LC"
5738,"Auchenoglanis occidentalis",4809646.34630271,1,1,0,70,"commercial",0,2.9,"Carni.",1,"LC"
5742,"Amphilius laticaudatus",60841.8651289638,1,0,0,NA,NA,NA,NA,NA,1,"LC"
5743,"Labeobarbus progenys",208243.896912533,1,1,0,NA,NA,NA,NA,NA,1,"LC"
5744,"Scriptaphyosemion geryi",161237.651460483,1,1,0,NA,NA,NA,NA,NA,1,"LC"
5745,"Haplochromis pitmani",70029.8147067808,0,1,1,5.5,NA,0,4.2,"Carni.",1,"DD"
5746,"Lates niloticus",5374946.65463458,1,1,0,200,"highly commercial",0,3.95,"Carni.",1,"LC"
5749,"Enteromius radiatus",1811634.16907533,1,1,0,12,"commercial",0,2.76,"Omni.",1,"LC"
5751,"Coptostomabarbus wittei",580320.763741808,1,1,0,4,"commercial",0,2.74,"Omni.",2,"LC"
5753,"Labeo batesii",658991.146964341,NA,NA,0,NA,NA,NA,NA,NA,1,"LC"
5757,"Enteromius eutaenia",1291926.64404805,1,1,0,14," ",0,3.2,"Carni.",1,"LC"
5763,"Enteromius trispilomimus",161260.843188153,NA,NA,0,NA,NA,NA,NA,NA,1,"LC"
5764,"Leptoglanis bouilloni",24812.0094166946,1,1,0,NA,NA,NA,NA,NA,1,"DD"
5769,"Mormyrus hildebrandti",31387.5126578873,NA,NA,0,NA,NA,NA,NA,NA,1,"DD"
5771,"Stomatorhinus patrizii",312833.20117202,1,1,0,NA,NA,NA,NA,NA,1,"LC"
5773,"Distichodus fasciolatus",1045314.23513073,1,1,0,60,"of no interest",0,2,"Herbi.",1,"LC"
5774,"Haplochromis graueri",13410.5950132207,1,1,0,11.8000001907349,NA,0,NA,NA,1,"LC"
5776,"Parauchenoglanis longiceps",34353.4866405254,NA,NA,0,NA,NA,NA,NA,NA,1,"EN"
5777,"Fundulopanchax filamentosus",80254.9878544287,1,1,0,5.5,"of no interest",0,3.38,"Carni.",1,"LC"
5778,"Protomelas insignis",4694.31397546243,0,1,1,20.2999992370605,"commercial",0,2.5,"Omni.",1,"LC"
5782,"Chrysichthys longidorsalis",58778.2210037567,NA,NA,0,NA,NA,NA,NA,NA,1,"VU"
5785,"Brachypetersius cadwaladeri",127794.619397564,1,1,0,NA,NA,NA,NA,NA,1,"LC"
5786,"Bagrus ubangensis",478515.173829429,1,1,0,31.5,NA,0,4.2,"Carni.",1,"LC"
5787,"Atopochilus vogti",41062.9488874524,1,0,0,NA,NA,NA,NA,NA,1,"DD"
5788,"Leptocypris crossensis",64657.5196117802,1,0,0,NA,NA,NA,NA,NA,1,"LC"
5791,"Nothobranchius bojiensis",3871.14467280826,1,1,0,NA,NA,NA,NA,NA,2,"VU"
5792,"Rhabdalestes septentrionalis",1057444.17046925,1,0,0,NA,NA,NA,NA,NA,1,"LC"
5793,"Mastacembelus cryptacanthus",546281.853706693,1,1,0,NA,NA,NA,NA,NA,1,"LC"
5794,"Synodontis ocellifer",1452561.88637284,1,1,0,49,"commercial",0,3.12,"Carni.",1,"LC"
5795,"Labeobarbus latirostris",54494.3727440174,1,1,0,NA,NA,NA,NA,NA,1,"DD"
5797,"Atopochilus pachychilus",13979.7221303855,1,1,0,NA,NA,NA,NA,NA,1,"DD"
5798,"Fundulopanchax ndianus",4451.34875569239,1,1,0,NA,NA,NA,NA,NA,1,"LC"
5801,"Pelmatolapia cabrae",195591.310869935,1,1,0,NA,NA,NA,NA,NA,1,"LC"
5802,"Chrysichthys habereri",528647.355475744,1,1,0,NA,NA,NA,NA,NA,1,"LC"
5804,"Clarias stappersii",1282683.2991367,1,1,0,41,"subsistence fisheries",0,4.5,"Carni.",3,"LC"
5805,"Melanochromis loriae",1011.69384458268,0,1,1,11.3999996185303," ",0,NA,NA,1,"LC"
5806,"Malapterurus beninensis",576362.979239863,1,1,0,NA,NA,NA,NA,NA,1,"LC"
5814,"Hemichromis letourneuxi",645669.922669749,0,1,1,NA,NA,NA,NA,NA,2,"LC"
5815,"Phago loricatus",141448.528378337,1,0,0,16.5,"of no interest",0,3.73,"Carni.",1,"LC"
5819,"Heterobranchus isopterus",617121.091431355,1,1,0,NA,NA,NA,NA,NA,1,"LC"
5823,"Labeo fuelleborni",157517.662148261,1,1,0,NA,NA,NA,NA,NA,1,"DD"
5824,"Synodontis multimaculatus",22812.8474039613,1,1,0,NA,NA,NA,NA,NA,1,"DD"
5826,"Fundulopanchax arnoldi",37109.8964136547,1,1,0,NA,NA,NA,NA,NA,1,"EN"
5828,"Enteromius brevipinnis",25380.5319878395,1,0,0,4.5,"of no interest",0,3.5,"Carni.",3,"NT"
5829,"Labeobarbus micronema",161320.056342582,NA,NA,0,NA,NA,NA,NA,NA,1,"LC"
5832,"Labeobarbus macroceps",13159.9108448775,1,1,0,NA,NA,NA,NA,NA,1,"DD"
5833,"Luciobarbus setivimensis",129872.621575426,1,0,0,NA,NA,NA,NA,NA,3,"LC"
5834,"Synodontis acanthoperca",15823.1942848622,NA,NA,0,NA,NA,NA,NA,NA,1,"DD"
5839,"Periophthalmus barbarus",836276.701592398,1,1,0,14.6999998092651,"subsistence fisheries",1,3.36,"Carni.",1,"LC"
5841,"Haplochromis empodisma",70201.9485614657,0,1,1,11.6999998092651,NA,0,2.91,"Carni.",1,"DD"
5843,"Haplochromis mento",70029.8147067808,0,1,1,17.7999992370605,NA,0,4.2,"Carni.",1,"DD"
5845,"Zaireichthys flavomaculatus",36712.049236337,1,1,0,NA,NA,NA,NA,NA,1,"DD"
5847,"Callopanchax toddi",34989.2062591415,1,0,0,NA,NA,NA,NA,NA,1,"LC"
5849,"Haplochromis macrocephalus",75275.99539497,0,1,1,10.5900001525879,"of no interest",0,3.04,"Carni.",1,"VU"
5851,"Mylochromis formosus",6876.2660956166,0,1,1,12.6999998092651,"commercial",0,4.01,"Carni.",1,"LC"
5852,"Mormyrops microstoma",14021.3301883608,1,1,0,NA,NA,NA,NA,NA,1,"DD"
5855,"Enteromius pallidus",195273.619056564,1,1,0,NA,NA,NA,NA,NA,3,"LC"
5856,"Synodontis nigriventris",463773.811779595,1,1,0,9.60000038146973,"of no interest",0,2.93,"Carni.",1,"LC"
5857,"Clariallabes heterocephalus",124921.221180124,1,1,0,NA,NA,NA,NA,NA,1,"LC"
5859,"Zaireichthys zonatus",9872.41774612641,1,1,0,2.5,"of no interest",0,NA,NA,1,"DD"
5860,"Neobola fluviatilis",157727.21324899,1,0,0,NA,NA,NA,NA,NA,1,"CR"
5863,"Haplochromis pachycephalus",70029.8147067808,0,1,1,23.2000007629395,NA,0,4.2,"Carni.",1,"DD"
5864,"Marcusenius cyprinoides",1633725.4992821,1,1,0,33,"minor commercial",0,3.04,"Carni.",2,"LC"
5865,"Dinotopterus cunningtoni",33354.7184506497,0,1,1,NA,NA,NA,NA,NA,1,"NT"
5866,"Synodontis nigrita",1811026.66173088,0,1,1,NA,NA,NA,NA,NA,1,"LC"
5870,"Notoglanidium boutchangai",19074.257950646,1,0,0,NA,NA,NA,NA,NA,1,"LC"
5871,"Gnathochromis pfefferi",56107.7774082358,1,1,0,NA,NA,NA,NA,NA,1,"LC"
5872,"Taeniochromis holotaenia",6876.2660956166,0,1,1,22,"commercial",0,3.85,"Carni.",1,"LC"
5874,"Synodontis macrophthalmus",17898.2112700631,1,0,0,NA,NA,NA,NA,NA,1,"CR"
5876,"Thoracochromis wingatii",556561.07562341,0,1,1,NA,NA,NA,NA,NA,2,"DD"
5877,"Hemitaeniochromis brachyrhynchus",6876.2660956166,0,1,1,123.599998474121,NA,0,NA,NA,1,"LC"
5879,"Campylomormyrus elephas",616676.44532073,1,1,0,NA,NA,NA,NA,NA,1,"LC"
5883,"Gobioides africanus",4251.75915186019,1,0,0,NA,NA,NA,NA,NA,1,"LC"
5888,"Marcusenius rheni",14622.6660140434,0,1,1,NA,NA,NA,NA,NA,1,"DD"
5889,"Doumea typica",291005.025730588,1,0,0,NA,NA,NA,NA,NA,1,"LC"
5895,"Oreochromis korogwe",37153.5322711074,1,1,0,16.1000003814697,NA,0,3.2,"Carni.",1,"LC"
5897,"Clariallabes melas",375974.993294238,1,1,0,NA,NA,NA,NA,NA,1,"LC"
5903,"Pseudotropheus brevis",250.328725129143,0,1,1,12," ",0,2.78,"Omni.",1,"EN"
5904,"Haplochromis nubilus",91106.9898678236,1,1,0,9.30000019073486,NA,0,3.35,"Carni.",1,"VU"
5905,"Petrocephalus keatingii",48560.6223641439,1,0,0,NA,NA,NA,NA,NA,2,"DD"
5908,"Parakneria vilhenae",21675.7151264177,1,1,0,NA,NA,NA,NA,NA,1,"DD"
5909,"Parakneria ladigesi",7652.5934798573,1,1,0,NA,NA,NA,NA,NA,1,"DD"
5911,"Copadichromis verduyni",83.691823487896,0,1,1,NA,NA,NA,NA,NA,1,"LC"
5912,"Labeobarbus stappersii",82442.4619571692,1,1,0,NA,NA,NA,NA,NA,3,"LC"
5913,"Haplochromis crassilabris",70201.9485614657,0,1,1,15,NA,0,3.2,"Carni.",1,"CR"
5920,"Oreochromis niloticus",7241370.2436649,1,1,0,60,"highly commercial",0,2.01999998092651,"Herbi.",2,"LC"
5921,"Tetraodon pustulatus",8993.91732890428,1,0,0,NA,NA,NA,NA,NA,1,"EN"
5925,"Epiplatys ruhkopfi",10679.8956855712,1,1,0,NA,NA,NA,NA,NA,1,"EN"
5926,"Pelvicachromis roloffi",131983.434474988,1,0,0,NA,NA,NA,NA,NA,1,"LC"
5927,"Synodontis steindachneri",35554.7943649057,NA,NA,0,NA,NA,NA,NA,NA,1,"LC"
5929,"Enteromius profundus",37629.1806746793,0,1,1,6.30000019073486,NA,0,3.2,"Carni.",1,"LC"
5935,"Labeo senegalensis",2037017.30346614,1,1,0,NA,NA,NA,NA,NA,1,"LC"
5938,"Mchenga flavimanus",421.950209173698,0,1,1,12,"commercial",0,3.4,"Carni.",1,"LC"
5941,"Rhabdalestes tangensis",34234.7915694095,1,0,0,NA,NA,NA,NA,NA,1,"LC"
5944,"Pseudobarbus erubescens",4340.91402571341,1,0,0,NA,NA,NA,NA,NA,3,"CR"
5945,"Schilbe uranoscopus",964167.292310804,1,1,0,NA,NA,NA,NA,NA,2,"LC"
5949,"Mastacembelus nigromarginatus",495942.99811593,1,0,0,NA,NA,NA,NA,NA,1,"LC"
5950,"Synodontis arnoulti",13686.353558748,1,0,0,NA,NA,NA,NA,NA,1,"LC"
5951,"Mylochromis obtusus",1502.68297701508,0,1,1,NA,NA,NA,NA,NA,1,"LC"
5952,"Oreochromis upembae",148110.89005621,1,1,0,21,NA,0,2.48000001907349,"Omni.",1,"LC"
5955,"Triglachromis otostigma",33012.5919769452,0,1,1,12,"commercial",0,2.7,"Omni.",1,"LC"
5956,"Neolamprologus tetracanthus",34890.675799273,0,1,1,20,"commercial",0,3.76,"Carni.",1,"LC"
5958,"Coptodon louka",174549.00661418,1,1,0,25,NA,0,2,"Herbi.",1,"LC"
5961,"Cyathochromis obliquidens",3184.27816742153,0,1,1,15,"commercial",0,2,"Herbi.",1,"LC"
5963,"Labeobarbus longidorsalis",7053.50585230253,1,1,0,NA,NA,NA,NA,NA,1,"DD"
5964,"Clarias macromystax",184370.560172541,1,1,0,NA,NA,NA,NA,NA,1,"LC"
5965,"Labeobarbus compiniei",315067.96969478,NA,NA,0,NA,NA,NA,NA,NA,1,"LC"
5966,"Bathybagrus graueri",33354.7184506497,1,0,0,36,"commercial",0,4.25,"Carni.",1,NA
5969,"Mylochromis ericotaenia",6876.2660956166,0,1,1,20.6000003814697,"commercial",0,3.5,"Carni.",1,"LC"
5971,"Ctenopoma multispine",1679905.81751045,1,1,0,13.5,"commercial",0,3.78,"Carni.",1,"LC"
5973,"Synodontis matthesi",87241.110269446,1,0,0,NA,NA,NA,NA,NA,1,"LC"
5974,"Chromidotilapia guntheri",1071426.94710856,1,0,0,18,"commercial",0,NA,NA,1,"LC"
5981,"Coptodon coffea",4357.95002914575,1,0,0,NA,NA,NA,NA,NA,1,"CR"
5983,"Bathyaethiops breuseghemi",61230.7247971928,1,1,0,NA,NA,NA,NA,NA,1,"LC"
5985,"Dimidiochromis compressiceps",5110.68811328686,0,1,1,23,"commercial",0,4.2,"Carni.",1,"LC"
5986,"Brycinus nurse",3338886.49489203,1,1,0,25,"minor commercial",0,2.80999994277954,"Carni.",1,NA
5989,"Haplochromis gilberti",70201.9485614657,0,1,1,15,NA,0,3.95,"Carni.",1,"DD"
5990,"Aphyosemion etsamense",9550.76582664521,1,0,0,3.24000000953674,NA,0,NA,NA,1,"DD"
5993,"Aphyosemion splendopleure",92192.951339222,1,1,0,NA,NA,NA,NA,NA,1,"LC"
5994,"Xenotilapia longispinis",33012.5919769452,0,1,1,16.2999992370605,"commercial",0,3.1,"Carni.",1,"LC"
5997,"Lacustricola vitschumbaensis",51287.859706395,NA,NA,0,NA,NA,NA,NA,NA,1,NA
5998,"Opsaridium maculicauda",19217.5685711306,1,1,0,NA,NA,NA,NA,NA,1,"DD"
6000,"Pseudotropheus perileucos",84.1614107759323,0,1,1,8,NA,0,2,"Herbi.",1,"LC"
6002,"Benitochromis nigrodorsalis",6691.72811940764,1,0,0,NA,NA,NA,NA,NA,1,"EN"
6004,"Haplochromis luteus",70029.8147067808,0,1,1,13.25,NA,0,2.59,"Omni.",1,"VU"
6006,"Cardiopharynx schoutedeni",33354.7184506497,0,1,1,15,"commercial",0,3.4,"Carni.",1,"LC"
6010,"Ophthalmotilapia boops",34890.675799273,0,1,1,15,NA,0,3.4,"Carni.",1,"LC"
6014,"Labeobarbus axelrodi",71851.8673630999,NA,NA,0,NA,NA,NA,NA,NA,1,"LC"
6019,"Alticorpus mentale",6457.11530378825,0,1,1,NA,NA,NA,NA,NA,1,"LC"
6020,"Labeobarbus kimberleyensis",270106.823082477,1,0,0,82.5,NA,0,3.59,"Carni.",2,"NT"
6025,"Labeobarbus iphthimostoma",7223.3756629481,1,1,0,NA,NA,NA,NA,NA,1,"DD"
6026,"Mchenga eucinostomus",6876.2660956166,0,1,1,14,"commercial",0,3.02,"Carni.",1,"LC"
6030,"Nothobranchius seegersi",1112.67895981963,1,1,0,6.19999980926514,NA,0,NA,NA,1,"VU"
6033,"Schilbe micropogon",287439.211640768,1,1,0,21,NA,0,2.91,"Carni.",1,"LC"
6034,"Chiloglanis sardinhai",23588.4096063629,1,1,0,NA,NA,NA,NA,NA,2,"LC"
6037,"Enteromius trinotatus",45766.072289061,1,1,0,NA,NA,NA,NA,NA,1,"LC"
6038,"Malapterurus thysi",22995.980909832,NA,NA,0,NA,NA,NA,NA,NA,1,NA
6043,"Haplochromis nigrescens",70029.8147067808,0,1,1,11.5,NA,0,4.2,"Carni.",1,"DD"
6045,"Chromidotilapia schoutedeni",81543.0559350744,1,1,0,NA,NA,NA,NA,NA,1,"LC"
6047,"Terapon jarbua",483907.829173388,1,1,0,36,"minor commercial",1,3.75,"Carni.",1,"LC"
6049,"Synodontis punctulatus",87010.314062201,1,0,0,NA,NA,NA,NA,NA,2,"DD"
6051,"Mylochromis ensatus",1669.68035153938,0,1,1,20.7099990844727,NA,0,NA,NA,1,"LC"
6054,"Aphyosemion cyanostictum",62033.1924296034,1,1,0,NA,NA,NA,NA,NA,1,"LC"
6056,"Alestes macrophthalmus",1798994.06286275,1,1,0,60,"commercial",0,2,"Herbi.",1,"LC"
6057,"Haplochromis labiatus",16177.5782462457,1,1,0,10.8999996185303,NA,0,NA,NA,1,"NT"
6058,"Labeo sorex",27540.42950978,1,0,0,NA,NA,NA,NA,NA,1,"DD"
6061,"Rhamphochromis ferox",25431.1252954917,0,1,1,45,"commercial",0,4.2,"Carni.",1,"DD"
6064,"Enteromius jae",592688.333683363,1,1,0,NA,NA,NA,NA,NA,1,"LC"
6076,"Hypsopanchax platysternus",194981.335214902,1,0,0,NA,NA,NA,NA,NA,1,"LC"
6078,"Enteromius viviparus",303513.671344833,1,1,0,7,"commercial",0,2.87,"Carni.",3,"LC"
6080,"Stomatorhinus puncticulatus",168560.400230846,1,1,0,NA,NA,NA,NA,NA,1,"LC"
6084,"Pardiglanis tarabinii",34657.757757397,1,0,0,NA,NA,NA,NA,NA,2,"DD"
6085,"Channallabes teugelsi",12730.7759018319,NA,NA,0,NA,NA,NA,NA,NA,1,"DD"
6088,"Synodontis rufigiensis",193147.630324083,1,0,0,NA,NA,NA,NA,NA,1,"LC"
6090,"Chiloglanis niloticus",130536.02841751,1,0,0,NA,NA,NA,NA,NA,1,"DD"
6092,"Synodontis melanopterus",140032.073234052,1,0,0,NA,NA,NA,NA,NA,1,"NT"
6097,"Epiplatys sangmelinensis",136268.381700666,1,1,0,NA,NA,NA,NA,NA,1,"LC"
6099,"Plecodus straeleni",34890.675799273,0,1,1,16,NA,0,4.3,"Carni.",1,"LC"
6100,"Chilotilapia rhoadesii",6960.42750639254,0,1,1,22.5,"commercial",0,3.37,"Carni.",1,"LC"
6102,"Bathybagrus stappersii",33354.7184506497,0,0,0,45,"subsistence fisheries",0,3.31,"Carni.",1,NA
6103,"Micralestes lualabae",225980.721403361,1,1,0,NA,NA,NA,NA,NA,1,"LC"
6106,"Synodontis petricola",34890.675799273,0,1,1,NA,NA,NA,NA,NA,1,"LC"
6112,"Chiloglanis modjensis",29610.2230909149,1,0,0,NA,NA,NA,NA,NA,2,"DD"
6113,"Lethrinops leptodon",2767.9040295971,0,1,1,NA,NA,NA,NA,NA,1,"LC"
6115,"Maylandia barlowi",1086.75510037489,0,0,0,8.10000038146973,"commercial",0,3.4,"Carni.",1,NA
6120,"Chrysichthys sharpii",265520.534017291,1,1,0,NA,NA,NA,NA,NA,1,"LC"
6121,"Monopterus boueti",6242.56542960019,1,0,0,NA,NA,NA,NA,NA,1,"DD"
6123,"Hippichthys spicifer",171433.717756554,1,0,0,18,"of no interest",1,NA,NA,1,"LC"
6124,"Chetia flaviventris",239893.674183575,1,1,0,20,NA,0,3.98,"Carni.",2,"LC"
6132,"Chromidotilapia elongata",12359.8985363744,NA,NA,0,NA,NA,NA,NA,NA,1,"DD"
6135,"Mormyrus ovis",467171.968872675,1,1,0,NA,NA,NA,NA,NA,1,"LC"
6136,"Mormyrops curtus",92411.9593714248,1,1,0,NA,NA,NA,NA,NA,1,"LC"
6138,"Nothobranchius patrizii",13595.7663817762,1,1,0,NA,NA,NA,NA,NA,2,"LC"
6140,"Aphyosemion labarrei",14199.8553158297,1,0,0,NA,NA,NA,NA,NA,1,"LC"
6145,"Tetraodon miurus",629793.147417992,1,1,0,NA,NA,NA,NA,NA,1,"LC"
6150,"Bathybates leo",33354.7184506497,0,1,1,26,"commercial",0,4.2,"Carni.",1,"LC"
6153,"Haplochromis eutaenia",70201.9485614657,0,1,1,10.5,NA,0,3.6,"Carni.",1,"DD"
6154,"Thoracochromis bakongo",9163.81452361991,NA,NA,0,NA,NA,NA,NA,NA,1,NA
6155,"Pollimyrus adspersus",388923.089103819,1,1,0,9.80000019073486,NA,0,NA,NA,1,"LC"
6159,"Trematocara macrostoma",33012.5919769452,0,1,1,NA,NA,NA,NA,NA,1,"LC"
6162,"Paramphilius firestonei",10857.0831660411,1,0,0,NA,NA,NA,NA,NA,1,"EN"
6166,"Nothobranchius fasciatus",1979.04407113932,1,1,0,NA,NA,NA,NA,NA,2,"VU"
6169,"Kneria polli",93319.2031365077,1,0,0,NA,NA,NA,NA,NA,3,"LC"
6177,"Haplochromis lacrimosus",70201.9485614657,0,1,1,9.69999980926514,NA,0,2.82,"Carni.",1,"DD"
6179,"Enteromius petchkovskyi",9925.6940387259,1,1,0,NA,NA,NA,NA,NA,1,"DD"
6180,"Haplochromis rufocaudalis",75275.99539497,0,1,1,10.039999961853,NA,0,2,"Herbi.",1,"LC"
6181,"Ctenopharynx intermedius",4430.89726985364,0,1,1,21,"commercial",0,3.4,"Carni.",1,"LC"
6188,"Labeobarbus ensifer",11614.5570844204,1,1,0,NA,NA,NA,NA,NA,2,"LC"
6195,"Aulonocara rostratum",6876.2660956166,0,1,1,18," ",0,3.5,"Carni.",1,"LC"
6198,"Gilchristella aestuaria",219959.867682369,0,1,1,9,"subsistence fisheries",1,NA,NA,3,"LC"
6202,"Aphyosemion joergenscheeli",13329.6769053178,1,0,0,NA,NA,NA,NA,NA,1,"LC"
6204,"Oreochromis shiranus",106667.864334303,1,1,0,39,"commercial",0,2,"Herbi.",3,"LC"
6205,"Protomelas triaenodon",7292.64023344102,1,1,0,NA,NA,NA,NA,NA,1,"LC"
6206,"Oreochromis rukwaensis",76901.168550577,1,1,0,33,"commercial",0,NA,NA,1,"VU"
6209,"Ctenopoma nebulosum",33515.2714954844,1,1,0,NA,NA,NA,NA,NA,1,"EN"
6211,"Melanochromis heterochromis",1839.07485538097,0,1,1,NA,NA,NA,NA,NA,1,"LC"
6225,"Hydrocynus tanzaniae",241587.415150908,1,0,0,NA,NA,NA,NA,NA,1,"LC"
6226,"Nannocharax pteron",5479.05339432017,1,1,0,NA,NA,NA,NA,NA,1,"DD"
6227,"Benitochromis riomuniensis",16848.3477680479,NA,NA,0,NA,NA,NA,NA,NA,1,"EN"
6228,"Clarias ngamensis",658179.348128394,1,1,0,73,"commercial",0,3.16,"Carni.",2,"LC"
6235,"Tramitichromis lituris",6876.2660956166,0,1,1,16.7999992370605,"commercial",0,3.35,"Carni.",1,"LC"
6236,"Aphyosemion exiguum",140382.344229405,1,1,0,NA,NA,NA,NA,NA,1,"LC"
6240,"Labeo congoro",982035.677589175,1,0,0,NA,NA,NA,NA,NA,1,"LC"
6243,"Sargochromis mortimeri",5056.92783509344,1,1,0,27.7000007629395,"subsistence fisheries",0,2.95,"Carni.",3,"LC"
6247,"Poropanchax myersi",19066.182021758,1,0,0,NA,NA,NA,NA,NA,1,"EN"
6248,"Lutjanus ehrenbergii",11304.8489336624,1,0,0,35,"minor commercial",1,3.62,"Carni.",2,"LC"
6250,"Kneria maydelli",15367.6910670631,1,0,0,NA,NA,NA,NA,NA,2,"LC"
6254,"Fundulopanchax mirabilis",7193.91699219597,1,0,0,NA,NA,NA,NA,NA,1,"DD"
6255,"Labeobarbus pellegrini",29059.2244136128,1,1,0,NA,NA,NA,NA,NA,1,"DD"
6258,"Ctenopoma weeksii",451224.983291743,1,1,0,NA,NA,NA,NA,NA,1,"LC"
6259,"Fundulopanchax gardneri",394052.977758498,1,1,0,NA,NA,NA,NA,NA,1,"LC"
6265,"Aphyosemion georgiae",54724.1783338969,1,1,0,NA,NA,NA,NA,NA,1,"LC"
6267,"Nannocharax taenia",524039.899108042,1,1,0,NA,NA,NA,NA,NA,1,"LC"
6268,"Eugnathogobius indicus",336.365348668221,1,0,0,2.70000004768372,NA,1,NA,NA,1,"DD"
6270,"Phyllonemus typus",34890.675799273,0,1,1,8.80000019073486,"of potential interest",0,4.04,"Carni.",1,"LC"
6275,"Opsaridium tweddleorum",95375.3214377634,1,0,0,NA,NA,NA,NA,NA,3,"DD"
6276,"Copadichromis chrysonotus",7292.64023344102,0,1,1,16.2999992370605," ",0,3.4,"Carni.",1,"LC"
6281,"Microsynodontis nannoculus",8168.8037403307,NA,NA,0,NA,NA,NA,NA,NA,1,"DD"
6286,"Synodontis albolineatus",103819.86241539,NA,NA,0,NA,NA,NA,NA,NA,1,"LC"
6287,"Cyphomyrus macrops",199532.299828003,1,1,0,NA,NA,NA,NA,NA,1,"LC"
6290,"Aphyosemion seegersi",15141.067566227,1,0,0,NA,NA,NA,NA,NA,1,"DD"
6291,"Nothobranchius jubbi",24426.1284068667,1,1,0,6,"commercial",0,3.2,"Carni.",2,"LC"
6292,"Myomyrus macrops",716704.041552227,1,1,0,NA,NA,NA,NA,NA,1,"LC"
6293,"Enteromius pellegrini",102233.392459424,1,1,0,NA,NA,NA,NA,NA,1,"LC"
6296,"Bathybates graueri",33354.7184506497,0,1,1,30,"commercial",0,4.2,"Carni.",1,"LC"
6297,"Nanochromis parilus",105699.472167524,1,1,0,4.40000009536743," ",0,3.26,"Carni.",1,"LC"
6299,"Brycinus sadleri",163887.953004972,1,1,0,13.8000001907349,"minor commercial",0,3.2,"Carni.",1,NA
6300,"Lacustricola omoculatus",10224.3042612132,NA,NA,0,NA,NA,NA,NA,NA,3,NA
6302,"Copadichromis atripinnis",668.234386224091,0,1,1,NA,NA,NA,NA,NA,1,"LC"
6304,"Orthochromis mosoensis",7555.69951292548,1,0,0,7.75,NA,0,2,"Herbi.",1,"EN"
6310,"Enteromius oligogrammus",132152.72755436,1,1,0,NA,NA,NA,NA,NA,1,"LC"
6312,"Pareutropius buffei",131311.599770142,1,0,0,NA,NA,NA,NA,NA,1,"LC"
6313,"Clarias buettikoferi",314688.855466472,1,0,0,NA,NA,NA,NA,NA,1,"LC"
6318,"Heteromormyrus pauciradiatus",11307.5057651653,1,1,0,NA,NA,NA,NA,NA,1,"DD"
6321,"Enteromius seymouri",12993.9327866065,1,0,0,NA,NA,NA,NA,NA,3,"VU"
6323,"Labidochromis gigas",84.1614107759323,0,1,1,NA,NA,NA,NA,NA,1,"LC"
6330,"Marcusenius thomasi",212607.397957221,1,0,0,20,NA,0,2.52,"Omni.",1,"LC"
6331,"Ophiocara porocephala",354911.657140354,1,0,0,34,"of no interest",1,3.26,"Carni.",1,NA
6333,"Teleogramma gracile",23546.3852951022,1,1,0,NA,NA,NA,NA,NA,1,"VU"
6334,"Clariallabes laticeps",457483.512886823,1,1,0,NA,NA,NA,NA,NA,1,"LC"
6335,"Chromidotilapia melaniae",32327.2680069337,NA,NA,0,NA,NA,NA,NA,NA,1,"LC"
6336,"Marcusenius deboensis",2104.47731040303,1,1,0,NA,NA,NA,NA,NA,1,"DD"
6338,"Xenotilapia bathyphila",33012.5919769452,0,0,0,10.3000001907349,"commercial",0,3.3,"Carni.",1,NA
6342,"Phenacogrammus taeniatus",3609.61878869438,1,1,0,NA,NA,NA,NA,NA,1,"DD"
6343,"Leptocypris taiaensis",19215.3380823162,1,0,0,NA,NA,NA,NA,NA,1,"EN"
6344,"Raiamas senegalensis",2643808.5913625,1,1,0,NA,NA,NA,NA,NA,1,"LC"
6345,"Planiliza macrolepis",569140.299182761,1,0,0,60,"commercial",1,2.8,"Carni.",2,"LC"
6347,"Marcusenius victoriae",185802.345285775,1,1,0,26,NA,0,3.35,"Carni.",1,"LC"
6350,"Amphilius dimonikensis",9615.48767481276,1,0,0,NA,NA,NA,NA,NA,1,"VU"
6353,"Pseudobarbus serra",15507.3845234729,1,0,0,NA,NA,NA,NA,NA,2,"NT"
6355,"Tropheops kumwera",500.47264827935,0,1,1,NA,NA,NA,NA,NA,1,"NT"
6360,"Chiloglanis swierstrai",265430.301905307,1,0,0,7,"of no interest",0,3.5,"Carni.",2,"LC"
6361,"Amphilius cryptobullatus",126794.704370458,1,1,0,NA,NA,NA,NA,NA,3,"LC"
6362,"Nothobranchius lourensi",1789.40078213029,1,1,0,NA,NA,NA,NA,NA,1,"NT"
6363,"Malapterurus barbatus",143364.873871612,1,1,0,NA,NA,NA,NA,NA,1,"LC"
6368,"Tyrannochromis nigriventer",6876.2660956166,0,1,1,17,NA,0,4.2,"Carni.",1,"LC"
6374,"Labeo rectipinnis",16020.7491401204,1,1,0,NA,NA,NA,NA,NA,1,"VU"
6375,"Parailia somalensis",92943.722652395,1,0,0,NA,NA,NA,NA,NA,1,"DD"
6377,"Steatocranus casuarius",47396.5961047682,1,1,0,NA,NA,NA,NA,NA,1,"LC"
6378,"Labeobarbus nedgia",70770.8022766259,1,1,0,70.6999969482422,NA,0,3.34999990463257,"Carni.",1,"LC"
6381,"Atherina boyeri",235398.116908706,1,1,0,20,"commercial",1,3.22,"Carni.",2,"LC"
6382,"Trachyglanis ineac",35451.0104026981,1,1,0,NA,NA,NA,NA,NA,1,"LC"
6389,"Serranochromis meridianus",53662.3976598763,1,1,0,37,NA,0,3.76,"Carni.",1,"EN"
6390,"Labeobarbus iturii",32333.7642344272,1,1,0,NA,NA,NA,NA,NA,1,"DD"
6391,"Tylochromis intermedius",410927.205162109,1,0,0,NA,NA,NA,NA,NA,1,"LC"
6394,"Haplochromis cryptogramma",70201.9485614657,0,1,1,9.39999961853027,NA,0,3.39,"Carni.",1,"DD"
6395,"Xenotilapia ochrogenys",33012.5919769452,0,1,1,11,"commercial",0,3.16000008583069,"Carni.",1,"LC"
6397,"Haplochromis macconneli",8500.82980217615,0,1,1,NA,NA,NA,NA,NA,2,"LC"
6399,"Otopharynx selenurus",6876.2660956166,0,1,1,17.5,"commercial",0,2.82,"Carni.",1,"DD"
6403,"Synodontis katangae",140617.240239759,1,1,0,NA,NA,NA,NA,NA,3,"LC"
6404,"Nannaethiops unitaeniatus",703298.735540553,1,1,0,6.19999980926514," ",0,3,"Carni.",1,"LC"
6405,"Mastacembelus traversi",169625.143566109,1,1,0,NA,NA,NA,NA,NA,1,"LC"
6412,"Nannocharax schoutedeni",170004.378970202,1,1,0,NA,NA,NA,NA,NA,1,"LC"
6416,"Tetraodon lineatus",1326536.64402753,1,1,0,43,"of no interest",0,3.6,"Carni.",2,"LC"
6417,"Brycinus opisthotaenia",222747.327153547,NA,NA,0,NA,NA,NA,NA,NA,1,NA
6421,"Chetia gracilis",28915.1063645223,1,1,0,NA,NA,NA,NA,NA,2,"LC"
6425,"Campylomormyrus tshokwe",126556.134311038,1,1,0,NA,NA,NA,NA,NA,1,"LC"
6432,"Xenomystus nigri",1311687.3061764,1,1,0,30,"of no interest",0,3.27999997138977,"Carni.",1,"LC"
6434,"Schilbe nyongensis",12627.2063201743,1,0,0,NA,NA,NA,NA,NA,1,"DD"
6435,"Oreochromis hunteri",1288.63189016193,0,1,1,30,NA,0,2,"Herbi.",1,"CR"
6438,"Opsaridium peringueyi",181055.237366055,1,0,0,NA,NA,NA,NA,NA,2,"LC"
6439,"Labeobarbus ruandae",11430.4591425988,1,0,0,26.2000007629395,NA,0,NA,NA,3,"NT"
6444,"Bathybates minor",33354.7184506497,1,1,0,20.5,"commercial",0,4.2,"Carni.",1,"LC"
6447,"Nothobranchius robustus",20390.0574150033,1,1,0,NA,NA,NA,NA,NA,1,"LC"
6449,"Gobiocichla wonderi",52634.4107147176,1,0,0,6.19999980926514,NA,0,2,"Herbi.",1,"NT"
6452,"Micropanchax ehrichi",10918.8701089015,1,0,0,NA,NA,NA,NA,NA,1,"LC"
6455,"Cyathopharynx furcifer",33354.7184506497,0,1,1,21,"commercial",0,3.4,"Carni.",1,"LC"
6460,"Labeo alticentralis",4555.57698691516,1,1,0,NA,NA,NA,NA,NA,1,"DD"
6468,"Micropanchax scheeli",112189.300658365,NA,NA,0,NA,NA,NA,NA,NA,1,NA
6470,"Enteromius paludinosus",2863986.23931184,1,1,0,15,"commercial",0,2.94000005722046,"Carni.",1,"LC"
6471,"Hippichthys cyanospilos",550827.114611998,1,0,0,16,"of no interest",1,NA,NA,1,"LC"
6475,"Laeviscutella dekimpei",683729.573223092,1,1,0,5.48999977111816,"subsistence fisheries",0,NA,NA,1,"LC"
6476,"Mastacembelus crassus",13108.336064017,1,0,0,NA,NA,NA,NA,NA,1,"VU"
6478,"Pollimyrus pulverulentus",246692.45435431,1,1,0,NA,NA,NA,NA,NA,1,"LC"
6480,"Grasseichthys gabonensis",50166.7437441208,1,0,0,NA,NA,NA,NA,NA,1,"VU"
6483,"Micropanchax hutereaui",2220949.12558909,1,1,0,NA,NA,NA,NA,NA,1,"LC"
6486,"Neolamprologus fasciatus",34890.675799273,0,1,1,15,"commercial",0,NA,NA,1,"LC"
6487,"Gerres nigri",4934.95646794702,1,1,0,20,"commercial",1,3.19,"Carni.",1,"LC"
6488,"Mylochromis sphaerodon",5187.31596095994,0,1,1,NA,NA,NA,NA,NA,1,"LC"
6494,"Ellochelon vaigiensis",379228.730529227,1,1,0,63,"commercial",1,2.39,"Omni.",2,"LC"
6496,"Petrotilapia chrysos",334.614419555878,0,1,1,NA,NA,NA,NA,NA,1,"LC"
6501,"Chiloglanis microps",14188.0283371883,1,1,0,NA,NA,NA,NA,NA,1,"LC"
6502,"Stigmatochromis pleurospilus",84.7367086763954,0,1,1,NA,NA,NA,NA,NA,1,"DD"
6508,"Placidochromis trewavasae",83.453119406147,0,1,1,NA,NA,NA,NA,NA,1,"LC"
6510,"Lacustricola lacustris",30655.3189010202,NA,NA,0,NA,NA,NA,NA,NA,1,NA
6511,"Telmatochromis bifrenatus",33012.5919769452,0,1,1,9,"commercial",0,NA,NA,1,"LC"
6514,"Congoglanis alula",792554.969754918,1,1,0,14.1000003814697,NA,0,NA,NA,1,"LC"
6519,"Enteromius kuiluensis",39256.2265044729,NA,NA,0,NA,NA,NA,NA,NA,1,"DD"
6520,"Gymnallabes typus",145395.378193268,1,1,0,NA,NA,NA,NA,NA,1,"LC"
6523,"Lepidiolamprologus hecqui",34890.675799273,NA,NA,0,NA,NA,NA,NA,NA,1,NA
6531,"Labeobarbus petitjeani",34996.6883887186,1,0,0,NA,NA,NA,NA,NA,1,"LC"
6532,"Clarias submarginatus",337924.555074879,1,1,0,16,NA,0,NA,NA,1,"VU"
6533,"Haplochromis oregosoma",14026.4132505725,1,1,0,NA,NA,NA,NA,NA,1,"NT"
6535,"Aulonocara stuartgranti",1348.00153362188,0,1,1,11.8000001907349,"commercial",0,3.5,"Carni.",1,"LC"
6542,"Labeobarbus lagensis",22927.4559305958,1,1,0,NA,NA,NA,NA,NA,1,"DD"
6544,"Ectodus descampsii",33354.7184506497,0,1,1,10.3999996185303,"commercial",0,2.48,"Omni.",1,NA
6561,"Hippopotamyrus grahami",163443.130968277,1,1,0,NA,NA,NA,NA,NA,1,"LC"
6566,"Coptodon walteri",47270.3537671093,1,0,0,NA,NA,NA,NA,NA,1,"EN"
6570,"Lethrinops parvidens",6876.2660956166,0,1,1,14,"commercial",0,3.35,"Carni.",1,"LC"
6574,"Osteomugil engeli",2040.66446390629,1,0,0,47.7000007629395,"commercial",1,NA,NA,1,"LC"
6577,"Congocharax olbrechtsi",97645.3993975246,1,1,0,NA,NA,NA,NA,NA,1,"LC"
6579,"Petrochromis fasciolatus",34890.675799273,0,1,1,15,"commercial",0,2,"Herbi.",1,"LC"
6583,"Labeo macrostoma",177563.248477852,1,1,0,NA,NA,NA,NA,NA,1,"LC"
6584,"Pseudobarbus burchelli",8764.35483617861,1,0,0,13.5,NA,0,2.88,"Carni.",2,"CR"
6588,"Microdesmus africanus",171.167115442809,1,0,0,NA,NA,NA,NA,NA,1,"DD"
6590,"Microphis fluviatilis",3234277.94614694,1,0,0,21,"subsistence fisheries",1,3.4,"Carni.",1,"DD"
6597,"Elops machnata",274138.102205221,1,0,0,118,"commercial",1,3.86,"Carni.",2,"LC"
6598,"Kribia kribensis",609366.00959065,1,1,0,NA,NA,NA,NA,NA,1,"LC"
6599,"Distichodus langi",16569.7623388055,1,1,0,NA,NA,NA,NA,NA,1,"DD"
6603,"Schilbe brevianalis",113617.444952944,1,1,0,NA,NA,NA,NA,NA,1,"LC"
6604,"Squalius cephalus",1710.21962065149,1,1,0,60,"minor commercial",0,3.60999989509583,"Carni.",2,"LC"
6605,"Lamprologus tigripictilis",12426.2987407599,1,1,0,NA,NA,NA,NA,NA,1,"VU"
6607,"Taeniolethrinops cyrtonotus",6876.2660956166,0,1,1,11.1999998092651,"of no interest",0,NA,NA,1,"LC"
6610,"Xenotilapia tenuidentata",33012.5919769452,0,1,1,NA,NA,NA,NA,NA,1,"LC"
6611,"Nannocharax luapulae",171420.682620118,1,1,0,NA,NA,NA,NA,NA,3,"LC"
6614,"Coptodon rendalli",1913676.66454161,1,1,0,45,"commercial",0,2.13,"Herbi.",1,"LC"
6617,"Citharinus congicus",642585.482712291,1,1,0,NA,NA,NA,NA,NA,1,"LC"
6618,"Microsynodontis notata",17382.4440157521,NA,NA,0,NA,NA,NA,NA,NA,1,"DD"
6620,"Lophiobagrus aquilus",33012.5919769452,0,1,1,NA,NA,NA,NA,NA,1,"LC"
6622,"Lethrinops altus",4694.31397546243,0,1,1,15.8000001907349,"commercial",0,3.5,"Carni.",1,"LC"
6626,"Marcusenius kutuensis",117840.112692563,1,1,0,NA,NA,NA,NA,NA,1,"LC"
6627,"Lamprologus congoensis",124079.242332423,1,1,0,NA,NA,NA,NA,NA,1,"LC"
6631,"Labeo chariensis",789090.519947853,1,1,0,NA,NA,NA,NA,NA,1,"LC"
6633,"Petrocephalus catostoma",813268.166890199,1,1,0,15,"subsistence fisheries",0,3.36,"Carni.",1,"LC"
6634,"Chalinochromis brichardi",33354.7184506497,0,1,1,12," ",0,3.5,"Carni.",1,"LC"
6635,"Ctenopoma ocellatum",375153.616925748,1,1,0,NA,NA,NA,NA,NA,1,"LC"
6636,"Fundulopanchax cinnamomeus",11396.463565698,1,0,0,NA,NA,NA,NA,NA,1,"EN"
6637,"Heterobranchus longifilis",3187240.56100869,1,1,0,150,"minor commercial",0,3.72,"Carni.",1,"LC"
6642,"Phyllonemus filinemus",34890.675799273,0,1,1,NA,NA,NA,NA,NA,1,"LC"
6643,"Epiplatys sexfasciatus",155087.05321602,1,1,0,10,"commercial",0,3.58,"Carni.",1,"LC"
6645,"Epiplatys guineensis",25200.4774688789,1,0,0,NA,NA,NA,NA,NA,1,"VU"
6647,"Aphyosemion thysi",27145.8013582102,1,0,0,NA,NA,NA,NA,NA,1,"VU"
6648,"Salaria fluviatilis",170726.812205341,NA,NA,0,NA,NA,NA,NA,NA,3,NA
6650,"Serranochromis janus",6427.30734592015,1,1,0,NA,NA,NA,NA,NA,1,"DD"
6655,"Cyrtocara moorii",7292.64023344102,0,1,1,NA,NA,NA,NA,NA,1,"VU"
6656,"Eclectochromis ornatus",30205.312827778,NA,NA,0,NA,NA,NA,NA,NA,1,NA
6658,"Clarias cavernicola",5436.50288585932,1,0,0,16.1000003814697,"of no interest",0,2.77,"Omni.",2,"CR"
6663,"Nyassachromis prostoma",6876.2660956166,0,1,1,NA,NA,NA,NA,NA,1,"LC"
6665,"Enteromius atromaculatus",530370.20060695,1,1,0,NA,NA,NA,NA,NA,1,"LC"
6668,"Bathyclarias euryodon",26520.5883195937,NA,NA,0,NA,NA,NA,NA,NA,1,NA
6669,"Chiloglanis mbozi",70071.9901963928,0,1,1,NA,NA,NA,NA,NA,1,"VU"
6675,"Hypsopanchax jubbi",134968.660521924,1,0,0,5,"commercial",0,NA,NA,1,"LC"
6676,"Chiloglanis normani",10341.3766921154,0,1,1,NA,NA,NA,NA,NA,1,"EN"
6683,"Malapterurus melanochir",353361.229209645,1,1,0,NA,NA,NA,NA,NA,1,"LC"
6684,"Labeobarbus lucius",12162.261510879,1,1,0,NA,NA,NA,NA,NA,1,"DD"
6689,"Nannocharax elongatus",393524.198367668,1,1,0,NA,NA,NA,NA,NA,1,"LC"
6690,"Cheilochromis euchilus",4694.31397546243,0,1,1,35,"commercial",0,3.2,"Carni.",1,NA
6701,"Mormyrus tenuirostris",39810.8315001295,1,0,0,NA,NA,NA,NA,NA,1,"LC"
6703,"Marcusenius intermedius",31443.2242383216,1,1,0,NA,NA,NA,NA,NA,1,"DD"
6711,"Marcusenius sanagaensis",38959.4809446952,NA,NA,0,NA,NA,NA,NA,NA,1,"VU"
6712,"Pollimyrus castelnaui",785789.277368237,1,1,0,7,"of no interest",0,3.2,"Carni.",2,"LC"
6723,"Pollimyrus eburneensis",60264.2993284164,0,1,1,NA,NA,NA,NA,NA,1,"LC"
6725,"Nothobranchius annectens",1876.07411599132,1,1,0,NA,NA,NA,NA,NA,1,"NT"
6731,"Labeobarbus pagenstecheri",22946.4350745418,1,0,0,NA,NA,NA,NA,NA,1,"DD"
6734,"Micralestes eburneensis",24364.8971539244,1,0,0,NA,NA,NA,NA,NA,1,"EN"
6735,"Haplochromis nigroides",2837.93065776997,0,1,1,7.5,NA,0,NA,NA,3,"LC"
6736,"Lates longispinis",8070.49323122656,0,1,1,NA,NA,NA,NA,NA,2,"DD"
6742,"Synodontis zanzibaricus",85832.2889729009,1,0,0,NA,NA,NA,NA,NA,1,"DD"
6743,"Enteromius viktorianus",1893.16897295765,0,1,1,NA,NA,NA,NA,NA,1,"DD"
6744,"Haplochromis schubotzi",16177.5782462457,1,1,0,12.5,NA,0,3.2,"Carni.",1,"LC"
6745,"Mylochromis labidodon",5110.68811328686,0,1,1,NA,NA,NA,NA,NA,1,"LC"
6746,"Gobiodon rivulatus",9282.55673507178,1,1,0,6.40000009536743,"commercial",1,NA,NA,1,"LC"
6747,"Chrysichthys dendrophorus",127752.047756568,1,1,0,NA,NA,NA,NA,NA,1,"VU"
6749,"Epiplatys singa",162918.553286492,1,1,0,NA,NA,NA,NA,NA,1,"LC"
6751,"Epiplatys hildegardae",16107.9010849751,1,0,0,NA,NA,NA,NA,NA,1,"LC"
6757,"Opsaridium ubangiense",1458841.34256041,1,1,0,NA,NA,NA,NA,NA,1,"LC"
6758,"Maylandia xanstomachus",250.547819787209,0,0,0,12.5,"commercial",0,2,"Herbi.",1,NA
6759,"Procatopus similis",91838.7540033009,1,0,0,6," ",0,NA,NA,1,"LC"
6760,"Pollimyrus tumifrons",501419.632253774,1,1,0,NA,NA,NA,NA,NA,1,"LC"
6762,"Limnochromis auritus",33012.5919769452,1,1,0,NA,NA,NA,NA,NA,1,"LC"
6765,"Aurigequula fasciata",161270.293598639,1,0,0,21,"minor commercial",1,3.43,"Carni.",1,"LC"
6768,"Synodontis gobroni",368074.768396838,1,1,0,NA,NA,NA,NA,NA,2,"LC"
6772,"Enteromius bigornei",63716.4741735006,1,0,0,NA,NA,NA,NA,NA,1,"LC"
6773,"Trematocranus placodon",7292.64023344102,0,1,1,25,"commercial",0,3.37,"Carni.",1,"LC"
6774,"Notoglanidium depierrei",6684.90853342311,NA,NA,0,NA,NA,NA,NA,NA,1,"DD"
6778,"Chrysichthys johnelsi",425571.776087799,1,0,0,NA,NA,NA,NA,NA,1,"LC"
6781,"Tylochromis bangwelensis",164907.448336593,1,1,0,27.5,NA,0,3.2,"Carni.",3,"LC"
6783,"Enteromius fasciolatus",861526.211173282,1,1,0,6,"minor commercial",0,2.97,"Carni.",3,"LC"
6785,"Brachypetersius huloti",224565.72939201,1,1,0,NA,NA,NA,NA,NA,1,"LC"
6787,"Synodontis greshoffi",1112090.26737979,1,1,0,NA,NA,NA,NA,NA,1,"LC"
6793,"Thoracochromis albolabris",56344.474753082,1,1,0,15.1000003814697,NA,0,NA,NA,2,"LC"
6799,"Lagocephalus sceleratus",7880.78893689901,0,0,0,110,"of no interest",1,4.01,"Carni.",2,"LC"
6801,"Doumea thysi",24839.723492607,1,0,0,NA,NA,NA,NA,NA,1,"LC"
6804,"Kneria katangae",7223.3756629481,1,1,0,NA,NA,NA,NA,NA,1,"LC"
6806,"Enteromius deserti",464026.405006106,1,0,0,NA,NA,NA,NA,NA,2,"NT"
6807,"Melanochromis mpoto",253.549496086174,0,1,1,9.10999965667725,NA,0,NA,NA,1,"LC"
6808,"Cobitis maroccana",58731.277087897,1,0,0,NA,NA,NA,NA,NA,3,"LC"
6812,"Labeo rubromaculatus",33541.0579382899,1,0,0,50,"of potential interest",0,2,"Herbi.",3,"VU"
6813,"Lepidiolamprologus elongatus",33012.5919769452,0,1,1,32.5,"commercial",0,4.2,"Carni.",1,"LC"
6814,"Lepidiolamprologus boulengeri",34890.675799273,NA,NA,0,NA,NA,NA,NA,NA,1,NA
6820,"Bagrus bajad",1984919.92852277,1,1,0,112,"commercial",0,3.39,"Carni.",2,"LC"
6821,"Enteromius lukusiensis",354330.585883143,1,1,0,NA,NA,NA,NA,NA,1,"LC"
6823,"Chelaethiops bibie",539743.699188087,1,1,0,5.5,NA,0,2.25,"Omni.",2,"LC"
6828,"Amphilius uranoscopus",1537816.96003083,1,1,0,19.5,"of potential interest",0,2.86,"Carni.",1,"LC"
6829,"Bathybagrus sianenna",49066.4198224221,1,0,0,23,"subsistence fisheries",0,3.72,"Carni.",1,NA
6834,"Stolothrissa tanganicae",34890.675799273,0,1,1,10,"highly commercial",0,2.74,"Omni.",1,"LC"
6835,"Neolamprologus caudopunctatus",34890.675799273,0,1,1,6.5,"commercial",0,3.4,"Carni.",1,"LC"
6838,"Trematocara unimaculatum",33012.5919769452,NA,NA,0,NA,NA,NA,NA,NA,1,"LC"
6839,"Kuhlia rupestris",1258.47175939897,1,0,0,45,"commercial",1,3.22,"Carni.",2,"LC"
6844,"Alosa fallax",79688.3603135942,1,0,0,60,"minor commercial",1,3.58999991416931,"Carni.",2,"LC"
6845,"Ethmalosa fimbriata",845171.620528088,1,1,0,46,"highly commercial",1,2.52,"Omni.",1,"LC"
6846,"Labeo greenii",394623.312404397,1,1,0,NA,NA,NA,NA,NA,1,"LC"
6848,"Acanthopagrus berda",14333.3347533228,1,1,0,90,"commercial",1,3.5,"Carni.",3,"LC"
6853,"Lamprologus finalimus",33012.5919769452,0,1,1,NA,NA,NA,NA,NA,1,"DD"
6854,"Labeo lualabaensis",48957.3938943103,1,1,0,NA,NA,NA,NA,NA,1,"LC"
6857,"Archiaphyosemion guineense",113346.488050807,1,1,0,NA,NA,NA,NA,NA,1,"LC"
6859,"Micralestes humilis",1257031.82471367,1,1,0,NA,NA,NA,NA,NA,1,"LC"
6863,"Synodontis flavitaeniatus",252882.486223023,1,1,0,NA,NA,NA,NA,NA,1,"LC"
6864,"Enteromius kamolondoensis",91716.7989891188,1,1,0,NA,NA,NA,NA,NA,1,"LC"
6866,"Bagrus meridionalis",10524.9355532001,1,1,0,150,"commercial",0,3.93,"Carni.",1,"CR"
6867,"Leptoglanis xenognathus",212356.263004326,1,1,0,NA,NA,NA,NA,NA,1,"LC"
6871,"Schilbe marmoratus",748730.384056873,1,1,0,21.7000007629395," ",0,NA,NA,1,"LC"
6874,"Arothron immaculatus",12214.2594487646,1,0,0,37.5,"minor commercial",1,3.32,"Carni.",2,"LC"
6876,"Labeo brachypoma",22499.9210925591,1,1,0,NA,NA,NA,NA,NA,1,"DD"
6883,"Ctenochromis oligacanthus",77722.0993881901,NA,NA,0,NA,NA,NA,NA,NA,1,NA
6884,"Clarias agboyiensis",314712.742405057,1,1,0,29,NA,0,NA,NA,1,"LC"
6885,"Trematocara zebra",33012.5919769452,0,1,1,NA,NA,NA,NA,NA,1,"DD"
6887,"Haplochromis piceatus",70029.8147067808,0,1,1,9,NA,0,3.3,"Carni.",1,"VU"
6891,"Enteromius holotaenia",960032.253630135,1,1,0,12," ",0,2.83,"Carni.",1,"LC"
6893,"Neolamprologus obscurus",34890.675799273,0,1,1,NA,NA,NA,NA,NA,1,"LC"
6897,"Eubleekeria splendens",1114.05117998469,1,0,0,23,"commercial",1,2.94,"Carni.",2,"LC"
6903,"Luciobarbus nasus",57278.3991666798,1,0,0,NA,NA,NA,NA,NA,3,"EX"
6904,"Petrocephalus balayi",349546.36198424,1,1,0,NA,NA,NA,NA,NA,1,"LC"
6906,"Synodontis sorex",1461676.68229292,1,1,0,NA,NA,NA,NA,NA,1,"LC"
6910,"Orthochromis machadoi",96570.3630208986,1,1,0,NA,NA,NA,NA,NA,2,"LC"
6911,"Stigmatochromis macrorhynchos",6876.2660956166,0,1,1,12.8199996948242,NA,0,NA,NA,1,"LC"
6915,"Callopanchax occidentalis",97886.7201497319,1,1,0,8,"commercial",0,3.27,"Carni.",1,"LC"
6919,"Lacustricola matthesi",49936.8104944644,1,1,0,NA,NA,NA,NA,NA,1,"EN"
6920,"Parakneria mossambica",60841.8651289638,1,0,0,NA,NA,NA,NA,NA,1,"LC"
6926,"Dimidiochromis dimidiatus",6876.2660956166,0,1,1,20,"commercial",0,4.02,"Carni.",1,"LC"
6927,"Brycinus grandisquamis",991036.214479273,1,1,0,NA,NA,NA,NA,NA,1,"LC"
6928,"Labeobarbus malacanthus",325498.538426579,NA,NA,0,NA,NA,NA,NA,NA,1,"LC"
6931,"Poropanchax normani",1781498.95621996,1,1,0,4.5," ",0,3.35,"Carni.",1,"LC"
6935,"Protomelas similis",7292.64023344102,0,1,1,18,"commercial",0,2,"Herbi.",1,"LC"
6938,"Placidochromis platyrhynchos",253.221815116524,0,1,1,NA,NA,NA,NA,NA,3,"LC"
6941,"Lepidarchus adonis",49560.4478377206,1,1,0,NA,NA,NA,NA,NA,1,"VU"
6944,"Mchenga cyclicos",83.4531194061356,0,1,1,12.1199998855591,NA,0,3.4,"Carni.",1,"NT"
6946,"Sargochromis greenwoodi",155713.757194414,1,1,0,30,"subsistence fisheries",0,3.66,"Carni.",2,"LC"
6951,"Syngnathus abaster",185020.381288097,1,0,0,22.1000003814697,NA,1,3.2,"Carni.",2,"LC"
6953,"Neolamprologus mustax",34890.675799273,0,1,1,9,"commercial",0,3.45,"Carni.",1,"LC"
6956,"Plataplochilus terveri",20299.5145962227,1,0,0,NA,NA,NA,NA,NA,1,"EN"
6963,"Neolebias spilotaenia",36124.5379653059,NA,NA,0,NA,NA,NA,NA,NA,1,"VU"
6964,"Enteromius guirali",571471.506092947,1,1,0,NA,NA,NA,NA,NA,1,"LC"
6965,"Brycinus derhami",22538.5429524676,NA,NA,0,NA,NA,NA,NA,NA,1,NA
6970,"Taeniolethrinops furcicauda",167.265709256645,0,1,1,21,"commercial",0,2.84,"Carni.",1,"LC"
6971,"Astatotilapia burtoni",156083.444582371,1,1,0,15,"subsistence fisheries",0,3.05,"Carni.",1,"LC"
6972,"Protomelas kirkii",3100.1167566456,1,1,0,18,"commercial",0,3.41,"Carni.",1,"LC"
6973,"Haplochromis rubripinnis",70029.8147067808,0,1,1,10.4300003051758,NA,0,3.3,"Carni.",1,"LC"
6974,"Ctenopoma acutirostre",547395.289669964,1,1,0,NA,NA,NA,NA,NA,1,"LC"
6980,"Paramormyrops hopkinsi",33553.9553165159,NA,NA,0,NA,NA,NA,NA,NA,1,"VU"
6982,"Ophthalmotilapia ventralis",34890.675799273,0,1,1,15,"commercial",0,NA,NA,1,"LC"
6984,"Nannocharax occidentalis",711921.255520663,1,0,0,NA,NA,NA,NA,NA,1,"LC"
6985,"Synodontis pulcher",19563.3098176113,1,1,0,NA,NA,NA,NA,NA,1,"DD"
6987,"Citharinus latus",1084170.70417811,1,1,0,84,"commercial",0,2.19,"Herbi.",1,"LC"
6991,"Lethrinops furcifer",6876.2660956166,0,1,1,19.5,"commercial",0,3.2,"Carni.",1,"LC"
6994,"Aphyosemion cognatum",144314.383311562,1,1,0,NA,NA,NA,NA,NA,1,"LC"
6997,"Mastacembelus tanganicae",33012.5919769452,0,1,1,NA,NA,NA,NA,NA,1,"LC"
6998,"Lethrinops lethrinus",1417.67928565678,1,1,0,20,"commercial",0,3.5,"Carni.",1,"LC"
7003,"Neolamprologus toae",34890.675799273,0,1,1,12,"commercial",0,NA,NA,1,"LC"
7009,"Labeobarbus alluaudi",8175.00422496109,1,0,0,NA,NA,NA,NA,NA,1,"DD"
7013,"Thryssa baelama",6827.03909215362,1,0,0,NA,NA,NA,NA,NA,2,"LC"
7014,"Neolamprologus longior",34890.675799273,0,1,1,NA,NA,NA,NA,NA,1,"LC"
7015,"Clarias camerunensis",2135907.99296742,1,1,0,46.5999984741211,NA,0,3.5,"Carni.",1,"LC"
7021,"Mastacembelus liberiensis",241646.037606345,1,0,0,NA,NA,NA,NA,NA,1,"LC"
7024,"Neolebias trewavasae",770453.284549513,1,1,0,4.09999990463257,NA,0,2.8,"Carni.",1,"LC"
7025,"Chiloglanis macropterus",12962.3962091838,1,1,0,NA,NA,NA,NA,NA,1,"VU"
7030,"Petrotilapia flaviventris",336.923168481876,0,1,1,11.1199998855591,NA,0,NA,NA,1,"LC"
7031,"Oreochromis placidus",372510.946301358,1,1,0,35.5,"commercial",0,NA,NA,1,"LC"
7034,"Paramormyrops curvifrons",115440.728850404,1,0,0,NA,NA,NA,NA,NA,1,"LC"
7039,"Chiloglanis disneyi",9430.13310669835,1,0,0,NA,NA,NA,NA,NA,1,"LC"
7045,"Parananochromis brevirostris",134383.463189557,NA,NA,0,NA,NA,NA,NA,NA,1,"VU"
7047,"Garra ignestii",52174.0558149675,1,0,0,NA,NA,NA,NA,NA,2,"LC"
7048,"Xenotilapia melanogenys",33012.5919769452,NA,NA,0,NA,NA,NA,NA,NA,1,"DD"
7049,"Enteromius litamba",121907.96370466,1,1,0,35,"commercial",0,3.98,"Carni.",1,"DD"
7052,"Oreochromis schwebischi",358958.125540098,1,1,0,30,NA,0,2,"Herbi.",1,"LC"
7054,"Synodontis waterloti",222351.979532161,1,0,0,14.1000003814697,"minor commercial",0,2.48,"Omni.",1,"LC"
7055,"Microsynodontis laevigata",8088.98952207439,1,0,0,8.5,NA,0,NA,NA,1,"DD"
7083,"Sarotherodon linnellii",4202.50772882648,0,1,1,18.5,NA,0,2.57,"Omni.",1,"CR"
7088,"Fundulopanchax traudeae",12348.5941419661,NA,NA,0,NA,NA,NA,NA,NA,1,"DD"
7090,"Myomyrus macrodon",210308.858025728,1,1,0,NA,NA,NA,NA,NA,1,"LC"
7091,"Haplochromis melanopus",70029.8147067808,0,1,1,NA,NA,NA,NA,NA,1,"DD"
7093,"Synodontis velifer",224493.076432026,1,0,0,NA,NA,NA,NA,NA,1,"LC"
7096,"Micralestes acutidens",3696315.34440966,1,1,0,9,"of no interest",0,2.88,"Carni.",1,"LC"
7098,"Galaxias zebratus",93496.9205909836,1,1,0,7.5,"of no interest",0,3.5,"Carni.",2,"DD"
7105,"Distichodus rufigiensis",195602.701195824,1,0,0,NA,NA,NA,NA,NA,1,"LC"
7112,"Parakneria tanzaniae",12758.8470885378,NA,NA,0,NA,NA,NA,NA,NA,3,"VU"
7115,"Brycinus fwaensis",1627.35588483788,NA,NA,0,NA,NA,NA,NA,NA,1,NA
7116,"Labeobarbus robertsi",18400.9350931071,1,0,0,NA,NA,NA,NA,NA,1,"DD"
7120,"Leptocypris niloticus",1859442.02542006,1,1,0,NA,NA,NA,NA,NA,1,"LC"
7123,"Nannocharax intermedius",101632.32647855,1,1,0,NA,NA,NA,NA,NA,1,"LC"
7128,"Monostichodus mesmaekersi",197404.38675872,NA,NA,0,NA,NA,NA,NA,NA,1,NA
7133,"Oreochromis esculentus",216239.751186848,0,1,1,50,"commercial",0,2.49,"Omni.",1,"NT"
7134,"Lethrinops longimanus",6876.2660956166,0,1,1,15.3000001907349,"commercial",0,3.2,"Carni.",1,"LC"
7135,"Hemitaeniochromis urotaenia",4694.31397546243,0,1,1,NA,NA,NA,NA,NA,1,"LC"
7139,"Nannocharax rubrolabiatus",87833.6178064122,NA,NA,0,NA,NA,NA,NA,NA,1,"VU"
7140,"Enteromius perince",1453576.17308581,1,1,0,NA,NA,NA,NA,NA,2,"LC"
7141,"Amphilius maesii",61870.7912866157,1,1,0,NA,NA,NA,NA,NA,1,"DD"
7144,"Aphyosemion calliurum",170556.183351155,1,1,0,NA,NA,NA,NA,NA,1,"LC"
7149,"Aphyosemion coeleste",36365.6736950262,1,1,0,NA,NA,NA,NA,NA,1,"VU"
7151,"Diplotaxodon argenteus",6457.11530378825,0,1,1,20.3999996185303,"commercial",0,4.2,"Carni.",1,"LC"
7152,"Anguilla anguilla",49681.8741437571,1,1,0,121.5,"commercial",1,3.67,"Carni.",2,"CR"
7153,"Garra tana",2946.00893117719,0,1,1,10.8299999237061,"of no interest",0,NA,NA,1,"VU"
7158,"Haplochromis tyrianthinus",70029.8147067808,0,1,1,10.5,NA,0,3.5,"Carni.",1,"DD"
7159,"Brienomyrus longianalis",280324.321182551,1,1,0,16,NA,0,NA,NA,1,"LC"
7160,"Kneria ruaha",20793.7313529124,1,0,0,57.5,NA,0,2,"Herbi.",1,"VU"
7162,"Malapterurus punctatus",117387.543076774,1,1,0,NA,NA,NA,NA,NA,1,"VU"
7163,"Sargochromis coulteri",15533.693313817,1,1,0,NA,NA,NA,NA,NA,2,"LC"
7164,"Nothobranchius thierryi",491994.618628739,NA,NA,0,NA,NA,NA,NA,NA,2,NA
7166,"Aphyosemion cameronense",222154.01556441,1,1,0,NA,NA,NA,NA,NA,1,"LC"
7167,"Lamprologus kungweensis",33012.5919769452,0,1,1,NA,NA,NA,NA,NA,1,"CR"
7174,"Paraphago rostratus",4213.91385635794,1,1,0,NA,NA,NA,NA,NA,1,"DD"
7177,"Synodontis multipunctatus",34890.675799273,0,1,1,27.5,"minor commercial",0,3.39,"Carni.",1,"LC"
7178,"Labeobarbus steindachneri",674376.045045363,1,1,0,NA,NA,NA,NA,NA,1,"LC"
7180,"Leptocypris weynsii",572652.538888066,1,1,0,NA,NA,NA,NA,NA,1,"LC"
7182,"Alcolapia ndalalani",3697.32339608599,NA,NA,0,NA,NA,NA,NA,NA,1,NA
7183,"Aphyosemion maculatum",36821.5770304098,1,0,0,NA,NA,NA,NA,NA,1,"LC"
7185,"Mormyrops oudoti",9328.07297180285,1,0,0,NA,NA,NA,NA,NA,1,"EN"
7186,"Mylochromis melanotaenia",6876.2660956166,0,1,1,NA,NA,NA,NA,NA,1,"LC"
7187,"Nothobranchius torgashevi",171.206004342381,1,1,0,4.30999994277954,NA,0,NA,NA,1,"VU"
7188,"Tropheops gracilior",253.549496086174,0,1,1,11.1999998092651,NA,0,NA,NA,1,"LC"
7190,"Coptodon tholloni",260048.526089736,1,1,0,NA,NA,NA,NA,NA,1,"LC"
7191,"Mormyrops zanclirostris",723125.07742082,1,1,0,NA,NA,NA,NA,NA,1,"LC"
7193,"Tetracamphilius notatus",155014.308606813,1,1,0,NA,NA,NA,NA,NA,1,"LC"
7194,"Nothobranchius janpapi",20731.1272084704,1,1,0,NA,NA,NA,NA,NA,1,"LC"
7195,"Synodontis obesus",202561.673813187,1,1,0,NA,NA,NA,NA,NA,1,"LC"
7197,"Thoracochromis callichromus",12494.2914183932,1,1,0,NA,NA,NA,NA,NA,1,"LC"
7199,"Marcusenius pongolensis",400106.897714012,1,1,0,NA,NA,0,NA,NA,2,"LC"
7200,"Aulonocara gertrudae",1179.06952985245,0,1,1,NA,NA,NA,NA,NA,1,"LC"
7204,"Haplochromis nyererei",75275.99539497,0,1,1,7.69999980926514,NA,0,2.49,"Omni.",1,"LC"
7207,"Carasobarbus fritschii",112496.484362306,1,0,0,18,NA,0,NA,NA,3,"LC"
7208,"Schilbe congensis",32599.7524344048,1,1,0,NA,NA,NA,NA,NA,1,"LC"
7209,"Thoracochromis brauschi",12494.2914183932,1,1,0,NA,NA,NA,NA,NA,1,"LC"
7211,"Alestopetersius bifasciatus",122005.85263996,1,1,0,NA,NA,NA,NA,NA,1,"LC"
7215,"Microstomatichthyoborus bashforddeani",450350.615345091,1,1,0,NA,NA,NA,NA,NA,1,"LC"
7217,"Coptodon cameronensis",195496.666413857,NA,NA,0,NA,NA,NA,NA,NA,1,"LC"
7219,"Benitochromis conjunctus",4202.50772882648,NA,NA,0,NA,NA,NA,NA,NA,1,"EN"
7220,"Enteromius atkinsoni",156594.702210268,1,0,0,NA,NA,NA,NA,NA,1,"LC"
7221,"Ladigesia roloffi",2811.33616284653,1,0,0,NA,NA,NA,NA,NA,1,"CR"
7231,"Haplochromis heusinkveldi",70288.0256271077,0,1,1,7.59999990463257,NA,0,3.4,"Carni.",1,"CR"
7235,"Enteromius chiumbeensis",213545.649351056,1,1,0,NA,NA,NA,NA,NA,1,"LC"
7237,"Placidochromis johnstoni",6876.2660956166,1,1,0,20,"commercial",0,3.5,"Carni.",1,"LC"
7238,"Plataplochilus chalcopyrus",30202.6033386125,1,0,0,NA,NA,NA,NA,NA,1,"EN"
7243,"Pseudomyxus capensis",177994.995466358,1,1,0,45,"commercial",1,2.77,"Omni.",3,NA
7251,"Neolebias gracilis",7658.19266963391,1,1,0,3.90000009536743,NA,0,NA,NA,1,"DD"
7254,"Schilbe bocagii",26257.0774351011,1,1,0,NA,NA,NA,NA,NA,2,"LC"
7257,"Nothobranchius fuscotaeniatus",85.2087687557068,1,0,0,NA,NA,NA,NA,NA,1,"CR"
7264,"Brienomyrus brachyistius",856679.562874934,1,1,0,20,NA,0,2.8,"Carni.",1,"LC"
7266,"Tilapia sparrmanii",1971673.67389433,1,1,0,23.5,"subsistence fisheries",0,2.68,"Omni.",2,"LC"
7267,"Parakneria fortuita",16756.4364070844,1,0,0,5.69999980926514,NA,0,2,"Herbi.",2,"DD"
7270,"Cyphomyrus wilverthi",337941.759545615,1,1,0,NA,NA,NA,NA,NA,1,"LC"
7274,"Bathybagrus grandis",33354.7184506497,0,0,0,63,"minor commercial",0,4.5,"Carni.",1,NA
7277,"Salmo trutta",375.114375753807,1,1,0,140,"commercial",1,3.79999995231628,"Carni.",3,"LC"
7280,"Etia nguti",7365.08427734965,1,0,0,13.3100004196167,NA,0,2.38,"Omni.",1,"DD"
7281,"Petrotilapia microgalana",84.413622389473,0,1,1,NA,NA,NA,NA,NA,3,"LC"
7290,"Lacustricola centralis",288745.815088547,NA,NA,0,NA,NA,NA,NA,NA,1,NA
7296,"Placidochromis longirostris",167.754756607819,0,1,1,NA,NA,NA,NA,NA,1,"LC"
7297,"Synodontis batesii",461616.778571081,1,1,0,NA,NA,NA,NA,NA,1,"LC"
7301,"Sargochromis giardi",383382.60761096,1,1,0,48,"commercial",0,3.49,"Carni.",2,"LC"
7303,"Enteromius manicensis",60841.8651289638,1,0,0,NA,NA,NA,NA,NA,1,"LC"
7312,"Haplochromis eduardianus",16177.5782462457,1,1,0,NA,NA,NA,NA,NA,1,"LC"
7323,"Lepidiolamprologus meeli",34890.675799273,NA,NA,0,NA,NA,NA,NA,NA,1,NA
7325,"Microthrissa minuta",278015.540051003,1,1,0,4.30000019073486,"subsistence fisheries",0,NA,NA,1,"VU"
7326,"Synodontis laessoei",9067.78324835414,1,1,0,NA,NA,NA,NA,NA,2,"DD"
7331,"Bathyclarias foveolatus",26520.5883195937,0,1,1,NA,NA,NA,NA,NA,1,"LC"
7337,"Aulonocara maylandi",83.5738857687531,0,1,1,15,"commercial",0,3.5,"Carni.",1,"CR"
7338,"Mylochromis balteatus",6876.2660956166,0,1,1,16.2000007629395,"commercial",0,3.5,"Carni.",1,"LC"
7341,"Haplochromis harpakteridion",70201.9485614657,0,1,1,8.05000019073486,NA,0,4.2,"Carni.",1,"DD"
7342,"Haplochromis vanoijeni",70029.8147067808,0,1,1,8.88000011444092,NA,0,NA,NA,1,"VU"
7343,"Hemitilapia oxyrhyncha",3184.27816742153,NA,NA,0,NA,NA,NA,NA,NA,1,NA
7349,"Euchilichthys astatodon",95708.829439706,1,1,0,NA,NA,NA,NA,NA,1,"LC"
7351,"Neolamprologus savoryi",34890.675799273,0,1,1,8,"commercial",0,3.4,"Carni.",1,"LC"
7352,"Fundulopanchax walkeri",172221.267199696,1,1,0,NA,NA,NA,NA,NA,1,"LC"
7355,"Chiloglanis waterloti",11168.7532731683,1,0,0,4.80000019073486,"of no interest",0,NA,NA,1,"LC"
7358,"Nothobranchius milvertzi",85.1004658905659,1,1,0,3.69000005722046,NA,0,NA,NA,1,"EN"
7363,"Orthochromis rugufuensis",4452.60140825887,0,1,1,NA,NA,NA,NA,NA,1,"VU"
7367,"Labeotropheus trewavasae",4694.31397546243,0,1,1,NA,NA,NA,NA,NA,1,"LC"
7369,"Petrocephalus pellegrini",274834.488038501,1,1,0,NA,NA,NA,NA,NA,1,"LC"
7370,"Distichodus affinis",682464.76319877,1,1,0,NA,NA,NA,NA,NA,1,"LC"
7371,"Chrysichthys duttoni",547543.416138071,1,1,0,NA,NA,NA,NA,NA,1,"LC"
7373,"Placidochromis electra",756.8407201366,0,1,1,12,"commercial",0,2.79,"Omni.",1,"LC"
7374,"Stomatorhinus kununguensis",256116.101924128,1,1,0,NA,NA,NA,NA,NA,1,"LC"
7376,"Synodontis rukwaensis",290660.379667807,1,0,0,NA,NA,NA,NA,NA,1,"LC"
7378,"Nothobranchius boklundi",251.829624340832,1,1,0,4.38000011444092,NA,0,NA,NA,1,"VU"
7379,"Raiamas ansorgii",848.065929931639,1,1,0,NA,NA,NA,NA,NA,1,"DD"
7380,"Copadichromis jacksoni",4694.31397546243,0,1,1,18.2999992370605,"commercial",0,3.4,"Carni.",1,"LC"
7381,"Garra geba",31448.1904440207,1,1,0,8.64000034332275,"of no interest",0,NA,NA,2,"LC"
7384,"Aphyosemion buytaerti",6877.58190717646,NA,NA,0,NA,NA,NA,NA,NA,1,"LC"
7385,"Enteromius inaequalis",40337.8949825811,1,0,0,NA,NA,NA,NA,NA,1,"LC"
7386,"Neolamprologus splendens",34890.675799273,0,1,1,NA,NA,NA,NA,NA,1,"LC"
7387,"Mormyrops furcidens",225226.211484785,1,1,0,NA,NA,NA,NA,NA,1,"LC"
7388,"Chiloglanis voltae",104419.253930049,1,0,0,NA,NA,NA,NA,NA,1,"LC"
7392,"Enteromius kessleri",464029.268627253,1,1,0,NA,NA,NA,NA,NA,1,"LC"
7395,"Chiloglanis batesii",843257.193101432,1,1,0,NA,NA,NA,NA,NA,1,"LC"
7397,"Brycinus nigricauda",12654.7482631372,NA,NA,0,NA,NA,NA,NA,NA,1,NA
7398,"Bagrus filamentosus",5520.27975902388,1,1,0,NA,NA,NA,NA,NA,1,"DD"
7404,"Cyclopharynx schwetzi",12494.2914183932,1,1,0,NA,NA,NA,NA,NA,1,"LC"
7413,"Nothobranchius bellemansi",84.5332377147465,1,1,0,4.57000017166138,NA,0,NA,NA,2,"EN"
7415,"Tramitichromis brevis",6876.2660956166,0,1,1,16.2999992370605,"commercial",0,3.2,"Carni.",1,"LC"
7416,"Spratellomorpha bianalis",3777.48811845475,1,0,0,4.5,"subsistence fisheries",0,NA,NA,1,"DD"
7417,"Chelaethiops congicus",448883.318050179,1,1,0,NA,NA,NA,NA,NA,1,"LC"
7427,"Labeobarbus fimbriatus",133670.963197998,NA,NA,0,NA,NA,NA,NA,NA,1,"LC"
7429,"Brycinus abeli",5479.05339432017,NA,NA,0,NA,NA,NA,NA,NA,1,NA
7430,"Chrysichthys helicophagus",8309.25010304236,1,1,0,18,NA,0,3.37,"Carni.",1,"VU"
7432,"Tylochromis praecox",2139.52135836836,1,1,0,13,NA,0,2.59,"Omni.",1,"DD"
7440,"Labeo percivali",52315.2018020943,1,0,0,NA,NA,NA,NA,NA,1,"LC"
7441,"Salmo macrostigma",130947.729877612,1,0,0,60,NA,1,3.48,"Carni.",3,"DD"
7442,"Clarias platycephalus",1119547.50358184,1,1,0,37.5999984741211,NA,0,4.2,"Carni.",1,"LC"
7444,"Schilbe multitaeniatus",327440.518272085,1,1,0,NA,NA,NA,NA,NA,1,"LC"
7449,"Malapterurus occidentalis",24465.4603340677,1,0,0,NA,NA,NA,NA,NA,1,"LC"
7450,"Pseudobarbus trevelyani",795.667899049454,1,0,0,NA,NA,NA,NA,NA,3,"EN"
7460,"Polypterus ornatipinnis",1040584.81256911,1,1,0,60,"of no interest",0,3.69,"Carni.",1,"LC"
7461,"Odaxothrissa ansorgii",181470.068675669,1,1,0,15.2799997329712,"subsistence fisheries",0,NA,NA,1,"LC"
7463,"Haplochromis kujunjui",70201.9485614657,0,1,1,10.2799997329712,NA,0,4.2,"Carni.",1,"DD"
7464,"Labeobarbus longissimus",2946.00893117719,0,1,1,54.7999992370605,NA,0,4.5,"Carni.",1,"DD"
7469,"Malapterurus microstoma",605514.73239018,1,1,0,NA,NA,NA,NA,NA,1,"LC"
7470,"Malapterurus stiassnyae",149700.532953759,1,1,0,NA,NA,NA,NA,NA,1,"LC"
7472,"Epiplatys annulatus",112720.141893523,1,1,0,NA,NA,NA,NA,NA,1,"LC"
7474,"Polypterus polli",339534.443160451,1,1,0,32.0999984741211,NA,0,3.2,"Carni.",1,"LC"
7475,"Aphyosemion polli",108834.488360262,1,1,0,NA,NA,NA,NA,NA,1,"LC"
7479,"Buccochromis lepturus",82568.635628411,0,1,1,41.7000007629395,"commercial",0,4.2,"Carni.",1,"LC"
7482,"Gephyroglanis gymnorhynchus",28138.6760177435,1,1,0,NA,NA,NA,NA,NA,1,"DD"
7484,"Chelaethiops rukwaensis",2046.16714217607,0,1,1,NA,NA,NA,NA,NA,1,"VU"
7492,"Fossorochromis rostratus",7292.64023344102,0,1,1,24.3999996185303,"commercial",0,3.36,"Carni.",1,"LC"
7494,"Mastacembelus micropectus",33012.5919769452,0,1,1,NA,NA,NA,NA,NA,1,"LC"
7497,"Enteromius anoplus",927161.976896078,1,1,0,10,"subsistence fisheries",0,2.69,"Omni.",2,"LC"
7498,"Bagrus degeni",3526.91605417237,0,1,1,55,"commercial",0,4.2,"Carni.",1,"DD"
7501,"Austroglanis sclateri",301443.25360887,1,0,0,30,NA,0,3.5,"Carni.",2,"LC"
7503,"Crenimugil crenilabis",452934.583133363,1,0,0,60,"minor commercial",1,2.34,"Omni.",1,"LC"
7504,"Pallidochromis tokolosh",5367.43921908237,0,1,1,NA,NA,NA,NA,NA,1,"LC"
7505,"Hippopotamyrus pictus",664756.241580041,1,1,0,NA,NA,NA,NA,NA,1,"LC"
7506,"Raiamas salmolucius",682757.1987135,1,1,0,16.3700008392334,NA,0,NA,NA,1,"LC"
7509,"Thoracochromis stigmatogenys",120063.87305578,NA,NA,0,NA,NA,NA,NA,NA,1,NA
7510,"Plataplochilus miltotaenia",20221.176443196,1,1,0,NA,NA,NA,NA,NA,1,"VU"
7514,"Lutjanus endecacanthus",1802.30010328259,1,0,0,NA,NA,NA,NA,NA,1,"DD"
7515,"Mastacembelus plagiostomus",33012.5919769452,0,1,1,NA,NA,NA,NA,NA,1,"LC"
7520,"Lethrinops macracanthus",6876.2660956166,0,1,1,20,"commercial",0,2.75,"Omni.",1,"DD"
7521,"Petrocephalus wesselsi",325916.323814032,1,0,0,NA,NA,NA,NA,NA,2,"LC"
7522,"Haplochromis saxicola",70029.8147067808,0,1,1,12.3000001907349,NA,0,3.42,"Carni.",1,"DD"
7523,"Mylochromis guentheri",6876.2660956166,0,1,1,NA,NA,NA,NA,NA,1,"LC"
7525,"Pellona ditchela",93751.1606147623,1,0,0,16,"commercial",1,NA,NA,1,"LC"
7526,"Placidochromis obscurus",250.535202487244,0,1,1,NA,NA,NA,NA,NA,1,"LC"
7539,"Mormyrops boulengeri",201468.825826095,1,1,0,NA,NA,NA,NA,NA,1,"LC"
7540,"Hypsopanchax jobaerti",123858.094895995,1,0,0,NA,NA,NA,NA,NA,1,"LC"
7541,"Lepidiolamprologus attenuatus",33012.5919769452,0,1,1,15," ",0,4.05,"Carni.",1,"NT"
7546,"Enteromius lufukiensis",40831.4686286251,1,0,0,NA,NA,NA,NA,NA,1,"NT"
7547,"Nothobranchius capriviensis",8199.37263696242,0,1,1,4.96999979019165,NA,0,NA,NA,2,"EN"
7553,"Lacustricola mediolateralis",119480.608496082,NA,NA,0,NA,NA,NA,NA,NA,1,NA
7561,"Sargochromis carlottae",530743.785937833,1,1,0,34.5,"commercial",0,3.58,"Carni.",2,"LC"
7563,"Stenogobius kenyae",302136.273117128,1,1,0,NA,NA,NA,NA,NA,1,"LC"
7565,"Gephyrochromis moorii",6876.2660956166,0,1,1,NA,NA,NA,NA,NA,1,"LC"
7567,"Maylandia glaucos",168.348787735016,NA,NA,0,NA,NA,NA,NA,NA,1,NA
7577,"Oreochromis salinicola",5408.31979371577,1,1,0,NA,NA,NA,NA,NA,3,"VU"
7583,"Amphilius brevis",676933.007317942,1,1,0,NA,NA,NA,NA,NA,1,"LC"
7584,"Enteromius aspilus",90610.6888527633,1,1,0,NA,NA,NA,NA,NA,1,"LC"
7587,"Synodontis dekimpei",3047.07470202873,1,0,0,NA,NA,NA,NA,NA,1,"CR"
7590,"Micropanchax keilhacki",18366.5452705516,1,0,0,NA,NA,NA,NA,NA,1,"LC"
7592,"Thysochromis ansorgii",376394.355120889,1,0,0,NA,NA,NA,NA,NA,1,"LC"
7603,"Parananochromis longirostris",184695.498667499,NA,NA,0,NA,NA,NA,NA,NA,1,"LC"
7618,"Chiloglanis loffabrevum",2043.28073775009,1,0,0,3.78999996185303,"of no interest",0,NA,NA,1,"EN"
7619,"Enteromius apleurogramma",1139535.02357334,1,1,0,5.40000009536743,NA,0,2.9,"Carni.",1,"LC"
7620,"Chiloglanis nzerekore",767.128278529762,1,0,0,4.51999998092651,"of no interest",0,NA,NA,1,"EN"
7621,"Haplochromis victoriae",75275.99539497,0,1,1,NA,NA,NA,NA,NA,1,"DD"
7622,"Chiloglanis tweddlei",2303.24413531137,1,0,0,5.59999990463257,"of no interest",0,NA,NA,1,"EN"
7623,"Enteromius foutensis",1270.65838562942,1,0,0,NA,NA,NA,NA,NA,1,"EN"
7627,"Enteromius toppini",2092813.11564752,1,1,0,4,"commercial",0,2.78,"Omni.",1,"LC"
7629,"Petrocephalus levequei",111020.035112019,1,0,0,NA,NA,NA,NA,NA,1,"LC"
7633,"Platypanchax modestus",57301.1100925434,1,1,0,NA,NA,NA,NA,NA,1,"LC"
7634,"Austroglanis barnardi",2902.065894164,1,0,0,NA,NA,NA,NA,NA,2,"EN"
7637,"Monostichodus lootensi",68281.9663890697,NA,NA,0,NA,NA,NA,NA,NA,1,NA
7640,"Enteromius hulstaerti",182178.264560516,1,1,0,NA,NA,NA,NA,NA,1,"LC"
7642,"Paradoxoglanis cryptus",10144.348642258,1,1,0,NA,NA,NA,NA,NA,1,"DD"
7652,"Aphyosemion batesii",176466.006894867,1,0,0,NA,NA,NA,NA,NA,1,"LC"
7655,"Ctenopoma nigropannosum",490009.261409807,1,1,0,NA,NA,NA,NA,NA,1,"LC"
7659,"Clariallabes mutsindoziensis",32235.6566794038,1,0,0,11.8000001907349,NA,0,3.2,"Carni.",1,"EN"
7660,"Chrysichthys macropterus",88324.9185676015,1,1,0,NA,NA,NA,NA,NA,1,"DD"
7665,"Labeobarbus stenostoma",27606.6525786309,1,1,0,NA,NA,NA,NA,NA,1,"DD"
7671,"Bathyclarias worthingtoni",3857.7974301287,0,1,1,80,"commercial",0,4.01,"Carni.",1,"LC"
7673,"Mormyrops attenuatus",549035.183148606,1,1,0,NA,NA,NA,NA,NA,1,"LC"
7680,"Enneacampus ansorgii",639305.909394421,1,1,0,NA,NA,NA,NA,NA,1,"LC"
7682,"Neolebias powelli",23403.1449294849,1,0,0,NA,NA,NA,NA,NA,1,"EN"
7687,"Parailia occidentalis",135335.373696101,1,1,0,NA,NA,NA,NA,NA,1,"LC"
7692,"Fundulopanchax sjostedti",145889.053095582,1,1,0,NA,NA,NA,NA,NA,1,"EN"
7695,"Placidochromis lukomae",84.3398314721336,0,1,1,NA,NA,NA,NA,NA,1,"LC"
7697,"Gobius bontii",159.624076587397,NA,NA,0,NA,NA,NA,NA,NA,1,NA
7701,"Trematocranus microstoma",1928.803753792,0,1,1,23.2000007629395,"commercial",0,3.36,"Carni.",1,"EN"
7705,"Mastacembelus latens",3772.62325065123,1,0,0,NA,NA,NA,NA,NA,1,"VU"
7707,"Labeobarbus gorguari",2946.00893117719,0,1,1,53.2000007629395,NA,0,3.26,"Carni.",1,"VU"
7708,"Micralestes comoensis",52279.2606537983,1,0,0,NA,NA,NA,NA,NA,1,"EN"
7709,"Aphyosemion schoutedeni",21839.8444105747,1,1,0,NA,NA,NA,NA,NA,1,"DD"
7712,"Haplochromis maisomei",70029.8147067808,0,1,1,9.8100004196167,NA,0,4.2,"Carni.",1,"DD"
7713,"Phenacogrammus stigmatura",1375.13496628521,NA,NA,0,NA,NA,NA,NA,NA,1,"DD"
7716,"Chetia welwitschi",38181.9799903925,1,1,0,14.6999998092651,NA,0,NA,NA,2,"DD"
7718,"Pseudocrenilabrus multicolor",274315.014236621,1,1,0,8," ",0,3.04,"Carni.",1,"LC"
7720,"Neobola nilotica",92826.5826183264,1,0,0,NA,NA,NA,NA,NA,2,"DD"
7721,"Aulonocranus dewindti",42979.5135057856,1,1,0,NA,NA,NA,NA,NA,1,"LC"
7723,"Opsaridium boweni",25798.8540730715,1,1,0,NA,NA,NA,NA,NA,1,"DD"
7724,"Monostichodus elongatus",167945.799861871,NA,NA,0,NA,NA,NA,NA,NA,1,NA
7725,"Scatophagus argus",2124.29038371251,1,0,0,45,"minor commercial",1,2.99,"Carni.",2,"LC"
7727,"Caranx sexfasciatus",39500.2471061998,1,0,0,120,"commercial",1,3.67,"Carni.",3,"LC"
7731,"Clariallabes centralis",541246.204024954,1,1,0,NA,NA,NA,NA,NA,1,"LC"
7735,"Zaireichthys monomotapa",645569.598084449,1,0,0,3.76999998092651,NA,0,NA,NA,3,"LC"
7738,"Microthrissa congica",59796.6846335508,1,1,0,7,"of no interest",0,3.1,"Carni.",1,NA
7739,"Tylochromis variabilis",865419.545310091,1,1,0,27.6000003814697,NA,0,2.6,"Omni.",1,"LC"
7745,"Fibramia lateralis",268303.717977934,0,0,0,11,NA,1,3.98,"Carni.",1,NA
7749,"Haplochromis humilior",70201.9485614657,0,1,1,9,NA,0,2.61,"Omni.",1,"DD"
7750,"Enteromius diamouanganai",257168.159557253,NA,NA,0,NA,NA,NA,NA,NA,1,"LC"
7754,"Haplochromis melanopterus",70029.8147067808,0,1,1,12.6999998092651,NA,0,4,"Carni.",1,"VU"
7757,"Chelon saliens",609376.297722545,1,1,0,40,"minor commercial",1,2.94,"Carni.",2,"LC"
7758,"Nannocharax monardi",23488.4611959883,NA,NA,0,NA,NA,NA,NA,NA,2,NA
7760,"Nothobranchius palmqvisti",1457.73510411917,1,1,0,NA,NA,NA,NA,NA,1,"VU"
7763,"Tetraodon schoutedeni",19563.3098176113,1,1,0,9,"of no interest",0,3.23,"Carni.",1,"DD"
7764,"Pseudobarbus quathlambae",16011.4208592123,1,0,0,13,NA,0,3.2,"Carni.",3,"EN"
7766,"Placidochromis ecclesi",1838.1216274523,0,1,1,NA,NA,NA,NA,NA,1,"LC"
7767,"Hemichromis lifalili",209376.658645999,1,1,0,NA,NA,NA,NA,NA,1,"LC"
7768,"Chrysichthys thysi",132809.360935604,NA,NA,0,NA,NA,NA,NA,NA,1,"LC"
7771,"Placidochromis polli",4346.97807272884,0,1,1,NA,NA,NA,NA,NA,1,"LC"
7777,"Haplochromis serranus",70029.8147067808,0,1,1,20.5,NA,0,4.2,"Carni.",1,"DD"
7779,"Coptodon nyongana",100984.552707874,NA,NA,0,NA,NA,NA,NA,NA,1,NA
7780,"Mugilogobius mertoni",151733.795036389,1,0,0,6,NA,1,NA,NA,1,"LC"
7781,"Ctenopoma ashbysmithi",2320.49267972552,1,1,0,NA,NA,NA,NA,NA,1,"DD"
7785,"Poropanchax stigmatopygus",92192.951339222,1,0,0,NA,NA,NA,NA,NA,1,"LC"
7786,"Labeo forskalii",350362.729506883,1,1,0,36,NA,0,2.5,"Omni.",1,"LC"
7787,"Pseudotropheus elegans",253.828575154537,0,1,1,13.1999998092651," ",0,NA,NA,1,"LC"
7788,"Lethrinops argenteus",26520.5883195937,0,1,1,NA,NA,NA,NA,NA,1,"LC"
7789,"Poropanchax rancureli",119502.215113986,1,0,0,5," ",0,NA,NA,1,"LC"
7796,"Phenacogrammus urotaenia",98036.0672717549,NA,NA,0,NA,NA,NA,NA,NA,1,"LC"
7800,"Aphyosemion abacinum",47059.6958720071,1,0,0,NA,NA,NA,NA,NA,1,"VU"
7801,"Synodontis budgetti",252668.081040189,0,1,1,NA,NA,NA,NA,NA,1,"LC"
7803,"Haplochromis worthingtoni",1806.56266658786,0,1,1,NA,NA,NA,NA,NA,1,"DD"
7807,"Synodontis dhonti",34890.675799273,0,1,1,NA,NA,NA,NA,NA,1,"LC"
7810,"Labeobarbus maroccanus",371448.021249303,NA,NA,0,NA,NA,NA,NA,NA,2,NA
7811,"Malapterurus minjiriya",611223.15076837,1,1,0,NA,NA,NA,NA,NA,1,"LC"
7817,"Xenotilapia nasus",33012.5919769452,0,1,1,NA,NA,NA,NA,NA,1,"DD"
7818,"Copadichromis diplostigma",84.1614107759323,0,1,1,NA,NA,NA,NA,NA,1,"NT"
7823,"Eretmodus cyanostictus",33354.7184506497,0,1,1,9," ",0,2,"Herbi.",1,"NT"
7824,"Labeo lukulae",723956.094256947,1,1,0,NA,NA,NA,NA,NA,1,"LC"
7826,"Orthochromis torrenticola",33225.1814485428,1,1,0,NA,NA,NA,NA,NA,1,"LC"
7830,"Foerschichthys flavipinnis",139402.477338659,1,1,0,NA,NA,NA,NA,NA,1,"LC"
7832,"Synodontis smiti",264735.924855909,1,1,0,NA,NA,NA,NA,NA,1,"LC"
7837,"Labeo kirkii",377947.967455749,1,1,0,NA,NA,NA,NA,NA,1,"LC"
7839,"Enteromius lamani",1371.51312668317,1,1,0,NA,NA,NA,NA,NA,1,"DD"
7842,"Scriptaphyosemion roloffi",78434.9708571734,1,1,0,NA,NA,NA,NA,NA,1,"LC"
7843,"Schilbe mandibularis",465519.230119741,1,0,0,50,NA,0,3.44,"Carni.",1,"LC"
7850,"Aphyosemion ferranti",78171.3317341863,1,0,0,NA,NA,NA,NA,NA,1,"LC"
7855,"Perissodus microlepis",34890.675799273,0,1,1,11,"commercial",0,4.16,"Carni.",1,"LC"
7858,"Synodontis robbianus",23864.602128196,1,0,0,NA,NA,NA,NA,NA,1,"DD"
7859,"Austroglanis gilli",10389.0733702298,1,0,0,13.7299995422363,NA,0,3.3,"Carni.",2,"NT"
7861,"Garra dembeensis",1222410.99839771,1,1,0,11,"of no interest",0,2,"Herbi.",1,"LC"
7870,"Mylochromis lateristriga",6876.2660956166,0,1,1,20.7000007629395,"commercial",0,3.5,"Carni.",1,"LC"
7871,"Labeo alluaudi",34110.8564510712,1,0,0,NA,NA,NA,NA,NA,1,"LC"
7873,"Clariallabes variabilis",137699.59681208,1,1,0,NA,NA,NA,NA,NA,1,"LC"
7874,"Chelon ramada",254542.553190533,1,1,0,70,"commercial",1,2.34,"Omni.",2,"LC"
7884,"Tanganikallabes mortiauxi",33012.5919769452,0,1,1,32.5,NA,0,NA,NA,1,"LC"
7887,"Aphanius fasciatus",348831.862492934,0,1,1,6.80000019073486,"of no interest",1,2.66,"Omni.",2,"LC"
7890,"Serranochromis robustus",122339.286636862,1,1,0,56,"commercial",0,4.14,"Carni.",3,"CR"
7891,"Enteromius laticeps",48769.6246395356,1,0,0,NA,NA,NA,NA,NA,1,"VU"
7895,"Enteromius guineensis",7596.63953184163,1,0,0,NA,NA,NA,NA,NA,1,"VU"
7896,"Nimbochromis livingstonii",7292.64023344102,0,1,1,25,"commercial",0,4.2,"Carni.",1,"LC"
7897,"Haplochromis vittatus",2837.93065776997,0,1,1,19.1000003814697,NA,0,NA,NA,3,"LC"
7898,"Aphyosemion celiae",5489.33618452605,1,1,0,NA,NA,NA,NA,NA,1,"LC"
7901,"Enteromius afrohamiltoni",581550.652297176,1,1,0,17.5,NA,0,3.2,"Carni.",2,"LC"
7902,"Synodontis brichardi",38245.0644525414,1,0,0,15,NA,0,2,"Herbi.",1,"VU"
7903,"Brycinus carolinae",20694.5745368024,NA,NA,0,NA,NA,NA,NA,NA,1,NA
7904,"Sciaenochromis psammophilus",6876.2660956166,0,1,1,11.6000003814697,NA,0,3.85,"Carni.",1,"LC"
7907,"Placidochromis ordinarius",84.8644268633423,0,1,1,NA,NA,NA,NA,NA,3,"LC"
7911,"Konia eisentrauti",4717.56909834871,0,1,1,9.30000019073486,NA,0,3.61,"Carni.",1,"CR"
7912,"Enteromius caudosignatus",3387.52918408759,1,1,0,NA,NA,NA,NA,NA,1,"DD"
7913,"Enteromius syntrechalepis",6453.81877094843,1,1,0,NA,NA,NA,NA,NA,1,"DD"
7916,"Mylochromis melanonotus",6876.2660956166,0,1,1,26,"commercial",0,3.61,"Carni.",1,"LC"
7920,"Aphyosemion zygaima",1373.26785930822,NA,NA,0,NA,NA,NA,NA,NA,1,"DD"
7922,"Labeobarbus trachypterus",116773.463031994,1,1,0,NA,NA,NA,NA,NA,1,"LC"
7925,"Enteromius tanapelagius",2946.00893117719,0,1,1,NA,NA,NA,NA,NA,1,"LC"
7926,"Nanochromis consortus",9335.71281336562,1,1,0,NA,NA,NA,NA,NA,1,"VU"
7927,"Julidochromis marlieri",33183.4448681446,0,1,1,13,"commercial",0,2.49,"Omni.",1,"LC"
7928,"Enteromius owenae",57145.1898308107,1,1,0,NA,NA,NA,NA,NA,3,"DD"
7929,"Nothobranchius malaissei",423.307006593002,1,1,0,NA,NA,NA,NA,NA,1,"VU"
7930,"Alestes liebrechtsii",1076869.76392602,1,1,0,NA,NA,NA,NA,NA,1,"LC"
7933,"Mormyrus tapirus",288732.05787649,1,0,0,NA,NA,NA,NA,NA,1,"LC"
7938,"Labeobarbus crassibarbis",2946.00893117719,0,1,1,50.5,NA,0,2.91,"Carni.",1,"DD"
7941,"Nanochromis minor",4369.8999964696,1,1,0,NA,NA,NA,NA,NA,1,"VU"
7944,"Labeobarbus platystomus",1978.59369783675,1,0,0,NA,NA,NA,NA,NA,3,"CR"
7945,"Caecobarbus geertsii",18001.9605270755,1,0,0,12,"of no interest",0,3.5,"Carni.",1,"VU"
7947,"Neolamprologus pulcher",34890.675799273,0,1,1,7.19999980926514,"of no interest",0,NA,NA,1,"LC"
7961,"Synodontis decorus",649034.811046184,1,1,0,NA,NA,NA,NA,NA,1,"LC"
7963,"Enteromius sylvaticus",18418.7509935407,1,0,0,1.89999997615814,NA,0,2.81,"Carni.",1,"VU"
7967,"Haplochromis bartoni",70201.9485614657,0,1,1,19.5,NA,0,4.2,"Carni.",1,"DD"
7968,"Haplochromis limax",2495.60453550203,1,1,0,8.39999961853027,NA,0,2.68,"Omni.",1,"LC"
7970,"Nothobranchius ivanovae",342.014327531136,1,1,0,NA,NA,NA,NA,NA,1,"VU"
7973,"Heterochromis multidens",380314.669031675,1,1,0,29.5,NA,0,2.83,"Carni.",1,"LC"
7975,"Hemichromis fasciatus",2160651.83762535,1,1,0,21,"subsistence fisheries",0,3.18,"Carni.",1,"LC"
7976,"Julidochromis transcriptus",33183.4448681446,0,1,1,7,"commercial",0,3.5,"Carni.",1,"LC"
7983,"Pseudobarbus phlegethon",10878.2676920418,1,0,0,7.09999990463257,NA,0,2.61,"Omni.",2,"EN"
7984,"Haplochromis nigripinnis",16177.5782462457,1,1,0,6.80000019073486,NA,0,2,"Herbi.",1,"LC"
7988,"Neopomacentrus taeniurus",164372.390630572,1,0,0,10,"minor commercial",1,3.4,"Carni.",1,"DD"
7991,"Myaka myaka",4202.50772882648,0,1,1,6.65000009536743,NA,0,2.63,"Omni.",1,"CR"
7997,"Zaireichthys mandevillei",191727.61054325,1,1,0,2.63000011444092,NA,0,NA,NA,1,"DD"
8005,"Epiplatys maeseni",101024.484681223,1,1,0,NA,NA,NA,NA,NA,1,"LC"
8006,"Neolamprologus buescheri",34890.675799273,0,1,1,NA,NA,NA,NA,NA,1,"DD"
8008,"Citharidium ansorgii",129417.037360892,1,0,0,NA,NA,NA,NA,NA,1,"DD"
8009,"Synodontis aterrimus",127668.806181711,1,1,0,NA,NA,NA,NA,NA,1,"LC"
8012,"Aphyosemion hofmanni",20384.9283250247,1,1,0,NA,NA,NA,NA,NA,1,"LC"
8013,"Paradoxoglanis caudivittatus",178688.484819773,1,1,0,NA,NA,NA,NA,NA,1,"LC"
8017,"Enteromius citrinus",58415.0079829905,1,1,0,NA,NA,NA,NA,NA,1,"DD"
8020,"Enteromius nigeriensis",472810.177045528,1,0,0,NA,NA,NA,NA,NA,1,"LC"
8022,"Trematocara nigrifrons",33012.5919769452,0,1,1,NA,NA,NA,NA,NA,1,"LC"
8023,"Labeobarbus rocadasi",21090.5550865112,1,1,0,NA,NA,NA,NA,NA,1,"DD"
8037,"Labeobarbus truttiformis",9173.3194613352,1,1,0,44.2000007629395,NA,0,3.87,"Carni.",3,"LC"
8040,"Xenotilapia flavipinnis",33012.5919769452,0,1,1,9.19999980926514,"commercial",0,3.5,"Carni.",1,"LC"
8041,"Mastacembelus praensis",196358.40694074,1,1,0,NA,NA,NA,NA,NA,1,"LC"
8045,"Copadichromis parvus",83.9468206076889,0,1,1,NA,NA,NA,NA,NA,1,"LC"
8050,"Brachypetersius pseudonummifer",139052.896278615,1,1,0,NA,NA,NA,NA,NA,1,"LC"
8052,"Microphis brachyurus",1094271.91385975,1,0,0,22,"of no interest",1,3.3199999332428,"Carni.",1,"LC"
8053,"Scardinius elmaliensis",258.146720563579,0,1,1,NA,NA,NA,NA,NA,1,"EN"
8057,"Maccullochella peelii",712.678682581108,1,1,0,180,"commercial",0,4.15000009536743,"Carni.",1,"LC"
8059,"Callochromis pleurospilus",33354.7184506497,1,1,0,10,"commercial",0,3.5,"Carni.",1,"LC"
8061,"Enteromius tetraspilus",29495.4441866122,NA,NA,0,NA,NA,NA,NA,NA,1,NA
8062,"Alestes baremoze",4028842.74539439,1,1,0,43,"highly commercial",0,3.05,"Carni.",1,"LC"
8064,"Chrysichthys ogooensis",170670.466003925,NA,NA,0,NA,NA,NA,NA,NA,1,"LC"
8065,"Aphyosemion aureum",24864.8419029658,1,0,0,NA,NA,NA,NA,NA,1,"VU"
8068,"Synodontis polyodon",217915.257928732,NA,NA,0,NA,NA,NA,NA,NA,1,"LC"
8072,"Dalophis boulengeri",746501.024161581,1,1,0,NA,NA,NA,NA,NA,1,"LC"
8073,"Lacustricola pumilus",90926.0443794576,1,1,0,NA,NA,NA,NA,NA,1,"LC"
8074,"Haplochromis megalops",70029.8147067808,0,1,1,8.10000038146973,NA,0,3.3,"Carni.",1,"VU"
8075,"Nyassachromis serenus",253.549496086174,0,1,1,25,"commercial",0,3.4,"Carni.",1,"LC"
8076,"Chrysichthys uniformis",26811.3264813827,1,1,0,NA,NA,NA,NA,NA,1,"DD"
8078,"Enteromius collarti",36553.7036067332,NA,NA,0,NA,NA,NA,NA,NA,1,"VU"
8081,"Nothobranchius chochamandai",929.866930707308,1,1,0,3.51999998092651,NA,0,NA,NA,3,"VU"
8082,"Pollimyrus nigricans",307497.35837663,1,1,0,10,NA,0,3.4,"Carni.",1,"LC"
8083,"Aphyosemion chauchei",7572.84835309406,1,1,0,NA,NA,NA,NA,NA,1,"DD"
8084,"Lamprologus mocquardi",567992.199397377,1,1,0,NA,NA,NA,NA,NA,1,"LC"
8085,"Stomatorhinus walkeri",164967.566108446,1,0,0,NA,NA,NA,NA,NA,1,"LC"
8088,"Nothobranchius krammeri",422.540178602676,1,1,0,NA,NA,NA,NA,NA,1,"VU"
8092,"Bryconaethiops macrops",773822.995464427,1,1,0,NA,NA,NA,NA,NA,1,"LC"
8094,"Lacustricola usanguensis",5957.41113146643,NA,NA,0,NA,NA,NA,NA,NA,3,NA
8102,"Belonophago hutsebouti",346716.536540347,1,1,0,NA,NA,NA,NA,NA,1,"LC"
8105,"Mormyrus hasselquistii",1213703.92932338,1,1,0,NA,NA,NA,NA,NA,2,"LC"
8106,"Nothobranchius albimarginatus",682.965727103012,1,1,0,NA,NA,NA,NA,NA,1,"EN"
8108,"Enteromius huguenyi",7414.34212318004,1,0,0,NA,NA,NA,NA,NA,1,"VU"
8109,"Enteromius punctitaeniatus",319611.547048015,1,1,0,NA,NA,NA,NA,NA,1,"LC"
8111,"Synodontis tanganyicae",34890.675799273,0,1,1,NA,NA,NA,NA,NA,1,"LC"
8119,"Aphyosemion herzogi",103320.81648775,1,0,0,NA,NA,NA,NA,NA,1,"LC"
8120,"Prolabeops nyongensis",15118.873624094,NA,NA,0,NA,NA,NA,NA,NA,1,"DD"
8123,"Dolichallabes microphthalmus",92323.2937040349,1,1,0,NA,NA,NA,NA,NA,1,"LC"
8124,"Aphyosemion elberti",155386.147238198,1,1,0,NA,NA,NA,NA,NA,1,"LC"
8127,"Aulonocara koningsi",83.6918234878922,0,1,1,NA,NA,NA,NA,NA,1,"LC"
8129,"Rhexipanchax schioetzi",293482.544880137,1,1,0,NA,NA,NA,NA,NA,1,"LC"
8132,"Micropanchax camerunensis",103134.466328399,1,1,0,NA,NA,NA,NA,NA,1,"LC"
8135,"Nannocharax ocellicauda",181070.813186764,NA,NA,0,NA,NA,NA,NA,NA,1,NA
8137,"Coptodon ismailiaensis",3716.18967140879,NA,NA,0,NA,NA,NA,NA,NA,2,"DD"
8145,"Labeobarbus mbami",34535.6222635313,NA,NA,0,NA,NA,NA,NA,NA,1,"EN"
8146,"Coptodon gutturosa",1456.6482365492,NA,NA,0,NA,NA,NA,NA,NA,1,NA
8152,"Ophisternon afrum",13623.2137383396,1,1,0,NA,NA,NA,NA,NA,1,"EN"
8157,"Stomatorhinus microps",38372.0013336324,1,1,0,NA,NA,NA,NA,NA,1,"VU"
8160,"Zenarchopterus dispar",1459.60357669425,1,1,0,19,"commercial",1,NA,NA,1,"LC"
8163,"Pseudophoxinus punicus",35039.0914289151,NA,NA,0,NA,NA,NA,NA,NA,3,NA
8164,"Rhinogobius giurinus",3971.45018668671,1,1,0,12.1000003814697,"subsistence fisheries",1,3.21,"Carni.",2,"LC"
8170,"Enteromius thysi",20584.0915433641,NA,NA,0,NA,NA,NA,NA,NA,1,"EN"
8171,"Genyomyrus donnyi",154315.18803443,1,1,0,NA,NA,NA,NA,NA,1,"LC"
8177,"Haplochromis obtusidens",70029.8147067808,0,1,1,11.3999996185303,NA,0,3.13,"Carni.",1,"DD"
8182,"Fundulopanchax gularis",122320.146902054,1,1,0,NA,NA,NA,NA,NA,1,"EN"
8191,"Euchilichthys boulengeri",2824.44411094468,1,1,0,NA,NA,NA,NA,NA,1,"DD"
8192,"Cyprinus carpio",407333.024746879,1,1,0,120,"highly commercial",0,3.05,"Carni.",3,"VU"
8193,"Haplochromis squamulatus",70029.8147067808,0,1,1,19.7999992370605,NA,0,4.2,"Carni.",1,"DD"
8195,"Bryconaethiops boulengeri",1286637.95734767,1,1,0,NA,NA,NA,NA,NA,1,"LC"
8196,"Haplochromis simotes",75275.99539497,1,1,0,NA,NA,NA,NA,NA,1,"DD"
8198,"Tramitichromis variabilis",7292.64023344102,0,1,1,17.2999992370605,"commercial",0,3.2,"Carni.",1,"LC"
8210,"Dundocharax bidentatus",19217.5685711306,1,1,0,NA,NA,NA,NA,NA,1,"DD"
8212,"Labeobarbus gulielmi",848.065929931639,1,1,0,NA,NA,NA,NA,NA,1,"DD"
8213,"Enteromius musumbi",12155.571695097,1,1,0,NA,NA,NA,NA,NA,1,"LC"
8215,"Gnathonemus echidnorhynchus",253698.104926713,1,1,0,NA,NA,NA,NA,NA,1,"LC"
8217,"Neolamprologus brevis",34890.675799273,0,1,1,5.5,"commercial",0,3.4,"Carni.",1,"LC"
8219,"Aphyosemion edeanum",9358.12563848356,1,1,0,NA,NA,NA,NA,NA,1,"VU"
8220,"Neolebias unifasciatus",3884734.48469934,1,1,0,NA,NA,NA,NA,NA,1,"LC"
8221,"Opsaridium zambezense",1710576.5456882,1,1,0,12,"minor commercial",0,3.38,"Carni.",1,"LC"
8223,"Haplochromis azureus",75275.99539497,0,1,1,9.55000019073486,NA,0,3.4,"Carni.",1,"VU"
8224,"Aphyosemion lugens",4901.80614005101,1,0,0,NA,NA,NA,NA,NA,1,"EN"
8226,"Labeo ruddi",207661.669732331,1,1,0,NA,NA,NA,NA,NA,2,"DD"
8227,"Nothobranchius rachovii",5387.80111441974,1,1,0,6," ",0,NA,NA,1,"LC"
8228,"Nothobranchius wattersi",9420.48670866113,1,1,0,5.34000015258789,NA,0,NA,NA,1,"NT"
8229,"Neolamprologus falcicula",34890.675799273,0,1,1,NA,NA,NA,NA,NA,1,"LC"
8233,"Enteromius cadenati",2365.66444361928,1,0,0,NA,NA,NA,NA,NA,1,"VU"
8236,"Aphyosemion citrineipinnis",24776.0511952304,1,0,0,NA,NA,NA,NA,NA,1,"LC"
8240,"Raiamas longirostris",22812.8474039613,1,1,0,NA,NA,NA,NA,NA,1,"DD"
8241,"Vanmanenia striata",4822.47970313661,1,0,0,NA,NA,NA,NA,NA,2,"DD"
8243,"Nothobranchius korthausae",511.477030425373,1,1,0,NA,NA,NA,NA,NA,1,"EN"
8244,"Micralestes sardina",173957.283446429,1,1,0,NA,NA,NA,NA,NA,3,"LC"
8245,"Awaous bustamantei",4815.76752107956,NA,NA,0,NA,NA,NA,NA,NA,1,"VU"
8250,"Enteromius machadoi",6566.70754914024,1,1,0,NA,NA,NA,NA,NA,1,"DD"
8251,"Synodontis depauwi",151712.661453987,1,1,0,NA,NA,NA,NA,NA,1,"LC"
8254,"Nannocharax hollyi",5479.05339432017,1,0,0,NA,NA,NA,NA,NA,1,"DD"
8256,"Synodontis pleurops",884177.4285201,1,1,0,NA,NA,NA,NA,NA,1,"LC"
8259,"Interochromis loocki",34890.675799273,0,1,1,10.5,NA,0,2,"Herbi.",1,NA
8260,"Channallabes longicaudatus",14714.735843746,NA,NA,0,NA,NA,NA,NA,NA,1,"DD"
8262,"Nothobranchius kardashevi",342.014327531136,1,1,0,NA,NA,NA,NA,NA,1,"VU"
8263,"Mugil curema",8091.84202788275,1,0,0,91,"commercial",1,2.42,"Omni.",1,"LC"
8266,"Coptodon bythobates",1456.6482365492,0,1,1,NA,NA,NA,NA,NA,1,"CR"
8270,"Marcusenius cuangoanus",42720.1280666759,1,1,0,NA,NA,NA,NA,NA,1,"VU"
8276,"Trematochromis benthicola",33354.7184506497,0,1,1,21.5,NA,0,3.4,"Carni.",1,NA
8281,"Ophthalmotilapia heterodonta",34890.675799273,0,1,1,NA,NA,NA,NA,NA,1,"LC"
8282,"Haplochromis howesi",70201.9485614657,0,1,1,16.3299999237061,NA,0,3.5,"Carni.",1,"VU"
8284,"Chelaethiops elongatus",665103.788905225,1,1,0,NA,NA,NA,NA,NA,1,"LC"
8288,"Brycinus carmesinus",6507.29666420911,1,1,0,NA,NA,NA,NA,NA,1,"DD"
8289,"Eucinostomus melanopterus",19740.7339136576,1,0,0,30,"minor commercial",1,3.24,"Carni.",1,"LC"
8296,"Oreochromis leucostictus",422730.311830573,1,1,0,36.2999992370605," ",0,2.25,"Omni.",1,"LC"
8307,"Fundulopanchax avichang",12901.6427174132,1,1,0,NA,NA,NA,NA,NA,1,"DD"
8309,"Pseudobarbus skeltoni",428.907356768496,1,0,0,NA,NA,NA,NA,NA,3,"EN"
8312,"Labeobarbus platydorsus",2946.00893117719,0,1,1,63.5,NA,0,3.39,"Carni.",1,"VU"
8313,"Synodontis rebeli",133670.963197998,NA,NA,0,NA,NA,NA,NA,NA,1,"DD"
8316,"Neolamprologus tretocephalus",34890.675799273,0,1,1,15," ",0,NA,NA,1,"LC"
8317,"Mochokus brevis",81010.6138577082,1,1,0,NA,NA,NA,NA,NA,2,"DD"
8325,"Micropanchax antinorii",7423.25394584424,NA,NA,0,NA,NA,NA,NA,NA,3,NA
8326,"Nannopetersius ansorgii",282699.632428104,NA,NA,0,NA,NA,NA,NA,NA,1,NA
8327,"Copadichromis cyanocephalus",83.9468206076889,0,1,1,NA,NA,NA,NA,NA,1,"NT"
8329,"Labeobarbus acutirostris",12968.8578893625,1,1,0,41,NA,0,3.5699999332428,"Carni.",3,"VU"
8330,"Hippopotamyrus szaboi",11888.5804674385,1,0,0,NA,NA,NA,NA,NA,2,"LC"
8331,"Mormyrops intermedius",4984.12990326737,1,1,0,NA,NA,NA,NA,NA,1,"DD"
8336,"Labeobarbus mirabilis",1548.36935982559,1,1,0,NA,NA,NA,NA,NA,1,"DD"
8341,"Scriptaphyosemion nigrifluvi",245797.207537894,1,1,0,4.5,NA,0,NA,NA,1,"VU"
8348,"Placidochromis macrognathus",503.41312283178,0,1,1,NA,NA,NA,NA,NA,1,"LC"
8353,"Aphyosemion hanneloreae",2579.48170553945,1,1,0,NA,NA,NA,NA,NA,1,"LC"
8356,"Synodontis vermiculatus",46473.3090567214,1,1,0,NA,NA,NA,NA,NA,2,"LC"
8358,"Labeo nigricans",15882.4774877295,1,1,0,NA,NA,NA,NA,NA,1,"DD"
8362,"Haplochromis niloticus",70029.8147067808,1,0,0,NA,NA,NA,NA,NA,1,"DD"
8367,"Aphyosemion lujae",114883.440289062,1,0,0,NA,NA,NA,NA,NA,1,"LC"
8369,"Copadichromis pleurostigma",2683.74261882117,0,1,1,NA,NA,NA,NA,NA,1,"LC"
8370,"Leptocypris lujae",594318.609688382,1,1,0,NA,NA,NA,NA,NA,1,"LC"
8371,"Kneria sjolandersi",1576.06132624964,1,0,0,NA,NA,NA,NA,NA,2,"DD"
8372,"Clarias dumerilii",841115.523835488,1,1,0,NA,NA,NA,NA,NA,1,"LC"
8375,"Kribia leonensis",21634.2997240965,1,0,0,NA,NA,NA,NA,NA,1,"DD"
8377,"Aphyosemion bamilekorum",8908.46338478698,1,0,0,NA,NA,NA,NA,NA,1,"EN"
8385,"Nothobranchius virgatus",14395.68229476,1,1,0,5.5,NA,0,3.31,"Carni.",2,"LC"
8395,"Schilbe grenfelli",1363186.30757454,1,1,0,NA,NA,NA,NA,NA,1,"LC"
8396,"Haplochromis igneopinnis",75275.99539497,0,1,1,10.7700004577637,NA,0,2,"Herbi.",1,"EN"
8400,"Clariallabes petricola",7916.24962444401,1,1,0,NA,NA,NA,NA,NA,1,"DD"
8402,"Mormyrops mariae",300588.959210717,1,1,0,NA,NA,NA,NA,NA,1,"LC"
8406,"Enteromius dialonensis",25903.2366405924,1,0,0,NA,NA,NA,NA,NA,1,"LC"
8411,"Nimbapanchax viridis",30818.7538180108,1,1,0,NA,NA,NA,NA,NA,1,"NT"
8413,"Clarias werneri",363794.655912118,1,1,0,23,NA,0,3.08999991416931,"Carni.",1,"LC"
8416,"Mastacembelus seiteri",133670.963197998,1,0,0,NA,NA,NA,NA,NA,1,"LC"
8418,"Enteromius kerstenii",1633607.30675626,1,1,0,9," ",0,2.97,"Carni.",3,"LC"
8420,"Papyrocranus congoensis",375369.268928167,1,1,0,NA,NA,NA,NA,NA,1,"LC"
8422,"Osteomugil perusii",132661.740816278,1,0,0,25,NA,1,NA,NA,1,"LC"
8423,"Enteromius lineomaculatus",806815.893165571,1,0,0,8.60000038146973,"minor commercial",0,NA,NA,2,"LC"
8424,"Haplochromis commutabilis",86.0512011034069,0,1,1,NA,NA,NA,NA,NA,1,"VU"
8427,"Enteromius chicapaensis",191526.46609008,1,1,0,NA,NA,NA,NA,NA,1,"LC"
8428,"Micropanchax bracheti",15528.4777732469,1,0,0,4," ",0,NA,NA,1,"EN"
8429,"Haplochromis squamipinnis",18500.9860647022,1,1,0,20.2000007629395,NA,0,3.2,"Carni.",1,"LC"
8433,"Haplochromis katonga",172.108368246124,1,1,0,6.86999988555908,NA,0,NA,NA,1,"DD"
8436,"Gerres filamentosus",8020.54715067571,1,1,0,39,"minor commercial",1,3.46,"Carni.",1,"LC"
8443,"Reganochromis calliurus",34890.675799273,0,1,1,15,"commercial",0,3.6,"Carni.",1,"LC"
8447,"Enteromius walkeri",51420.1725506785,1,1,0,NA,NA,NA,NA,NA,1,"LC"
8450,"Tangachromis dhanisi",33012.5919769452,0,1,1,8.5,"commercial",0,3,"Carni.",1,"LC"
8453,"Polypterus retropinnis",476072.049728017,1,1,0,34,"of no interest",0,2.58,"Omni.",1,"LC"
8454,"Synodontis membranaceus",1678193.61593405,1,1,0,46,"commercial",0,3.11,"Carni.",1,"LC"
8458,"Nimbochromis polystigma",2767.9040295971,0,1,1,23,"of no interest",0,4.2,"Carni.",1,"LC"
8459,"Brycinus bartoni",45251.0339362509,NA,NA,0,NA,NA,NA,NA,NA,1,NA
8465,"Haplochromis arcanus",70201.9485614657,0,1,1,14.1999998092651,NA,0,4.2,"Carni.",1,"DD"
8469,"Enteromius brachygramma",8504.33688082917,1,1,0,NA,NA,NA,NA,NA,1,"DD"
8470,"Otopharynx argyrosoma",6876.2660956166,1,1,0,15.1999998092651,"commercial",0,3.45,"Carni.",1,"LC"
8479,"Petersius conserialis",192131.874728065,1,0,0,14.5,NA,0,NA,NA,1,"LC"
8484,"Labeo molybdinus",889335.921425644,1,0,0,NA,NA,NA,NA,NA,2,"LC"
8485,"Labeobarbus gestetneri",7918.78563274845,1,1,0,NA,NA,NA,NA,NA,1,"DD"
8490,"Synodontis thamalakanensis",57469.1339861094,1,0,0,17.5,NA,0,NA,NA,2,"LC"
8492,"Chromidotilapia linkei",17323.7171112522,NA,NA,0,NA,NA,NA,NA,NA,1,"EN"
8493,"Telmatochromis brachygnathus",33012.5919769452,0,1,1,NA,NA,NA,NA,NA,1,"LC"
8495,"Nannocharax lineostriatus",11118.4695083476,NA,NA,0,NA,NA,NA,NA,NA,1,NA
8497,"Labeo luluae",34578.4524670955,1,1,0,NA,NA,NA,NA,NA,1,"DD"
8499,"Petrocephalus simus",1433336.87285292,1,1,0,NA,NA,NA,NA,NA,1,"LC"
8500,"Chrysichthys ornatus",625897.693309828,1,1,0,NA,NA,NA,NA,NA,1,"LC"
8506,"Petrocephalus cunganus",7047.10245379478,1,1,0,NA,NA,NA,NA,NA,2,"DD"
8508,"Tylochromis microdon",17096.1077448442,0,1,1,15.1999998092651,NA,0,2.83,"Carni.",1,"EN"
8510,"Enteromius choloensis",66868.121749535,1,0,0,NA,NA,NA,NA,NA,1,"DD"
8513,"Sicydium crenilabrum",67955.6947741632,1,0,0,NA,NA,NA,NA,NA,1,"LC"
8514,"Synodontis contractus",328356.210099501,1,1,0,9.69999980926514,"of no interest",0,2,"Herbi.",1,"LC"
8523,"Variabilichromis moorii",34890.675799273,0,1,1,10.3000001907349,"commercial",0,NA,NA,1,NA
8527,"Chrysichthys ansorgii",12155.571695097,1,1,0,NA,NA,NA,NA,NA,1,"LC"
8533,"Copadichromis borleyi",4610.1525646865,0,1,1,14,"commercial",0,3.4,"Carni.",1,"LC"
8535,"Haplochromis crebridens",2837.93065776997,0,1,1,NA,NA,NA,NA,NA,3,"LC"
8537,"Synodontis geledensis",51066.463141525,1,0,0,NA,NA,NA,NA,NA,2,"LC"
8539,"Arius africanus",266752.290463722,1,0,0,45,"commercial",0,3.8,"Carni.",1,"DD"
8542,"Lacustricola lualabaensis",23773.5624767194,1,0,0,NA,NA,NA,NA,NA,1,"LC"
8545,"Alestopetersius hilgendorfi",343846.351868557,1,1,0,NA,NA,NA,NA,NA,1,"LC"
8546,"Haplochromis pyrrhocephalus",70029.8147067808,0,1,1,NA,NA,NA,NA,NA,1,"LC"
8550,"Labeobarbus nanningsi",96320.2634595666,1,1,0,NA,NA,NA,NA,NA,1,"DD"
8552,"Otopharynx tetrastigma",3100.1167566456,1,1,0,16,"commercial",0,3.39,"Carni.",1,"LC"
8554,"Epiplatys olbrechtsi",161206.12859917,1,1,0,NA,NA,NA,NA,NA,1,"LC"
8555,"Phago intermedius",458651.759501281,1,1,0,NA,NA,NA,NA,NA,1,"LC"
8558,"Labeobarbus leleupanus",42810.3486646984,1,1,0,NA,NA,NA,NA,NA,1,"VU"
8559,"Petrocephalus ansorgii",245125.032405204,1,1,0,NA,NA,NA,NA,NA,1,"LC"
8562,"Alestopetersius leopoldianus",181069.581682094,1,1,0,NA,NA,NA,NA,NA,1,"LC"
8564,"Mormyrops sirenoides",355012.490029748,1,1,0,NA,NA,NA,NA,NA,1,"LC"
8566,"Mormyrus lacerda",1176546.43231618,1,1,0,50,"commercial",0,3.69,"Carni.",2,"LC"
8571,"Garra dembecha",21878.8435643578,1,1,0,NA,NA,NA,NA,NA,1,"LC"
8583,"Chrysichthys teugelsi",31729.6211114049,1,0,0,NA,NA,NA,NA,NA,1,"LC"
8585,"Haplochromis melichrous",70029.8147067808,0,1,1,10.6999998092651,NA,0,3.4,"Carni.",1,"DD"
8592,"Amphilius platychir",420999.24096347,1,0,0,NA,NA,NA,NA,NA,1,"LC"
8593,"Haplochromis degeni",75275.99539497,0,1,1,15.3999996185303,NA,0,3.24000000953674,"Carni.",1,"LC"
8599,"Nothobranchius usanguensis",3997.96811973291,1,1,0,NA,NA,NA,NA,NA,3,"VU"
8603,"Haplochromis cryptodon",70201.9485614657,0,1,1,13,NA,0,4,"Carni.",1,"DD"
8609,"Sarotherodon lohbergeri",20584.0915433641,1,1,0,16.2000007629395,NA,0,2.23,"Omni.",1,"CR"
8610,"Labeobarbus natalensis",94752.3160662423,1,0,0,63.7999992370605,NA,0,2.96,"Carni.",3,"LC"
8612,"Rhabdalestes rhodesiensis",140140.411575678,1,1,0,NA,NA,NA,NA,NA,3,"LC"
8615,"Enteromius macrops",1861040.17497827,1,1,0,16.8999996185303,"of no interest",0,3.04,"Carni.",1,"LC"
8616,"Chiloglanis bifurcus",21634.8022808089,1,0,0,6.80000019073486,"of no interest",0,3.25,"Carni.",3,"CR"
8619,"Pseudocrenilabrus philander",4144650.51897436,1,1,0,13,"minor commercial",0,3.74,"Carni.",2,"LC"
8621,"Haplochromis pallidus",70029.8147067808,0,1,1,7.40000009536743,NA,0,2.57,"Omni.",1,"DD"
8623,"Nothobranchius guentheri",940.998496237259,1,1,0,3.5,"of no interest",0,NA,NA,1,"EN"
8628,"Synodontis iturii",1548.36935982559,1,1,0,NA,NA,NA,NA,NA,1,"DD"
8630,"Chromidotilapia mrac",50506.7896629138,NA,NA,0,NA,NA,NA,NA,NA,1,"LC"
8631,"Tropheops lucerna",253.549496086174,0,1,1,13.5,"commercial",0,2,"Herbi.",1,NA
8633,"Greenwoodochromis christyi",33354.7184506497,0,1,1,NA,NA,NA,NA,NA,1,"LC"
8634,"Nothobranchius kilomberoensis",3744.98603884148,1,1,0,NA,NA,NA,NA,NA,1,"VU"
8645,"Plecodus multidentatus",34890.675799273,0,1,1,12,NA,0,4.4,"Carni.",1,"LC"
8647,"Schilbe zairensis",24772.2537837868,1,1,0,NA,NA,NA,NA,NA,1,"DD"
8648,"Coptodon bakossiorum",1456.6482365492,0,1,1,NA,NA,NA,NA,NA,1,"CR"
8650,"Acanthocleithron chapini",139756.576744249,1,1,0,NA,NA,NA,NA,NA,1,"LC"
8656,"Osteomugil robustus",319405.489295486,0,1,1,30,"commercial",1,2,"Herbi.",1,NA
8657,"Labeobarbus brevispinis",98036.808555231,NA,NA,0,NA,NA,NA,NA,NA,1,"LC"
8659,"Teleogramma brichardi",27200.7754504355,1,1,0,NA,NA,NA,NA,NA,1,"CR"
8662,"Gobioides sagitta",331471.246987334,1,1,0,NA,NA,NA,NA,NA,1,"LC"
8663,"Coptodon snyderae",1456.6482365492,0,1,1,NA,NA,NA,NA,NA,1,"CR"
8666,"Maylandia benetos",83.4531194061356,NA,NA,0,NA,NA,NA,NA,NA,1,NA
8667,"Haplochromis ampullarostratus",86.0512011034069,0,1,1,NA,NA,NA,NA,NA,1,"VU"
8670,"Cynotilapia afra",672.778704442478,0,1,1,10.1000003814697," ",0,3.4,"Carni.",1,"LC"
8671,"Haplochromis angustifrons",2495.60453550203,1,1,0,9,NA,0,3.2,"Carni.",1,"LC"
8678,"Garra congoensis",44611.1403535403,1,0,0,NA,NA,NA,NA,NA,1,"LC"
8680,"Auchenoglanis biscutatus",2273526.4667836,1,1,0,54,"commercial",0,3.08,"Carni.",2,"LC"
8681,"Paracyprichromis brieni",34890.675799273,0,1,1,11,"commercial",0,3.4,"Carni.",1,"LC"
8684,"Salmo dentex",16104.5247275604,1,1,0,NA,NA,NA,NA,NA,1,"DD"
8685,"Chiloglanis pojeri",204347.853445555,1,1,0,NA,NA,NA,NA,NA,1,"LC"
8690,"Labeobarbus tsanensis",17511.475810345,1,1,0,39.4000015258789,NA,0,3.15000009536743,"Carni.",1,"LC"
8692,"Odaxothrissa mento",199564.203634553,1,1,0,14,"subsistence fisheries",0,4.29,"Carni.",1,"LC"
8694,"Anguilla mossambica",3431417.70100801,1,1,0,150,"commercial",1,3.3,"Carni.",1,"NT"
8702,"Lates stappersii",33012.5919769452,0,1,1,45,"highly commercial",0,4.09,"Carni.",1,"LC"
8703,"Sarotherodon caudomarginatus",213609.923100829,1,0,0,NA,NA,NA,NA,NA,1,"LC"
8712,"Alosa algeriensis",87603.022759779,1,1,0,43.5,"commercial",1,NA,NA,3,"EN"
8716,"Aulonocara jacobfreibergi",4271.16405338392,0,1,1,NA,NA,NA,NA,NA,1,"LC"
8717,"Clarias maclareni",6003.81507451964,0,1,1,36,NA,0,4.2,"Carni.",1,"CR"
8720,"Aphyosemion callipteron",47235.2158044028,NA,NA,0,NA,NA,NA,NA,NA,1,"LC"
8726,"Mastacembelus congicus",1432789.55429533,1,1,0,NA,NA,NA,NA,NA,1,"LC"
8731,"Paradistichodus dimidiatus",701180.71148693,1,1,0,NA,NA,NA,NA,NA,2,"LC"
8736,"Micropterus dolomieu",387.865927449787,1,1,0,69,"commercial",0,4.09,"Carni.",3,"LC"
8739,"Haplochromis sauvagei",74761.211721527,0,1,1,10.5,NA,0,2.71,"Omni.",1,"VU"
8742,"Lethrinops macrophthalmus",502.608113158455,0,1,1,12,"commercial",0,2.75,"Omni.",1,"LC"
8744,"Plecodus elaviae",34890.675799273,0,1,1,32,NA,0,4.4,"Carni.",1,"LC"
8749,"Labeobarbus marequensis",1060495.9770587,1,1,0,47,NA,0,3.17,"Carni.",2,"LC"
8752,"Yongeichthys thomasi",657892.058733777,1,1,0,NA,NA,NA,NA,NA,1,"LC"
8756,"Chrysichthys longipinnis",284813.244977072,1,1,0,70,"commercial",0,3.061,"Carni.",1,"LC"
8762,"Thoracochromis lucullae",23678.2747411668,NA,NA,0,NA,NA,NA,NA,NA,2,NA
8763,"Synodontis cuangoanus",76288.4234379031,1,1,0,NA,NA,NA,NA,NA,1,"VU"
8765,"Enteromius liberiensis",80785.5398431862,1,1,0,10,NA,0,2.45,"Omni.",1,"EN"
8766,"Lethrinops microdon",3175.96853015725,0,1,1,13.1000003814697,NA,0,2,"Herbi.",1,"DD"
8769,"Orthochromis luichensis",2744.13438791017,1,0,0,9.07999992370605,NA,0,2,"Herbi.",1,"VU"
8771,"Melanochromis melanopterus",1925.34410864112,0,1,1,NA,NA,NA,NA,NA,1,"LC"
8772,"Haplochromis mandibularis",70029.8147067808,0,1,1,17.3999996185303,NA,0,4.2,"Carni.",1,"DD"
8774,"Tylochromis polylepis",55765.6911455812,1,1,0,43.5," ",0,2.97,"Carni.",1,"LC"
8776,"Clariallabes teugelsi",12104.3292663728,1,1,0,NA,NA,NA,NA,NA,1,"VU"
8778,"Chromidotilapia nana",17103.6122905664,NA,NA,0,NA,NA,NA,NA,NA,1,"DD"
8779,"Pelvicachromis taeniatus",103587.403330799,1,0,0,NA,NA,NA,NA,NA,1,"LC"
8780,"Neolamprologus prochilus",34890.675799273,0,1,1,NA,NA,NA,NA,NA,1,"LC"
8785,"Marcusenius mento",484516.983014783,1,0,0,36.0999984741211,NA,0,2.46,"Omni.",1,"LC"
8791,"Eugnathichthys macroterolepis",846106.498592946,1,1,0,14.5,NA,0,4.2,"Carni.",1,"LC"
8795,"Stomatepia mongo",4202.50772882648,0,1,1,NA,NA,NA,NA,NA,1,"CR"
8797,"Protomelas marginatus",6876.2660956166,0,1,1,16.6000003814697,"commercial",0,2,"Herbi.",1,"LC"
8798,"Parakneria kissi",20731.6170950713,1,1,0,NA,NA,NA,NA,NA,1,"DD"
8799,"Phractura gladysae",2319.88878745258,NA,NA,0,NA,NA,NA,NA,NA,1,"DD"
8800,"Clarias engelseni",22958.6809010881,1,0,0,NA,NA,NA,NA,NA,2,"DD"
8802,"Otopharynx brooksi",1669.01296424583,0,1,1,15,"commercial",0,4.2,"Carni.",1,"LC"
8803,"Ambassis ambassis",9394.12460363548,1,1,0,15,NA,1,3.65,"Carni.",1,"LC"
8804,"Microsynodontis armatus",8088.98952207439,1,0,0,2.74000000953674,NA,0,NA,NA,1,"DD"
8805,"Kneria rukwaensis",36481.935104467,1,0,0,6.19000005722046,NA,0,NA,NA,1,"LC"
8811,"Alestopetersius tumbensis",122996.991572374,1,1,0,NA,NA,NA,NA,NA,1,"LC"
8812,"Enteromius breviceps",28372.1038872477,1,1,0,NA,NA,NA,NA,NA,2,"LC"
8813,"Copadichromis virginalis",7292.64023344102,0,1,1,13.1999998092651,"commercial",0,3,"Carni.",1,"NT"
8814,"Clarias albopunctatus",151199.42333506,1,1,0,NA,NA,NA,NA,NA,1,"LC"
8820,"Enteromius arambourgi",34799.2042568961,NA,NA,0,NA,NA,NA,NA,NA,1,NA
8827,"Bathybates vittatus",33354.7184506497,0,1,1,42,"commercial",0,4.2,"Carni.",1,"LC"
8828,"Synodontis ornatissimus",141230.04638626,1,1,0,NA,NA,NA,NA,NA,1,"LC"
8834,"Stigmatochromis pholidophorus",6876.2660956166,0,1,1,10.8000001907349,"of no interest",0,3.5,"Carni.",1,"LC"
8838,"Marcusenius friteli",140099.14279323,1,1,0,NA,NA,NA,NA,NA,1,"LC"
8842,"Haplochromis retrodens",75275.99539497,0,1,1,14.3999996185303,NA,0,3.34,"Carni.",1,"VU"
8843,"Prolabeo batesi",30094.3821517638,1,0,0,NA,NA,NA,NA,NA,1,"DD"
8847,"Synodontis clarias",1261089.66007064,1,0,0,36,NA,0,2.96,"Carni.",2,"LC"
8848,"Thoracochromis moeruensis",5099.84750716768,NA,NA,0,NA,NA,NA,NA,NA,1,NA
8849,"Enteromius luluae",89939.1171872257,1,1,0,NA,NA,NA,NA,NA,1,"LC"
8857,"Microdesmus aethiopicus",600.201202739842,1,0,0,NA,NA,NA,NA,NA,1,"LC"
8858,"Aulonocara nyassae",1335.53520547754,0,1,1,8,"of no interest",0,3.5,"Carni.",1,"NT"
8862,"Stigmatochromis melanchros",3591.59762948301,0,1,1,NA,NA,NA,NA,NA,1,"LC"
8865,"Stomatorhinus polylepis",324983.535863129,1,1,0,NA,NA,NA,NA,NA,1,"LC"
8867,"Scardinius hesperidicus",258.146720563579,1,1,0,NA,NA,NA,NA,NA,1,"LC"
8869,"Parakneria marmorata",9067.78324835414,1,0,0,NA,NA,NA,NA,NA,2,"DD"
8871,"Chiloglanis pretoriae",263906.532976443,1,0,0,6.5,"of potential interest",0,3.2,"Carni.",2,"LC"
8872,"Epiplatys huberi",18833.3547078156,1,0,0,NA,NA,NA,NA,NA,1,"LC"
8874,"Stomatepia pindu",4202.50772882648,0,1,1,NA,NA,NA,NA,NA,1,"CR"
8876,"Schilbe intermedius",3352900.60258946,1,1,0,50,"commercial",0,3.6,"Carni.",1,"LC"
8881,"Fundulopanchax moensis",7193.91699219597,NA,NA,0,NA,NA,NA,NA,NA,1,"DD"
8887,"Pelmatolapia mariae",436816.66040668,1,1,0,NA,NA,NA,NA,NA,1,"LC"
8888,"Belonoglanis tenuis",728740.533973273,1,1,0,NA,NA,NA,NA,NA,1,"LC"
8889,"Doumea chappuisi",105560.37285108,1,0,0,NA,NA,NA,NA,NA,1,"LC"
8890,"Pollimyrus guttatus",25750.7116181049,NA,NA,0,NA,NA,NA,NA,NA,1,"DD"
8891,"Wallaceochromis humilis",171038.717704078,NA,NA,0,NA,NA,NA,NA,NA,1,NA
8897,"Cyprichromis microlepidotus",33354.7184506497,0,1,1,11," ",0,3.5,"Carni.",1,"DD"
8898,"Chiloglanis somereni",47871.6714861076,1,1,0,NA,NA,NA,NA,NA,1,"LC"
8900,"Chiloglanis lufirae",7223.3756629481,1,0,0,NA,NA,NA,NA,NA,1,"DD"
8903,"Ctenopoma muriei",606871.558496667,1,1,0,6,NA,0,3.02,"Carni.",1,"LC"
8906,"Psammphiletria delicata",7551.67107053,1,1,0,NA,NA,NA,NA,NA,1,"DD"
8909,"Chromidotilapia cavalliensis",11535.1593338878,1,0,0,NA,NA,NA,NA,NA,1,"EN"
8913,"Enteromius bourdariei",11393.7811737461,1,1,0,NA,NA,NA,NA,NA,1,"EN"
8914,"Coptostomabarbus bellcrossi",23652.3627847997,1,1,0,NA,NA,NA,NA,NA,1,"DD"
8922,"Schilbe tumbanus",89159.7844692941,1,1,0,NA,NA,NA,NA,NA,1,"LC"
8929,"Congochromis pugnatus",6712.12073293616,1,1,0,NA,NA,NA,NA,NA,1,"DD"
8930,"Copadichromis quadrimaculatus",4694.31397546243,0,1,1,20,"commercial",0,2.64,"Omni.",1,"LC"
8931,"Campylomormyrus orycteropus",13149.6714800879,1,1,0,NA,NA,NA,NA,NA,1,"DD"
8932,"Stomatorhinus corneti",208117.872432728,1,1,0,NA,NA,NA,NA,NA,1,"LC"
8940,"Chrysichthys dageti",25342.1243900042,NA,NA,0,NA,NA,NA,NA,NA,1,"VU"
8942,"Tetracamphilius clandestinus",6519.22319489193,1,1,0,NA,NA,NA,NA,NA,1,"DD"
8944,"Alestes stuhlmannii",33024.874576588,1,0,0,NA,NA,NA,NA,NA,1,"LC"
8948,"Haplochromis kamiranzovu",2837.93065776997,0,1,1,9.39999961853027,NA,0,NA,NA,3,"LC"
8952,"Marcusenius furcidens",319254.897601425,1,1,0,NA,NA,NA,NA,NA,1,"LC"
8953,"Gazza minuta",569993.096814894,1,0,0,21,"commercial",1,4,"Carni.",2,"LC"
8961,"Haplochromis xenognathus",70029.8147067808,0,1,1,11.3000001907349,NA,0,2.91,"Carni.",1,"LC"
8964,"Arothron hispidus",18781.0161247329,1,1,0,50,"minor commercial",1,3.09999990463257,"Carni.",2,"LC"
8967,"Marcusenius moorii",1276771.44351042,1,1,0,NA,NA,NA,NA,NA,1,"LC"
8971,"Distichodus schenga",286960.111159352,1,0,0,NA,NA,NA,NA,NA,1,"LC"
8973,"Orthochromis polyacanthus",137769.364732511,1,1,0,NA,NA,NA,NA,NA,1,"LC"
8975,"Haplochromis thuragnathus",70029.8147067808,0,1,1,20,NA,0,4.2,"Carni.",1,"DD"
8976,"Haplochromis rubescens",2837.93065776997,0,1,1,11.3999996185303,NA,0,NA,NA,3,"LC"
8978,"Opsaridium microcephalum",119576.379315641,1,1,0,34,"minor commercial",0,NA,NA,1,"LC"
8979,"Potamothrissa obtusirostris",447757.195644796,1,1,0,6,"subsistence fisheries",0,3.2,"Carni.",1,"LC"
8980,"Hydrocynus brevis",1345221.30646299,1,1,0,86,"commercial",0,3.4,"Carni.",2,"LC"
8981,"Copadichromis likomae",4694.31397546243,0,1,1,14,"commercial",0,3.4,"Carni.",1,"LC"
8992,"Buccochromis spectabilis",6876.2660956166,0,1,1,NA,NA,NA,NA,NA,1,"LC"
8993,"Procatopus aberrans",294293.838795608,1,0,0,5.5," ",0,NA,NA,1,"LC"
8994,"Zaireichthys compactus",338.858890381027,1,0,0,NA,NA,NA,NA,NA,1,"DD"
8995,"Pelvicachromis subocellatus",68395.6978236996,1,0,0,NA,NA,NA,NA,NA,1,"LC"
8998,"Monodactylus falciformis",104586.686860098,1,0,0,31,"minor commercial",1,NA,NA,1,"LC"
9001,"Garra lancrenonensis",44000.3718422956,1,0,0,NA,NA,NA,NA,NA,2,"DD"
9002,"Astatoreochromis vanderhorsti",53251.1128433794,1,0,0,NA,NA,NA,NA,NA,1,"LC"
9011,"Labeobarbus ansorgii",45207.148354124,1,1,0,NA,NA,NA,NA,NA,1,"VU"
9012,"Enteromius brichardi",230799.08101615,NA,NA,0,NA,NA,NA,NA,NA,1,"LC"
9013,"Synodontis punctifer",146982.090557851,1,0,0,NA,NA,NA,NA,NA,1,"LC"
9014,"Aphyosemion wildekampi",272598.843471974,1,1,0,NA,NA,NA,NA,NA,1,"VU"
9023,"Clarias theodorae",879762.18863227,1,1,0,35,"subsistence fisheries",0,3.46,"Carni.",1,"LC"
9025,"Petrocephalus pallidomaculatus",237631.075332959,1,1,0,NA,NA,NA,NA,NA,1,"LC"
9026,"Ctenochromis luluae",9586.47270933658,NA,NA,0,NA,NA,NA,NA,NA,1,NA
9029,"Protomelas spilonotus",2764.92651108758,0,1,1,16.7000007629395,"commercial",0,3.36,"Carni.",1,"LC"
9031,"Haplochromis paraguiarti",70029.8147067808,0,1,1,15.6000003814697,NA,0,3.16,"Carni.",1,"DD"
9032,"Teleogramma depressa",9335.71281336562,NA,NA,0,NA,NA,NA,NA,NA,1,NA
9034,"Nothobranchius makondorum",27767.5894255572,1,1,0,NA,NA,NA,NA,NA,1,"LC"
9036,"Pseudobarbus verloreni",943.230554847923,1,0,0,7.07999992370605,NA,0,NA,NA,3,"EN"
9038,"Clypeobarbus pseudognathodon",62796.5251165841,1,1,0,NA,NA,NA,NA,NA,1,"NT"
9039,"Clarias jaensis",549278.671767151,1,1,0,NA,NA,NA,NA,NA,1,"LC"
9041,"Labeobarbus reinii",21187.9684273899,1,0,0,NA,NA,NA,NA,NA,2,"EX"
9044,"Enteromius wellmani",1679.7774055239,1,0,0,NA,NA,NA,NA,NA,2,"DD"
9046,"Barboides gracilis",66012.6688382738,1,0,0,1.79999995231628,NA,0,2,"Herbi.",1,"VU"
9050,"Haplochromis pundamilia",75275.99539497,0,1,1,12.4200000762939,"of no interest",0,3.68,"Carni.",1,"LC"
9051,"Nothobranchius oestergaardi",595.905759098961,0,1,1,3.1800000667572,NA,0,NA,NA,1,"EN"
9054,"Gymnallabes nops",9171.17701506704,1,1,0,NA,NA,NA,NA,NA,1,"VU"
9057,"Tetraodon duboisi",3948.6275505585,1,1,0,NA,NA,NA,NA,NA,1,"DD"
9064,"Nothobranchius rosenstocki",4958.57828925981,1,1,0,4.48999977111816,NA,0,NA,NA,3,"VU"
9065,"Phractura lindica",250160.146399086,1,1,0,NA,NA,NA,NA,NA,1,"LC"
9073,"Favonigobius reichei",173342.832038766,1,0,0,8.30000019073486,"of no interest",1,NA,NA,1,"LC"
9074,"Mormyrus subundulatus",47017.5461810551,1,1,0,NA,NA,NA,NA,NA,1,"VU"
9077,"Campylomormyrus bredoi",5099.84750716768,0,1,1,NA,NA,NA,NA,NA,1,"VU"
9078,"Enteromius lornae",3292.56504806354,1,1,0,NA,NA,NA,NA,NA,3,"DD"
9082,"Melanochromis mossambiquensis",83.9468206076889,0,1,1,NA,NA,NA,NA,NA,1,"NT"
9083,"Ctenopoma maculatum",302414.299358278,1,1,0,NA,NA,NA,NA,NA,1,"LC"
9085,"Tropheus moorii",33012.5919769452,0,1,1,14.5,"commercial",0,NA,NA,1,"LC"
9087,"Rhamphochromis longiceps",6876.2660956166,0,1,1,28,"commercial",0,3.83,"Carni.",1,"VU"
9089,"Parauchenoglanis altipinnis",73869.2856835807,1,1,0,NA,NA,NA,NA,NA,1,"LC"
9094,"Clupeocharax schoutedeni",12475.7681682186,0,1,1,NA,NA,NA,NA,NA,1,"VU"
9095,"Enteromius parajae",112754.303979044,1,1,0,4.15000009536743,NA,0,NA,NA,1,"LC"
9101,"Lacustricola moeruensis",170940.836844435,1,1,0,4,NA,0,NA,NA,3,"LC"
9104,"Fundulopanchax scheeli",2483.64665496887,1,1,0,NA,NA,NA,NA,NA,1,"CR"
9105,"Sargochromis codringtonii",449379.470821936,1,1,0,39,"commercial",0,3.09,"Carni.",2,"LC"
9109,"Labeobarbus osseensis",2946.00893117719,0,1,1,26.3999996185303,NA,0,2.62,"Omni.",1,"VU"
9111,"Labidochromis textilis",673.71997889476,0,1,1,NA,NA,NA,NA,NA,1,"LC"
9113,"Opsaridium engrauloides",429.040622161205,1,1,0,NA,NA,NA,NA,NA,1,"DD"
9120,"Bathygobius fuscus",22790.8478875132,1,0,0,12,"minor commercial",1,NA,NA,1,"LC"
9121,"Alcolapia latilabris",3181.61248734789,NA,NA,0,NA,NA,NA,NA,NA,1,NA
9122,"Lestradea stappersii",33012.5919769452,0,1,1,11.6999998092651,"commercial",0,3.5,"Carni.",1,"LC"
9126,"Nothobranchius willerti",172.005120136978,0,1,1,NA,NA,NA,NA,NA,1,"VU"
9127,"Parananochromis gabonicus",65468.1633507259,NA,NA,0,NA,NA,NA,NA,NA,1,"LC"
9129,"Labeobarbus jubbi",66985.4305829259,1,1,0,NA,NA,NA,NA,NA,1,"DD"
9130,"Haplochromis microchrysomelas",2837.93065776997,0,1,1,8.30000019073486,NA,0,NA,NA,3,"LC"
9131,"Chiloglanis marlieri",2838.33861557658,1,1,0,NA,NA,NA,NA,NA,1,"DD"
9132,"Fundulopanchax puerzli",16554.5580078959,1,1,0,NA,NA,NA,NA,NA,1,"LC"
9133,"Copadichromis trimaculatus",11053.5608411534,0,1,1,NA,NA,NA,NA,NA,1,"LC"
9139,"Labeobarbus wittei",22125.5333928797,1,1,0,NA,NA,NA,NA,NA,1,"DD"
9141,"Cyprichromis leptosoma",33354.7184506497,0,1,1,11,"commercial",0,3.5,"Carni.",1,"LC"
9144,"Ctenopoma petherici",3221552.46862059,1,1,0,17.3999996185303,NA,0,3.16,"Carni.",1,"LC"
9146,"Labeo roseopunctatus",38778.7741897674,1,1,0,NA,NA,NA,NA,NA,1,"LC"
9148,"Phenacogrammus bleheri",4295.8231520651,1,1,0,NA,NA,NA,NA,NA,1,"DD"
9149,"Labeobarbus habereri",99600.1283854107,1,1,0,NA,NA,NA,NA,NA,1,"LC"
9152,"Fundulopanchax robertsoni",2489.10638311524,0,1,1,NA,NA,NA,NA,NA,1,"DD"
9155,"Pseudotropheus perspicax",253.549496086174,0,1,1,NA,NA,NA,NA,NA,1,"LC"
9157,"Pollimyrus maculipinnis",2824.44411094468,1,1,0,NA,NA,NA,NA,NA,1,"DD"
9160,"Enteromius turkanae",8414.7713261449,0,1,1,NA,NA,NA,NA,NA,2,"VU"
9166,"Enteromius melanotaenia",3667.09216418555,1,0,0,NA,NA,NA,NA,NA,1,"CR"
9167,"Steatocranus gibbiceps",38821.8620647234,1,1,0,NA,NA,NA,NA,NA,1,"LC"
9169,"Gambusia affinis",86.0271647393956,1,1,0,5.09999990463257,"minor commercial",0,3.22,"Carni.",NA,"LC"
9171,"Chrysichthys laticeps",422648.384032909,1,1,0,NA,NA,NA,NA,NA,1,"LC"
9174,"Pseudosimochromis margaretae",34890.675799273,0,1,1,8.14999961853027," ",0,2,"Herbi.",1,NA
9178,"Lethrinops macrochir",3340.0763358163,0,1,1,NA,NA,NA,NA,NA,1,"LC"
9181,"Gnathochromis permaxillaris",33354.7184506497,0,1,1,NA,NA,NA,NA,NA,1,"LC"
9183,"Epiplatys esekanus",15718.5055702612,1,0,0,NA,NA,NA,NA,NA,1,"LC"
9184,"Haplochromis chilotes",70201.9485614657,0,1,1,14.8000001907349,NA,0,3.2,"Carni.",1,"LC"
9187,"Labeobarbus batesii",278483.131507728,1,1,0,NA,NA,NA,NA,NA,1,"LC"
9190,"Aphyosemion bitaeniatum",265674.684449864,1,1,0,NA,NA,NA,NA,NA,1,"LC"
9195,"Kneria ansorgii",2546.77383606627,1,1,0,NA,NA,NA,NA,NA,1,"DD"
9203,"Microsynodontis hirsuta",7482.53494238609,1,0,0,6.80000019073486,NA,0,NA,NA,1,"DD"
9204,"Papyrocranus afer",1190474.63390969,1,1,0,80,"subsistence fisheries",0,3.15,"Carni.",1,"LC"
9206,"Campylomormyrus luapulaensis",44881.3759882122,1,1,0,NA,NA,NA,NA,NA,3,"DD"
9207,"Xenotilapia leptura",33012.5919769452,0,1,1,11,"commercial",0,2,"Herbi.",1,"LC"
9210,"Coptodon kottae",1801.32606590871,0,1,1,NA,NA,NA,NA,NA,1,"EN"
9211,"Tylochromis lateralis",803243.797519288,1,1,0,26,NA,0,3.08,"Carni.",1,"LC"
9212,"Zaireichthys wamiensis",49198.2485139009,1,0,0,NA,NA,NA,NA,NA,1,"VU"
9218,"Gymnarchus niloticus",409866.908988173,1,1,0,167,"commercial",0,3.71,"Carni.",2,"LC"
9221,"Mormyrops batesianus",429.989436959037,1,1,0,NA,NA,NA,NA,NA,1,"DD"
9222,"Labeobarbus gorgorensis",2946.00893117719,0,1,1,61.7999992370605,NA,0,3.22,"Carni.",1,"DD"
9223,"Nothobranchius luekei",597.622345063263,1,1,0,NA,NA,NA,NA,NA,1,"EN"
9224,"Campylomormyrus rhynchophorus",838814.660183962,1,1,0,NA,NA,NA,NA,NA,1,"LC"
9227,"Dormitator lebretonis",836288.829024521,1,1,0,12.3999996185303,"of no interest",1,2.47,"Omni.",1,"LC"
9229,"Monodactylus argenteus",8189.33675318414,1,0,0,27,"minor commercial",1,3.13,"Carni.",1,"LC"
9230,"Haplochromis laparogramma",70201.9485614657,0,1,1,8.5,NA,0,3.3,"Carni.",1,"LC"
9234,"Parachanna africana",143216.895834303,1,0,0,NA,NA,NA,NA,NA,1,"LC"
9237,"Nothobranchius flagrans",169.182086499315,1,1,0,NA,NA,NA,NA,NA,3,"EN"
9239,"Aulonocara brevirostre",2510.09468586416,NA,NA,0,NA,NA,NA,NA,NA,1,NA
9242,"Distichodus altus",314913.259883961,1,1,0,NA,NA,NA,NA,NA,1,"LC"
9248,"Micralestes ambiguus",4295.8231520651,1,1,0,NA,NA,NA,NA,NA,1,"DD"
9255,"Microctenopoma ocellifer",48240.3530419572,1,1,0,NA,NA,NA,NA,NA,1,"LC"
9259,"Lamnostoma orientalis",510852.39826373,1,0,0,NA,NA,NA,NA,NA,2,"LC"
9261,"Phractura longicauda",275232.335757007,NA,NA,0,NA,NA,NA,NA,NA,1,"LC"
9265,"Labeo umbratus",545162.117920622,1,1,0,50,"commercial",0,2.77,"Omni.",2,"LC"
9266,"Distichodus sexfasciatus",821185.900004875,1,1,0,76,"commercial",0,2.79,"Omni.",1,"LC"
9267,"Enteromius taeniurus",27674.3936060789,1,1,0,NA,NA,NA,NA,NA,1,"VU"
9268,"Parailia congica",581864.474052057,1,1,0,9,NA,0,3.2,"Carni.",1,"LC"
9269,"Epiplatys fasciolatus",158121.693401304,1,1,0,NA,NA,NA,NA,NA,1,"LC"
9275,"Synodontis macrops",20193.3216744825,1,0,0,NA,NA,NA,NA,NA,1,"DD"
9276,"Labeobarbus intermedius",93617.3405586623,1,1,0,NA,NA,NA,NA,NA,1,"LC"
9278,"Eleotris daganensis",983247.147933203,1,1,0,NA,NA,NA,NA,NA,1,"LC"
9279,"Arius gigas",946605.923202641,1,1,0,NA,NA,NA,NA,NA,1,"DD"
9280,"Bagrus urostigma",87483.0813855579,1,0,0,NA,NA,NA,NA,NA,1,"DD"
9281,"Steatocranus tinanti",36958.546873683,1,1,0,NA,NA,NA,NA,NA,1,"LC"
9283,"Lamprichthys tanganicanus",33865.6245571029,1,1,0,NA,NA,NA,NA,NA,1,"LC"
9286,"Denticeps clupeoides",146176.902322442,1,0,0,15,NA,0,NA,NA,1,"VU"
9289,"Bathyclarias nyasensis",15957.7125646371,0,1,1,100,"commercial",0,3.73,"Carni.",1,"LC"
9291,"Oreochromis mweruensis",31676.422787262,1,1,0,23.7999992370605,NA,0,NA,NA,1,"LC"
9292,"Channallabes alvarezi",19697.1727312095,NA,NA,0,NA,NA,NA,NA,NA,1,"LC"
9294,"Enteromius innocens",138311.721785148,1,1,0,8,"commercial",0,2.41,"Omni.",1,"LC"
9295,"Synodontis acanthomias",712690.749649947,1,1,0,NA,NA,NA,NA,NA,1,"LC"
9296,"Lacustricola macrurus",135589.827528527,1,0,0,5,NA,0,NA,NA,2,NA
9298,"Enteromius stauchi",19828.0781251556,NA,NA,0,NA,NA,NA,NA,NA,1,"EN"
9306,"Haplochromis prodromus",70029.8147067808,0,1,1,13,NA,0,3.4,"Carni.",1,"DD"
9307,"Exochochromis anagenys",6876.2660956166,0,1,1,20,"commercial",0,4.2,"Carni.",1,"LC"
9308,"Enteromius brazzai",400046.657779021,1,1,0,NA,NA,NA,NA,NA,1,"LC"
9310,"Mylochromis mollis",586.843871410294,0,1,1,NA,NA,NA,NA,NA,1,"LC"
9311,"Stigmatochromis woodi",6876.2660956166,0,1,1,25,"commercial",0,4.2,"Carni.",1,"LC"
9314,"Bryconaethiops microstoma",1238021.13815083,1,1,0,NA,NA,NA,NA,NA,1,"LC"
9315,"Amphilius mamonekenensis",12444.2569832423,1,0,0,NA,NA,NA,NA,NA,1,"VU"
9316,"Haplochromis cavifrons",70201.9485614657,0,1,1,19.5,NA,0,4.2,"Carni.",1,"DD"
9319,"Microctenopoma pekkolai",64813.509340937,NA,NA,0,NA,NA,NA,NA,NA,1,"DD"
9320,"Amphilius korupi",10894.235848234,1,0,0,NA,NA,NA,NA,NA,1,"EN"
9328,"Nimbochromis linni",4694.31397546243,0,1,1,25,"commercial",0,4.2,"Carni.",1,"LC"
9329,"Oreochromis macrochir",1184987.02150882,1,1,0,43,"commercial",0,2.21,"Omni.",2,"VU"
9332,"Microsynodontis christyi",474472.460291362,NA,NA,0,NA,NA,NA,NA,NA,1,"LC"
9333,"Microctenopoma damasi",91594.8042058683,1,0,0,NA,NA,NA,NA,NA,1,"LC"
9338,"Tyrannochromis macrostoma",4694.31397546243,0,1,1,30,"commercial",0,4.2,"Carni.",1,"LC"
9341,"Enteromius vanderysti",26626.1439773443,NA,NA,0,NA,NA,NA,NA,NA,1,NA
9342,"Schilbe mystus",2401498.43609808,1,1,0,35,"commercial",0,3.28,"Carni.",1,"LC"
9345,"Labidochromis lividus",84.1614107759323,0,1,1,NA,NA,NA,NA,NA,1,"LC"
9348,"Synodontis guttatus",14866.7627290481,0,1,1,NA,NA,NA,NA,NA,1,"CR"
9351,"Oreochromis squamipinnis",3184.27816742153,1,1,0,36,"commercial",0,2.14,"Herbi.",1,"CR"
9352,"Clypeobarbus congicus",256132.131516663,1,1,0,NA,NA,NA,NA,NA,1,"LC"
9354,"Dicentrarchus labrax",201434.224036293,1,0,0,103,"commercial",1,3.47,"Carni.",2,"LC"
9357,"Atopochilus mandevillei",14073.5176193708,1,1,0,NA,NA,NA,NA,NA,1,"DD"
9359,"Enteromius taeniopleura",168414.872731069,1,1,0,NA,NA,NA,NA,NA,1,"LC"
9362,"Nothobranchius eggersi",3582.04785520588,1,1,0,NA,NA,NA,NA,NA,1,"LC"
9368,"Parailia pellucida",1715528.54347492,1,1,0,12,"commercial",0,3.45,"Carni.",1,"LC"
9369,"Fundulopanchax gresensi",7193.91699219597,NA,NA,0,NA,NA,NA,NA,NA,1,"DD"
9372,"Citharinus gibbosus",753850.824768964,1,1,0,NA,NA,NA,NA,NA,1,"LC"
9376,"Marcusenius devosi",69245.0388400855,1,0,0,NA,NA,NA,NA,NA,1,"NT"
9379,"Petrocephalus schoutedeni",244944.253255989,1,1,0,NA,NA,NA,NA,NA,1,"LC"
9384,"Enteromius trimaculatus",1109964.12654628,1,1,0,15,"commercial",0,3.22,"Carni.",2,"LC"
9386,"Labeobarbus johnstonii",104924.837785781,1,1,0,50,"commercial",0,2,"Herbi.",3,"LC"
9389,"Cyclopharynx fwae",12494.2914183932,1,1,0,NA,NA,NA,NA,NA,1,"LC"
9391,"Pellonula leonensis",3365833.85284635,1,1,0,12.1000003814697,"minor commercial",1,3.29999995231628,"Carni.",1,"LC"
9392,"Aphyosemion dargei",13194.6327138679,NA,NA,0,NA,NA,NA,NA,NA,1,"VU"
9393,"Placidochromis nkhotakotae",167.754756607819,0,1,1,NA,NA,NA,NA,NA,1,"DD"
9394,"Crenimugil buchanani",300736.004820018,1,0,0,100,"commercial",1,2.22,"Omni.",1,NA
9397,"Mormyrus macrocephalus",78171.0648805117,1,1,0,NA,NA,NA,NA,NA,1,"VU"
9399,"Labeo camerunensis",56097.3404999324,NA,NA,0,NA,NA,NA,NA,NA,1,"LC"
9400,"Paramormyrops kingsleyae",226173.260332094,1,0,0,NA,NA,NA,NA,NA,1,"LC"
9403,"Microthrissa whiteheadi",77525.9295462535,1,1,0,NA,NA,NA,NA,NA,1,"LC"
9404,"Epiplatys bifasciatus",2471140.19398596,1,1,0,NA,NA,NA,NA,NA,1,"LC"
9407,"Leptocypris modestus",427232.847467338,1,1,0,NA,NA,NA,NA,NA,1,"LC"
9410,"Aphyosemion louessense",35920.1589723294,1,0,0,NA,NA,NA,NA,NA,1,"VU"
9416,"Lichnochromis acuticeps",2683.74261882117,0,1,1,NA,NA,NA,NA,NA,1,"LC"
9417,"Lamprologus ornatipinnis",33012.5919769452,0,1,1,NA,NA,NA,NA,NA,1,"LC"
9419,"Chanos chanos",9858.6599157916,1,1,0,180,"highly commercial",1,2.59,"Omni.",2,"LC"
9421,"Enteromius barotseensis",741406.354714095,1,1,0,5,"of potential interest",0,NA,NA,3,"LC"
9424,"Pollimyrus petherici",193004.745709027,1,1,0,NA,NA,NA,NA,NA,2,"LC"
9435,"Tylochromis robertsi",477339.940784077,1,1,0,21.1000003814697,NA,0,2.44,"Omni.",1,"LC"
9436,"Hydrocynus vittatus",3731467.69133885,1,1,0,105,"commercial",0,3.93,"Carni.",1,"LC"
9437,"Haplochromis pseudopellegrini",70029.8147067808,0,1,1,15,NA,0,4.2,"Carni.",1,"DD"
9438,"Nothobranchius ruudwildekampi",1024.51389670026,1,1,0,2.49000000953674,NA,0,NA,NA,1,"VU"
9440,"Fundulopanchax rubrolabialis",10636.7017350887,1,1,0,NA,NA,NA,NA,NA,1,"EN"
9441,"Neobola stellae",8758.08952918663,0,1,1,NA,NA,NA,NA,NA,2,"LC"
9446,"Scriptaphyosemion chaytori",35044.6540581911,1,1,0,NA,NA,NA,NA,NA,1,"VU"
9447,"Clarias dhonti",166333.183954518,1,1,0,NA,NA,NA,NA,NA,1,"LC"
9449,"Steatocranus bleheri",8174.12430357927,1,1,0,NA,NA,NA,NA,NA,3,"DD"
9451,"Enteromius yongei",137446.344983826,1,1,0,5.59999990463257,NA,0,2.3,"Omni.",1,"LC"
9452,"Platyclarias machadoi",7652.5934798573,1,1,0,NA,NA,NA,NA,NA,1,"DD"
9453,"Labeobarbus macrolepis",174204.534099668,1,1,0,NA,NA,NA,NA,NA,1,"NT"
9455,"Mormyrops anguilloides",2742295.02311893,1,1,0,150,"commercial",0,3.77,"Carni.",1,"LC"
9459,"Enteromius mediosquamatus",50010.7481289231,1,1,0,NA,NA,NA,NA,NA,1,"DD"
9462,"Chetia brevicauda",60841.8651289638,1,0,0,12.5,NA,0,NA,NA,1,"LC"
9464,"Chrysichthys brevibarbis",205889.491551398,1,1,0,NA,NA,NA,NA,NA,1,"LC"
9465,"Aphyosemion franzwerneri",27111.4098473989,1,1,0,NA,NA,NA,NA,NA,1,"EN"
9466,"Tylochromis elongatus",35266.7178258257,1,1,0,15.3000001907349,NA,0,2.65,"Omni.",1,"DD"
9468,"Alestes ansorgii",20115.4981059968,1,1,0,NA,NA,NA,NA,NA,1,"LC"
9471,"Carasobarbus moulouyensis",87309.0848855475,1,0,0,NA,NA,NA,NA,NA,3,"LC"
9475,"Haplochromis cinctus",70201.9485614657,0,1,1,8.80000019073486,NA,0,2,"Herbi.",1,"CR"
9476,"Haplochromis scheffersi",2837.93065776997,0,1,1,8.5,NA,0,NA,NA,3,"LC"
9480,"Ephippus goreensis",3908.40239071528,1,0,0,30,"minor commercial",1,3.45,"Carni.",1,"LC"
9481,"Clariallabes uelensis",130581.886359654,1,1,0,NA,NA,NA,NA,NA,1,"LC"
9482,"Doumea gracila",41254.638785791,NA,NA,0,NA,NA,NA,NA,NA,1,"VU"
9483,"Brycinus bimaculatus",876061.474734945,NA,NA,0,NA,NA,NA,NA,NA,1,NA
9484,"Limbochromis robertsi",23438.5616850215,1,0,0,NA,NA,NA,NA,NA,1,"EN"
9487,"Haplochromis mbipi",72008.7472782697,0,1,1,13.0600004196167,NA,0,2.58,"Omni.",1,"LC"
9490,"Chiloglanis carnosus",17056.9636145755,1,1,0,NA,NA,NA,NA,NA,1,"NT"
9491,"Ctenopharynx pictus",4694.31397546243,0,1,1,12.6000003814697,"commercial",0,3,"Carni.",1,"LC"
9492,"Kneria wittei",208038.957747166,1,1,0,NA,NA,NA,NA,NA,1,"LC"
9493,"Labidochromis maculicauda",422.101536995476,0,1,1,6.40000009536743,"commercial",0,3.35,"Carni.",1,"LC"
9495,"Marcusenius ussheri",566726.020661404,1,0,0,NA,NA,NA,NA,NA,1,"LC"
9498,"Paramphilius baudoni",153850.70555793,1,1,0,NA,NA,NA,NA,NA,1,"LC"
9499,"Chrysichthys nyongensis",15460.411232987,NA,NA,0,NA,NA,NA,NA,NA,1,"VU"
9500,"Bagrus docmak",826113.69276976,1,1,0,127,"commercial",0,4.08,"Carni.",1,"LC"
9504,"Sciaenochromis fryeri",6876.2660956166,0,1,1,11.5,NA,0,4.2,"Carni.",1,"LC"
9507,"Synodontis ricardoae",72714.2791921898,1,1,0,NA,NA,NA,NA,NA,1,"LC"
9513,"Mylochromis plagiotaenia",2003.75733240314,0,1,1,NA,NA,NA,NA,NA,1,"LC"
9518,"Micralestes occidentalis",825797.330774132,1,0,0,NA,NA,NA,NA,NA,1,"LC"
9523,"Benitochromis ufermanni",10114.652550309,1,0,0,NA,NA,NA,NA,NA,1,"EN"
9524,"Garra duobarbis",8212.55202130936,1,1,0,6.67999982833862,"of no interest",0,NA,NA,1,"VU"
9526,"Epiplatys ansorgii",209971.74159737,1,0,0,NA,NA,NA,NA,NA,1,"LC"
9528,"Micralestes pabrensis",187466.281287008,1,1,0,NA,NA,NA,NA,NA,1,"LC"
9529,"Labidochromis shiranus",1502.68297701508,1,1,0,NA,NA,NA,NA,NA,1,"LC"
9530,"Sanagia velifera",156257.238705418,1,0,0,NA,NA,NA,NA,NA,1,"NT"
9531,"Clarias salae",361755.333464727,1,1,0,NA,NA,NA,NA,NA,1,"LC"
9532,"Brycinus intermedius",68336.0278997945,NA,NA,0,NA,NA,NA,NA,NA,1,NA
9533,"Aphyosemion bualanum",52198.3705046744,1,1,0,NA,NA,NA,NA,NA,1,"LC"
9536,"Ambassis natalensis",264997.84404839,1,1,0,10,"of no interest",1,3.42,"Carni.",1,"LC"
9546,"Mastacembelus shiloangoensis",12859.0944541663,1,0,0,14.3999996185303,NA,0,NA,NA,1,"DD"
9547,"Pseudotropheus williamsi",84.1614107759323,0,1,1,16.5,"commercial",0,3.37,"Carni.",1,"NT"
9549,"Enteromius loveridgii",13421.3107293717,1,0,0,NA,NA,NA,NA,NA,3,"VU"
9553,"Mchenga thinos",6876.2660956166,0,1,1,7.84000015258789,NA,0,3.4,"Carni.",1,"LC"
9554,"Ambassis gymnocephalus",36933.646397756,1,1,0,16,"minor commercial",1,3.91,"Carni.",3,"LC"
9556,"Trematocara kufferathi",33012.5919769452,0,1,1,NA,NA,NA,NA,NA,1,"LC"
9557,"Glossogobius giuris",9860.131620882,1,1,0,50,"minor commercial",1,3.57,"Carni.",3,"LC"
9561,"Bathyaethiops greeni",118041.572242483,1,1,0,NA,NA,NA,NA,NA,1,"LC"
9569,"Haplochromis chrysogynaion",70201.9485614657,0,1,1,9.13000011444092,NA,0,4.2,"Carni.",1,"DD"
9570,"Haplochromis maculipinna",70201.9485614657,1,1,0,16.6000003814697,NA,0,3.87,"Carni.",1,"DD"
9572,"Opsaridium microlepis",108323.478212919,1,1,0,47,"commercial",0,NA,NA,3,"VU"
9576,"Petrochromis famula",34890.675799273,0,1,1,15.1000003814697,"commercial",0,2,"Herbi.",1,"LC"
9577,"Chiloglanis harbinger",5241.38279962411,NA,NA,0,NA,NA,NA,NA,NA,1,"VU"
9578,"Microthrissa royauxi",460767.576914054,1,1,0,9.89999961853027,"subsistence fisheries",0,NA,NA,1,"LC"
9581,"Distichodus antonii",581652.097429274,1,1,0,55,NA,0,NA,NA,1,"LC"
9583,"Bostrychus africanus",621825.61246727,1,1,0,NA,NA,NA,NA,NA,1,"LC"
9585,"Enteromius evansi",22311.30634913,1,1,0,NA,NA,NA,NA,NA,2,"LC"
9586,"Rhamphochromis esox",6876.2660956166,0,1,1,42,"commercial",0,4.2,"Carni.",1,"VU"
9589,"Schilbe laticeps",512486.822380873,1,1,0,NA,NA,NA,NA,NA,1,"LC"
9592,"Labeo nunensis",139339.083562357,NA,NA,0,NA,NA,NA,NA,NA,1,"LC"
9593,"Bathyclarias longibarbis",20532.2922109818,0,1,1,NA,NA,NA,NA,NA,1,"LC"
9595,"Clarias angolensis",1108213.25563189,1,1,0,35," ",0,3.25,"Carni.",1,"LC"
9596,"Epiplatys chevalieri",714117.610694615,1,1,0,NA,NA,NA,NA,NA,1,"LC"
9597,"Raiamas christyi",718873.43070295,1,1,0,NA,NA,NA,NA,NA,1,"LC"
9599,"Chiloglanis angolensis",9228.65480610694,1,1,0,NA,NA,NA,NA,NA,1,"DD"
9601,"Enteromius tomiensis",5479.05339432017,1,1,0,NA,NA,NA,NA,NA,1,"DD"
9602,"Citharinus eburneensis",270554.011446039,1,1,0,NA,NA,NA,NA,NA,1,"LC"
9605,"Synodontis khartoumensis",63391.1651106958,1,1,0,NA,NA,NA,NA,NA,2,"DD"
9610,"Marcusenius caudisquamatus",377.681731883932,1,0,0,25.5,NA,0,NA,NA,3,"EN"
9612,"Chetia mola",47807.5119351972,1,1,0,NA,NA,NA,NA,NA,3,"EN"
9613,"Labeobarbus longifilis",6795.48120062974,1,1,0,NA,NA,NA,NA,NA,1,"DD"
9615,"Poropanchax brichardi",113806.03950658,NA,NA,0,NA,NA,NA,NA,NA,1,NA
9618,"Marcusenius livingstonii",519688.617367391,1,1,0,NA,NA,NA,NA,NA,1,"LC"
9619,"Limnothrissa miodon",38198.5153559517,0,1,1,17,"commercial",0,2.71,"Omni.",1,"LC"
9621,"Neolamprologus crassus",34890.675799273,0,1,1,NA,NA,NA,NA,NA,1,"LC"
9623,"Copadichromis melas",84.0822731726227,0,1,1,NA,NA,NA,NA,NA,1,"LC"
9626,"Tylochromis jentinki",440844.671936093,1,0,0,27,NA,0,2.65,"Omni.",1,"LC"
9628,"Labeo degeni",368176.941967014,1,0,0,NA,NA,NA,NA,NA,1,"LC"
9629,"Haplochromis turkanae",8328.83092852185,0,1,1,8.60000038146973,NA,0,3.5,"Carni.",2,"LC"
9633,"Enteromius amatolicus",34600.4703324986,1,0,0,NA,NA,NA,NA,NA,3,"DD"
9635,"Orthochromis malagaraziensis",6000.61670363593,1,0,0,NA,NA,NA,NA,NA,1,"VU"
9637,"Haplochromis spekii",70201.9485614657,0,1,1,22,NA,0,4.2,"Carni.",1,"DD"
9640,"Chiloglanis benuensis",12187.45744931,1,0,0,NA,NA,NA,NA,NA,1,"LC"
9641,"Haplochromis paropius",70029.8147067808,0,1,1,8.69999980926514,NA,0,2.29,"Omni.",1,"LC"
9642,"Dagetichthys lakdoensis",39886.760367219,1,0,0,NA,NA,NA,NA,NA,1,"LC"
9643,"Enteromius bagbwensis",25516.3409531026,1,0,0,NA,NA,NA,NA,NA,1,"CR"
9646,"Labeobarbus surkis",14718.6604068085,1,1,0,43,NA,0,2.89000010490417,"Carni.",1,"DD"
9648,"Zaireichthys dorae",19537.323085642,1,1,0,2.70000004768372,NA,0,NA,NA,1,"DD"
9649,"Dicentrarchus punctatus",4246.82395638508,1,0,0,70,"minor commercial",1,3.94,"Carni.",2,"LC"
9654,"Danakilia franchettii",5866.31675790706,0,1,1,7.40000009536743,NA,0,2,"Herbi.",2,"EN"
9655,"Aphyosemion decorsei",26140.8532141185,1,0,0,NA,NA,NA,NA,NA,1,"DD"
9657,"Istigobius ornatus",74418.4719932334,1,0,0,11,"commercial",1,4.3,"Carni.",2,"LC"
9658,"Nothobranchius melanospilus",67022.6650881762,1,1,0,5,"of no interest",0,3.25,"Carni.",1,"LC"
9659,"Labeo cylindricus",2015928.26727013,1,1,0,25,"commercial",0,2,"Herbi.",1,"LC"
9660,"Chiloglanis emarginatus",48801.6599405987,1,0,0,6.5,"minor commercial",0,3.2,"Carni.",3,"VU"
9661,"Malapterurus electricus",3788711.35745409,1,1,0,122,"subsistence fisheries",0,2.93,"Carni.",1,"LC"
9666,"Enteromius sublineatus",931006.447595991,1,1,0,8.52999973297119,NA,0,2.72,"Omni.",1,"LC"
9675,"Labeo nasus",339820.703185468,1,1,0,NA,NA,NA,NA,NA,1,"LC"
9676,"Hemibates stenosoma",33183.4448681446,0,1,1,30,"commercial",0,4.07,"Carni.",1,"LC"
9677,"Enteromius salessei",16650.1856674043,1,0,0,NA,NA,NA,NA,NA,1,"LC"
9689,"Anguilla bengalensis",5505711.28358033,1,1,0,200,"commercial",1,NA,NA,1,"NT"
9690,"Chiloglanis neumanni",11057.5782281821,1,0,0,6.5,"commercial",0,2.77,"Omni.",2,"DD"
9691,"Anguilla bicolor",4217296.66918757,1,1,0,123,"minor commercial",1,3.55,"Carni.",1,"NT"
9693,"Otopharynx auromarginatus",6876.2660956166,1,1,0,24.5,"commercial",0,2,"Herbi.",1,"LC"
9697,"Thoracochromis schwetzi",57441.6707966439,NA,NA,0,NA,NA,NA,NA,NA,1,NA
9698,"Salmo ferox",768.744904320587,1,1,0,80,NA,0,3.83,"Carni.",2,"DD"
9699,"Chiloglanis polypogon",10535.3004292425,1,0,0,NA,NA,NA,NA,NA,1,"NT"
9703,"Lacustricola myaposae",17099.5853747581,1,1,0,5.5," ",0,2.58,"Omni.",3,NA
9708,"Lates mariae",43584.4713272509,0,1,1,80,"commercial",0,4.19,"Carni.",1,"VU"
9709,"Benthochromis tricoti",33354.7184506497,0,1,1,16.5,"commercial",0,3.45,"Carni.",1,"LC"
9713,"Enteromius usambarae",2999.92462023346,0,1,1,NA,NA,NA,NA,NA,1,"LC"
9715,"Bathyaethiops caudomaculatus",292410.073241207,1,1,0,NA,NA,NA,NA,NA,1,"LC"
9716,"Chiloglanis cameronensis",110427.246680427,NA,NA,0,NA,NA,NA,NA,NA,1,"LC"
9717,"Spathodus marlieri",34890.675799273,0,1,1,NA,NA,NA,NA,NA,1,"LC"
9722,"Haplochromis dolichorhynchus",70201.9485614657,0,1,1,11.8999996185303,NA,0,3.4,"Carni.",1,"DD"
9723,"Epiplatys dageti",192135.759254006,1,1,0,NA,NA,NA,NA,NA,1,"LC"
9727,"Mastacembelus frenatus",876976.112576822,1,1,0,40,NA,0,3.87,"Carni.",1,"LC"
9728,"Eclectochromis lobochilus",29454.7533964954,NA,NA,0,NA,NA,NA,NA,NA,1,NA
9729,"Synodontis kogonensis",14021.218925461,1,0,0,NA,NA,NA,NA,NA,1,"VU"
9734,"Synodontis ruandae",6791.49875291069,1,1,0,NA,NA,NA,NA,NA,1,"VU"
9740,"Haplochromis phytophagus",79405.5495387361,0,1,1,8.60000038146973,"commercial",0,2,"Herbi.",1,"DD"
9741,"Neolamprologus olivaceous",34890.675799273,0,1,1,NA,NA,NA,NA,NA,1,"DD"
9745,"Hypseleotris cyprinoides",9281.70384132542,1,0,0,8,NA,1,3.2,"Carni.",3,"DD"
9746,"Haplochromis paraplagiostoma",70029.8147067808,0,1,1,NA,NA,NA,NA,NA,1,"DD"
9750,"Phractura stiassny",15726.6125996643,NA,NA,0,NA,NA,NA,NA,NA,1,"DD"
9751,"Enteromius clauseni",5807.60833749396,1,0,0,NA,NA,NA,NA,NA,1,"CR"
9752,"Uegitglanis zammaranoi",13182.5094100398,1,0,0,10.1000003814697,"of no interest",0,NA,NA,2,"VU"
9756,"Enteromius pseudotoppini",17928.3267485632,1,0,0,NA,NA,NA,NA,NA,1,"VU"
9759,"Chiloglanis niger",5901.51185005901,1,0,0,NA,NA,NA,NA,NA,1,"EN"
9761,"Nanochromis splendens",9335.71281336562,1,1,0,NA,NA,NA,NA,NA,1,"VU"
9762,"Labeobarbus polylepis",129436.937860239,1,0,0,58.5,"commercial",0,3.28,"Carni.",3,"LC"
9766,"Mastacembelus cunningtoni",33012.5919769452,1,1,0,58,"minor commercial",0,4.17,"Carni.",1,"LC"
9767,"Enteromius atakorensis",519086.835817733,1,0,0,NA,NA,NA,NA,NA,1,"LC"
9770,"Labeobarbus ensis",11614.5570844204,1,1,0,NA,NA,NA,NA,NA,2,"LC"
9774,"Aphyosemion kouamense",6711.78624527854,1,0,0,NA,NA,NA,NA,NA,1,"DD"
9775,"Mastacembelus ellipsifer",33012.5919769452,0,1,1,NA,NA,NA,NA,NA,1,"LC"
9776,"Nothobranchius kadleci",1697.83406860771,1,1,0,3.84999990463257,NA,0,NA,NA,1,"NT"
9778,"Polypterus delhezi",291995.107039474,1,1,0,44,"subsistence fisheries",0,3.19,"Carni.",1,"LC"
9780,"Clypeobarbus schoutedeni",16569.7623388055,1,1,0,NA,NA,NA,NA,NA,1,"DD"
9781,"Notoglanidium thomasi",13895.3505737183,1,0,0,NA,NA,NA,NA,NA,1,"VU"
9784,"Haplochromis gowersii",70201.9485614657,0,1,1,22.3999996185303,NA,0,4.2,"Carni.",1,"DD"
9785,"Placidochromis mbunoides",585.360219507317,0,1,1,NA,NA,NA,NA,NA,1,"LC"
9792,"Chelidonichthys kumu",6831.76075804417,1,0,0,60,"commercial",1,3.68,"Carni.",1,"LC"
9793,"Chiloglanis anoterus",72340.6277924546,1,0,0,9,"of no interest",0,3.2,"Carni.",3,"LC"
9796,"Xenotilapia burtoni",33012.5919769452,0,1,1,NA,NA,NA,NA,NA,1,"VU"
9798,"Haplochromis chlorochrous",70201.9485614657,0,1,1,12,NA,0,3.6,"Carni.",1,"DD"
9799,"Takifugu poecilonotus",388.064428565403,NA,NA,0,NA,NA,NA,NA,NA,2,"LC"
9800,"Hippopotamyrus harringtoni",53243.6649095889,1,1,0,NA,NA,NA,NA,NA,2,"LC"
9801,"Wheelerigobius maltzani",3564.19283049281,NA,NA,0,NA,NA,NA,NA,NA,1,"LC"
9802,"Amphilius caudosignatus",18492.5325220473,1,0,0,NA,NA,NA,NA,NA,1,"EN"
9803,"Hippichthys heptagonus",605728.624114118,1,0,0,15,"of no interest",0,NA,NA,1,"LC"
9804,"Enteromius subinensis",23438.5616850215,1,0,0,NA,NA,NA,NA,NA,1,"EN"
9805,"Buccochromis nototaenia",5110.68811328686,0,1,1,NA,NA,NA,NA,NA,1,"LC"
9806,"Aristochromis christyi",4694.31397546243,0,1,1,30,"commercial",0,4,"Carni.",1,"LC"
9809,"Labeo altivelis",934516.049844737,1,1,0,49,"subsistence fisheries",0,2,"Herbi.",1,"LC"
9810,"Synodontis leopardus",116140.497976878,1,0,0,NA,NA,NA,NA,NA,1,"DD"
9813,"Haplochromis riponianus",71836.6402717869,0,1,1,10.3999996185303,NA,0,3.2,"Carni.",1,"LC"
9815,"Parananochromis caudifasciatus",204279.962620332,1,1,0,NA,NA,NA,NA,NA,1,"LC"
9816,"Synodontis koensis",48063.7778758303,1,1,0,NA,NA,NA,NA,NA,1,"LC"
9817,"Irvineia voltae",10093.1360292358,1,0,0,NA,NA,NA,NA,NA,1,"EN"
9818,"Mastacembelus albomaculatus",33012.5919769452,0,1,1,NA,NA,NA,NA,NA,1,"LC"
9819,"Labeo trigliceps",22362.7108182391,1,0,0,NA,NA,NA,NA,NA,1,"VU"
9822,"Aphyosemion bivittatum",13196.5327101323,1,1,0,NA,NA,NA,NA,NA,1,"LC"
9824,"Labeobarbus mungoensis",96874.68761772,NA,NA,0,NA,NA,NA,NA,NA,1,"EN"
9828,"Enteromius leonensis",935829.619860425,1,0,0,NA,NA,NA,NA,NA,2,"LC"
9829,"Microctenopoma congicum",386190.46047218,1,1,0,NA,NA,NA,NA,NA,1,"LC"
9830,"Marcusenius angolensis",20748.0608709714,1,1,0,NA,NA,NA,NA,NA,2,"LC"
9832,"Syngnathus watermeyeri",3444.41986517403,1,0,0,NA,NA,NA,NA,NA,3,"CR"
9836,"Procatopus nototaenia",48054.3708256817,1,0,0,NA,NA,NA,NA,NA,1,"LC"
9837,"Synodontis haugi",209487.602371241,NA,NA,0,NA,NA,NA,NA,NA,1,"LC"
9838,"Rhexipanchax lamberti",33667.0028918941,1,0,0,4.5," ",0,NA,NA,1,"LC"
9842,"Labeobarbus bynni",859504.555630469,1,1,0,82,NA,0,3.1,"Carni.",2,"LC"
9843,"Nimbapanchax jeanpoli",7400.266704892,1,0,0,NA,NA,NA,NA,NA,1,"VU"
9844,"Labeobarbus mariae",152453.723807402,NA,NA,0,NA,NA,NA,NA,NA,1,"LC"
9846,"Phenacogrammus major",157120.114366385,1,1,0,NA,NA,NA,NA,NA,1,"LC"
9848,"Enteromius yeiensis",141171.608643823,1,1,0,NA,NA,NA,NA,NA,2,"DD"
9853,"Petrocephalus soudanensis",607045.092277143,1,1,0,NA,NA,NA,NA,NA,1,"LC"
9854,"Schilbe moebiusii",242774.204020986,1,0,0,NA,NA,NA,NA,NA,1,"LC"
9855,"Epiplatys phoeniceps",64880.9678563663,1,0,0,NA,NA,NA,NA,NA,1,"LC"
9857,"Bathybagrus platycephalus",33354.7184506497,NA,NA,0,NA,NA,NA,NA,NA,1,NA
9859,"Belonoglanis brieni",11407.8134765396,1,1,0,NA,NA,NA,NA,NA,1,"DD"
9861,"Protomelas pleurotaenia",6876.2660956166,0,1,1,14.1000003814697,"commercial",0,3.5,"Carni.",1,"LC"
9863,"Haplochromis bwathondii",75275.99539497,0,1,1,8.17000007629395,NA,0,NA,NA,1,"VU"
9864,"Engraulicypris ngalala",206782.975664051,1,1,0,5.09999990463257,NA,0,NA,NA,1,"LC"
9866,"Tylochromis aristoma",123608.853589798,1,1,0,19.2999992370605,NA,0,NA,NA,1,"LC"
9867,"Marcusenius ntemensis",45759.4020914385,NA,NA,0,NA,NA,NA,NA,NA,1,"VU"
9868,"Synodontis longirostris",293884.705865613,1,1,0,NA,NA,NA,NA,NA,1,"LC"
9869,"Altolamprologus compressiceps",33012.5919769452,0,1,1,12.3000001907349,NA,0,3.6,"Carni.",1,"LC"
9870,"Nannocharax ansorgii",1126479.98318849,1,1,0,NA,NA,NA,NA,NA,1,"LC"
9872,"Cyprinus multitaeniatus",6904.1190632954,1,1,0,NA,NA,NA,NA,NA,3,"NT"
9876,"Fundulopanchax powelli",4969.92438392964,0,1,1,NA,NA,NA,NA,NA,1,"CR"
9877,"Redigobius bikolanus",5148.45395743441,1,1,0,4.90000009536743,NA,1,3.27,"Carni.",2,"LC"
9879,"Haplochromis pappenheimi",16177.5782462457,1,1,0,8.75,NA,0,3.2,"Carni.",1,"LC"
9880,"Haplochromis paludinosus",9343.22823818839,NA,NA,0,NA,NA,NA,NA,NA,1,NA
9881,"Haplochromis flavus",70201.9485614657,0,1,1,11.8999996185303,NA,0,2.32,"Omni.",1,"LC"
9882,"Enteromius mocoensis",6402.61532995116,1,0,0,NA,NA,NA,NA,NA,2,"DD"
9885,"Anomalochromis thomasi",164176.395935334,1,0,0,NA,NA,NA,NA,NA,1,"LC"
9886,"Scardinius dergle",258.146720563579,1,1,0,NA,NA,NA,NA,NA,1,"NT"
9887,"Alestopetersius compressus",49447.4344793335,1,1,0,NA,NA,NA,NA,NA,1,"LC"
9889,"Synodontis eupterus",458443.515532318,1,1,0,30,"of no interest",0,2.65,"Omni.",1,"LC"
9898,"Lacustricola bukobanus",278602.606452934,0,1,1,5," ",0,NA,NA,1,NA
9899,"Nothobranchius microlepis",1117.55838738599,1,1,0,NA,NA,NA,NA,NA,2,"VU"
9903,"Enteromius deguidei",4904.99532727345,1,1,0,NA,NA,NA,NA,NA,1,"DD"
9904,"Haplochromis nuchisquamulatus",92052.5929186002,0,1,1,11.3000001907349,NA,0,2,"Herbi.",1,"DD"
9905,"Neolamprologus mondabu",34890.675799273,0,1,1,10.6999998092651,"commercial",0,NA,NA,1,"LC"
9906,"Boulengeromyrus knoepffleri",35617.081668657,NA,NA,0,NA,NA,NA,NA,NA,1,"LC"
9907,"Paramormyrops batesii",78674.069956662,NA,NA,0,NA,NA,NA,NA,NA,1,"DD"
9908,"Zaireichthys rotundiceps",28004.0083731941,1,0,0,3.78999996185303,"of potential interest",0,3.4,"Carni.",1,"DD"
9910,"Enteromius castrasibutum",5650.01813194222,1,1,0,NA,NA,NA,NA,NA,1,"DD"
9911,"Mochokiella paynei",7496.31417550267,1,0,0,NA,NA,NA,NA,NA,1,"LC"
9912,"Kribia nana",2287513.59524983,1,1,0,NA,NA,NA,NA,NA,1,"LC"
9914,"Neolamprologus sexfasciatus",34890.675799273,0,1,1,15,"commercial",0,NA,NA,1,"LC"
9922,"Ctenopoma kingsleyae",1620549.24336604,1,1,0,NA,NA,NA,NA,NA,1,"LC"
9923,"Scriptaphyosemion cauveti",6595.93156288051,1,0,0,NA,NA,NA,NA,NA,1,"VU"
9924,"Mastacembelus robertsi",151123.801609001,1,1,0,NA,NA,NA,NA,NA,1,"LC"
9926,"Labeo gregorii",163176.912693442,1,0,0,NA,NA,NA,NA,NA,1,"LC"
9927,"Labeo reidi",11960.7192714269,1,1,0,NA,NA,NA,NA,NA,1,"DD"
9929,"Raiamas nigeriensis",623260.115590609,1,0,0,NA,NA,NA,NA,NA,1,"LC"
9933,"Tropheus brichardi",33012.5919769452,0,1,1,NA,NA,NA,NA,NA,1,"LC"
9934,"Teleogramma monogramma",81083.5428908445,1,1,0,NA,NA,NA,NA,NA,1,"VU"
9936,"Coryogalops william",657.535502733389,1,0,0,NA,NA,NA,NA,NA,3,"LC"
9937,"Pomadasys jubelini",14272.6220555717,1,0,0,60,"minor commercial",1,3.63,"Carni.",1,"LC"
9940,"Nothobranchius polli",4225.91633329519,1,1,0,NA,NA,NA,NA,NA,1,"EN"
9943,"Phractura scaphyrhynchura",67645.3063847404,1,1,0,NA,NA,NA,NA,NA,1,"LC"
9945,"Oligolepis acutipennis",533038.748744024,1,1,0,15,"of no interest",1,3.95,"Carni.",1,"LC"
9947,"Telmatochromis dhonti",33012.5919769452,0,1,1,12,"commercial",0,3.5,"Carni.",1,"LC"
9949,"Protomelas labridens",3184.27816742153,1,1,0,18,"commercial",0,3.42,"Carni.",1,"LC"
9952,"Yirrkala tenuis",138482.254551002,1,0,0,NA,NA,NA,NA,NA,2,"LC"
9953,"Synodontis unicolor",111122.276087277,1,1,0,NA,NA,NA,NA,NA,3,"LC"
9955,"Enteromius unitaeniatus",1338051.48196161,1,1,0,14,"minor commercial",0,3.31,"Carni.",2,"LC"
9961,"Serranochromis angusticeps",786807.132206622,1,1,0,41,"commercial",0,4.5,"Carni.",3,"LC"
9964,"Ophthalmotilapia nasuta",34890.675799273,0,1,1,20,"commercial",0,NA,NA,1,"LC"
9966,"Labeobarbus tornieri",379713.272737294,NA,NA,0,NA,NA,NA,NA,NA,1,"LC"
9968,"Distichodus mossambicus",300405.291111082,1,1,0,57,"minor commercial",0,3.18,"Carni.",1,"LC"
9969,"Lacustricola nigrolateralis",46849.5176832779,NA,NA,0,NA,NA,NA,NA,NA,1,NA
9970,"Clarias nigromarmoratus",193639.166229294,1,1,0,NA,NA,NA,NA,NA,1,"LC"
9972,"Mastacembelus niger",1070105.25446723,1,1,0,NA,NA,NA,NA,NA,1,"LC"
9973,"Eleotris mauritiana",150034.902978008,1,1,0,NA,NA,NA,NA,NA,1,"LC"
9976,"Limnotilapia dardennii",33012.5919769452,1,1,0,26,"commercial",0,NA,NA,1,"LC"
9978,"Pseudobarbus tenuis",5594.43623734368,1,0,0,8,NA,0,2.57,"Omni.",2,"NT"
9980,"Astatotilapia calliptera",628671.879389832,1,1,0,15,"commercial",0,3.04,"Carni.",1,"LC"
9982,"Enteromius tetrastigma",36528.8798410748,1,1,0,NA,NA,NA,NA,NA,1,"DD"
9983,"Plectorhinchus gibbosus",501007.31883067,1,0,0,75,"commercial",1,4.01,"Carni.",1,"LC"
9985,"Placidochromis communis",84.3398314721336,0,1,1,NA,NA,NA,NA,NA,1,"LC"
9986,"Pseudotropheus crabro",4017.61455729774,0,1,1,9.39999961853027,"commercial",0,3.76,"Carni.",1,"LC"
9988,"Dolichamphilius brieni",10292.0493553879,1,1,0,NA,NA,NA,NA,NA,1,"VU"
9990,"Enteromius candens",336148.695242801,1,1,0,NA,NA,NA,NA,NA,1,"LC"
9991,"Nyassachromis leuciscus",1419.1099094656,0,1,1,16,"commercial",0,2.46,"Omni.",1,"DD"
9994,"Labeobarbus fasolt",232199.662385583,1,1,0,NA,NA,NA,NA,NA,1,"LC"
9995,"Neolamprologus wauthioni",34890.675799273,0,1,1,5.5," ",0,3.4,"Carni.",1,"DD"
9996,"Raiamas moorii",120169.164163569,1,1,0,NA,NA,NA,NA,NA,1,"LC"
9998,"Clypeobarbus bomokandi",35260.7121466332,1,1,0,NA,NA,NA,NA,NA,1,"DD"
9999,"Kneria auriculata",155439.183962456,1,1,0,NA,NA,NA,NA,NA,3,"LC"
10000,"Docimodus evelynae",4694.31397546243,0,1,1,20.1000003814697,"commercial",0,3.38,"Carni.",1,"LC"
10001,"Haplochromis parorthostoma",75275.99539497,0,1,1,NA,NA,NA,NA,NA,1,"DD"
10003,"Synodontis ouemeensis",136372.584542648,1,1,0,NA,NA,NA,NA,NA,1,"LC"
10005,"Acentrogobius nebulosus",3834.52075646902,1,0,0,18,NA,1,NA,NA,1,NA
10008,"Psammphiletria nasuta",6519.22319489193,1,1,0,NA,NA,NA,NA,NA,1,"DD"
10009,"Stomatorhinus humilior",272895.210147625,1,1,0,NA,NA,NA,NA,NA,1,"LC"
10013,"Mormyrus kannume",551290.983925896,1,1,0,100,"commercial",0,3.2,"Carni.",1,"LC"
10016,"Raiamas batesii",59693.6290896196,1,1,0,NA,NA,NA,NA,NA,1,"LC"
10021,"Brycinus tholloni",36347.1672694018,NA,NA,0,NA,NA,NA,NA,NA,1,NA
10022,"Perissodus eccentricus",34890.675799273,0,1,1,16.3999996185303," ",0,4.4,"Carni.",1,"DD"
10026,"Lacustricola jeanneli",38935.0378581571,NA,NA,0,NA,NA,NA,NA,NA,1,NA
10028,"Anguilla rostrata",914.534996287653,1,1,0,152,"commercial",1,3.62,"Carni.",2,"EN"
10029,"Leptocypris guineensis",29677.6465600797,1,0,0,NA,NA,NA,NA,NA,1,"LC"
10031,"Chetia brevis",48528.3813857822,1,1,0,15,NA,0,3.81,"Carni.",3,"EN"
10032,"Aulonocara trematocephalum",29454.7533964954,0,1,1,9,"commercial",0,3.45,"Carni.",1,"DD"
10033,"Melanochromis vermivorus",166.814105678833,0,1,1,7.40000009536743,"commercial",0,2.67,"Omni.",1,"NT"
10034,"Abudefduf bengalensis",1683.48228925654,0,0,0,17,"minor commercial",1,3.08,"Carni.",2,"LC"
10035,"Acanthocybium solandri",2604.82570558153,0,0,0,250,"commercial",1,4.45,"Carni.",1,"LC"
10036,"Albula vulpes",3717.55041518366,1,0,0,104,"minor commercial",1,3.66,"Carni.",1,"NT"
10037,"Amblycirrhitus bimacula",3202.7003734907,0,0,0,8.5,"commercial",1,NA,NA,1,"LC"
10038,"Gymnothorax undulatus",3277.65005704734,1,0,0,150,"minor commercial",1,4.32,"Carni.",1,"LC"
10039,"Haplochromis annectidens",16004.1584266989,0,1,1,6.69999980926514,NA,0,2,"Herbi.",1,"CR"
10040,"Haplochromis brownae",2839.85210169304,0,1,1,10.3999996185303,NA,0,3.87,"Carni.",1,"CR"
10041,"Haplochromis simpsoni",2065.69812165707,1,0,0,11.3999996185303,NA,0,3.2,"Carni.",1,"EN"
10042,"Haplochromis velifer",2409.91231275565,0,1,1,10.8000001907349,NA,0,3.2,"Carni.",1,"VU"
10043,"Hemicaranx amblyrhynchus",343.218438387513,1,0,0,50,"minor commercial",1,NA,NA,1,"LC"
10044,"Hemichromis guttatus",22496.9450437748,NA,NA,0,NA,NA,NA,NA,NA,1,NA
10045,"Hemiramphus brasiliensis",6918.78420651658,0,0,0,55,"minor commercial",1,2.8,"Carni.",1,"LC"
10046,"Hemiramphus far",1831.15851166763,0,0,0,45,"commercial",1,2.69,"Omni.",3,NA
10047,"Herklotsichthys quadrimaculatus",1101.27338035732,0,0,0,25,"minor commercial",1,3.26999998092651,"Carni.",2,"LC"
10049,"Lactoria cornuta",677.564871641111,1,0,0,46,"of no interest",1,3.5,"Carni.",2,"LC"
10050,"Leptoscarus vaigiensis",1547.4721850449,0,0,0,35.2000007629395,"commercial",1,2.27,"Omni.",1,"LC"
10051,"Lithognathus mormyrus",1864.93677355887,0,0,0,55,"minor commercial",1,3.53,"Carni.",2,"LC"
10052,"Lutjanus bohar",3303.30261240767,1,0,0,90,"commercial",1,3.61999988555908,"Carni.",2,"LC"
10053,"Lutjanus fulviflamma",10747.0779845367,1,0,0,50,"commercial",1,3.89,"Carni.",1,"LC"
10054,"Lutjanus griseus",2048.14066684581,0,0,0,89,"commercial",1,3.88,"Carni.",2,"LC"
10055,"Lutjanus monostigma",5263.57489276299,1,0,0,60,"commercial",1,4.27,"Carni.",2,"LC"
10056,"Lutjanus rivulatus",2690.65779383912,0,0,0,80,"commercial",1,4.04,"Carni.",1,"LC"
10057,"Macroramphosus scolopax",2604.82570558153,0,0,0,20,"commercial",1,3.47,"Carni.",1,"LC"
10058,"Micropterus henshalli",387.865927449787,1,0,0,NA,NA,NA,NA,NA,3,"LC"
10059,"Osteomugil cunnesius",588.19990316498,1,0,0,41,"commercial",1,2.41,"Omni.",3,NA
10060,"Muraenesox bagio",1581.41071012483,1,0,0,200,"commercial",1,3.99,"Carni.",3,"LC"
10061,"Muraenesox cinereus",4188.35467895879,1,1,0,220,"highly commercial",1,4.38,"Carni.",2,"LC"
10062,"Myrichthys ocellatus",2061.63398433433,0,0,0,110,"commercial",1,3.66,"Carni.",1,"LC"
10063,"Myripristis jacobus",860.540719979983,0,0,0,25,"minor commercial",1,3.63,"Carni.",1,"LC"
10066,"Ostorhinchus nigrofasciatus",3477.99737709597,0,0,0,10,NA,1,3.54,"Carni.",2,"LC"
10067,"Ostracion meleagris",3089.71827829719,0,0,0,25,"subsistence fisheries",1,2.71,"Omni.",1,"LC"
10068,"Otolithes ruber",223.920384187244,1,0,0,90,"commercial",1,4.06,"Carni.",3,"LC"
10071,"Parupeneus spilurus",367.95623878562,1,0,0,50,"commercial",1,NA,NA,2,"LC"
10072,"Petrocephalus arnegardi",5764.84169969557,NA,NA,0,NA,NA,NA,NA,NA,1,NA
10073,"Pisodonophis cancrivorus",367.95623878562,1,1,0,108,"minor commercial",1,NA,NA,2,"LC"
10074,"Plectroglyphidodon leucozonus",3257.62609274614,0,1,1,12,"of no interest",1,2,"Herbi.",2,"LC"
10075,"Pollimyrus isidori",13379.8321601581,1,1,0,10.3000001907349,"of no interest",0,2.61,"Omni.",1,"LC"
10076,"Polyprion americanus",2258.29441694751,0,0,0,210,"minor commercial",1,4.14,"Carni.",2,"DD"
10077,"Pomadasys maculatus",672.717961801336,0,0,0,59.2999992370605,"commercial",1,4.04,"Carni.",2,"LC"
10078,"Pomadasys perotaei",3535.64439889571,1,0,0,36,"commercial",1,3.31,"Carni.",2,"LC"
10079,"Porogobius schlegelii",8654.73163637045,1,1,0,18.8999996185303,NA,1,2.89,"Carni.",1,"LC"
10080,"Pristiapogon exostigma",3991.14644576492,0,0,0,12,NA,1,3.72,"Carni.",2,"LC"
10081,"Pseudocaranx dentex",2626.25065573313,1,0,0,122,"commercial",1,3.66,"Carni.",2,"LC"
10082,"Pteroscion peli",1629.00162865826,1,0,0,32,"commercial",1,3.56,"Carni.",1,"LC"
10083,"Pseudobatos lentiginosus",2483.82406564961,1,0,0,75,"subsistence fisheries",1,3.55,"Carni.",1,"VU"
10084,"Rhinobatos rhinobatos",4190.14462218611,1,0,0,185,"commercial",1,3.99,"Carni.",2,"CR"
10086,"Arothron stellatus",4674.38347693185,1,0,0,120,"of no interest",1,4.332,"Carni.",1,"LC"
10087,"Sardinella zunasi",367.95623878562,0,0,0,18,"highly commercial",1,3.12,"Carni.",2,"LC"
10088,"Sargocentron tiereoides",342.706163848224,0,0,0,19.5,NA,1,3.55,"Carni.",1,"LC"
10089,"Scartella cristata",3608.42972099439,0,1,1,12,"of no interest",1,3.24,"Carni.",1,"LC"
10090,"Sebastapistes strongia",3131.15791715408,0,0,0,9.5,"of no interest",1,NA,NA,2,"LC"
10091,"Secutor insidiator",367.95623878562,NA,NA,0,NA,NA,NA,NA,NA,2,NA
10092,"Seriola lalandi",641.404286577873,1,0,0,250,"minor commercial",1,3.85,"Carni.",3,"LC"
10093,"Siganus spinus",2606.94396883396,0,0,0,28,"minor commercial",1,2.04,"Herbi.",2,"LC"
10095,"Sphyraena barracuda",4202.19985411454,0,0,0,200,"minor commercial",1,4.5,"Carni.",2,"LC"
10096,"Sphyrna lewini",1666.043306158,0,0,0,430,"commercial",1,4.5,"Carni.",2,"CR"
10097,"Synaptura cadenati",3431.1758711232,0,0,0,35,"commercial",1,NA,NA,2,NA
10098,"Trachinocephalus myops",5925.94074006477,0,0,0,32.5999984741211,"minor commercial",1,4.17,"Carni.",2,"LC"
10099,"Thalassoma hardwicke",1547.4721850449,0,0,0,25,"minor commercial",1,3.5,"Carni.",1,"LC"
10100,"Thunnus obesus",2891.19533284866,0,0,0,250,"highly commercial",1,4.48,"Carni.",2,"VU"
10101,"Trachinotus falcatus",1633.14183568944,1,0,0,122,"commercial",1,3.5,"Carni.",1,"LC"
10102,"Trachinotus goodei",329.901877747454,0,0,0,50,"minor commercial",1,NA,NA,2,"LC"
10103,"Trachinotus goreensis",6246.60437977979,0,0,0,60,"minor commercial",1,NA,NA,1,"LC"
10104,"Trachurus trachurus",74.8674870249691,0,0,0,70,"highly commercial",1,4.18,"Carni.",3,"VU"
10105,"Trichiurus lepturus",2735.92952366797,0,0,0,234,"highly commercial",1,4.36,"Carni.",1,"LC"
10106,"Zalieutes elater",302.984366570295,0,0,0,15,NA,1,3.97,"Carni.",2,"LC"
10107,"Awaous lateristriga",1806.97950390392,1,1,0,13.9799995422363,NA,0,NA,NA,1,"LC"
10108,"Bathygobius laddi",1039.12676006229,0,0,0,5,NA,1,NA,NA,3,"LC"
10109,"Batrachoides liberiensis",5078.32084620862,1,0,0,46,"minor commercial",1,3.67,"Carni.",1,"LC"
10110,"Brachydeuterus auritus",6155.23946388002,0,0,0,30,"highly commercial",1,3.03,"Carni.",1,"NT"
10111,"Bryconaethiops yseuxi",26202.737826116,NA,NA,0,NA,NA,NA,NA,NA,1,NA
10112,"Caranx heberi",3118.34397025337,1,0,0,88,"minor commercial",1,4,"Carni.",1,"LC"
10113,"Carassius carassius",2739.39719099348,1,1,0,64,"highly commercial",0,3.11,"Carni.",2,"LC"
10115,"Centriscus scutatus",806.981412976535,0,0,0,17,"commercial",1,NA,NA,2,"LC"
10117,"Chaetodon auriga",4262.10564293282,1,0,0,25,"minor commercial",1,3.51,"Carni.",2,"LC"
10118,"Chaetodon melannotus",3133.87265370966,1,0,0,25,"commercial",1,3.47,"Carni.",2,"LC"
10119,"Chlorurus bleekeri",255.723275230169,1,0,0,49,"minor commercial",1,2,"Herbi.",1,"LC"
10120,"Clarias laeviceps",16515.7670695964,1,1,0,NA,NA,NA,NA,NA,1,"VU"
10121,"Conger cinereus",1847.31161376729,0,0,0,140,"commercial",1,4.34,"Carni.",1,"LC"
10122,"Cynoglossus senegalensis",5926.75766163642,1,0,0,66.5,"commercial",1,3.62,"Carni.",1,"NT"
10123,"Hemitrygon akajei",367.95623878562,1,0,0,200,"commercial",1,3.84,"Carni.",2,"NT"
10124,"Dendrochirus brachypterus",1270.59262971051,0,0,0,17,"subsistence fisheries",1,3.5,"Carni.",2,"LC"
10125,"Diplodus capensis",9781.00834861649,1,1,0,45,"minor commercial",1,2.7,"Omni.",2,"LC"
10126,"Elops senegalensis",1363.85163868896,1,0,0,90,"commercial",1,3.64,"Carni.",1,"DD"
10127,"Enchelycore nigricans",86.0271647393956,0,1,1,NA,NA,NA,NA,NA,NA,"LC"
10128,"Engraulis japonicus",367.95623878562,1,0,0,18,"highly commercial",1,2.74,"Omni.",2,"LC"
10129,"Ephippion guttifer",3427.34097514365,1,0,0,80,"commercial",1,3.55,"Carni.",1,"LC"
10130,"Epinephelus coioides",606.864655889656,1,0,0,120,"commercial",1,4.05,"Carni.",3,"LC"
10131,"Epinephelus fasciatus",18165.3676525865,0,0,0,52,"commercial",1,3.85,"Carni.",2,"LC"
10132,"Galeoides decadactylus",10032.6636875943,1,1,0,50,"commercial",1,3.57,"Carni.",1,"NT"
10133,"Gerres longirostris",1432.26715491166,1,0,0,44.5,"commercial",1,3.53,"Carni.",3,"LC"
10198,"Barbodes semifasciolatus",18909.1906875044,1,1,0,7,"highly commercial",0,2.77,"Omni.",3,"LC"
10201,"Apogon coccineus",672.717961801336,0,0,0,6,"commercial",1,3.5,"Carni.",2,"LC"
10243,"Diodon hystrix",1064.31488235933,0,0,0,91,"minor commercial",1,3.61,"Carni.",2,"LC"
10620,"Abudefduf sordidus",9780.69688604187,0,1,1,24,"minor commercial",1,3.24,"Carni.",2,"LC"
10621,"Abudefduf taurus",2318.82525798245,0,1,1,25,"minor commercial",1,2.61999988555908,"Omni.",1,"LC"
10623,"Alectis ciliaris",367.95623878562,0,0,0,150,"minor commercial",1,3.56,"Carni.",2,"LC"
10625,"Aluterus schoepfii",2654.1615691872,0,0,0,61,"subsistence fisheries",1,4,"Carni.",1,"LC"
10626,"Amphilius krefftii",19546.8753921402,NA,NA,0,NA,NA,NA,NA,NA,1,NA
10627,"Amphiprion frenatus",311.118944702263,0,0,0,14,"commercial",1,2.66,"Omni.",2,"LC"
10628,"Gymnothorax vicinus",86.0271647393956,0,0,0,132,"minor commercial",1,4.2,"Carni.",NA,"LC"
10629,"Gymnura micrura",2753.65426110022,1,0,0,137,"minor commercial",1,3.56,"Carni.",2,"NT"
10630,"Halichoeres hortulanus",3491.81871677454,0,0,0,27,"minor commercial",1,3.4,"Carni.",2,"LC"
10631,"Haplochromis argenteus",4301.49631721473,0,1,1,20.2000007629395,NA,0,3.61,"Carni.",1,"CR"
10632,"Hemicaranx bicolor",4958.9158401052,0,1,1,NA,NA,NA,NA,NA,1,"LC"
10633,"Hippocampus guttulatus",893.938441489103,0,0,0,21.5,"minor commercial",1,3.5,"Carni.",2,"DD"
10634,"Histrio histrio",597.874667909172,0,0,0,20,"subsistence fisheries",1,3.93,"Carni.",1,"LC"
10635,"Hyporhamphus sajori",367.95623878562,0,0,0,40,"commercial",1,3.4,"Carni.",2,NA
10637,"Ilisha africana",6992.65578907401,1,0,0,30,"commercial",1,3.13,"Carni.",1,"LC"
10638,"Istigobius decoratus",2786.53532138179,0,0,0,13,"commercial",1,NA,NA,1,"LC"
10639,"Labeo horie",10485.8268194947,1,1,0,NA,NA,NA,NA,NA,1,"LC"
10640,"Labroides dimidiatus",5974.29104512995,0,0,0,14,"of no interest",1,3.85,"Carni.",2,"LC"
10644,"Lutjanus gibbus",1710.95983118291,0,0,0,56.7999992370605,"commercial",1,3.63000011444092,"Carni.",1,"LC"
10645,"Mastacembelus marchei",20775.5187575323,NA,NA,0,NA,NA,NA,NA,NA,1,NA
10646,"Micralestes elongatus",51475.9397050069,1,1,0,6,NA,0,3.26,"Carni.",1,"LC"
10648,"Mormyrus rume",18833.6216412867,1,0,0,100,"commercial",0,2.48,"Omni.",1,"LC"
10649,"Nematogobius maindroni",7941.569962878,1,1,0,NA,NA,NA,NA,NA,1,"LC"
10650,"Neoniphon sammara",3731.74732161883,0,0,0,32,"minor commercial",1,3.36999988555908,"Carni.",2,"LC"
10651,"Nomeus gronovii",1456.54853605735,0,0,0,39,"minor commercial",1,3.67,"Carni.",1,"LC"
10654,"Oreochromis aureus",1285.22794152306,1,1,0,45.7000007629395,"highly commercial",0,2.51,"Omni.",1,NA
10656,"Parastromateus niger",154.909970970146,0,0,0,75,"highly commercial",1,2.9300000667572,"Carni.",1,"LC"
10659,"Petrocephalus zakoni",258.14672056358,NA,NA,0,NA,NA,NA,NA,NA,1,NA
10660,"Petroscirtes mitratus",2221.16859592167,1,0,0,8.5,"commercial",1,2.45,"Omni.",2,"LC"
10661,"Plotosus lineatus",4333.17716668345,1,0,0,35.2000007629395,"commercial",1,3.6,"Carni.",2,"LC"
10662,"Polydactylus sexfilis",367.95623878562,1,0,0,61,"commercial",1,3.43,"Carni.",2,"LC"
10663,"Polydactylus sextarius",367.95623878562,0,0,0,30,"commercial",1,3.79,"Carni.",2,NA
10664,"Polypterus senegalus",20258.3884083169,1,1,0,70,"commercial",0,3.44,"Carni.",1,"LC"
10665,"Pomacentrus amboinensis",342.706163848224,0,0,0,9,"commercial",1,2.69,"Omni.",1,"LC"
10666,"Pomatomus saltatrix",606.864655889656,1,0,0,130,"highly commercial",1,4.48,"Carni.",3,"VU"
10667,"Protopterus annectens",7020.18261266263,1,1,0,100,"minor commercial",0,3.83,"Carni.",1,"LC"
10668,"Pseudamia hayashii",342.706163848224,0,0,0,10,NA,1,3.5,"Carni.",1,"LC"
10669,"Pseudochromis fuscus",342.706163848224,0,0,0,10,"commercial",1,NA,NA,1,"LC"
10670,"Pseudorhombus arsius",223.920384187244,1,0,0,45,"commercial",1,4.02,"Carni.",3,"LC"
10672,"Rhinecanthus aculeatus",2022.07877588517,0,0,0,30,"minor commercial",1,3.22000002861023,"Carni.",1,"LC"
10673,"Salaria pavo",1438.1548089103,0,1,1,13.8000001907349,"subsistence fisheries",1,3.02,"Carni.",3,"LC"
10675,"Antennarius multiocellatus",598.53469452028,1,0,0,20,"subsistence fisheries",1,4.05,"Carni.",1,"LC"
10676,"Asterropteryx semipunctata",3316.74993780374,1,0,0,6.5,"commercial",1,2.36,"Omni.",2,"LC"
10677,"Salmo abanticus",375.114375753807,1,1,0,NA,NA,NA,NA,NA,3,"VU"
10678,"Salmo salar",2116.72665722147,1,1,0,150,"highly commercial",1,3.86,"Carni.",2,"NT"
10679,"Sargocentron caudimaculatum",2911.70569184968,0,0,0,25,"minor commercial",1,3.89,"Carni.",2,"LC"
10680,"Sargocentron diadema",3934.45264566667,0,0,0,17,"minor commercial",1,3.68,"Carni.",2,"LC"
10681,"Sargocentron rubrum",367.95623878562,0,0,0,32,"minor commercial",1,3.78,"Carni.",2,"LC"
10682,"Saurida gracilis",7769.21147215556,0,0,0,32,"commercial",1,4.37,"Carni.",1,"LC"
10684,"Scorpaenopsis oxycephala",367.95623878562,NA,NA,0,NA,NA,NA,NA,NA,2,"LC"
10685,"Secutor indicius",367.95623878562,NA,NA,0,NA,NA,NA,NA,NA,2,NA
10686,"Selene dorsalis",5196.1196887782,0,0,0,40,"commercial",1,4.08,"Carni.",1,"LC"
10688,"Sparisoma rubripinne",915.473151028755,0,0,0,47.7999992370605,"minor commercial",1,2,"Herbi.",2,"LC"
10689,"Sphyraena flavicauda",2437.51401013595,0,0,0,60,"commercial",1,4.2,"Carni.",2,"LC"
10690,"Sphyraena pinguis",367.95623878562,1,0,0,50,"highly commercial",1,4.38,"Carni.",2,"LC"
10691,"Sphyraena putnamae",2915.94465028379,0,0,0,90,"commercial",1,4.5,"Carni.",1,"LC"
10692,"Squalius agdamicus",1710.21962065149,NA,NA,0,NA,NA,NA,NA,NA,2,NA
10693,"Squalius turcicus",1710.21962065149,1,1,0,NA,NA,NA,NA,NA,2,"LC"
10695,"Synodontis schall",31965.1817848265,1,1,0,37,"commercial",0,2.92,"Carni.",1,"LC"
10696,"Coptodon zillii",74529.606820355,1,1,0,40,"commercial",0,2.52,"Omni.",1,"LC"
10697,"Trachinotus teraia",1633.14183568944,1,0,0,68,"minor commercial",1,3.57,"Carni.",1,"LC"
10698,"Tylosurus crocodilus",2343.56305838056,1,0,0,150,"commercial",1,4.33,"Carni.",1,"LC"
10700,"Upeneus tragula",367.95623878562,1,0,0,30,"commercial",1,4.22,"Carni.",2,"LC"
10701,"Upeneus vittatus",707.20229805335,1,0,0,28,"commercial",1,3.87,"Carni.",2,"LC"
10702,"Atule mate",1710.95983118291,1,0,0,30,"minor commercial",1,3.27,"Carni.",1,"LC"
10703,"Bathygobius cocosensis",6238.33450487392,NA,NA,0,NA,NA,NA,NA,NA,1,"LC"
10705,"Brevoortia tyrannus",599.945854724606,1,0,0,50,"highly commercial",1,2.61,"Omni.",1,"LC"
10706,"Brienomyrus adustus",23689.1984954308,NA,NA,0,NA,NA,NA,NA,NA,1,NA
10707,"Brotula multibarbata",1890.17834889312,0,0,0,100,"minor commercial",1,3.91,"Carni.",1,"LC"
10708,"Caracanthus unipinna",1107.60559961731,0,0,0,5,NA,1,3.6,"Carni.",1,"LC"
10709,"Caranx crysos",680.863766627241,0,0,0,70,"minor commercial",1,3.63,"Carni.",1,"LC"
10710,"Caranx ignobilis",5232.60060674207,1,0,0,170,"commercial",1,4.48,"Carni.",2,"LC"
10712,"Cheilodipterus quinquelineatus",4743.14812914508,0,0,0,13,"minor commercial",1,3.5,"Carni.",2,"LC"
10713,"Chelon dumerili",4127.84254417282,1,1,0,40,"commercial",1,2.68,"Omni.",1,"DD"
10714,"Chilomycterus schoepfii",2048.14066684581,0,0,0,27.8999996185303,"of no interest",1,3.5,"Carni.",2,"LC"
10715,"Chloroscombrus chrysurus",14889.7907834501,0,0,0,65,"commercial",1,3.53,"Carni.",1,"LC"
10716,"Conger wilsoni",3142.8632025216,1,0,0,150,NA,1,NA,NA,2,"LC"
10718,"Ctenochaetus striatus",3892.36541256431,1,0,0,26,"commercial",1,2,"Herbi.",2,"LC"
10719,"Ctenopoma togoensis",13531.8835580766,NA,NA,0,NA,NA,NA,NA,NA,1,NA
10720,"Dactyloptena orientalis",597.874667909172,0,0,0,40,"minor commercial",1,3.68,"Carni.",1,"LC"
10721,"Drepane punctata",3604.6084482532,1,0,0,50,"commercial",1,3.32,"Carni.",1,"LC"
10722,"Eleotris annobonensis",1032.58163836627,NA,NA,0,NA,NA,NA,NA,NA,1,"DD"
10724,"Epibulus insidiator",3133.87265370966,0,0,0,54,"minor commercial",1,4.01,"Carni.",2,"LC"
10725,"Epinephelus merra",1622.33967206987,0,0,0,36.5,"commercial",1,4.38,"Carni.",1,"LC"
10726,"Etrumeus sadina",367.95623878562,1,0,0,33,"highly commercial",1,3.40000009536743,"Carni.",2,"LC"
10731,"Gobiodon quinquestrigatus",342.706163848224,0,0,0,4.5,NA,1,NA,NA,1,"LC"
10785,"Parascolopsis eriomma",672.717961801336,0,0,0,35,"subsistence fisheries",1,4.19,"Carni.",2,"LC"
10885,"Scarus scaber",672.717961801336,1,0,0,37,"commercial",1,2,"Herbi.",2,"LC"
11219,"Ablennes hians",367.95623878562,1,0,0,140,"minor commercial",1,4.22,"Carni.",2,"LC"
11220,"Abudefduf saxatilis",11173.1654845996,1,0,0,22.8999996185303,"minor commercial",1,2.76,"Omni.",1,"LC"
11221,"Acanthopagrus bifasciatus",3580.7350322759,0,0,0,36.2000007629395,"minor commercial",1,3.39,"Carni.",2,"LC"
11222,"Acanthurus dussumieri",2972.78194436715,1,0,0,54,"minor commercial",1,2,"Herbi.",1,"LC"
11223,"Aluterus heudelotii",2128.46061098615,0,0,0,45,NA,1,2,"Herbi.",1,"LC"
11224,"Aluterus scriptus",4941.64277814148,0,0,0,110,"commercial",1,3.02,"Carni.",2,"LC"
11225,"Amblygobius albimaculatus",3838.83552410917,1,0,0,18,"commercial",1,3.3,"Carni.",2,"LC"
11226,"Haplochromis guiarti",10068.3780129825,0,1,1,17.7000007629395,NA,0,4.2,"Carni.",1,"CR"
11227,"Haplochromis ishmaeli",16604.4616696069,0,1,1,13.6000003814697,NA,0,3.6,"Carni.",1,"CR"
11228,"Haplochromis latifasciatus",3010.94750855038,0,1,1,NA,NA,NA,NA,NA,1,"CR"
11229,"Haplochromis parvidens",3613.13972629751,0,1,1,16.2999992370605,NA,0,4,"Carni.",1,"CR"
11230,"Haplochromis venator",2409.91231275565,0,1,1,17.7999992370605,NA,0,3.9,"Carni.",1,"EN"
11231,"Hemichromis frempongi",56631.3310192429,NA,NA,0,NA,NA,NA,NA,NA,1,NA
11232,"Hemichromis paynei",22496.9450437748,NA,NA,0,NA,NA,NA,NA,NA,1,NA
11233,"Istiblennius dussumieri",5176.38138334876,0,1,1,12,"of no interest",1,2,"Herbi.",1,"LC"
11234,"Labrisomus nuchipinnis",5324.0629712155,0,1,1,23,"commercial",1,3.52,"Carni.",1,"LC"
11235,"Lagocephalus laevigatus",2465.16197281447,1,0,0,100,"minor commercial",1,4.02,"Carni.",1,"LC"
11236,"Lepidotrigla guentheri",806.981412976535,NA,NA,0,NA,NA,NA,NA,NA,2,NA
11237,"Lichia amia",6036.76907513606,1,0,0,200,"commercial",1,4.32,"Carni.",3,"LC"
11238,"Luciogobius guttatus",1994.99839128503,1,0,0,9.5,"of no interest",1,NA,NA,2,"LC"
11239,"Microcanthus strigatus",367.95623878562,1,1,0,16,"commercial",1,3,"Carni.",2,"LC"
11240,"Myrichthys maculosus",1999.97274299566,0,1,1,100,"commercial",1,NA,NA,1,"LC"
11241,"Myripristis chryseres",1754.78587261388,0,0,0,25,"commercial",1,4.04,"Carni.",3,"LC"
11242,"Ophichthus altipennis",367.95623878562,NA,NA,0,NA,NA,NA,NA,NA,2,"LC"
11243,"Oreochromis urolepis",5040.84384149146,1,0,0,44,"commercial",0,2,"Herbi.",1,"LC"
11244,"Pagrus caeruleostictus",2739.86136924001,0,0,0,90,"commercial",1,3.66,"Carni.",1,"LC"
11248,"Petrocephalus bovei",29096.1539484499,0,1,1,11.5,"of no interest",0,NA,NA,1,"LC"
11249,"Phaeoptyx pigmentaria",2061.63398433433,1,0,0,NA,NA,NA,NA,NA,1,"LC"
11250,"Platax orbicularis",388.064428565403,0,0,0,60,"minor commercial",1,3.33,"Carni.",2,"LC"
11252,"Polypterus bichir",27927.8328439496,1,1,0,74,"commercial",0,4.5,"Carni.",1,"LC"
11253,"Pomacanthus semicirculatus",4470.10938005573,1,0,0,40,"minor commercial",1,2.69,"Omni.",2,"LC"
11254,"Priolepis cincta",5398.69932143439,0,0,0,7,"commercial",1,NA,NA,2,"LC"
11255,"Pristiapogon kallopterus",2038.74396004873,0,0,0,15.5,"commercial",1,3.55,"Carni.",3,"LC"
11257,"Pseudorasbora parva",2124.29038371251,1,0,0,12.5,"of no interest",0,3.22,"Carni.",2,"LC"
11258,"Pterocaesio chrysozona",231.594643234581,0,0,0,21,"commercial",1,3.4,"Carni.",2,"LC"
11259,"Raja miraletus",986.317047286951,0,0,0,63,"commercial",1,3.8,"Carni.",2,"LC"
11260,"Remora remora",367.95623878562,0,0,0,86.4000015258789,"commercial",1,3,"Carni.",2,"LC"
11261,"Anyperodon leucogrammicus",85.8320882575874,0,0,0,65,"minor commercial",1,3.94,"Carni.",1,NA
11262,"Jaydia lineata",808.754212352625,0,0,0,14.8000001907349,NA,1,3.32,"Carni.",2,"LC"
11263,"Sarda orientalis",591.876622972864,0,0,0,102,"minor commercial",1,4.21,"Carni.",2,"LC"
11264,"Sardinella rouxi",8898.18111323233,NA,NA,0,NA,NA,NA,NA,NA,1,"DD"
11265,"Sarotherodon galilaeus",37070.3853635022,1,1,0,39.5,"commercial",0,2,"Herbi.",1,"LC"
11266,"Scomber australasicus",428.555418555984,0,0,0,44,"commercial",1,4.07999992370605,"Carni.",1,"LC"
11267,"Scomber japonicus",3694.83576977415,0,0,0,64,"highly commercial",1,3.42,"Carni.",1,"LC"
11269,"Scomberomorus maculatus",598.53469452028,0,0,0,91,"highly commercial",1,4.32,"Carni.",1,"LC"
11271,"Scorpaenopsis venosa",223.920384187244,0,0,0,25,NA,1,NA,NA,3,"LC"
11273,"Sillago sihama",2919.30801910953,1,0,0,31,"commercial",1,3.3,"Carni.",1,"LC"
11274,"Siphamia roseigaster",712.678682581108,NA,NA,0,NA,NA,NA,NA,NA,1,NA
11275,"Sparus aurata",412.972045745523,1,1,0,70,"commercial",1,3.39,"Carni.",3,"LC"
11276,"Sphyraena acutipinnis",223.920384187244,0,0,0,80,"commercial",1,4.5,"Carni.",3,"LC"
11278,"Sphyraena obtusata",672.717961801336,1,0,0,55,"commercial",1,4.5,"Carni.",2,"LC"
11279,"Squalius berak",1710.21962065149,1,0,0,NA,NA,NA,NA,NA,2,"LC"
11280,"Stephanolepis auratus",1958.97385797456,NA,NA,0,NA,NA,NA,NA,NA,3,"LC"
11281,"Stethojulis interrupta",2810.6896680652,0,0,0,15.6000003814697,"of no interest",1,3.5,"Carni.",1,"LC"
11282,"Synanceia verrucosa",4002.85258350447,0,0,0,40,"minor commercial",1,4.35,"Carni.",2,"LC"
11283,"Synapturichthys kleinii",5891.51880906065,0,0,0,40,"commercial",1,NA,NA,1,"DD"
11284,"Syngnathus acus",856.337616992359,0,0,0,50,"of no interest",1,3.52,"Carni.",3,"LC"
11285,"Synodus variegatus",2220.19014684624,0,0,0,40,"commercial",1,4.5,"Carni.",1,"LC"
11287,"Torpedo fuscomaculata",597.874667909172,1,0,0,64,NA,1,4.5,"Carni.",1,"DD"
11288,"Trachinotus botla",2604.82570558153,0,0,0,75,"minor commercial",1,3.21,"Carni.",1,"LC"
11289,"Trachinotus ovatus",13163.7796348324,0,0,0,70,"minor commercial",1,3.73,"Carni.",1,"LC"
11290,"Trachyrhamphus bicoarctatus",1356.36742676382,0,0,0,40,NA,1,3.75,"Carni.",2,"LC"
11291,"Tylosurus acus acus",1063.52823229911,NA,NA,0,NA,NA,NA,NA,NA,2,NA
11292,"Tylosurus acus melanotus",367.95623878562,NA,NA,0,NA,NA,NA,NA,NA,2,NA
11293,"Xenocharax spilurus",15911.8680904011,0,0,0,26,NA,0,NA,NA,1,NA
11295,"Balistapus undulatus",4062.31389074116,0,0,0,30,"commercial",1,3.36999988555908,"Carni.",2,"LC"
11296,"Bathygobius coalitus",1754.78587261388,NA,NA,0,NA,NA,NA,NA,NA,3,"LC"
11297,"Butis koilomatodon",1505.40692578119,1,0,0,10.6999998092651,NA,1,4.01,"Carni.",2,"LC"
11298,"Canthigaster bennetti",1547.4721850449,0,0,0,10,NA,1,2.54,"Omni.",1,"LC"
11299,"Canthigaster rostrata",860.540719979983,1,0,0,12,"commercial",1,2.77,"Omni.",1,"LC"
11300,"Canthigaster valentini",1112.70417954388,0,0,0,11,"commercial",1,2.84,"Carni.",1,"LC"
11302,"Carangoides malabaricus",1934.88021537015,NA,NA,0,NA,NA,NA,NA,NA,1,"LC"
11303,"Caranx rhonchus",5464.72468804627,0,0,0,60,"commercial",1,3.6,"Carni.",1,"LC"
11304,"Carcharhinus melanopterus",1373.69134172771,0,0,0,200,"commercial",1,4.36,"Carni.",1,"VU"
11305,"Chaetodon vagabundus",367.95623878562,1,0,0,23,"minor commercial",1,3.36,"Carni.",2,"LC"
11306,"Cheilinus trilobatus",4048.40764999731,0,0,0,45,"minor commercial",1,3.92000007629395,"Carni.",2,"LC"
11307,"Cheilopogon cyanopterus",1975.60681959494,0,0,0,40,"minor commercial",1,3.25,"Carni.",1,"LC"
11308,"Cheilopogon heterurus",940.913861400917,0,0,0,40,"of potential interest",1,3.4,"Carni.",2,"LC"
11309,"Chiloglanis igamba",3856.20236085088,1,0,0,6.46000003814697,"of no interest",0,NA,NA,1,NA
11310,"Cyprinus rubrofuscus",7831.04625710772,1,1,0,NA,NA,NA,NA,NA,3,"LC"
11311,"Dascyllus reticulatus",597.874667909172,0,0,0,9,"minor commercial",1,3.13,"Carni.",1,"LC"
11312,"Fontitrygon margarita",6741.85134719477,1,1,0,100,"commercial",1,3.42,"Carni.",1,"VU"
11313,"Diodon holocanthus",2448.98179481007,0,0,0,50,"minor commercial",1,3.31,"Carni.",2,"LC"
11314,"Diplodus cervinus",4638.51281640136,1,0,0,55,"minor commercial",1,2.99,"Carni.",1,"LC"
11315,"Diplodus sargus",412.972045745523,0,0,0,45,"minor commercial",1,3.24,"Carni.",3,"LC"
11316,"Distichodus nefasch",11187.458715893,1,1,0,83,NA,0,2,"Herbi.",1,"VU"
11317,"Echidna leucotaenia",1547.4721850449,0,0,0,75,NA,1,3.5,"Carni.",1,"LC"
11318,"Eleotris vittata",9764.00014875911,1,1,0,27.5,"of no interest",1,NA,NA,1,"LC"
11319,"Epinephelus malabaricus",2324.81981830593,1,1,0,234,"highly commercial",1,4.22,"Carni.",2,"LC"
11320,"Epinephelus summana",2324.76252710166,1,0,0,52,"minor commercial",1,NA,NA,2,"LC"
11321,"Epinephelus tauvina",4521.34256143114,1,1,0,100,"minor commercial",1,4.13,"Carni.",2,"DD"
11322,"Favonigobius gymnauchen",1967.7965186752,1,0,0,13.3999996185303,NA,1,2.71,"Omni.",2,"LC"
11323,"Fistularia commersonii",5202.09629107887,0,0,0,160,"minor commercial",1,4.31,"Carni.",2,"LC"
11325,"Gobius niger",2654.1615691872,1,1,0,25.2999992370605,"of no interest",1,3.35999989509583,"Carni.",1,"LC"
11359,"Nectamia fusca",672.717961801336,0,0,0,11.1999998092651,NA,1,3.57,"Carni.",2,"LC"
11809,"Abudefduf vaigiensis",8115.14665409198,0,0,0,20,"subsistence fisheries",1,3.39,"Carni.",2,"LC"
11810,"Acanthurus triostegus",7893.00899468129,1,1,0,27,"commercial",1,2.78,"Omni.",2,"LC"
11812,"Amphilius grandis",17577.7278330263,1,0,0,NA,NA,NA,NA,NA,1,"LC"
11813,"Amphilius nigricaudatus",14795.2144303286,NA,NA,0,NA,NA,NA,NA,NA,1,NA
11814,"Amphiprion akallopisos",683.649464962486,1,0,0,11,"of no interest",1,2.73,"Omni.",1,"LC"
11815,"Heteropriacanthus cruentatus",86.0271647393956,0,0,0,50.7000007629395,"minor commercial",1,3.7,"Carni.",NA,"LC"
11816,"Holocentrus adscensionis",172.040918386288,0,0,0,61,"minor commercial",1,3.4,"Carni.",1,"LC"
11817,"Hypleurochilus aequipinnis",2061.63398433433,0,0,0,7.5,"of no interest",1,3.15,"Carni.",1,"LC"
11818,"Istiblennius edentulus",672.717961801336,0,1,1,16,"of no interest",1,2,"Herbi.",2,"LC"
11819,"Lepidotrigla microptera",367.95623878562,NA,NA,0,NA,NA,NA,NA,NA,2,NA
11820,"Lepomis macrochirus",856.391219724724,1,1,0,41,"minor commercial",0,3.53,"Carni.",3,"LC"
11821,"Lutjanus erythropterus",223.920384187244,1,0,0,81.5999984741211,"commercial",1,4.25,"Carni.",3,"LC"
11824,"Okamejei kenojei",806.981412976535,0,0,0,57,"commercial",1,3.99,"Carni.",2,"VU"
11825,"Oncorhynchus mykiss",2836.10873986896,1,1,0,122,"highly commercial",1,3.53,"Carni.",3,NA
11826,"Ophisurus serpens",856.337616992359,1,0,0,250,"minor commercial",1,NA,NA,3,"LC"
11829,"Parachanna obscura",21849.8417854991,1,1,0,50,"commercial",0,3.41,"Carni.",1,"LC"
11831,"Petrocephalus congicus",22871.8392380684,NA,NA,0,NA,NA,NA,NA,NA,1,NA
11832,"Brachypetersius altus",19749.9638277833,NA,NA,0,NA,NA,NA,NA,NA,1,NA
11833,"Plectroglyphidodon lacrymatus",2069.55777135033,NA,NA,0,NA,NA,NA,NA,NA,2,"LC"
11834,"Plesiops coeruleolineatus",1547.4721850449,1,0,0,10,"of no interest",1,3.62,"Carni.",1,"LC"
11835,"Plotosus limbatus",8485.47505730988,1,0,0,50,"minor commercial",1,3.91,"Carni.",2,"LC"
11836,"Poecilia reticulata",6705.02064769239,1,1,0,5,"of no interest",0,3.2,"Carni.",1,"LC"
11838,"Pomacentrus littoralis",672.717961801336,0,0,0,11,"minor commercial",1,NA,NA,2,"LC"
11839,"Pomacentrus tripunctatus",1547.4721850449,0,0,0,7.5,"minor commercial",1,2,"Herbi.",1,"LC"
11840,"Priacanthus blochii",85.7747970533142,0,0,0,36.0999984741211,"commercial",1,3.7,"Carni.",1,"LC"
11841,"Promethichthys prometheus",86.0271647393956,0,0,0,100,"subsistence fisheries",1,4.18,"Carni.",NA,"LC"
11842,"Pseudobalistes fuscus",5358.39088567388,0,0,0,55,"commercial",1,3.13,"Carni.",2,"LC"
11843,"Pseudocheilinus evanidus",3133.87265370966,0,0,0,9,"commercial",1,3.5,"Carni.",2,"LC"
11845,"Ptereleotris evides",1064.31488235933,0,0,0,14,"commercial",1,3.4,"Carni.",2,"LC"
11846,"Ptereleotris microlepis",2833.59263511817,1,0,0,13,"commercial",1,NA,NA,2,"LC"
11847,"Redigobius isognathus",5148.45395743441,1,0,0,6,NA,1,4.2,"Carni.",2,NA
11848,"Rhabdosargus sarba",3444.22725111468,1,1,0,80,"commercial",1,3.25,"Carni.",2,"LC"
11849,"Rypticus subbifrenatus",1975.60681959494,0,1,1,NA,NA,NA,NA,NA,1,"LC"
11850,"Anguilla nebulosa",1965.65105779488,1,1,0,121,"subsistence fisheries",1,3.75,"Carni.",1,NA
11851,"Taeniamia fucata",2441.99571456017,0,0,0,10,NA,1,3.5,"Carni.",2,"LC"
11852,"Sardinella maderensis",17525.809846124,1,0,0,30,"highly commercial",1,3.2,"Carni.",1,"VU"
11853,"Sarotherodon melanotheron",13449.5337060866,0,1,1,28,"commercial",1,2.21,"Omni.",1,"LC"
11854,"Sarpa salpa",3283.34574998942,0,0,0,51,"commercial",1,2.14,"Herbi.",3,"LC"
11855,"Scomber colias",3694.83576977415,0,0,0,55,"minor commercial",1,3.91,"Carni.",1,"LC"
11856,"Secutor ruconius",367.95623878562,NA,NA,0,NA,NA,NA,NA,NA,2,NA
11857,"Selar crumenophthalmus",1743.07954206098,0,0,0,70,"highly commercial",1,3.82,"Carni.",1,"LC"
11858,"Siganus stellatus",2908.18296611806,0,0,0,40,"commercial",1,2.7,"Omni.",2,"LC"
11859,"Sphoeroides spengleri",2436.20509541121,1,0,0,30,"of no interest",1,3.5,"Carni.",2,"LC"
11860,"Sphoeroides testudineus",2048.14066684581,1,0,0,38.7999992370605,"of no interest",1,3.44,"Carni.",2,"LC"
11861,"Sphyraena jello",738.971656224089,1,0,0,150,"commercial",1,4.29,"Carni.",3,"LC"
11862,"Stegastes fasciolatus",4062.07483474311,NA,NA,0,NA,NA,NA,NA,NA,1,NA
11865,"Thalassoma lunare",672.717961801336,0,0,0,45,"minor commercial",1,4.16,"Carni.",2,"LC"
11866,"Trachinotus blochii",1710.95983118291,0,0,0,110,"minor commercial",1,3.77,"Carni.",1,"LC"
11867,"Umbrina cirrosa",1629.00162865826,1,0,0,104,"minor commercial",1,3.41,"Carni.",1,"VU"
11868,"Uranoscopus japonicus",1174.93765176215,0,0,0,18,"commercial",1,NA,NA,2,"LC"
11870,"Auxis thazard",367.95623878562,0,0,0,65,"highly commercial",1,4.32,"Carni.",2,"LC"
11871,"Bothus pantherinus",2902.40199970843,0,0,0,39,"commercial",1,3.5,"Carni.",1,"LC"
11872,"Caffrogobius nudiceps",2584.39801968955,1,1,0,NA,NA,NA,NA,NA,3,"LC"
11873,"Carangoides armatus",3949.94756123125,NA,NA,0,NA,NA,NA,NA,NA,2,"LC"
11874,"Carangoides hedlandensis",367.95623878562,NA,NA,0,NA,NA,NA,NA,NA,2,"LC"
11875,"Caranx caninus",4795.44260573644,1,0,0,101,"commercial",1,3.9,"Carni.",1,"LC"
11876,"Caranx papuensis",3576.40910140985,1,0,0,88,"minor commercial",1,4.05,"Carni.",2,"LC"
11877,"Carassius langsdorfii",1569.06990230583,1,0,0,39,NA,0,NA,NA,1,NA
11880,"Chaetodon lunula",4012.74930498395,0,0,0,20,"minor commercial",1,2.99,"Carni.",2,"LC"
11882,"Chirodactylus brachydactylus",1577.48858103682,0,0,0,40,"minor commercial",1,3.5,"Carni.",3,NA
11885,"Chromis retrofasciata",342.706163848224,NA,NA,0,NA,NA,NA,NA,NA,1,NA
11886,"Chrysichthys rueppelli",22289.1273334192,NA,NA,0,NA,NA,NA,NA,NA,1,NA
11887,"Chrysiptera unimaculata",5128.87104499468,0,0,0,10,"minor commercial",1,2,"Herbi.",2,"LC"
11888,"Cirrhitichthys oxycephalus",85.8320882575874,0,0,0,10,"commercial",1,4.01,"Carni.",1,"LC"
11890,"Citharichthys spilopterus",21011.1600888995,1,1,0,21,"minor commercial",1,3.5699999332428,"Carni.",1,"LC"
11891,"Clinus superciliosus",2074.61601322313,0,0,0,30,NA,1,3.39,"Carni.",3,"LC"
11892,"Cociella punctata",223.920384187244,0,0,0,35,"minor commercial",1,NA,NA,3,"LC"
11894,"Echidna nebulosa",7021.1497291868,0,0,0,100,"minor commercial",1,4.17,"Carni.",2,"LC"
11895,"Elagatis bipinnulata",85.7747970533142,0,0,0,180,"highly commercial",1,3.75,"Carni.",1,"LC"
11896,"Elops hawaiensis",954.432851790018,1,0,0,120,"commercial",1,4.03,"Carni.",3,"DD"
11897,"Engraulis encrasicolus",3486.22258032322,1,0,0,20,"highly commercial",1,3.12,"Carni.",2,"LC"
11898,"Epinephelus chlorostigma",3647.59012917014,0,0,0,80,"commercial",1,3.99,"Carni.",2,"LC"
11899,"Favonigobius melanobranchus",2604.82570558153,NA,NA,0,NA,NA,NA,NA,NA,1,"LC"
11901,"Gymnothorax meleagris",2604.82570558153,0,0,0,120,"minor commercial",1,3.98,"Carni.",1,"LC"
12368,"Amblyglyphidodon leucogaster",1664.02903160701,1,0,0,14.3999996185303,"minor commercial",1,3.38,"Carni.",2,"LC"
12369,"Amblyrhynchotes honckenii",5282.3327499112,NA,NA,0,NA,NA,NA,NA,NA,3,NA
12370,"Amphilius pedunculus",6516.2465216298,NA,NA,0,NA,NA,NA,NA,NA,1,NA
12371,"Halichoeres margaritaceus",1547.4721850449,0,0,0,12.5,"commercial",1,3.66,"Carni.",1,"LC"
12372,"Konosirus punctatus",367.95623878562,1,0,0,32,"minor commercial",1,2.94,"Carni.",2,"LC"
12374,"Neochelon falcipinnis",17100.9267121381,1,1,0,41,"commercial",1,2.91,"Carni.",1,"DD"
12375,"Lutjanus apodus",2654.1615691872,0,0,0,79.0999984741211,"commercial",1,3.76,"Carni.",1,"LC"
12376,"Lutjanus argentimaculatus",5779.60384754662,1,0,0,150,"commercial",1,3.85,"Carni.",2,"LC"
12377,"Lutjanus quinquelineatus",367.95623878562,0,1,1,38,"commercial",1,4.02,"Carni.",2,"LC"
12378,"Lutjanus russellii",5263.57489276299,1,0,0,50,"commercial",1,3.79999995231628,"Carni.",2,"LC"
12380,"Megalaspis cordyla",223.920384187244,0,0,0,80,"highly commercial",1,3.93,"Carni.",3,"LC"
12381,"Monodactylus sebae",6189.80596808291,0,0,0,25,"minor commercial",1,3.88,"Carni.",1,NA
12382,"Mormyrus goheeni",5912.24942792348,1,0,0,NA,NA,NA,NA,NA,1,"DD"
12383,"Mulloidichthys flavolineatus",1549.15073120475,0,0,0,43,"commercial",1,3.7,"Carni.",2,"LC"
12384,"Mustelus mustelus",167.893463635719,0,0,0,200,"highly commercial",1,3.76,"Carni.",2,"EN"
12385,"Myripristis kuntee",2809.71029930338,0,0,0,26,"minor commercial",1,3.1,"Carni.",3,"LC"
12387,"Neopomacentrus cyanomos",3142.96909448655,0,0,0,10,"of no interest",1,NA,NA,2,"LC"
12388,"Ophioblennius atlanticus",2485.85889234277,0,0,0,19,"of no interest",1,3.4,"Carni.",1,"LC"
12390,"Ostorhinchus endekataenia",1547.4721850449,0,0,0,14,NA,1,3.5,"Carni.",1,"LC"
12391,"Oxyurichthys microlepis",1373.69134172771,1,0,0,15.1999998092651,"minor commercial",1,NA,NA,1,"LC"
12392,"Oxyurichthys ophthalmonema",1581.41071012483,1,0,0,18,NA,1,NA,NA,3,"LC"
12394,"Pagrus auratus",412.972045745523,1,0,0,130,"commercial",1,3.47,"Carni.",3,"LC"
12395,"Pangasius pangasius",2216.82614369462,1,0,0,300,"commercial",0,3.44,"Carni.",2,"LC"
12396,"Parablennius pilicornis",1831.31426744463,0,1,1,12.6999998092651,NA,1,3.22,"Carni.",2,"LC"
12397,"Paracirrhites arcatus",597.874667909172,0,0,0,20,"of no interest",1,3.70000004768372,"Carni.",1,"LC"
12398,"Paragobiodon modestus",672.717961801336,0,0,0,3.5,NA,1,NA,NA,2,"LC"
12399,"Paramormyrops ntotom",7485.75581067687,NA,NA,0,NA,NA,NA,NA,NA,1,NA
12401,"Pempheris schwenkii",367.95623878562,0,0,0,15,NA,1,3.4,"Carni.",2,NA
12403,"Petrocephalus tanensis",22871.8392380684,1,0,0,NA,NA,NA,NA,NA,1,"LC"
12404,"Pharyngochromis darlingi",13277.2611721479,1,0,0,22,"minor commercial",0,3.23000001907349,"Carni.",3,NA
12405,"Plagiotremus tapeinosoma",3806.59061551099,0,0,0,14,"commercial",1,NA,NA,2,"LC"
12406,"Platax teira",1432.27112114495,0,0,0,70,"minor commercial",1,3.95,"Carni.",2,"LC"
12408,"Polydactylus quadrifilis",5935.07167879431,0,1,1,200,"commercial",1,4.01,"Carni.",1,"LC"
12409,"Pomadasys incisus",2729.90086485482,1,0,0,53.5,"minor commercial",1,3.8,"Carni.",1,"LC"
12411,"Rastrelliger kanagurta",8160.01496750465,0,0,0,36,"highly commercial",1,3.29,"Carni.",2,"LC"
12412,"Remora brachyptera",367.95623878562,0,0,0,50,NA,1,NA,NA,2,"LC"
12413,"Rhizoprionodon acutus",749.075502234053,1,0,0,175,"commercial",1,4.09,"Carni.",2,"VU"
12414,"Rypticus saponaceus",2227.79080921709,0,0,0,35,"subsistence fisheries",1,4,"Carni.",1,"LC"
12415,"Salarias fasciatus",1547.4721850449,0,1,1,14,"minor commercial",1,2,"Herbi.",1,"LC"
12416,"Antennarius biocellatus",597.874667909172,1,0,0,NA,NA,NA,NA,NA,1,"DD"
12417,"Antennarius striatus",4750.75900574119,1,0,0,25,"of no interest",1,4.2,"Carni.",2,"LC"
12419,"Jaydia ellioti",367.95623878562,0,0,0,16,NA,1,3.6,"Carni.",2,"LC"
12420,"Argyrosomus hololepidotus",2202.64034682781,1,0,0,200,"commercial",1,3.82,"Carni.",3,"DD"
12421,"Argyrosomus japonicus",360.468105978257,1,0,0,181,"commercial",1,4.2,"Carni.",3,"EN"
12422,"Salvelinus namaycush",768.744904320587,1,1,0,150,"commercial",0,3.77,"Carni.",2,NA
12423,"Sarda sarda",2923.71626662092,0,0,0,91.4000015258789,"highly commercial",1,4.34,"Carni.",2,"LC"
12425,"Sardinella aurita",5725.78647328546,0,0,0,41,"highly commercial",1,3.04,"Carni.",1,"LC"
12426,"Sardinella melanura",2858.04216453608,1,0,0,20.2999992370605,"minor commercial",1,NA,NA,1,"LC"
12427,"Sargocentron punctatissimum",1114.75059509772,0,0,0,23,"commercial",1,3.5,"Carni.",3,"LC"
12429,"Scomberoides lysan",2238.98773004834,1,0,0,110,"minor commercial",1,4.03999996185303,"Carni.",2,"LC"
12430,"Scorpaenopsis neglecta",906.241096745502,0,0,0,19,"of no interest",1,NA,NA,2,"LC"
12431,"Sicydium brevifile",3008.1884579612,1,0,0,NA,NA,NA,NA,NA,1,"LC"
12432,"Sicydium plumieri",1806.97950390392,1,0,0,NA,NA,NA,NA,NA,1,"DD"
12433,"Sicyopterus japonicus",5377.79967814207,1,0,0,NA,NA,1,2,"Herbi.",2,NA
12434,"Sphyraena guachancho",2489.54234863824,1,1,0,200,"commercial",1,4.38,"Carni.",1,"LC"
12435,"Spratelloides robustus",3162.8038875518,1,0,0,12,"minor commercial",1,3.4,"Carni.",1,"LC"
12437,"Thunnus albacares",1975.7221818199,0,0,0,239,"highly commercial",1,4.46,"Carni.",2,"LC"
12438,"Upeneus guttatus",808.754212352625,0,0,0,16,NA,0,NA,NA,2,"LC"
12439,"Variola louti",6045.57834555934,0,0,0,83,"commercial",1,4,"Carni.",2,"LC"
12440,"Atherina presbyter",7706.92510207087,1,0,0,20,"subsistence fisheries",1,3.67,"Carni.",2,"LC"
12441,"Atherinomorus lacunosus",124.633757092821,1,1,0,25,"commercial",1,3.3,"Carni.",2,"LC"
12442,"Bathygobius meggitti",2604.82570558153,0,0,0,6,NA,1,NA,NA,1,"LC"
12443,"Caranx melampygus",3669.14058794086,1,0,0,117,"commercial",1,4.28,"Carni.",1,"LC"
12444,"Carassius gibelio",1170.32728868765,1,1,0,46.5999984741211,"minor commercial",0,NA,NA,2,NA
12445,"Chaetodon lunulatus",4012.74930498395,0,0,0,26.7000007629395,NA,1,3.34,"Carni.",2,"LC"
12446,"Chiloglanis kazumbei",6514.48707115049,1,0,0,5.42000007629395,"of no interest",0,NA,NA,1,NA
12447,"Chilomycterus antillarum",2048.14066684581,NA,NA,0,NA,NA,NA,NA,NA,2,"LC"
12448,"Citharichthys stampflii",21011.1600888995,1,0,0,17.6000003814697,"commercial",1,3.87,"Carni.",1,"LC"
12449,"Coryphaenoides zaniophorus",332.617584400238,0,0,0,40,"of no interest",1,3.23,"Carni.",2,"LC"
12450,"Cynoglossus bilineatus",597.874667909172,0,0,0,44,"commercial",1,3.89,"Carni.",1,NA
12451,"Dactylopterus volitans",2128.46061098615,0,0,0,50,"minor commercial",1,3.68,"Carni.",1,"LC"
12452,"Diagramma pictum",965.830906694792,0,0,0,100,"commercial",1,3.71,"Carni.",1,NA
12455,"Echeneis naucrates",3369.67568612272,0,0,0,110,"minor commercial",1,3.4,"Carni.",1,"LC"
12456,"Elops saurus",1363.85163868896,1,1,0,100,"minor commercial",1,3.98,"Carni.",1,"LC"
12457,"Engraulis capensis",3486.22258032322,0,0,0,17,"commercial",1,NA,NA,2,"LC"
12458,"Epinephelus aeneus",11142.7589004348,1,0,0,120,"commercial",1,4.02,"Carni.",1,"NT"
12459,"Eviota prasina",3232.63302046129,NA,NA,0,NA,NA,NA,NA,NA,2,"LC"
12460,"Evynnis ehrenbergii",2739.86136924001,NA,NA,0,NA,NA,NA,NA,NA,1,NA
12463,"Grammistes sexlineatus",2220.19014684624,0,0,0,30,"minor commercial",1,3.98,"Carni.",1,"LC"
12533,"Siganus fuscescens",672.717961801336,1,0,0,40,"commercial",1,2.27999997138977,"Omni.",2,"LC"
