"id_no","Qmi_2.5%","Qma_100.0%","Qzf_97.5%","Qcv_2.5%","Qcv_97.5%","Tma_97.5%","Tmi_2.5%","Tcv_2.5%","Tcv_97.5%","binomial","area","lotic","lentic","lentic_only","length","importance","marine","FoodTroph","foodtrophcat","climate_zone","code","no_cells"
"10000",0,3919.5419921875,44,0.845500016212463,3.45050008296966,302.935089111328,290.580908203125,0.00700000021606684,0.00969999972730875,"Docimodus evelynae",4694.31397546243,0,1,1,20.1000003814697,"commercial",0,3.38,"Carni.",1,"LC",53
"10001",1631.27001953125,4861.49609375,0,0.386999994516373,0.386999994516373,297.130004882812,295.367004394531,0.0020000000949949,0.0020000000949949,"Haplochromis parorthostoma",75275.99539497,0,1,1,NA,NA,NA,NA,NA,1,"DD",862
"10003",0,7621.01513671875,32.425,0.100000001490116,1.65722503364086,306.251084136963,293.279801177979,0.00400000018998981,0.00899999961256981,"Synodontis ouemeensis",136372.584542648,1,1,0,NA,NA,NA,NA,NA,1,"LC",1424
"10005",0,557.197998046875,38.775,0.71104997843504,3.35279997587204,303.258168792725,292.079552459717,0.00400000018998981,0.00899999961256981,"Acentrogobius nebulosus",3834.52075646902,1,0,0,18,NA,1,NA,NA,1,NA,44
"10008",0.0026250000228174,14403.857421875,34.125,0.184000000357628,1.71499997377396,301.959125518799,295.309627532959,0.00300000002607703,0.00499999988824129,"Psammphiletria nasuta",6519.22319489193,1,1,0,NA,NA,NA,NA,NA,1,"DD",76
"10009",0,37903.6640625,42,0.246999993920326,2.59677489995956,301.75465927124,295.592575836182,0.0020000000949949,0.00400000018998981,"Stomatorhinus humilior",272895.210147625,1,1,0,NA,NA,NA,NA,NA,1,"LC",2810
"10013",0,13379.673828125,40,0.144749995321035,2.79849994182587,308.636993408203,285.173004150391,0.0020000000949949,0.0179999992251396,"Mormyrus kannume",551290.983925896,1,1,0,100,"commercial",0,3.2,"Carni.",1,"LC",3111
"10016",0.0100499997846782,4347.6337890625,25.65,0.263000011444092,2.37064999341965,301.651000976562,292.487854003906,0.00300000002607703,0.00499999988824129,"Raiamas batesii",59693.6290896196,1,1,0,NA,NA,NA,NA,NA,1,"LC",695
"10021",0.0412000011652708,3435.68994140625,21,0.273575010150671,1.07124998867511,301.945648956299,294.264264678955,0.0020000000949949,0.00600000005215406,"Brycinus tholloni",36347.1672694018,NA,NA,0,NA,NA,NA,NA,NA,1,NA,422
"10022",0,1841.35400390625,49,0.252425009012222,4.06107487678528,301.572998046875,292.097100067139,0.00300000002607703,0.00527499993331728,"Perissodus eccentricus",34890.675799273,0,1,1,16.3999996185303," ",0,4.4,"Carni.",1,"DD",270
"10026",0,2999.5830078125,43,0.381449998915195,3.54957510828972,305.478575897217,289.860146331787,0.00300000002607703,0.00600000005215406,"Lacustricola jeanneli",38935.0378581571,NA,NA,0,NA,NA,NA,NA,NA,1,NA,340
"10028",NA,NA,NA,NA,NA,NA,NA,NA,NA,"Anguilla rostrata",914.534996287653,1,1,0,152,"commercial",1,3.62,"Carni.",2,"EN",0
"10029",0,2590.998046875,24.275,0.321725000441074,1.75912499129772,303.81298828125,292.881418609619,0.00300000002607703,0.00899999961256981,"Leptocypris guineensis",29677.6465600797,1,0,0,NA,NA,NA,NA,NA,1,"LC",350
"10031",0,1567.5419921875,43,0.704799997806549,2.91939997673035,302.962005615234,281.262603759766,0.00700000021606684,0.0120000001043081,"Chetia brevis",48528.3813857822,1,1,0,15,NA,0,3.81,"Carni.",3,"EN",505
"10032",0,3919.5419921875,49,0.820749989151955,4.4842999458313,302.670989990234,285.958897399902,0.00700000021606684,0.0109999999403954,"Aulonocara trematocephalum",29454.7533964954,0,1,1,9,"commercial",0,3.45,"Carni.",1,"DD",335
"10033",0,3912.49389648438,31.45,1.20690000653267,1.69710003733635,302.509411621094,291.006280517578,0.00802500036079437,0.00897499963175506,"Melanochromis vermivorus",166.814105678833,0,1,1,7.40000009536743,"commercial",0,2.67,"Omni.",1,"NT",2
"10034",0,5.71400022506714,34,0.554550015926361,2.19934998750687,306.316461181641,280.251690673828,0.0234500001184642,0.0240000002086163,"Abudefduf bengalensis",1683.48228925654,0,0,0,17,"minor commercial",1,3.08,"Carni.",2,"LC",19
"10035",0,30.7679996490479,40.45,0.607599996030331,3.23179996609688,302.742839813232,290.321990966797,0.00600000005215406,0.00999999977648258,"Acanthocybium solandri",2604.82570558153,0,0,0,250,"commercial",1,4.45,"Carni.",1,"LC",32
"10036",0,37.9370002746582,39.95,0.405849997699261,3.06014996767044,302.679238891602,290.333741760254,0.00400000018998981,0.00999999977648258,"Albula vulpes",3717.55041518366,1,0,0,104,"minor commercial",1,3.66,"Carni.",1,"NT",43
"10037",0,154.871002197266,40.1,0.653799995779991,3.11839996576309,302.710289001465,290.321990966797,0.00400000018998981,0.00999999977648258,"Amblycirrhitus bimacula",3202.7003734907,0,0,0,8.5,"commercial",1,NA,NA,1,"LC",39
"10038",0,555.129028320312,40.85,0.909800007939339,3.52330008745194,302.749240112305,285.075387573242,0.00400000018998981,0.0105499998666346,"Gymnothorax undulatus",3277.65005704734,1,0,0,150,"minor commercial",1,4.32,"Carni.",1,"LC",19
"10039",0.0144000006839633,5102.72509765625,15.1,0.145399998128414,1.06999996900558,300.320007324219,290.274002075195,0.0020000000949949,0.00400000018998981,"Haplochromis annectidens",16004.1584266989,0,1,1,6.69999980926514,NA,0,2,"Herbi.",1,"CR",157
"10040",1631.27001953125,4870.52197265625,0,0.384999990463257,0.386999994516373,297.547296142578,295.298303222656,0.0020000000949949,0.0020000000949949,"Haplochromis brownae",2839.85210169304,0,1,1,10.3999996185303,NA,0,3.87,"Carni.",1,"CR",29
"10041",1.54237502515316,4861.49609375,0,0.147725001350045,0.386999994516373,297.314450836182,293.851318359375,0.0020000000949949,0.0020000000949949,"Haplochromis simpsoni",2065.69812165707,1,0,0,11.3999996185303,NA,0,3.2,"Carni.",1,"EN",24
"10042",1.55625002980232,4861.49609375,0,0.147950001806021,0.386999994516373,297.281901550293,293.852142333984,0.0020000000949949,0.0020000000949949,"Haplochromis velifer",2409.91231275565,0,1,1,10.8000001907349,NA,0,3.2,"Carni.",1,"VU",27
"10043",0.0880749996751547,2538.38403320312,2,0.377524989843369,0.821225020289421,301.225937652588,295.221380615234,0.00507499990053475,0.00600000005215406,"Hemicaranx amblyrhynchus",343.218438387513,1,0,0,50,"minor commercial",1,NA,NA,1,"LC",4
"10044",0,47222.84765625,29.05,0.22960000410676,1.59359999299049,306.723999023438,293.575196838379,0.00300000002607703,0.00800000037997961,"Hemichromis guttatus",22496.9450437748,NA,NA,0,NA,NA,NA,NA,NA,1,NA,239
"10045",0,6371.3427734375,42,0.34400000423193,3.14045007228851,304.670989990234,291.355261230469,0.00300000002607703,0.00830000028945504,"Hemiramphus brasiliensis",6918.78420651658,0,0,0,55,"minor commercial",1,2.8,"Carni.",1,"LC",75
"10046",0.0275000002235174,161.908996582031,16.2,0.851099997758865,1.27350000143051,301.111807250977,285.189801025391,0.00700000021606684,0.00999999977648258,"Hemiramphus far",1831.15851166763,0,0,0,45,"commercial",1,2.69,"Omni.",3,NA,13
"10047",1.37509999871254,8.8129997253418,0,0.190249994397163,0.36599999666214,299.803900146484,293.986999511719,0.00405000017490238,0.00499999988824129,"Herklotsichthys quadrimaculatus",1101.27338035732,0,0,0,25,"minor commercial",1,3.26999998092651,"Carni.",2,"LC",3
"10049",0.00422500019194558,9.15200042724609,9.925,1.0959250330925,1.24947500228882,302.192609405518,286.477417755127,0.00529999986756593,0.0109249999281019,"Lactoria cornuta",677.564871641111,1,0,0,46,"of no interest",1,3.5,"Carni.",2,"LC",4
"10050",0,555.129028320312,40.7,0.878599971532822,3.57070004940033,302.742492675781,297.132098388672,0.00400000018998981,0.00400000018998981,"Leptoscarus vaigiensis",1547.4721850449,0,0,0,35.2000007629395,"commercial",1,2.27,"Omni.",1,"LC",13
"10051",0,7.26300001144409,31.775,0.691000016033649,1.77475002706051,302.698652648926,281.754825592041,0.0111749999690801,0.021824999852106,"Lithognathus mormyrus",1864.93677355887,0,0,0,55,"minor commercial",1,3.53,"Carni.",2,"LC",8
"10052",0,10.6999998092651,40.05,0.748349975794554,2.67787494659424,309.024932098389,291.771131134033,0.0074750002939254,0.0120000001043081,"Lutjanus bohar",3303.30261240767,1,0,0,90,"commercial",1,3.61999988555908,"Carni.",2,"LC",20
"10053",0,555.129028320312,39,0.439400005340576,2.77299995422363,308.178198242188,281.453991699219,0.00400000018998981,0.0240000002086163,"Lutjanus fulviflamma",10747.0779845367,1,0,0,50,"commercial",1,3.89,"Carni.",1,"LC",89
"10054",0.118100003153086,1.28299999237061,25.9,0.434999985992909,0.751350018382072,310.514646911621,292.839364624023,0.0160000007599592,0.0160000007599592,"Lutjanus griseus",2048.14066684581,0,0,0,89,"commercial",1,3.88,"Carni.",2,"LC",3
"10055",0,72.7429962158203,26.875,0.568125002086163,2.04600004851818,302.376499176025,292.512882232666,0.00400000018998981,0.00899999961256981,"Lutjanus monostigma",5263.57489276299,1,0,0,60,"commercial",1,4.27,"Carni.",2,"LC",26
"10056",0,30.7679996490479,40.4,0.614199995994568,3.2155999660492,302.738189697266,290.321990966797,0.00580000001937151,0.00999999977648258,"Lutjanus rivulatus",2690.65779383912,0,0,0,80,"commercial",1,4.04,"Carni.",1,"LC",33
"10057",0,30.7679996490479,40.45,0.607599996030331,3.23179996609688,302.742839813232,290.321990966797,0.00600000005215406,0.00999999977648258,"Macroramphosus scolopax",2604.82570558153,0,0,0,20,"commercial",1,3.47,"Carni.",1,"LC",32
"10058",0.0750000000000001,63.5779991149902,13.3,1.12610004544258,1.22109995484352,299.508088684082,283.12209777832,0.0149999996647239,0.0159500007051975,"Micropterus henshalli",387.865927449787,1,0,0,NA,NA,NA,NA,NA,3,"LC",3
"10059",0.0168000002391636,190.13200378418,25.425,0.88427502065897,1.6855499625206,298.348173522949,282.917896270752,0.00735000011045486,0.0109999999403954,"Osteomugil cunnesius",588.19990316498,1,0,0,41,"commercial",1,2.41,"Omni.",3,NA,8
"10060",0,120.692001342773,41.575,0.926799984276295,2.21195005178452,301.067053222656,286.507601928711,0.00685000019147992,0.00999999977648258,"Muraenesox bagio",1581.41071012483,1,0,0,200,"commercial",1,3.99,"Carni.",3,"LC",18
"10061",0,120.692001342773,41.075,0.839124979823828,2.50912494659424,308.981275177002,286.603610229492,0.00692500020377338,0.0120000001043081,"Muraenesox cinereus",4188.35467895879,1,1,0,220,"highly commercial",1,4.38,"Carni.",2,"LC",38
"10062",0,246.975006103516,18.25,0.78415000140667,1.28340001106262,300.665985107422,288.979200744629,0.00300000002607703,0.00300000002607703,"Myrichthys ocellatus",2061.63398433433,0,0,0,110,"commercial",1,3.66,"Carni.",1,"LC",23
"10063",0.116000001318753,37.9370002746582,6.425,0.409625010192394,0.779149982333183,300.731442260742,293.511735534668,0.00245000011636876,0.00400000018998981,"Myripristis jacobus",860.540719979983,0,0,0,25,"minor commercial",1,3.63,"Carni.",1,"LC",10
"10066",0.000600000005215406,17.1000003814697,37,0.267199993133545,2.97839999198914,310.801611328125,293.986999511719,0.00400000018998981,0.0130000002682209,"Ostorhinchus nigrofasciatus",3477.99737709597,0,0,0,10,NA,1,3.54,"Carni.",2,"LC",9
"10067",0,30.4729995727539,35.3,0.324700012803078,2.95070009231568,306.317987060547,292.45700378418,0.00690000019967556,0.00899999961256981,"Ostracion meleagris",3089.71827829719,0,0,0,25,"subsistence fisheries",1,2.71,"Omni.",1,"LC",37
"10068",0.00415000019129366,8.04199981689453,9.95,1.17270002961159,1.24965000152588,299.471343994141,286.429942321777,0.00904999962076545,0.0109499999321997,"Otolithes ruber",223.920384187244,1,0,0,90,"commercial",1,4.06,"Carni.",3,"LC",3
"10071",NA,NA,NA,NA,NA,NA,NA,NA,NA,"Parupeneus spilurus",367.95623878562,1,0,0,50,"commercial",1,NA,NA,2,"LC",0
"10072",0.0108999999240041,784.760986328125,39.1,0.17399999499321,2.11249997615814,300.265991210938,295.610346984863,0.0020000000949949,0.00300000002607703,"Petrocephalus arnegardi",5764.84169969557,NA,NA,0,NA,NA,NA,NA,NA,1,NA,59
"10073",NA,NA,NA,NA,NA,NA,NA,NA,NA,"Pisodonophis cancrivorus",367.95623878562,1,1,0,108,"minor commercial",1,NA,NA,2,"LC",0
"10074",0.0130499999504536,154.871002197266,34,0.91015000641346,1.76649996042252,302.156758117676,284.300146484375,0.00400000018998981,0.0106499998830259,"Plectroglyphidodon leucozonus",3257.62609274614,0,1,1,12,"of no interest",1,2,"Herbi.",2,"LC",15
"10075",0,15332.720703125,33,0.192600005865097,2.18139996528625,308.840997314453,287.902203369141,0.0020000000949949,0.0120000001043081,"Pollimyrus isidori",13379.8321601581,1,1,0,10.3000001907349,"of no interest",0,2.61,"Omni.",1,"LC",105
"10076",NA,NA,NA,NA,NA,NA,NA,NA,NA,"Polyprion americanus",2258.29441694751,0,0,0,210,"minor commercial",1,4.14,"Carni.",2,"DD",0
"10077",NA,NA,NA,NA,NA,NA,NA,NA,NA,"Pomadasys maculatus",672.717961801336,0,0,0,59.2999992370605,"commercial",1,4.04,"Carni.",2,"LC",0
"10078",0,59.4020004272461,41.15,1.0712500333786,3.01084991693497,304.670989990234,295.032196044922,0.00400000018998981,0.00715000024065375,"Pomadasys perotaei",3535.64439889571,1,0,0,36,"commercial",1,3.31,"Carni.",2,"LC",35
"10079",0,6371.3427734375,28.45,0.302374997735024,1.83492498397827,303.847991943359,296.718994140625,0.00300000002607703,0.00499999988824129,"Porogobius schlegelii",8654.73163637045,1,1,0,18.8999996185303,NA,1,2.89,"Carni.",1,"LC",92
"10080",0.000300000002607703,17.1000003814697,37.5,1.55710000991821,3.0106999874115,310.821810913086,295.860891723633,0.00939999967813492,0.0130000002682209,"Pristiapogon exostigma",3991.14644576492,0,0,0,12,NA,1,3.72,"Carni.",2,"LC",5
"10081",NA,NA,NA,NA,NA,NA,NA,NA,NA,"Pseudocaranx dentex",2626.25065573313,1,0,0,122,"commercial",1,3.66,"Carni.",2,"LC",0
"10082",0.252900006994605,61.7540016174316,16.85,0.373699997365475,1.00344999730587,302.26155090332,297.060046386719,0.00300000002607703,0.00400000018998981,"Pteroscion peli",1629.00162865826,1,0,0,32,"commercial",1,3.56,"Carni.",1,"LC",19
"10083",0.807200020551682,156.059005737305,0,0.577800005674362,0.752900016307831,301.075506591797,295.898007202148,0.00300000002607703,0.00400000018998981,"Pseudobatos lentiginosus",2483.82406564961,1,0,0,75,"subsistence fisheries",1,3.55,"Carni.",1,"VU",29
"10084",0,7.14400005340576,42.95,2.69349998235703,3.32430001497269,301.75419921875,284.120004272461,0.0072500002104789,0.0120000001043081,"Rhinobatos rhinobatos",4190.14462218611,1,0,0,185,"commercial",1,3.99,"Carni.",2,"CR",3
"10086",0,30.7679996490479,40.45,0.607599996030331,3.23179996609688,302.742839813232,290.321990966797,0.00600000005215406,0.00999999977648258,"Arothron stellatus",4674.38347693185,1,0,0,120,"of no interest",1,4.332,"Carni.",1,"LC",32
"10087",NA,NA,NA,NA,NA,NA,NA,NA,NA,"Sardinella zunasi",367.95623878562,0,0,0,18,"highly commercial",1,3.12,"Carni.",2,"LC",0
"10088",0.88360001295805,5.15000009536743,0,0.25832499191165,0.421724990010261,299.284429168701,293.986999511719,0.00400000018998981,0.00492499991087243,"Sargocentron tiereoides",342.706163848224,0,0,0,19.5,NA,1,3.55,"Carni.",1,"LC",4
"10089",0,2538.38403320312,21,0.395000010728836,1.42400002479553,301.247985839844,289.313995361328,0.00300000002607703,0.00600000005215406,"Scartella cristata",3608.42972099439,0,1,1,12,"of no interest",1,3.24,"Carni.",1,"LC",41
"10090",0.0764499999582767,154.871002197266,3.4,1.40454996228218,1.76274996399879,302.203761291504,294.608209228516,0.00400000018998981,0.00585000002756715,"Sebastapistes strongia",3131.15791715408,0,0,0,9.5,"of no interest",1,NA,NA,2,"LC",7
"10091",NA,NA,NA,NA,NA,NA,NA,NA,NA,"Secutor insidiator",367.95623878562,NA,NA,0,NA,NA,NA,NA,NA,2,NA,0
"10092",0,18.1630001068115,34.475,0.924700005352497,1.90465005338192,300.913578033447,273.843952178955,0.00452500019455329,0.0230750003829598,"Seriola lalandi",641.404286577873,1,0,0,250,"minor commercial",1,3.85,"Carni.",3,"LC",8
"10093",0,10.6999998092651,40.05,0.748349975794554,2.67787494659424,309.024932098389,291.771131134033,0.0074750002939254,0.0120000001043081,"Siganus spinus",2606.94396883396,0,0,0,28,"minor commercial",1,2.04,"Herbi.",2,"LC",20
"10095",0,246.975006103516,18.25,0.78415000140667,1.28340001106262,300.665985107422,288.979200744629,0.00300000002607703,0.00300000002607703,"Sphyraena barracuda",4202.19985411454,0,0,0,200,"minor commercial",1,4.5,"Carni.",2,"LC",23
"10096",0.00954999998211862,3.95099997520447,41,0.757849970459938,3.07109997272491,304.113345336914,294.104037475586,0.0060500000603497,0.00700000021606684,"Sphyrna lewini",1666.043306158,0,0,0,430,"commercial",1,4.5,"Carni.",2,"CR",3
"10097",0.0628000020980835,968.044006347656,9.00000000000001,0.0582000002264976,1.00720000267029,303.757000732422,294.601202392578,0.00400000018998981,0.00800000037997961,"Synaptura cadenati",3431.1758711232,0,0,0,35,"commercial",1,NA,NA,2,NA,17
"10098",0.0514250004664063,37.9370002746582,7.45,0.412875010073185,1.05862502902746,301.006988525391,293.540785217285,0.00227500007604249,0.00400000018998981,"Trachinocephalus myops",5925.94074006477,0,0,0,32.5999984741211,"minor commercial",1,4.17,"Carni.",2,"LC",12
"10099",0,555.129028320312,40.7,0.878599971532822,3.57070004940033,302.742492675781,297.132098388672,0.00400000018998981,0.00400000018998981,"Thalassoma hardwicke",1547.4721850449,0,0,0,25,"minor commercial",1,3.5,"Carni.",1,"LC",13
"10100",0,14.2270002365112,40.875,2.70380009412765,3.00019990205765,315.46167755127,293.680850982666,0.0131000002846122,0.0169000009074807,"Thunnus obesus",2891.19533284866,0,0,0,250,"highly commercial",1,4.48,"Carni.",2,"VU",2
"10101",1.05484999977052,36454.14453125,4.40000000000001,0.268850003182888,1.12869997322559,303.336602783203,291.466046142578,0.00300000002607703,0.00554999997839332,"Trachinotus falcatus",1633.14183568944,1,0,0,122,"commercial",1,3.5,"Carni.",1,"LC",19
"10102",NA,NA,NA,NA,NA,NA,NA,NA,NA,"Trachinotus goodei",329.901877747454,0,0,0,50,"minor commercial",1,NA,NA,2,"LC",0
"10103",0,6371.3427734375,30.55,0.318775004148483,1.83132504820824,303.121771240234,287.250159454346,0.00300000002607703,0.0140000004321337,"Trachinotus goreensis",6246.60437977979,0,0,0,60,"minor commercial",1,NA,NA,1,"LC",70
"10104",0.0219999998807907,3.82399988174438,9,1.12999999523163,1.12999999523163,298.643005371094,288.567993164062,0.00899999961256981,0.00899999961256981,"Trachurus trachurus",74.8674870249691,0,0,0,70,"highly commercial",1,4.18,"Carni.",3,"VU",1
"10105",0.170799995213747,227.733001708984,19.9,0.375200000405312,1.09039998054504,302.236297607422,286.890005493164,0.00300000002607703,0.00899999961256981,"Trichiurus lepturus",2735.92952366797,0,0,0,234,"highly commercial",1,4.36,"Carni.",1,"LC",29
"10106",NA,NA,NA,NA,NA,NA,NA,NA,NA,"Zalieutes elater",302.984366570295,0,0,0,15,NA,1,3.97,"Carni.",2,"LC",0
"10107",0.0575000010430813,647.010009765625,7,0.344999998807907,1.00350001454353,301.125991821289,293.671508789062,0.0020000000949949,0.00400000018998981,"Awaous lateristriga",1806.97950390392,1,1,0,13.9799995422363,NA,0,NA,NA,1,"LC",21
"10108",0.00497500019846484,252.341003417969,24.85,0.730699981749058,1.24772500991821,299.319274902344,285.116147613525,0.00832500013057142,0.0109999999403954,"Bathygobius laddi",1039.12676006229,0,0,0,5,NA,1,NA,NA,3,"LC",14
"10109",0,1667.74096679688,41,0.472249999642372,2.95399990677834,304.670989990234,295.395999908447,0.00400000018998981,0.00700000021606684,"Batrachoides liberiensis",5078.32084620862,1,0,0,46,"minor commercial",1,3.67,"Carni.",1,"LC",46
"10110",0,6371.3427734375,23.575,0.338000003248453,1.6487250328064,302.489990234375,289.371349334717,0.00300000002607703,0.0064500001259148,"Brachydeuterus auritus",6155.23946388002,0,0,0,30,"highly commercial",1,3.03,"Carni.",1,"NT",72
"10111",0.0294000007212162,14366.2666015625,32,0.182199996709824,2.05949995517731,301.933990478516,293.00129699707,0.0020000000949949,0.00499999988824129,"Bryconaethiops yseuxi",26202.737826116,NA,NA,0,NA,NA,NA,NA,NA,1,NA,285
"10112",0,30.7679996490479,40.1,0.653799995779991,3.11839996576309,302.710289001465,283.280586242676,0.00600000005215406,0.0109999999403954,"Caranx heberi",3118.34397025337,1,0,0,88,"minor commercial",1,4,"Carni.",1,"LC",39
"10113",0,9.33300018310547,47,1.07120000123978,2.1617999792099,306.320190429688,283.853091430664,0.00899999961256981,0.0160000007599592,"Carassius carassius",2739.39719099348,1,1,0,64,"highly commercial",0,3.11,"Carni.",2,"LC",13
"10115",0,25.1700000762939,33.55,0.653175002336502,1.75845000743866,306.397078704834,280.530249786377,0.0232250000815839,0.0240000002086163,"Centriscus scutatus",806.981412976535,0,0,0,17,"commercial",1,NA,NA,2,"LC",10
"10117",0.00415000019129366,8.04199981689453,9.95,1.17270002961159,1.24965000152588,299.471343994141,286.429942321777,0.00904999962076545,0.0109499999321997,"Chaetodon auriga",4262.10564293282,1,0,0,25,"minor commercial",1,3.51,"Carni.",2,"LC",3
"10118",NA,NA,NA,NA,NA,NA,NA,NA,NA,"Chaetodon melannotus",3133.87265370966,1,0,0,25,"commercial",1,3.47,"Carni.",2,"LC",0
"10119",0.488100007176399,10.9809999465942,0,0.396699993312359,0.976199978590012,296.462109375,291.872711181641,0.00400000018998981,0.00400000018998981,"Chlorurus bleekeri",255.723275230169,1,0,0,49,"minor commercial",1,2,"Herbi.",1,"LC",3
"10120",0,7559.7177734375,39.825,0.348074997216463,2.57877490520477,302.670989990234,287.477266693115,0.00300000002607703,0.00899999961256981,"Clarias laeviceps",16515.7670695964,1,1,0,NA,NA,NA,NA,NA,1,"VU",168
"10121",0,555.129028320312,45.25,0.846499986946583,3.44237503409386,302.734619140625,288.541118621826,0.00400000018998981,0.00999999977648258,"Conger cinereus",1847.31161376729,0,0,0,140,"commercial",1,4.34,"Carni.",1,"LC",16
"10122",0,2334.09692382812,42,0.462499982118607,3.14090003967285,304.670989990234,291.758193969727,0.00300000002607703,0.00929999966174364,"Cynoglossus senegalensis",5926.75766163642,1,0,0,66.5,"commercial",1,3.62,"Carni.",1,"NT",69
"10123",NA,NA,NA,NA,NA,NA,NA,NA,NA,"Hemitrygon akajei",367.95623878562,1,0,0,200,"commercial",1,3.84,"Carni.",2,"NT",0
"10124",0.0764499999582767,154.871002197266,3.4,1.40454996228218,1.76274996399879,302.203761291504,294.608209228516,0.00400000018998981,0.00585000002756715,"Dendrochirus brachypterus",1270.59262971051,0,0,0,17,"subsistence fisheries",1,3.5,"Carni.",2,"LC",7
"10125",0,183.660003662109,39.075,0.41224998831749,2.60777500271797,302.298616027832,280.062797546387,0.00400000018998981,0.0179999992251396,"Diplodus capensis",9781.00834861649,1,1,0,45,"minor commercial",1,2.7,"Omni.",2,"LC",78
"10126",0,247.15299987793,28.625,1.00637502223253,1.68612499535084,302.072254180908,282.057613372803,0.00300000002607703,0.0198749995324761,"Elops senegalensis",1363.85163868896,1,0,0,90,"commercial",1,3.64,"Carni.",1,"DD",16
"10127",NA,NA,NA,NA,NA,NA,NA,NA,NA,"Enchelycore nigricans",86.0271647393956,0,1,1,NA,NA,NA,NA,NA,NA,"LC",0
"10128",NA,NA,NA,NA,NA,NA,NA,NA,NA,"Engraulis japonicus",367.95623878562,1,0,0,18,"highly commercial",1,2.74,"Omni.",2,"LC",0
"10129",0,61.7540016174316,31.675,0.376550003141165,1.72435002624989,302.310831451416,294.759219360352,0.00300000002607703,0.00700000021606684,"Ephippion guttifer",3427.34097514365,1,0,0,80,"commercial",1,3.55,"Carni.",1,"LC",38
"10130",0.0306749996729195,161.908996582031,10.775,0.887325000762939,1.28162499368191,301.12855758667,289.556089782715,0.00700000021606684,0.00999999977648258,"Epinephelus coioides",606.864655889656,1,0,0,120,"commercial",1,4.05,"Carni.",3,"LC",8
"10131",0,10.6999998092651,41,0.629899993538857,2.89079992771149,309.003103637695,292.170504760742,0.00700000021606684,0.0120000001043081,"Epinephelus fasciatus",18165.3676525865,0,0,0,52,"commercial",1,3.85,"Carni.",2,"LC",29
"10132",0,6371.3427734375,40.5,0.363499999046326,2.78600001335144,304.670989990234,286.71549987793,0.00300000002607703,0.0135000003501773,"Galeoides decadactylus",10032.6636875943,1,1,0,50,"commercial",1,3.57,"Carni.",1,"NT",101
"10133",0.228924996778369,227.733001708984,14.425,0.406174993515015,0.998899987339974,298.598683166504,286.66675491333,0.00745000008028001,0.00899999961256981,"Gerres longirostris",1432.26715491166,1,0,0,44.5,"commercial",1,3.53,"Carni.",3,"LC",10
"10198",0,9036.9833984375,49,0.382200004160404,3.54552491903305,303.643473052978,288.09596786499,0.00600000005215406,0.0120000001043081,"Barbodes semifasciolatus",18909.1906875044,1,1,0,7,"highly commercial",0,2.77,"Omni.",3,"LC",178
"10201",NA,NA,NA,NA,NA,NA,NA,NA,NA,"Apogon coccineus",672.717961801336,0,0,0,6,"commercial",1,3.5,"Carni.",2,"LC",0
"10243",NA,NA,NA,NA,NA,NA,NA,NA,NA,"Diodon hystrix",1064.31488235933,0,0,0,91,"minor commercial",1,3.61,"Carni.",2,"LC",0
"10620",0,555.129028320312,42.9,0.69064998626709,3.37759996652603,302.733837890625,286.10475769043,0.00400000018998981,0.00999999977648258,"Abudefduf sordidus",9780.69688604187,0,1,1,24,"minor commercial",1,3.24,"Carni.",2,"LC",63
"10621",0,2538.38403320312,17.75,0.496549999713898,1.27820000648499,301.225358581543,289.05359954834,0.00300000002607703,0.00600000005215406,"Abudefduf taurus",2318.82525798245,0,1,1,25,"minor commercial",1,2.61999988555908,"Omni.",1,"LC",27
"10623",NA,NA,NA,NA,NA,NA,NA,NA,NA,"Alectis ciliaris",367.95623878562,0,0,0,150,"minor commercial",1,3.56,"Carni.",2,"LC",0
"10625",0,1667.74096679688,20.85,0.398174998909235,1.53584995567799,303.57455368042,298.146562194824,0.00357500012032688,0.00499999988824129,"Aluterus schoepfii",2654.1615691872,0,0,0,61,"subsistence fisheries",1,4,"Carni.",1,"LC",24
"10626",0,7714.2119140625,36.4,0.319400012493134,2.08040008544922,302.867608642578,286.124389648438,0.00300000002607703,0.00899999961256981,"Amphilius krefftii",19546.8753921402,NA,NA,0,NA,NA,NA,NA,NA,1,NA,193
"10627",NA,NA,NA,NA,NA,NA,NA,NA,NA,"Amphiprion frenatus",311.118944702263,0,0,0,14,"commercial",1,2.66,"Omni.",2,"LC",0
"10628",NA,NA,NA,NA,NA,NA,NA,NA,NA,"Gymnothorax vicinus",86.0271647393956,0,0,0,132,"minor commercial",1,4.2,"Carni.",NA,"LC",0
"10629",0.070099999755621,23.42799949646,26.1,0.224500000476837,1.99860002994537,310.162905883789,296.792901611328,0.00700000021606684,0.00899999961256981,"Gymnura micrura",2753.65426110022,1,0,0,137,"minor commercial",1,3.56,"Carni.",2,"NT",13
"10630",0.00140000006649643,66.5950012207031,17.65,1.12634999155998,1.34970002174377,297.758641052246,281.22294921875,0.00899999961256981,0.0130000002682209,"Halichoeres hortulanus",3491.81871677454,0,0,0,27,"minor commercial",1,3.4,"Carni.",2,"LC",15
"10631",0,326.894012451172,19.6,0.197399997711182,1.50360004901886,301.175994873047,295.490795898438,0.00300000002607703,0.00400000018998981,"Haplochromis argenteus",4301.49631721473,0,1,1,20.2000007629395,NA,0,3.61,"Carni.",1,"CR",33
"10632",0,1882.44396972656,29.575,0.39060000628233,1.79100002944469,302.498880004883,286.73090057373,0.00300000002607703,0.0140000004321337,"Hemicaranx bicolor",4958.9158401052,0,1,1,NA,NA,NA,NA,NA,1,"LC",58
"10633",NA,NA,NA,NA,NA,NA,NA,NA,NA,"Hippocampus guttulatus",893.938441489103,0,0,0,21.5,"minor commercial",1,3.5,"Carni.",2,"DD",0
"10634",0.0764499999582767,154.871002197266,3.4,1.40454996228218,1.76274996399879,302.203761291504,294.608209228516,0.00400000018998981,0.00585000002756715,"Histrio histrio",597.874667909172,0,0,0,20,"subsistence fisheries",1,3.93,"Carni.",1,"LC",7
"10635",NA,NA,NA,NA,NA,NA,NA,NA,NA,"Hyporhamphus sajori",367.95623878562,0,0,0,40,"commercial",1,3.4,"Carni.",2,NA,0
"10637",0,1532.47802734375,39.1,0.347499990463257,2.62919993400574,304.670989990234,285.386993408203,0.00300000002607703,0.0162000006064772,"Ilisha africana",6992.65578907401,1,0,0,30,"commercial",1,3.13,"Carni.",1,"LC",77
"10638",0,1327.42797851562,49,1.04382502138615,3.18717502355576,303.571311950684,292.158985137939,0.00499999988824129,0.00999999977648258,"Istigobius decoratus",2786.53532138179,0,0,0,13,"commercial",1,NA,NA,1,"LC",34
"10639",0,12338.2998046875,29.025,0.211250001192093,1.57140001952648,308.636666107178,293.039001464844,0.0020000000949949,0.0179999992251396,"Labeo horie",10485.8268194947,1,1,0,NA,NA,NA,NA,NA,1,"LC",94
"10640",0,30.7679996490479,42.025,0.660399995744228,3.73862496614456,302.723194122314,288.45679397583,0.00597500004805625,0.0109999999403954,"Labroides dimidiatus",5974.29104512995,0,0,0,14,"of no interest",1,3.85,"Carni.",2,"LC",40
"10644",0,64.9520034790039,27.15,0.552975000441074,1.82995001375675,301.862049865723,295.196309661865,0.00400000018998981,0.0055249999742955,"Lutjanus gibbus",1710.95983118291,0,0,0,56.7999992370605,"commercial",1,3.63000011444092,"Carni.",1,"LC",20
"10645",0.0951999988406897,2176.0009765625,14.95,0.22425000667572,1.36265003085136,303.443556213379,293.878141784668,0.0020000000949949,0.00600000005215406,"Mastacembelus marchei",20775.5187575323,NA,NA,0,NA,NA,NA,NA,NA,1,NA,243
"10646",0,15332.720703125,48,0.210899998247623,3.27699995040894,306.600704956055,288.773089599609,0.0020000000949949,0.0109999999403954,"Micralestes elongatus",51475.9397050069,1,1,0,6,NA,0,3.26,"Carni.",1,"LC",517
"10648",0,47222.84765625,35,0.207050002366304,2.25094993114471,306.375952148437,293.541986083984,0.0020000000949949,0.00790000036358831,"Mormyrus rume",18833.6216412867,1,0,0,100,"commercial",0,2.48,"Omni.",1,"LC",203
"10649",0.0456000000238419,1627.00903320312,25.8,0.185200002789497,1.41139998435974,304.071588134766,293.9833984375,0.00300000002607703,0.00600000005215406,"Nematogobius maindroni",7941.569962878,1,1,0,NA,NA,NA,NA,NA,1,"LC",89
"10650",0.0764499999582767,154.871002197266,3.4,1.40454996228218,1.76274996399879,302.203761291504,294.608209228516,0.00400000018998981,0.00585000002756715,"Neoniphon sammara",3731.74732161883,0,0,0,32,"minor commercial",1,3.36999988555908,"Carni.",2,"LC",7
"10651",0.302199989557266,314.101989746094,3,0.38079999089241,0.740600001811981,302.405395507812,297.445001220703,0.00400000018998981,0.00400000018998981,"Nomeus gronovii",1456.54853605735,0,0,0,39,"minor commercial",1,3.67,"Carni.",1,"LC",17
"10654",0.012750000692904,80.0759963989258,17.375,0.30537498742342,1.41612499952316,302.431873321533,284.342254638672,0.00600000005215406,0.0109999999403954,"Oreochromis aureus",1285.22794152306,1,1,0,45.7000007629395,"highly commercial",0,2.51,"Omni.",1,NA,16
"10656",0.77734999656677,1106.91394042969,13.65,1.0535749822855,1.45542496144772,301.561939239502,291.475687408447,0.00899999961256981,0.00899999961256981,"Parastromateus niger",154.909970970146,0,0,0,75,"highly commercial",1,2.9300000667572,"Carni.",1,"LC",2
"10659",0.768400013446808,242.128997802734,13.3,0.687550002336502,1.44755001366138,299.403085327148,295.686408996582,0.00300000002607703,0.00300000002607703,"Petrocephalus zakoni",258.14672056358,NA,NA,0,NA,NA,NA,NA,NA,1,NA,3
"10660",NA,NA,NA,NA,NA,NA,NA,NA,NA,"Petroscirtes mitratus",2221.16859592167,1,0,0,8.5,"commercial",1,2.45,"Omni.",2,"LC",0
"10661",0.00490000019781292,9276.892578125,9.7,0.419999986886978,1.24790000915527,306.493603515625,286.749890136719,0.00929999966174364,0.0189999993890524,"Plotosus lineatus",4333.17716668345,1,0,0,35.2000007629395,"commercial",1,3.6,"Carni.",2,"LC",13
"10662",NA,NA,NA,NA,NA,NA,NA,NA,NA,"Polydactylus sexfilis",367.95623878562,1,0,0,61,"commercial",1,3.43,"Carni.",2,"LC",0
"10663",NA,NA,NA,NA,NA,NA,NA,NA,NA,"Polydactylus sextarius",367.95623878562,0,0,0,30,"commercial",1,3.79,"Carni.",2,NA,0
"10664",0,47222.84765625,36.125,0.193125005811453,2.24750003218651,305.574493408203,292.795261383057,0.0020000000949949,0.00899999961256981,"Polypterus senegalus",20258.3884083169,1,1,0,70,"commercial",0,3.44,"Carni.",1,"LC",186
"10665",0.88360001295805,5.15000009536743,0,0.25832499191165,0.421724990010261,299.284429168701,293.986999511719,0.00400000018998981,0.00492499991087243,"Pomacentrus amboinensis",342.706163848224,0,0,0,9,"commercial",1,2.69,"Omni.",1,"LC",4
"10666",0.0306749996729195,161.908996582031,10.775,0.887325000762939,1.28162499368191,301.12855758667,289.556089782715,0.00700000021606684,0.00999999977648258,"Pomatomus saltatrix",606.864655889656,1,0,0,130,"highly commercial",1,4.48,"Carni.",3,"VU",8
"10667",0,47222.84765625,39.375,0.239750009030104,2.65687498450279,303.768871307373,294.697998046875,0.0020000000949949,0.00537499994970858,"Protopterus annectens",7020.18261266263,1,1,0,100,"minor commercial",0,3.83,"Carni.",1,"LC",66
"10668",0.88360001295805,5.15000009536743,0,0.25832499191165,0.421724990010261,299.284429168701,293.986999511719,0.00400000018998981,0.00492499991087243,"Pseudamia hayashii",342.706163848224,0,0,0,10,NA,1,3.5,"Carni.",1,"LC",4
"10669",0.88360001295805,5.15000009536743,0,0.25832499191165,0.421724990010261,299.284429168701,293.986999511719,0.00400000018998981,0.00492499991087243,"Pseudochromis fuscus",342.706163848224,0,0,0,10,"commercial",1,NA,NA,1,"LC",4
"10670",0.00415000019129366,8.04199981689453,9.95,1.17270002961159,1.24965000152588,299.471343994141,286.429942321777,0.00904999962076545,0.0109499999321997,"Pseudorhombus arsius",223.920384187244,1,0,0,45,"commercial",1,4.02,"Carni.",3,"LC",3
"10672",0,64.9520034790039,27.15,0.552975000441074,1.82995001375675,301.862049865723,295.196309661865,0.00400000018998981,0.0055249999742955,"Rhinecanthus aculeatus",2022.07877588517,0,0,0,30,"minor commercial",1,3.22000002861023,"Carni.",1,"LC",20
"10673",0.00160000007599592,4.07000017166138,34.4,0.352199992537499,2.19020004272461,303.657705688477,283.92770690918,0.0141000003553927,0.0159000006504357,"Salaria pavo",1438.1548089103,0,1,1,13.8000001907349,"subsistence fisheries",1,3.02,"Carni.",3,"LC",5
"10675",0,2334.09692382812,32.35,0.613849973678589,1.88855003714561,303.205838012695,293.658445739746,0.00499999988824129,0.00839999965392053,"Antennarius multiocellatus",598.53469452028,1,0,0,20,"subsistence fisheries",1,4.05,"Carni.",1,"LC",7
"10676",0,555.129028320312,41.45,0.948849968612194,3.64157505631447,310.756162261963,296.253142547607,0.00400000018998981,0.0130000002682209,"Asterropteryx semipunctata",3316.74993780374,1,0,0,6.5,"commercial",1,2.36,"Omni.",2,"LC",18
"10677",7.50000006519255e-05,2.65599989891052,17,1.24929995536804,1.26070003509521,295.721770477295,281.379789733887,0.0110249999444932,0.0119750001002103,"Salmo abanticus",375.114375753807,1,1,0,NA,NA,NA,NA,NA,3,"VU",2
"10678",0.00400000018998981,4.54500007629395,47,1.64300000667572,2.18699994683266,306.401741027832,291.534492492676,0.00999999977648258,0.0109999999403954,"Salmo salar",2116.72665722147,1,1,0,150,"highly commercial",1,3.86,"Carni.",2,"NT",6
"10679",0,10.6999998092651,40.05,0.748349975794554,2.67787494659424,309.024932098389,291.771131134033,0.0074750002939254,0.0120000001043081,"Sargocentron caudimaculatum",2911.70569184968,0,0,0,25,"minor commercial",1,3.89,"Carni.",2,"LC",20
"10680",0,120.578002929688,42.8,1.2649000287056,2.71049993038177,302.33600769043,289.827996826172,0.00700000021606684,0.00999999977648258,"Sargocentron diadema",3934.45264566667,0,0,0,17,"minor commercial",1,3.68,"Carni.",2,"LC",13
"10681",NA,NA,NA,NA,NA,NA,NA,NA,NA,"Sargocentron rubrum",367.95623878562,0,0,0,32,"minor commercial",1,3.78,"Carni.",2,"LC",0
"10682",0,1106.91394042969,41.7,0.673449993133545,3.63679996728897,302.763037109375,290.357243347168,0.00400000018998981,0.00999999977648258,"Saurida gracilis",7769.21147215556,0,0,0,32,"commercial",1,4.37,"Carni.",1,"LC",47
"10684",NA,NA,NA,NA,NA,NA,NA,NA,NA,"Scorpaenopsis oxycephala",367.95623878562,NA,NA,0,NA,NA,NA,NA,NA,2,"LC",0
"10685",NA,NA,NA,NA,NA,NA,NA,NA,NA,"Secutor indicius",367.95623878562,NA,NA,0,NA,NA,NA,NA,NA,2,NA,0
"10686",0,2222.06201171875,31.4,0.399200010299683,1.84110004901886,302.499505615234,286.727398681641,0.00230000007431954,0.0140000004321337,"Selene dorsalis",5196.1196887782,0,0,0,40,"commercial",1,4.08,"Carni.",1,"LC",53
"10688",0,14.2270002365112,40.875,2.70380009412765,3.00019990205765,315.46167755127,293.680850982666,0.0131000002846122,0.0169000009074807,"Sparisoma rubripinne",915.473151028755,0,0,0,47.7999992370605,"minor commercial",1,2,"Herbi.",2,"LC",2
"10689",NA,NA,NA,NA,NA,NA,NA,NA,NA,"Sphyraena flavicauda",2437.51401013595,0,0,0,60,"commercial",1,4.2,"Carni.",2,"LC",0
"10690",NA,NA,NA,NA,NA,NA,NA,NA,NA,"Sphyraena pinguis",367.95623878562,1,0,0,50,"highly commercial",1,4.38,"Carni.",2,"LC",0
"10691",0,30.7679996490479,40.45,0.607599996030331,3.23179996609688,302.742839813232,290.321990966797,0.00600000005215406,0.00999999977648258,"Sphyraena putnamae",2915.94465028379,0,0,0,90,"commercial",1,4.5,"Carni.",1,"LC",32
"10692",0.0782000005245209,12.7200002670288,17.2,0.578600001335144,1.75750002861023,307.253009033203,297.854107666016,0.00300000002607703,0.00499999988824129,"Squalius agdamicus",1710.21962065149,NA,NA,0,NA,NA,NA,NA,NA,2,NA,13
"10693",0.0782000005245209,12.7200002670288,17.2,0.578600001335144,1.75750002861023,307.253009033203,297.854107666016,0.00300000002607703,0.00499999988824129,"Squalius turcicus",1710.21962065149,1,1,0,NA,NA,NA,NA,NA,2,"LC",13
"10695",0,7621.01513671875,36,0.169250000268221,2.37430007457733,307.589996337891,288.514605712891,0.00300000002607703,0.0109999999403954,"Synodontis schall",31965.1817848265,1,1,0,37,"commercial",0,2.92,"Carni.",1,"LC",299
"10696",0,13530.982421875,33.025,0.16564999371767,1.85614994764328,305.766664123535,288.057961273193,0.0020000000949949,0.00999999977648258,"Coptodon zillii",74529.606820355,1,1,0,40,"commercial",0,2.52,"Omni.",1,"LC",680
"10697",1.05484999977052,36454.14453125,4.40000000000001,0.268850003182888,1.12869997322559,303.336602783203,291.466046142578,0.00300000002607703,0.00554999997839332,"Trachinotus teraia",1633.14183568944,1,0,0,68,"minor commercial",1,3.57,"Carni.",1,"LC",19
"10698",0,246.975006103516,18.25,0.78415000140667,1.28340001106262,300.665985107422,288.979200744629,0.00300000002607703,0.00300000002607703,"Tylosurus crocodilus",2343.56305838056,1,0,0,150,"commercial",1,4.33,"Carni.",1,"LC",23
"10700",NA,NA,NA,NA,NA,NA,NA,NA,NA,"Upeneus tragula",367.95623878562,1,0,0,30,"commercial",1,4.22,"Carni.",2,"LC",0
"10701",0.0266250000335276,2.35800004005432,21.525,1.29882499277592,1.90017500817776,300.978910827637,290.516263580322,0.00999999977648258,0.00999999977648258,"Upeneus vittatus",707.20229805335,1,0,0,28,"commercial",1,3.87,"Carni.",2,"LC",2
"10702",0,64.9520034790039,27.15,0.552975000441074,1.82995001375675,301.862049865723,295.196309661865,0.00400000018998981,0.0055249999742955,"Atule mate",1710.95983118291,1,0,0,30,"minor commercial",1,3.27,"Carni.",1,"LC",20
"10703",0,183.660003662109,41.5,0.699249997735023,2.9567499756813,302.592239379883,285.821998596191,0.00600000005215406,0.0107499998994172,"Bathygobius cocosensis",6238.33450487392,NA,NA,0,NA,NA,NA,NA,NA,1,"LC",51
"10705",0.0672999989241362,5.30299997329712,25.8,0.362800005078316,1.18569999933243,302.205993652344,297.463092041016,0.00400000018998981,0.00400000018998981,"Brevoortia tyrannus",599.945854724606,1,0,0,50,"highly commercial",1,2.61,"Omni.",1,"LC",5
"10706",0.24987499602139,36454.14453125,1.25,0.167874999344349,0.985500022768974,303.020118713379,291.145378112793,0.0020000000949949,0.00700000021606684,"Brienomyrus adustus",23689.1984954308,NA,NA,0,NA,NA,NA,NA,NA,1,NA,276
"10707",0,555.129028320312,39.6,0.281399995088577,3.3996000289917,302.731994628906,293.986999511719,0.00400000018998981,0.0046000000089407,"Brotula multibarbata",1890.17834889312,0,0,0,100,"minor commercial",1,3.91,"Carni.",1,"LC",17
"10708",0,5558.05322265625,29.175,0.673124985396862,2.21929996311665,302.278723144531,295.22703704834,0.00400000018998981,0.00572500000707805,"Caracanthus unipinna",1107.60559961731,0,0,0,5,NA,1,3.6,"Carni.",1,"LC",12
"10709",0.00374999991618097,127.722999572754,19.75,1.09312497079372,1.68674997985363,302.163875579834,293.572631835938,0.00400000018998981,0.00750000035623088,"Caranx crysos",680.863766627241,0,0,0,70,"minor commercial",1,3.63,"Carni.",1,"LC",6
"10710",0,120.692001342773,41.5,0.933999985456467,2.17700004577637,301.039001464844,286.380493164062,0.00700000021606684,0.010499999858439,"Caranx ignobilis",5232.60060674207,1,0,0,170,"commercial",1,4.48,"Carni.",2,"LC",21
"10712",0.000300000002607703,17.1000003814697,37.5,1.55710000991821,3.0106999874115,310.821810913086,295.860891723633,0.00939999967813492,0.0130000002682209,"Cheilodipterus quinquelineatus",4743.14812914508,0,0,0,13,"minor commercial",1,3.5,"Carni.",2,"LC",5
"10713",0,190.13200378418,41,0.378025004267693,2.97079990506172,304.670989990234,293.124786376953,0.00300000002607703,0.00797500037588179,"Chelon dumerili",4127.84254417282,1,1,0,40,"commercial",1,2.68,"Omni.",1,"DD",42
"10714",0.118100003153086,1.28299999237061,25.9,0.434999985992909,0.751350018382072,310.514646911621,292.839364624023,0.0160000007599592,0.0160000007599592,"Chilomycterus schoepfii",2048.14066684581,0,0,0,27.8999996185303,"of no interest",1,3.5,"Carni.",2,"LC",3
"10715",0,2334.09692382812,40.15,0.414550012350082,2.77130007743835,304.670989990234,287.733096313477,0.00300000002607703,0.0120000001043081,"Chloroscombrus chrysurus",14889.7907834501,0,0,0,65,"commercial",1,3.53,"Carni.",1,"LC",155
"10716",0,4.24399995803833,40.45,0.714050012826919,2.95389997959137,302.69870300293,281.744850158691,0.0091000001411885,0.0218499998562038,"Conger wilsoni",3142.8632025216,1,0,0,150,NA,1,NA,NA,2,"LC",7
"10718",0,3.73200011253357,37,2.83800005912781,2.83800005912781,302.718994140625,297.497985839844,0.00499999988824129,0.00499999988824129,"Ctenochaetus striatus",3892.36541256431,1,0,0,26,"commercial",1,2,"Herbi.",2,"LC",1
"10719",0,1206.39794921875,34.475,0.212025003880262,2.05085000395775,306.533433532715,292.755060577393,0.00400000018998981,0.00899999961256981,"Ctenopoma togoensis",13531.8835580766,NA,NA,0,NA,NA,NA,NA,NA,1,NA,102
"10720",0.0764499999582767,154.871002197266,3.4,1.40454996228218,1.76274996399879,302.203761291504,294.608209228516,0.00400000018998981,0.00585000002756715,"Dactyloptena orientalis",597.874667909172,0,0,0,40,"minor commercial",1,3.68,"Carni.",1,"LC",7
"10721",0.000474999984726317,246.975006103516,20.875,0.378025004267693,1.25852499008179,302.205993652344,289.315845489502,0.00300000002607703,0.00400000018998981,"Drepane punctata",3604.6084482532,1,0,0,50,"commercial",1,3.32,"Carni.",1,"LC",42
"10722",0.0514250004664063,37.9370002746582,7.45,0.412875010073185,1.05862502902746,301.006988525391,293.540785217285,0.00227500007604249,0.00400000018998981,"Eleotris annobonensis",1032.58163836627,NA,NA,0,NA,NA,NA,NA,NA,1,"DD",12
"10724",NA,NA,NA,NA,NA,NA,NA,NA,NA,"Epibulus insidiator",3133.87265370966,0,0,0,54,"minor commercial",1,4.01,"Carni.",2,"LC",0
"10725",0,555.129028320312,40.425,0.846499983966351,3.52792504429817,302.739868164062,291.297019195557,0.00400000018998981,0.0073749998002313,"Epinephelus merra",1622.33967206987,0,0,0,36.5,"commercial",1,4.38,"Carni.",1,"LC",14
"10726",NA,NA,NA,NA,NA,NA,NA,NA,NA,"Etrumeus sadina",367.95623878562,1,0,0,33,"highly commercial",1,3.40000009536743,"Carni.",2,"LC",0
"10731",0.88360001295805,5.15000009536743,0,0.25832499191165,0.421724990010261,299.284429168701,293.986999511719,0.00400000018998981,0.00492499991087243,"Gobiodon quinquestrigatus",342.706163848224,0,0,0,4.5,NA,1,NA,NA,1,"LC",4
"10785",NA,NA,NA,NA,NA,NA,NA,NA,NA,"Parascolopsis eriomma",672.717961801336,0,0,0,35,"subsistence fisheries",1,4.19,"Carni.",2,"LC",0
"10885",NA,NA,NA,NA,NA,NA,NA,NA,NA,"Scarus scaber",672.717961801336,1,0,0,37,"commercial",1,2,"Herbi.",2,"LC",0
"11219",NA,NA,NA,NA,NA,NA,NA,NA,NA,"Ablennes hians",367.95623878562,1,0,0,140,"minor commercial",1,4.22,"Carni.",2,"LC",0
"11220",0,6371.3427734375,33,0.294124997407198,2.13520002961158,303.078279876709,282.677462005615,0.00300000002607703,0.0179999992251396,"Abudefduf saxatilis",11173.1654845996,1,0,0,22.8999996185303,"minor commercial",1,2.76,"Omni.",1,"LC",70
"11221",0.0306749996729195,161.908996582031,10.775,0.887325000762939,1.28162499368191,301.12855758667,289.556089782715,0.00700000021606684,0.00999999977648258,"Acanthopagrus bifasciatus",3580.7350322759,0,0,0,36.2000007629395,"minor commercial",1,3.39,"Carni.",2,"LC",8
"11222",0,30.7679996490479,40.45,0.607599996030331,3.23179996609688,302.742839813232,290.321990966797,0.00600000005215406,0.00999999977648258,"Acanthurus dussumieri",2972.78194436715,1,0,0,54,"minor commercial",1,2,"Herbi.",1,"LC",32
"11223",0,1882.44396972656,30.8,0.654399979114533,1.83420004844666,302.548199462891,286.615405273437,0.00300000002607703,0.0144000001251698,"Aluterus heudelotii",2128.46061098615,0,0,0,45,NA,1,2,"Herbi.",1,"LC",25
"11224",0.0177500005811453,37.9370002746582,29.75,0.41125001013279,2.33375003933907,302.226493835449,293.526260375977,0.00250000011874363,0.00474999996367842,"Aluterus scriptus",4941.64277814148,0,0,0,110,"commercial",1,3.02,"Carni.",2,"LC",11
"11225",0.000300000002607703,17.1000003814697,37.5,1.55710000991821,3.0106999874115,310.821810913086,295.860891723633,0.00939999967813492,0.0130000002682209,"Amblygobius albimaculatus",3838.83552410917,1,0,0,18,"commercial",1,3.3,"Carni.",2,"LC",5
"11226",0.0102000005543232,5113.72998046875,8.59999999999992,0.165600001811981,0.771400010585782,299.737005615234,292.552593994141,0.0020000000949949,0.00300000002607703,"Haplochromis guiarti",10068.3780129825,0,1,1,17.7000007629395,NA,0,4.2,"Carni.",1,"CR",105
"11227",0.00990000008605421,5102.72509765625,16.175,0.0877250028774142,1.37890004515648,301.170360565186,290.800992584229,0.0020000000949949,0.00400000018998981,"Haplochromis ishmaeli",16604.4616696069,0,1,1,13.6000003814697,NA,0,3.6,"Carni.",1,"CR",154
"11228",0,326.894012451172,23.35,0.173674998059869,1.401725050807,301.171054840088,295.456349945068,0.00300000002607703,0.00400000018998981,"Haplochromis latifasciatus",3010.94750855038,0,1,1,NA,NA,NA,NA,NA,1,"CR",20
"11229",0,4861.49609375,21.95,0.18097499795258,1.26352505385876,301.17085647583,295.223777008057,0.00257500005536713,0.00400000018998981,"Haplochromis parvidens",3613.13972629751,0,1,1,16.2999992370605,NA,0,4,"Carni.",1,"CR",24
"11230",1.55625002980232,4861.49609375,0,0.147950001806021,0.386999994516373,297.281901550293,293.852142333984,0.0020000000949949,0.0020000000949949,"Haplochromis venator",2409.91231275565,0,1,1,17.7999992370605,NA,0,3.9,"Carni.",1,"EN",27
"11231",0,47194.4140625,33,0.211424996331334,2.38187496662139,306.08917388916,291.036547088623,0.00300000002607703,0.00899999961256981,"Hemichromis frempongi",56631.3310192429,NA,NA,0,NA,NA,NA,NA,NA,1,NA,618
"11232",0,47222.84765625,29.05,0.22960000410676,1.59359999299049,306.723999023438,293.575196838379,0.00300000002607703,0.00800000037997961,"Hemichromis paynei",22496.9450437748,NA,NA,0,NA,NA,NA,NA,NA,1,NA,239
"11233",0,133.339004516602,41.5,0.66049998998642,2.93349993228912,302.483489990234,282.395004272461,0.00499999988824129,0.0130000002682209,"Istiblennius dussumieri",5176.38138334876,0,1,1,12,"of no interest",1,2,"Herbi.",1,"LC",61
"11234",0,6371.3427734375,25,0.315999999642372,1.36800003051758,302.205993652344,289.350997924805,0.00300000002607703,0.00600000005215406,"Labrisomus nuchipinnis",5324.0629712155,0,1,1,23,"commercial",1,3.52,"Carni.",1,"LC",61
"11235",0,61.7540016174316,41.3,0.375200000405312,3.04669992923737,304.670989990234,292.156604003906,0.00300000002607703,0.00730000026524067,"Lagocephalus laevigatus",2465.16197281447,1,0,0,100,"minor commercial",1,4.02,"Carni.",1,"LC",29
"11236",0,25.1700000762939,33.55,0.653175002336502,1.75845000743866,306.397078704834,280.530249786377,0.0232250000815839,0.0240000002086163,"Lepidotrigla guentheri",806.981412976535,NA,NA,0,NA,NA,NA,NA,NA,2,NA,10
"11237",0,61.7540016174316,26.1,0.372349994629622,1.53199994564056,302.205993652344,282.719654846191,0.00300000002607703,0.0130000002682209,"Lichia amia",6036.76907513606,1,0,0,200,"commercial",1,4.32,"Carni.",3,"LC",50
"11238",NA,NA,NA,NA,NA,NA,NA,NA,NA,"Luciogobius guttatus",1994.99839128503,1,0,0,9.5,"of no interest",1,NA,NA,2,"LC",0
"11239",NA,NA,NA,NA,NA,NA,NA,NA,NA,"Microcanthus strigatus",367.95623878562,1,1,0,16,"commercial",1,3,"Carni.",2,"LC",0
"11240",0,555.129028320312,40.7,0.878599971532822,3.57070004940033,302.742492675781,297.132098388672,0.00400000018998981,0.00400000018998981,"Myrichthys maculosus",1999.97274299566,0,1,1,100,"commercial",1,NA,NA,1,"LC",13
"11241",0.00140000006649643,66.5950012207031,17.65,1.12634999155998,1.34970002174377,297.758641052246,281.22294921875,0.00899999961256981,0.0130000002682209,"Myripristis chryseres",1754.78587261388,0,0,0,25,"commercial",1,4.04,"Carni.",3,"LC",15
"11242",NA,NA,NA,NA,NA,NA,NA,NA,NA,"Ophichthus altipennis",367.95623878562,NA,NA,0,NA,NA,NA,NA,NA,2,"LC",0
"11243",0,2390.44091796875,32.7,0.623224997520447,1.98359997570515,303.038934326172,287.075402832031,0.00400000018998981,0.00667500016279518,"Oreochromis urolepis",5040.84384149146,1,0,0,44,"commercial",0,2,"Herbi.",1,"LC",54
"11244",0,1667.74096679688,20.8,0.402399998903275,1.53579995632172,303.545404052734,297.9494140625,0.0036000001244247,0.00499999988824129,"Pagrus caeruleostictus",2739.86136924001,0,0,0,90,"commercial",1,3.66,"Carni.",1,"LC",25
"11248",0,3418.40087890625,28,0.212900003790855,1.70369998812675,306.645001220703,293.782804870605,0.00400000018998981,0.00899999961256981,"Petrocephalus bovei",29096.1539484499,0,1,1,11.5,"of no interest",0,NA,NA,1,"LC",255
"11249",0,246.975006103516,18.25,0.78415000140667,1.28340001106262,300.665985107422,288.979200744629,0.00300000002607703,0.00300000002607703,"Phaeoptyx pigmentaria",2061.63398433433,1,0,0,NA,NA,NA,NA,NA,1,"LC",23
"11250",NA,NA,NA,NA,NA,NA,NA,NA,NA,"Platax orbicularis",388.064428565403,0,0,0,60,"minor commercial",1,3.33,"Carni.",2,"LC",0
"11252",0,47222.84765625,35,0.243200004473329,2.05849989652634,305.571490478516,292.451082611084,0.00300000002607703,0.00899999961256981,"Polypterus bichir",27927.8328439496,1,1,0,74,"commercial",0,4.5,"Carni.",1,"LC",272
"11253",0,555.129028320312,41,0.709999978542328,2.85599994659424,308.973999023438,292.703002929688,0.00400000018998981,0.0120000001043081,"Pomacanthus semicirculatus",4470.10938005573,1,0,0,40,"minor commercial",1,2.69,"Omni.",2,"LC",41
"11254",0,555.129028320312,40.7,0.878599971532822,3.57070004940033,302.742492675781,297.132098388672,0.00400000018998981,0.00400000018998981,"Priolepis cincta",5398.69932143439,0,0,0,7,"commercial",1,NA,NA,2,"LC",13
"11255",0,120.578002929688,42.5,1.19675002992153,2.70037493109703,302.277507781982,287.047122955322,0.00700000021606684,0.0106249998789281,"Pristiapogon kallopterus",2038.74396004873,0,0,0,15.5,"commercial",1,3.55,"Carni.",3,"LC",16
"11257",0,26.9829998016357,34,0.569025012850761,2.18907499909401,306.792998504639,280.273141479492,0.0230000000447035,0.0240000002086163,"Pseudorasbora parva",2124.29038371251,1,0,0,12.5,"of no interest",0,3.22,"Carni.",2,"LC",22
"11258",NA,NA,NA,NA,NA,NA,NA,NA,NA,"Pterocaesio chrysozona",231.594643234581,0,0,0,21,"commercial",1,3.4,"Carni.",2,"LC",0
"11259",0.138399994373322,3.82800006866455,2.8,0.0629000004380941,0.273200008273125,313.470303344727,293.530184936523,0.0111999999731779,0.0148999997414649,"Raja miraletus",986.317047286951,0,0,0,63,"commercial",1,3.8,"Carni.",2,"LC",5
"11260",NA,NA,NA,NA,NA,NA,NA,NA,NA,"Remora remora",367.95623878562,0,0,0,86.4000015258789,"commercial",1,3,"Carni.",2,"LC",0
"11261",0.30799999833107,8.25800037384033,0,0.999000012874603,0.999000012874603,302.135009765625,297.028991699219,0.00499999988824129,0.00499999988824129,"Anyperodon leucogrammicus",85.8320882575874,0,0,0,65,"minor commercial",1,3.94,"Carni.",1,NA,1
"11262",2.19870009422302,26.9829998016357,1,0.712600010633469,0.728749972581863,306.830992126465,283.284739685059,0.0230000000447035,0.0239500002004206,"Jaydia lineata",808.754212352625,0,0,0,14.8000001907349,NA,1,3.32,"Carni.",2,"LC",3
"11263",0.00415000019129366,8.04199981689453,9.95,1.17270002961159,1.24965000152588,299.471343994141,286.429942321777,0.00904999962076545,0.0109499999321997,"Sarda orientalis",591.876622972864,0,0,0,102,"minor commercial",1,4.21,"Carni.",2,"LC",3
"11264",0,1667.74096679688,20,0.17485000193119,1.53669994473457,304.240646362305,296.908290100098,0.00300000002607703,0.00499999988824129,"Sardinella rouxi",8898.18111323233,NA,NA,0,NA,NA,NA,NA,NA,1,"DD",87
"11265",0,13530.982421875,33,0.177750002592802,2.20394997596741,306.468994140625,293.196792602539,0.00300000002607703,0.00899999961256981,"Sarotherodon galilaeus",37070.3853635022,1,1,0,39.5,"commercial",0,2,"Herbi.",1,"LC",319
"11266",1.37509999871254,8.8129997253418,0,0.190249994397163,0.36599999666214,299.803900146484,293.986999511719,0.00405000017490238,0.00499999988824129,"Scomber australasicus",428.555418555984,0,0,0,44,"commercial",1,4.07999992370605,"Carni.",1,"LC",3
"11267",0,1667.74096679688,20.85,0.398174998909235,1.53584995567799,303.57455368042,298.146562194824,0.00357500012032688,0.00499999988824129,"Scomber japonicus",3694.83576977415,0,0,0,64,"highly commercial",1,3.42,"Carni.",1,"LC",24
"11269",0,2334.09692382812,32.35,0.613849973678589,1.88855003714561,303.205838012695,293.658445739746,0.00499999988824129,0.00839999965392053,"Scomberomorus maculatus",598.53469452028,0,0,0,91,"highly commercial",1,4.32,"Carni.",1,"LC",7
"11271",0.00415000019129366,8.04199981689453,9.95,1.17270002961159,1.24965000152588,299.471343994141,286.429942321777,0.00904999962076545,0.0109499999321997,"Scorpaenopsis venosa",223.920384187244,0,0,0,25,NA,1,NA,NA,3,"LC",3
"11273",0,172.516998291016,24.75,0.593375004827976,1.71875001490116,301.86124420166,287.996631622314,0.00400000018998981,0.0101249997969717,"Sillago sihama",2919.30801910953,1,0,0,31,"commercial",1,3.3,"Carni.",1,"LC",36
"11274",0.00400000018998981,4.54500007629395,47,1.64300000667572,2.18699994683266,306.401741027832,291.534492492676,0.00999999977648258,0.0109999999403954,"Siphamia roseigaster",712.678682581108,NA,NA,0,NA,NA,NA,NA,NA,1,NA,6
"11275",0,4.24399995803833,25.375,0.704375013709068,1.6700000166893,302.698753356934,281.734874725342,0.0209999997168779,0.0218749998603016,"Sparus aurata",412.972045745523,1,1,0,70,"commercial",1,3.39,"Carni.",3,"LC",6
"11276",0.00415000019129366,8.04199981689453,9.95,1.17270002961159,1.24965000152588,299.471343994141,286.429942321777,0.00904999962076545,0.0109499999321997,"Sphyraena acutipinnis",223.920384187244,0,0,0,80,"commercial",1,4.5,"Carni.",3,"LC",3
"11278",NA,NA,NA,NA,NA,NA,NA,NA,NA,"Sphyraena obtusata",672.717961801336,1,0,0,55,"commercial",1,4.5,"Carni.",2,"LC",0
"11279",0.0782000005245209,12.7200002670288,17.2,0.578600001335144,1.75750002861023,307.253009033203,297.854107666016,0.00300000002607703,0.00499999988824129,"Squalius berak",1710.21962065149,1,0,0,NA,NA,NA,NA,NA,2,"LC",13
"11280",0,172.516998291016,41.45,0.938799986243248,2.15370004177093,301.112162780762,286.531604003906,0.00655000014230609,0.00999999977648258,"Stephanolepis auratus",1958.97385797456,NA,NA,0,NA,NA,NA,NA,NA,3,"LC",23
"11281",0,555.129028320312,39.05,0.702850005030632,3.31405001878738,302.726745605469,286.499250793457,0.00400000018998981,0.0105499998666346,"Stethojulis interrupta",2810.6896680652,0,0,0,15.6000003814697,"of no interest",1,3.5,"Carni.",1,"LC",19
"11282",0.00105000000912696,25.7970008850098,34.9,0.463599996268749,2.458899974823,302.645108032227,295.685600280762,0.00499999988824129,0.00564999999478459,"Synanceia verrucosa",4002.85258350447,0,0,0,40,"minor commercial",1,4.35,"Carni.",2,"LC",15
"11283",0.000474999984726317,246.975006103516,20.875,0.378025004267693,1.25852499008179,302.205993652344,289.315845489502,0.00300000002607703,0.00400000018998981,"Synapturichthys kleinii",5891.51880906065,0,0,0,40,"commercial",1,NA,NA,1,"DD",42
"11284",0.0522000014781952,17.1650009155273,16.3,0.854399996995926,1.14349995851517,295.785003662109,285.112603759766,0.00899999961256981,0.00899999961256981,"Syngnathus acus",856.337616992359,0,0,0,50,"of no interest",1,3.52,"Carni.",3,"LC",5
"11285",0,555.129028320312,40.7,0.878599971532822,3.57070004940033,302.742492675781,297.132098388672,0.00400000018998981,0.00400000018998981,"Synodus variegatus",2220.19014684624,0,0,0,40,"commercial",1,4.5,"Carni.",1,"LC",13
"11287",0.0764499999582767,154.871002197266,3.4,1.40454996228218,1.76274996399879,302.203761291504,294.608209228516,0.00400000018998981,0.00585000002756715,"Torpedo fuscomaculata",597.874667909172,1,0,0,64,NA,1,4.5,"Carni.",1,"DD",7
"11288",0,30.7679996490479,40.45,0.607599996030331,3.23179996609688,302.742839813232,290.321990966797,0.00600000005215406,0.00999999977648258,"Trachinotus botla",2604.82570558153,0,0,0,75,"minor commercial",1,3.21,"Carni.",1,"LC",32
"11289",0,6371.3427734375,42.1,0.284549990296364,2.83580003976821,303.099353027344,287.642691040039,0.00300000002607703,0.0120000001043081,"Trachinotus ovatus",13163.7796348324,0,0,0,70,"minor commercial",1,3.73,"Carni.",1,"LC",139
"11290",0.0122500000521541,154.871002197266,31.225,1.40497496426105,2.65232504010201,302.634997558594,294.671908569336,0.00400000018998981,0.00582500002346933,"Trachyrhamphus bicoarctatus",1356.36742676382,0,0,0,40,NA,1,3.75,"Carni.",2,"LC",8
"11291",NA,NA,NA,NA,NA,NA,NA,NA,NA,"Tylosurus acus acus",1063.52823229911,NA,NA,0,NA,NA,NA,NA,NA,2,NA,0
"11292",NA,NA,NA,NA,NA,NA,NA,NA,NA,"Tylosurus acus melanotus",367.95623878562,NA,NA,0,NA,NA,NA,NA,NA,2,NA,0
"11293",0.00712499984074385,36454.14453125,37,0.331999987363815,2.14045001268387,301.534326171875,291.350838470459,0.0020000000949949,0.00700000021606684,"Xenocharax spilurus",15911.8680904011,0,0,0,26,NA,0,NA,NA,1,NA,180
"11295",0.488100007176399,10.9809999465942,0,0.396699993312359,0.976199978590012,296.462109375,291.872711181641,0.00400000018998981,0.00400000018998981,"Balistapus undulatus",4062.31389074116,0,0,0,30,"commercial",1,3.36999988555908,"Carni.",2,"LC",3
"11296",0.00140000006649643,66.5950012207031,17.65,1.12634999155998,1.34970002174377,297.758641052246,281.22294921875,0.00899999961256981,0.0130000002682209,"Bathygobius coalitus",1754.78587261388,NA,NA,0,NA,NA,NA,NA,NA,3,"LC",15
"11297",0,37.3930015563965,40.7,1.1907000541687,2.72330005168915,304.670989990234,293.80139465332,0.00430000009946525,0.00770000033080578,"Butis koilomatodon",1505.40692578119,1,0,0,10.6999998092651,NA,1,4.01,"Carni.",2,"LC",13
"11298",0,555.129028320312,40.7,0.878599971532822,3.57070004940033,302.742492675781,297.132098388672,0.00400000018998981,0.00400000018998981,"Canthigaster bennetti",1547.4721850449,0,0,0,10,NA,1,2.54,"Omni.",1,"LC",13
"11299",0.116000001318753,37.9370002746582,6.425,0.409625010192394,0.779149982333183,300.731442260742,293.511735534668,0.00245000011636876,0.00400000018998981,"Canthigaster rostrata",860.540719979983,1,0,0,12,"commercial",1,2.77,"Omni.",1,"LC",10
"11300",0.000825000007171184,154.871002197266,29.3,1.09057502448559,2.54622502923012,302.713497161865,294.518058013916,0.00400000018998981,0.00600000005215406,"Canthigaster valentini",1112.70417954388,0,0,0,11,"commercial",1,2.84,"Carni.",1,"LC",12
"11302",0,64.9520034790039,26.7,0.560550001263618,1.80910001397133,301.861898803711,287.37945098877,0.00400000018998981,0.0104499998502433,"Carangoides malabaricus",1934.88021537015,NA,NA,0,NA,NA,NA,NA,NA,1,"LC",23
"11303",0,1882.44396972656,33.875,0.476750001311302,2.18550002574921,303.078632354736,287.007259368896,0.00300000002607703,0.0140000004321337,"Caranx rhonchus",5464.72468804627,0,0,0,60,"commercial",1,3.6,"Carni.",1,"LC",56
"11304",0.00697499988600612,25.7970008850098,35.65,0.449100000411272,2.59714996814728,302.289630126953,296.462030792236,0.00499999988824129,0.00499999988824129,"Carcharhinus melanopterus",1373.69134172771,0,0,0,200,"commercial",1,4.36,"Carni.",1,"VU",10
"11305",NA,NA,NA,NA,NA,NA,NA,NA,NA,"Chaetodon vagabundus",367.95623878562,1,0,0,23,"minor commercial",1,3.36,"Carni.",2,"LC",0
"11306",NA,NA,NA,NA,NA,NA,NA,NA,NA,"Cheilinus trilobatus",4048.40764999731,0,0,0,45,"minor commercial",1,3.92000007629395,"Carni.",2,"LC",0
"11307",0,246.975006103516,18.25,0.78415000140667,1.28340001106262,300.665985107422,288.979200744629,0.00300000002607703,0.00300000002607703,"Cheilopogon cyanopterus",1975.60681959494,0,0,0,40,"minor commercial",1,3.25,"Carni.",1,"LC",23
"11308",0,3.96300005912781,40,2.42709991931915,2.86709995269775,307.285095214844,298.473193359375,0.00310000004246831,0.00590000003576279,"Cheilopogon heterurus",940.913861400917,0,0,0,40,"of potential interest",1,3.4,"Carni.",2,"LC",5
"11309",0,921.364990234375,26.35,0.237550004571676,1.36082499027252,299.46097946167,291.867958068848,0.00300000002607703,0.00400000018998981,"Chiloglanis igamba",3856.20236085088,1,0,0,6.46000003814697,"of no interest",0,NA,NA,1,NA,32
"11310",0,66.0479965209961,35.95,0.290099991858006,1.92425000965595,300.963971710205,278.584403991699,0.00300000002607703,0.0173749996116385,"Cyprinus rubrofuscus",7831.04625710772,1,1,0,NA,NA,NA,NA,NA,3,"LC",62
"11311",0.0764499999582767,154.871002197266,3.4,1.40454996228218,1.76274996399879,302.203761291504,294.608209228516,0.00400000018998981,0.00585000002756715,"Dascyllus reticulatus",597.874667909172,0,0,0,9,"minor commercial",1,3.13,"Carni.",1,"LC",7
"11312",0,206.606994628906,42.325,0.674424989521503,3.14097503423691,303.600006103516,290.525730133057,0.00300000002607703,0.00932499966584146,"Fontitrygon margarita",6741.85134719477,1,1,0,100,"commercial",1,3.42,"Carni.",1,"VU",68
"11313",NA,NA,NA,NA,NA,NA,NA,NA,NA,"Diodon holocanthus",2448.98179481007,0,0,0,50,"minor commercial",1,3.31,"Carni.",2,"LC",0
"11314",0,30.7679996490479,41.75,0.515749976038933,3.16649997234344,302.646614074707,277.106010437012,0.00600000005215406,0.0137500003911555,"Diplodus cervinus",4638.51281640136,1,0,0,55,"minor commercial",1,2.99,"Carni.",1,"LC",46
"11315",0,4.24399995803833,25.375,0.704375013709068,1.6700000166893,302.698753356934,281.734874725342,0.0209999997168779,0.0218749998603016,"Diplodus sargus",412.972045745523,0,0,0,45,"minor commercial",1,3.24,"Carni.",3,"LC",6
"11316",0,1634.2939453125,28.075,0.246124994009733,1.42430000901222,304.875576782227,295.893830871582,0.00400000018998981,0.00600000005215406,"Distichodus nefasch",11187.458715893,1,1,0,83,NA,0,2,"Herbi.",1,"VU",120
"11317",0,555.129028320312,40.7,0.878599971532822,3.57070004940033,302.742492675781,297.132098388672,0.00400000018998981,0.00400000018998981,"Echidna leucotaenia",1547.4721850449,0,0,0,75,NA,1,3.5,"Carni.",1,"LC",13
"11318",0,6371.3427734375,18.3,0.256099991500378,1.37480001449585,303.847991943359,294.66130065918,0.00300000002607703,0.00529999993741512,"Eleotris vittata",9764.00014875911,1,1,0,27.5,"of no interest",1,NA,NA,1,"LC",109
"11319",0,10.6999998092651,40,0.63000001013279,2.66849994659424,309.022506713867,291.815505981445,0.00600000005215406,0.0120000001043081,"Epinephelus malabaricus",2324.81981830593,1,1,0,234,"highly commercial",1,4.22,"Carni.",2,"LC",21
"11320",0,10.6999998092651,40,0.773999974131584,2.84700000286102,309.022506713867,291.815505981445,0.00600000005215406,0.0120000001043081,"Epinephelus summana",2324.76252710166,1,0,0,52,"minor commercial",1,NA,NA,2,"LC",21
"11321",0,555.129028320312,40.7,0.878599971532822,3.57070004940033,302.742492675781,297.132098388672,0.00400000018998981,0.00400000018998981,"Epinephelus tauvina",4521.34256143114,1,1,0,100,"minor commercial",1,4.13,"Carni.",2,"DD",13
"11322",0,26.9829998016357,33,0.717399996519089,1.61495000123978,306.798997497559,280.744160461426,0.0209999997168779,0.0240000002086163,"Favonigobius gymnauchen",1967.7965186752,1,0,0,13.3999996185303,NA,1,2.71,"Omni.",2,"LC",19
"11323",NA,NA,NA,NA,NA,NA,NA,NA,NA,"Fistularia commersonii",5202.09629107887,0,0,0,160,"minor commercial",1,4.31,"Carni.",2,"LC",0
"11325",0,1667.74096679688,20.85,0.398174998909235,1.53584995567799,303.57455368042,298.146562194824,0.00357500012032688,0.00499999988824129,"Gobius niger",2654.1615691872,1,1,0,25.2999992370605,"of no interest",1,3.35999989509583,"Carni.",1,"LC",24
"11359",NA,NA,NA,NA,NA,NA,NA,NA,NA,"Nectamia fusca",672.717961801336,0,0,0,11.1999998092651,NA,1,3.57,"Carni.",2,"LC",0
"11809",0,6.50500011444092,45.325,1.07677499651909,2.79255006313324,302.539218902588,288.537813568115,0.00522499992512167,0.00999999977648258,"Abudefduf vaigiensis",8115.14665409198,0,0,0,20,"subsistence fisheries",1,3.39,"Carni.",2,"LC",4
"11810",0,555.129028320312,34,0.796800005435944,2.30739994049072,302.665606689453,282.634411621094,0.00400000018998981,0.0179999992251396,"Acanthurus triostegus",7893.00899468129,1,1,0,27,"commercial",1,2.78,"Omni.",2,"LC",49
"11812",0,7714.2119140625,44.3999999999999,0.33280001282692,2.33719997406005,302.893408203125,287.16259765625,0.00300000002607703,0.00899999961256981,"Amphilius grandis",17577.7278330263,1,0,0,NA,NA,NA,NA,NA,1,"LC",169
"11813",0.333674991875887,36454.14453125,0,0.30799999833107,1.2125250056386,301.494902801514,291.325637054443,0.0020000000949949,0.00700000021606684,"Amphilius nigricaudatus",14795.2144303286,NA,NA,0,NA,NA,NA,NA,NA,1,NA,172
"11814",0.0122500000521541,154.871002197266,31.225,1.40497496426105,2.65232504010201,302.634997558594,294.671908569336,0.00400000018998981,0.00582500002346933,"Amphiprion akallopisos",683.649464962486,1,0,0,11,"of no interest",1,2.73,"Omni.",1,"LC",8
"11815",NA,NA,NA,NA,NA,NA,NA,NA,NA,"Heteropriacanthus cruentatus",86.0271647393956,0,0,0,50.7000007629395,"minor commercial",1,3.7,"Carni.",NA,"LC",0
"11816",0.0463749997317791,10.0670003890991,5.9,0.887124983966351,1.11987504512072,301.006988525391,297.597991943359,0.00300000002607703,0.00300000002607703,"Holocentrus adscensionis",172.040918386288,0,0,0,61,"minor commercial",1,3.4,"Carni.",1,"LC",2
"11817",0,246.975006103516,18.25,0.78415000140667,1.28340001106262,300.665985107422,288.979200744629,0.00300000002607703,0.00300000002607703,"Hypleurochilus aequipinnis",2061.63398433433,0,0,0,7.5,"of no interest",1,3.15,"Carni.",1,"LC",23
"11818",NA,NA,NA,NA,NA,NA,NA,NA,NA,"Istiblennius edentulus",672.717961801336,0,1,1,16,"of no interest",1,2,"Herbi.",2,"LC",0
"11819",NA,NA,NA,NA,NA,NA,NA,NA,NA,"Lepidotrigla microptera",367.95623878562,NA,NA,0,NA,NA,NA,NA,NA,2,NA,0
"11820",0,9.33300018310547,29.85,1.06609999537468,1.79029998779297,299.812338256836,283.850541687012,0.00899999961256981,0.0160000007599592,"Lepomis macrochirus",856.391219724724,1,1,0,41,"minor commercial",0,3.53,"Carni.",3,"LC",7
"11821",0.00415000019129366,8.04199981689453,9.95,1.17270002961159,1.24965000152588,299.471343994141,286.429942321777,0.00904999962076545,0.0109499999321997,"Lutjanus erythropterus",223.920384187244,1,0,0,81.5999984741211,"commercial",1,4.25,"Carni.",3,"LC",3
"11824",0,25.1700000762939,33.55,0.653175002336502,1.75845000743866,306.397078704834,280.530249786377,0.0232250000815839,0.0240000002086163,"Okamejei kenojei",806.981412976535,0,0,0,57,"commercial",1,3.99,"Carni.",2,"VU",10
"11825",0,43.2890014648438,24.2,0.554799991846085,1.41940002441406,298.383993530273,278.906997680664,0.00300000002607703,0.0109999999403954,"Oncorhynchus mykiss",2836.10873986896,1,1,0,122,"highly commercial",1,3.53,"Carni.",3,NA,29
"11826",0.0522000014781952,17.1650009155273,16.3,0.854399996995926,1.14349995851517,295.785003662109,285.112603759766,0.00899999961256981,0.00899999961256981,"Ophisurus serpens",856.337616992359,1,0,0,250,"minor commercial",1,NA,NA,3,"LC",5
"11829",0,47222.84765625,39,0.261875003576279,2.49774998426437,303.714744567871,293.562870025635,0.0020000000949949,0.00700000021606684,"Parachanna obscura",21849.8417854991,1,1,0,50,"commercial",0,3.41,"Carni.",1,"LC",226
"11831",0,7714.2119140625,42.55,0.19670000448823,2.66095000505447,303.044360351563,287.505505371094,0.0020000000949949,0.0120000001043081,"Petrocephalus congicus",22871.8392380684,NA,NA,0,NA,NA,NA,NA,NA,1,NA,207
"11832",0.0177999997511506,14279.5791015625,37,0.123800002038479,2.60940003395081,302.226995849609,293.140606689453,0.0020000000949949,0.00600000005215406,"Brachypetersius altus",19749.9638277833,NA,NA,0,NA,NA,NA,NA,NA,1,NA,217
"11833",NA,NA,NA,NA,NA,NA,NA,NA,NA,"Plectroglyphidodon lacrymatus",2069.55777135033,NA,NA,0,NA,NA,NA,NA,NA,2,"LC",0
"11834",0,555.129028320312,40.7,0.878599971532822,3.57070004940033,302.742492675781,297.132098388672,0.00400000018998981,0.00400000018998981,"Plesiops coeruleolineatus",1547.4721850449,1,0,0,10,"of no interest",1,3.62,"Carni.",1,"LC",13
"11835",0,9276.892578125,41.15,0.419999986886978,3.45859996676445,306.387167358398,287.7239402771,0.00400000018998981,0.0189999993890524,"Plotosus limbatus",8485.47505730988,1,0,0,50,"minor commercial",1,3.91,"Carni.",2,"LC",58
"11836",0.0184750002110377,4870.52197265625,37.625,0.32705000191927,1.93024995326996,302.358808898926,284.010498809814,0.0020000000949949,0.00600000005215406,"Poecilia reticulata",6705.02064769239,1,1,0,5,"of no interest",0,3.2,"Carni.",1,"LC",68
"11838",NA,NA,NA,NA,NA,NA,NA,NA,NA,"Pomacentrus littoralis",672.717961801336,0,0,0,11,"minor commercial",1,NA,NA,2,"LC",0
"11839",0,555.129028320312,40.7,0.878599971532822,3.57070004940033,302.742492675781,297.132098388672,0.00400000018998981,0.00400000018998981,"Pomacentrus tripunctatus",1547.4721850449,0,0,0,7.5,"minor commercial",1,2,"Herbi.",1,"LC",13
"11840",0,3.73200011253357,37,2.83800005912781,2.83800005912781,302.718994140625,297.497985839844,0.00499999988824129,0.00499999988824129,"Priacanthus blochii",85.7747970533142,0,0,0,36.0999984741211,"commercial",1,3.7,"Carni.",1,"LC",1
"11841",NA,NA,NA,NA,NA,NA,NA,NA,NA,"Promethichthys prometheus",86.0271647393956,0,0,0,100,"subsistence fisheries",1,4.18,"Carni.",NA,"LC",0
"11842",0.0764499999582767,154.871002197266,3.4,1.40454996228218,1.76274996399879,302.203761291504,294.608209228516,0.00400000018998981,0.00585000002756715,"Pseudobalistes fuscus",5358.39088567388,0,0,0,55,"commercial",1,3.13,"Carni.",2,"LC",7
"11843",NA,NA,NA,NA,NA,NA,NA,NA,NA,"Pseudocheilinus evanidus",3133.87265370966,0,0,0,9,"commercial",1,3.5,"Carni.",2,"LC",0
"11845",NA,NA,NA,NA,NA,NA,NA,NA,NA,"Ptereleotris evides",1064.31488235933,0,0,0,14,"commercial",1,3.4,"Carni.",2,"LC",0
"11846",0.000300000002607703,17.1000003814697,37.5,1.55710000991821,3.0106999874115,310.821810913086,295.860891723633,0.00939999967813492,0.0130000002682209,"Ptereleotris microlepis",2833.59263511817,1,0,0,13,"commercial",1,NA,NA,2,"LC",5
"11847",0,19.443000793457,33,0.906749978661537,1.6246249973774,305.701488494873,280.733135223389,0.0209999997168779,0.023625000147149,"Redigobius isognathus",5148.45395743441,1,0,0,6,NA,1,4.2,"Carni.",2,NA,16
"11848",0,161.908996582031,39.25,0.698499981313944,2.84025004506111,308.986125946045,285.792762756348,0.00675000017508864,0.0120000001043081,"Rhabdosargus sarba",3444.22725111468,1,1,0,80,"commercial",1,3.25,"Carni.",2,"LC",36
"11849",0,246.975006103516,18.25,0.78415000140667,1.28340001106262,300.665985107422,288.979200744629,0.00300000002607703,0.00300000002607703,"Rypticus subbifrenatus",1975.60681959494,0,1,1,NA,NA,NA,NA,NA,1,"LC",23
"11850",0,2390.44091796875,40.9,0.724425010383129,2.2153749525547,303.035833740234,289.148621368408,0.00600000005215406,0.00700000021606684,"Anguilla nebulosa",1965.65105779488,1,1,0,121,"subsistence fisheries",1,3.75,"Carni.",1,NA,18
"11851",0.000300000002607703,17.1000003814697,37.5,1.55710000991821,3.0106999874115,310.821810913086,295.860891723633,0.00939999967813492,0.0130000002682209,"Taeniamia fucata",2441.99571456017,0,0,0,10,NA,1,3.5,"Carni.",2,"LC",5
"11852",0,6371.3427734375,40.2,0.369199991226196,2.77340006828308,304.670989990234,287.721795654297,0.00300000002607703,0.0120000001043081,"Sardinella maderensis",17525.809846124,1,0,0,30,"highly commercial",1,3.2,"Carni.",1,"VU",193
"11853",0,6371.3427734375,40,0.279599994421005,2.7604001045227,304.670989990234,295.543811035156,0.00300000002607703,0.00700000021606684,"Sarotherodon melanotheron",13449.5337060866,0,1,1,28,"commercial",1,2.21,"Omni.",1,"LC",129
"11854",0,183.660003662109,32.375,0.778500005602837,1.76325003802776,302.697242736816,276.219760894775,0.00662500021280721,0.022374999942258,"Sarpa salpa",3283.34574998942,0,0,0,51,"commercial",1,2.14,"Herbi.",3,"LC",36
"11855",0,1667.74096679688,20.85,0.398174998909235,1.53584995567799,303.57455368042,298.146562194824,0.00357500012032688,0.00499999988824129,"Scomber colias",3694.83576977415,0,0,0,55,"minor commercial",1,3.91,"Carni.",1,"LC",24
"11856",NA,NA,NA,NA,NA,NA,NA,NA,NA,"Secutor ruconius",367.95623878562,NA,NA,0,NA,NA,NA,NA,NA,2,NA,0
"11857",0.131000000983477,37.9370002746582,5.9,0.23649999499321,0.765199983119964,300.725592041016,293.555310058594,0.00260000012349337,0.00499999988824129,"Selar crumenophthalmus",1743.07954206098,0,0,0,70,"highly commercial",1,3.82,"Carni.",1,"LC",13
"11858",0,58.1949996948242,40,1.36999997496605,2.91525000333786,302.019760131836,295.78450012207,0.00499999988824129,0.00499999988824129,"Siganus stellatus",2908.18296611806,0,0,0,40,"commercial",1,2.7,"Omni.",2,"LC",11
"11859",0.118100003153086,1.28299999237061,25.9,0.434999985992909,0.751350018382072,310.514646911621,292.839364624023,0.0160000007599592,0.0160000007599592,"Sphoeroides spengleri",2436.20509541121,1,0,0,30,"of no interest",1,3.5,"Carni.",2,"LC",3
"11860",0.118100003153086,1.28299999237061,25.9,0.434999985992909,0.751350018382072,310.514646911621,292.839364624023,0.0160000007599592,0.0160000007599592,"Sphoeroides testudineus",2048.14066684581,1,0,0,38.7999992370605,"of no interest",1,3.44,"Carni.",2,"LC",3
"11861",0.228924996778369,227.733001708984,14.425,0.406174993515015,0.998899987339974,298.598683166504,286.66675491333,0.00745000008028001,0.00899999961256981,"Sphyraena jello",738.971656224089,1,0,0,150,"commercial",1,4.29,"Carni.",3,"LC",10
"11862",0,216.363006591797,40,0.319000005722046,2.98259997367859,302.613989257812,290.368994140625,0.00300000002607703,0.00999999977648258,"Stegastes fasciolatus",4062.07483474311,NA,NA,0,NA,NA,NA,NA,NA,1,NA,49
"11865",NA,NA,NA,NA,NA,NA,NA,NA,NA,"Thalassoma lunare",672.717961801336,0,0,0,45,"minor commercial",1,4.16,"Carni.",2,"LC",0
"11866",0,64.9520034790039,27.15,0.552975000441074,1.82995001375675,301.862049865723,295.196309661865,0.00400000018998981,0.0055249999742955,"Trachinotus blochii",1710.95983118291,0,0,0,110,"minor commercial",1,3.77,"Carni.",1,"LC",20
"11867",0.252900006994605,61.7540016174316,16.85,0.373699997365475,1.00344999730587,302.26155090332,297.060046386719,0.00300000002607703,0.00400000018998981,"Umbrina cirrosa",1629.00162865826,1,0,0,104,"minor commercial",1,3.41,"Carni.",1,"VU",19
"11868",0,25.1700000762939,33.55,0.653175002336502,1.75845000743866,306.397078704834,280.530249786377,0.0232250000815839,0.0240000002086163,"Uranoscopus japonicus",1174.93765176215,0,0,0,18,"commercial",1,NA,NA,2,"LC",10
"11870",NA,NA,NA,NA,NA,NA,NA,NA,NA,"Auxis thazard",367.95623878562,0,0,0,65,"highly commercial",1,4.32,"Carni.",2,"LC",0
"11871",0,555.129028320312,40.7,0.878599971532822,3.57070004940033,302.742492675781,297.132098388672,0.00400000018998981,0.00400000018998981,"Bothus pantherinus",2902.40199970843,0,0,0,39,"commercial",1,3.5,"Carni.",1,"LC",13
"11872",0,18.1630001068115,39.3,0.9825499817729,2.06535001993179,304.746451568604,274.692455291748,0.00527500020107254,0.0228750000242144,"Caffrogobius nudiceps",2584.39801968955,1,1,0,NA,NA,NA,NA,NA,3,"LC",18
"11873",0,64.9520034790039,39.05,0.498899995535612,2.49037494659424,308.976424407959,292.658628082275,0.00400000018998981,0.0120000001043081,"Carangoides armatus",3949.94756123125,NA,NA,0,NA,NA,NA,NA,NA,2,"LC",40
"11874",NA,NA,NA,NA,NA,NA,NA,NA,NA,"Carangoides hedlandensis",367.95623878562,NA,NA,0,NA,NA,NA,NA,NA,2,"LC",0
"11875",0,6371.3427734375,24.55,0.279749993979931,1.52854996919632,303.18798828125,297.464642333984,0.00300000002607703,0.00499999988824129,"Caranx caninus",4795.44260573644,1,0,0,101,"commercial",1,3.9,"Carni.",1,"LC",47
"11876",0,120.692001342773,41.575,0.926799984276295,2.21195005178452,301.067053222656,286.507601928711,0.00685000019147992,0.00999999977648258,"Caranx papuensis",3576.40910140985,1,0,0,88,"minor commercial",1,4.05,"Carni.",2,"LC",18
"11877",0,9.33300018310547,47,1.07120000123978,2.1617999792099,306.320190429688,283.853091430664,0.00899999961256981,0.0160000007599592,"Carassius langsdorfii",1569.06990230583,1,0,0,39,NA,0,NA,NA,1,NA,13
"11880",0,555.129028320312,37.675,0.686199980974197,3.1001749932766,302.713623046875,282.094403839111,0.00400000018998981,0.0130000002682209,"Chaetodon lunula",4012.74930498395,0,0,0,20,"minor commercial",1,2.99,"Carni.",2,"LC",24
"11882",0,99.6949996948242,33.8,0.762600016593933,1.85920004844666,300.203399658203,274.607604980469,0.00520000020042062,0.0206000003963709,"Chirodactylus brachydactylus",1577.48858103682,0,0,0,40,"minor commercial",1,3.5,"Carni.",3,NA,17
"11885",0.88360001295805,5.15000009536743,0,0.25832499191165,0.421724990010261,299.284429168701,293.986999511719,0.00400000018998981,0.00492499991087243,"Chromis retrofasciata",342.706163848224,NA,NA,0,NA,NA,NA,NA,NA,1,NA,4
"11886",0,9276.892578125,27,0.218000003695488,1.49319996833801,306.723999023438,287.734802246094,0.00300000002607703,0.0179999992251396,"Chrysichthys rueppelli",22289.1273334192,NA,NA,0,NA,NA,NA,NA,NA,1,NA,217
"11887",NA,NA,NA,NA,NA,NA,NA,NA,NA,"Chrysiptera unimaculata",5128.87104499468,0,0,0,10,"minor commercial",1,2,"Herbi.",2,"LC",0
"11888",0.30799999833107,8.25800037384033,0,0.999000012874603,0.999000012874603,302.135009765625,297.028991699219,0.00499999988824129,0.00499999988824129,"Cirrhitichthys oxycephalus",85.8320882575874,0,0,0,10,"commercial",1,4.01,"Carni.",1,"LC",1
"11890",0,6371.3427734375,39.3,0.340700006484985,2.64760000705719,304.670989990234,288.419403076172,0.00300000002607703,0.0109999999403954,"Citharichthys spilopterus",21011.1600888995,1,1,0,21,"minor commercial",1,3.5699999332428,"Carni.",1,"LC",229
"11891",0,18.1630001068115,33.5,0.750500023365021,1.8390000462532,300.075500488281,274.947006225586,0.00550000020302832,0.0195000004023314,"Clinus superciliosus",2074.61601322313,0,0,0,30,NA,1,3.39,"Carni.",3,"LC",21
"11892",0.00415000019129366,8.04199981689453,9.95,1.17270002961159,1.24965000152588,299.471343994141,286.429942321777,0.00904999962076545,0.0109499999321997,"Cociella punctata",223.920384187244,0,0,0,35,"minor commercial",1,NA,NA,3,"LC",3
"11894",0,555.129028320312,44.5,0.748249977827072,2.88250011205673,302.695251464844,285.271995544434,0.00400000018998981,0.0109999999403954,"Echidna nebulosa",7021.1497291868,0,0,0,100,"minor commercial",1,4.17,"Carni.",2,"LC",31
"11895",0,3.73200011253357,37,2.83800005912781,2.83800005912781,302.718994140625,297.497985839844,0.00499999988824129,0.00499999988824129,"Elagatis bipinnulata",85.7747970533142,0,0,0,180,"highly commercial",1,3.75,"Carni.",1,"LC",1
"11896",0.00382500003324822,321.653015136719,33.7,0.759900003671646,1.76399998664856,297.716802215576,283.992997741699,0.00582500002346933,0.0117250000592321,"Elops hawaiensis",954.432851790018,1,0,0,120,"commercial",1,4.03,"Carni.",3,"DD",12
"11897",0,37.3930015563965,40.7,1.1907000541687,2.72330005168915,304.670989990234,293.80139465332,0.00430000009946525,0.00770000033080578,"Engraulis encrasicolus",3486.22258032322,1,0,0,20,"highly commercial",1,3.12,"Carni.",2,"LC",13
"11898",0,10.6999998092651,40,0.773999974131584,2.66849994659424,309.022506713867,291.815505981445,0.00750000029802322,0.0120000001043081,"Epinephelus chlorostigma",3647.59012917014,0,0,0,80,"commercial",1,3.99,"Carni.",2,"LC",21
"11899",0,30.7679996490479,40.45,0.607599996030331,3.23179996609688,302.742839813232,290.321990966797,0.00600000005215406,0.00999999977648258,"Favonigobius melanobranchus",2604.82570558153,NA,NA,0,NA,NA,NA,NA,NA,1,"LC",32
"11901",0,30.7679996490479,40.45,0.607599996030331,3.23179996609688,302.742839813232,290.321990966797,0.00600000005215406,0.00999999977648258,"Gymnothorax meleagris",2604.82570558153,0,0,0,120,"minor commercial",1,3.98,"Carni.",1,"LC",32
"12368",NA,NA,NA,NA,NA,NA,NA,NA,NA,"Amblyglyphidodon leucogaster",1664.02903160701,1,0,0,14.3999996185303,"minor commercial",1,3.38,"Carni.",2,"LC",0
"12369",0,109.133003234863,21.95,0.764399999380112,1.52640001177788,298.888864135742,281.767944335938,0.00800000037997961,0.0130000002682209,"Amblyrhynchotes honckenii",5282.3327499112,NA,NA,0,NA,NA,NA,NA,NA,3,NA,43
"12370",0.0115499999374151,921.364990234375,23.425,0.237050003558397,1.17662499248982,299.917512512207,291.884073638916,0.00300000002607703,0.00400000018998981,"Amphilius pedunculus",6516.2465216298,NA,NA,0,NA,NA,NA,NA,NA,1,NA,62
"12371",0,555.129028320312,40.7,0.878599971532822,3.57070004940033,302.742492675781,297.132098388672,0.00400000018998981,0.00400000018998981,"Halichoeres margaritaceus",1547.4721850449,0,0,0,12.5,"commercial",1,3.66,"Carni.",1,"LC",13
"12372",NA,NA,NA,NA,NA,NA,NA,NA,NA,"Konosirus punctatus",367.95623878562,1,0,0,32,"minor commercial",1,2.94,"Carni.",2,"LC",0
"12374",0,6371.3427734375,40.2,0.245799994468689,2.77340006828308,304.670989990234,288.059802246094,0.00300000002607703,0.0109999999403954,"Neochelon falcipinnis",17100.9267121381,1,1,0,41,"commercial",1,2.91,"Carni.",1,"DD",193
"12375",0,1667.74096679688,20.85,0.398174998909235,1.53584995567799,303.57455368042,298.146562194824,0.00357500012032688,0.00499999988824129,"Lutjanus apodus",2654.1615691872,0,0,0,79.0999984741211,"commercial",1,3.76,"Carni.",1,"LC",24
"12376",0,227.733001708984,39.9,0.4050999969244,3.03429996967316,306.728604125977,283.351193237305,0.00600000005215406,0.0230000000447035,"Lutjanus argentimaculatus",5779.60384754662,1,0,0,150,"commercial",1,3.85,"Carni.",2,"LC",45
"12377",NA,NA,NA,NA,NA,NA,NA,NA,NA,"Lutjanus quinquelineatus",367.95623878562,0,1,1,38,"commercial",1,4.02,"Carni.",2,"LC",0
"12378",0,72.7429962158203,26.875,0.568125002086163,2.04600004851818,302.376499176025,292.512882232666,0.00400000018998981,0.00899999961256981,"Lutjanus russellii",5263.57489276299,1,0,0,50,"commercial",1,3.79999995231628,"Carni.",2,"LC",26
"12380",0.00415000019129366,8.04199981689453,9.95,1.17270002961159,1.24965000152588,299.471343994141,286.429942321777,0.00904999962076545,0.0109499999321997,"Megalaspis cordyla",223.920384187244,0,0,0,80,"highly commercial",1,3.93,"Carni.",3,"LC",3
"12381",0,1667.74096679688,41,0.478100001811981,2.89939991235733,304.670989990234,295.440205383301,0.00400000018998981,0.00700000021606684,"Monodactylus sebae",6189.80596808291,0,0,0,25,"minor commercial",1,3.88,"Carni.",1,NA,59
"12382",0.369699999690056,2225.8310546875,0,0.19729999601841,1.09040001630783,300.523806762695,293.657104492188,0.00300000002607703,0.00499999988824129,"Mormyrus goheeni",5912.24942792348,1,0,0,NA,NA,NA,NA,NA,1,"DD",69
"12383",NA,NA,NA,NA,NA,NA,NA,NA,NA,"Mulloidichthys flavolineatus",1549.15073120475,0,0,0,43,"commercial",1,3.7,"Carni.",2,"LC",0
"12384",0,2.77699995040894,36.95,2.39402500987053,2.62297495007515,300.386260223389,291.75969543457,0.00702500022016466,0.00797500037588179,"Mustelus mustelus",167.893463635719,0,0,0,200,"highly commercial",1,3.76,"Carni.",2,"EN",2
"12385",0,110.446998596191,44.4,1.06720004081726,2.31860003471374,301.214794921875,288.804608154297,0.00899999961256981,0.00999999977648258,"Myripristis kuntee",2809.71029930338,0,0,0,26,"minor commercial",1,3.1,"Carni.",3,"LC",25
"12387",0,25.7970008850098,37.65,0.463599996268749,2.97404997348785,310.771311950684,295.970947265625,0.00499999988824129,0.0130000002682209,"Neopomacentrus cyanomos",3142.96909448655,0,0,0,10,"of no interest",1,NA,NA,2,"LC",15
"12388",0,246.975006103516,21.375,0.786625005304813,1.41512502729893,301.006988525391,289.034999847412,0.00300000002607703,0.0048750001587905,"Ophioblennius atlanticus",2485.85889234277,0,0,0,19,"of no interest",1,3.4,"Carni.",1,"LC",26
"12390",0,555.129028320312,40.7,0.878599971532822,3.57070004940033,302.742492675781,297.132098388672,0.00400000018998981,0.00400000018998981,"Ostorhinchus endekataenia",1547.4721850449,0,0,0,14,NA,1,3.5,"Carni.",1,"LC",13
"12391",0.00697499988600612,25.7970008850098,35.65,0.449100000411272,2.59714996814728,302.289630126953,296.462030792236,0.00499999988824129,0.00499999988824129,"Oxyurichthys microlepis",1373.69134172771,1,0,0,15.1999998092651,"minor commercial",1,NA,NA,1,"LC",10
"12392",0,120.692001342773,41.575,0.926799984276295,2.21195005178452,301.067053222656,286.507601928711,0.00685000019147992,0.00999999977648258,"Oxyurichthys ophthalmonema",1581.41071012483,1,0,0,18,NA,1,NA,NA,3,"LC",18
"12394",0,4.24399995803833,25.375,0.704375013709068,1.6700000166893,302.698753356934,281.734874725342,0.0209999997168779,0.0218749998603016,"Pagrus auratus",412.972045745523,1,0,0,130,"commercial",1,3.47,"Carni.",3,"LC",6
"12395",0,4.47300004959106,40.95,3.09344997406006,3.50765007734299,300.837562561035,285.194000244141,0.017000000923872,0.017000000923872,"Pangasius pangasius",2216.82614369462,1,0,0,300,"commercial",0,3.44,"Carni.",2,"LC",3
"12396",0,10.6110000610352,37.875,0.623800000548363,3.14940000772476,301.273329925537,281.467652130127,0.00755000005010515,0.0199999995529652,"Parablennius pilicornis",1831.31426744463,0,1,1,12.6999998092651,NA,1,3.22,"Carni.",2,"LC",12
"12397",0.0764499999582767,154.871002197266,3.4,1.40454996228218,1.76274996399879,302.203761291504,294.608209228516,0.00400000018998981,0.00585000002756715,"Paracirrhites arcatus",597.874667909172,0,0,0,20,"of no interest",1,3.70000004768372,"Carni.",1,"LC",7
"12398",NA,NA,NA,NA,NA,NA,NA,NA,NA,"Paragobiodon modestus",672.717961801336,0,0,0,3.5,NA,1,NA,NA,2,"LC",0
"12399",1.96314998865128,36454.14453125,0,0.329650005698204,0.913399982452393,301.759091186523,291.135952758789,0.0020000000949949,0.00700000021606684,"Paramormyrops ntotom",7485.75581067687,NA,NA,0,NA,NA,NA,NA,NA,1,NA,87
"12401",NA,NA,NA,NA,NA,NA,NA,NA,NA,"Pempheris schwenkii",367.95623878562,0,0,0,15,NA,1,3.4,"Carni.",2,NA,0
"12403",0,7714.2119140625,42.55,0.19670000448823,2.66095000505447,303.044360351563,287.505505371094,0.0020000000949949,0.0120000001043081,"Petrocephalus tanensis",22871.8392380684,1,0,0,NA,NA,NA,NA,NA,1,"LC",207
"12404",0,9036.9833984375,49.4,0.741799998283386,3.61659994125366,303.192199707031,288.410211181641,0.00800000037997961,0.0120000001043081,"Pharyngochromis darlingi",13277.2611721479,1,0,0,22,"minor commercial",0,3.23000001907349,"Carni.",3,NA,105
"12405",NA,NA,NA,NA,NA,NA,NA,NA,NA,"Plagiotremus tapeinosoma",3806.59061551099,0,0,0,14,"commercial",1,NA,NA,2,"LC",0
"12406",NA,NA,NA,NA,NA,NA,NA,NA,NA,"Platax teira",1432.27112114495,0,0,0,70,"minor commercial",1,3.95,"Carni.",2,"LC",0
"12408",0,2334.09692382812,41,0.263424999266863,2.8783999145031,304.670989990234,284.980743408203,0.00300000002607703,0.0168500001076609,"Polydactylus quadrifilis",5935.07167879431,0,1,1,200,"commercial",1,4.01,"Carni.",1,"LC",64
"12409",0,246.975006103516,41.25,0.79075001180172,3.03474992513657,304.670989990234,289.127998352051,0.00300000002607703,0.00700000021606684,"Pomadasys incisus",2729.90086485482,1,0,0,53.5,"minor commercial",1,3.8,"Carni.",1,"LC",31
"12411",0,10.6999998092651,40.05,0.748349975794554,2.67787494659424,309.024932098389,291.771131134033,0.0074750002939254,0.0120000001043081,"Rastrelliger kanagurta",8160.01496750465,0,0,0,36,"highly commercial",1,3.29,"Carni.",2,"LC",20
"12412",NA,NA,NA,NA,NA,NA,NA,NA,NA,"Remora brachyptera",367.95623878562,0,0,0,50,NA,1,NA,NA,2,"LC",0
"12413",0,3.04399991035461,43,3.17799997329712,3.17799997329712,301.861999511719,294.023986816406,0.00700000021606684,0.00700000021606684,"Rhizoprionodon acutus",749.075502234053,1,0,0,175,"commercial",1,4.09,"Carni.",2,"VU",1
"12414",0,246.975006103516,21.425,0.784975002706051,1.42887502610683,300.702962493897,288.997800445557,0.00300000002607703,0.00512500017648563,"Rypticus saponaceus",2227.79080921709,0,0,0,35,"subsistence fisheries",1,4,"Carni.",1,"LC",24
"12415",0,555.129028320312,40.7,0.878599971532822,3.57070004940033,302.742492675781,297.132098388672,0.00400000018998981,0.00400000018998981,"Salarias fasciatus",1547.4721850449,0,1,1,14,"minor commercial",1,2,"Herbi.",1,"LC",13
"12416",0.0764499999582767,154.871002197266,3.4,1.40454996228218,1.76274996399879,302.203761291504,294.608209228516,0.00400000018998981,0.00585000002756715,"Antennarius biocellatus",597.874667909172,1,0,0,NA,NA,NA,NA,NA,1,"DD",7
"12417",0.00300000002607703,3.95099997520447,41.625,0.780124969780445,3.06074997782707,310.776996612549,294.224113464355,0.00612500007264316,0.00987499975599349,"Antennarius striatus",4750.75900574119,1,0,0,25,"of no interest",1,4.2,"Carni.",2,"LC",6
"12419",NA,NA,NA,NA,NA,NA,NA,NA,NA,"Jaydia ellioti",367.95623878562,0,0,0,16,NA,1,3.6,"Carni.",2,"LC",0
"12420",0,185.10400390625,38.375,1.10212495923042,3.27537512779236,299.677864074707,279.497116088867,0.00837500009220093,0.015625000349246,"Argyrosomus hololepidotus",2202.64034682781,1,0,0,200,"commercial",1,3.82,"Carni.",3,"DD",16
"12421",0,2.72000002861023,33.8,1.35509997606277,1.97650003433228,299.828289794922,279.478686523437,0.0149999996647239,0.0159000006504357,"Argyrosomus japonicus",360.468105978257,1,0,0,181,"commercial",1,4.2,"Carni.",3,"EN",5
"12422",NA,NA,NA,NA,NA,NA,NA,NA,NA,"Salvelinus namaycush",768.744904320587,1,1,0,150,"commercial",0,3.77,"Carni.",2,NA,0
"12423",0.384000014513731,27.261999130249,9.75,0.261250004172325,0.771499991416931,302.382995605469,297.51399230957,0.00325000006705523,0.00400000018998981,"Sarda sarda",2923.71626662092,0,0,0,91.4000015258789,"highly commercial",1,4.34,"Carni.",2,"LC",11
"12425",0,2538.38403320312,29.15,0.346474999934435,1.79100002944469,303.078582000732,287.041959381104,0.00300000002607703,0.0140000004321337,"Sardinella aurita",5725.78647328546,0,0,0,41,"highly commercial",1,3.04,"Carni.",1,"LC",58
"12426",0,388.252014160156,42.2,0.681049987673759,2.70717495679855,303.183308410645,294.857401275635,0.00499999988824129,0.00700000021606684,"Sardinella melanura",2858.04216453608,1,0,0,20.2999992370605,"minor commercial",1,NA,NA,1,"LC",30
"12427",0.0969999983906746,183.660003662109,25,0.797200006246567,1.19410001039505,298.597311401367,284.824301147461,0.00899999961256981,0.0106999998912215,"Sargocentron punctatissimum",1114.75059509772,0,0,0,23,"commercial",1,3.5,"Carni.",3,"LC",13
"12429",0,10.6999998092651,40.05,0.748349975794554,2.67787494659424,309.024932098389,291.771131134033,0.0074750002939254,0.0120000001043081,"Scomberoides lysan",2238.98773004834,1,0,0,110,"minor commercial",1,4.03999996185303,"Carni.",2,"LC",20
"12430",NA,NA,NA,NA,NA,NA,NA,NA,NA,"Scorpaenopsis neglecta",906.241096745502,0,0,0,19,"of no interest",1,NA,NA,2,"LC",0
"12431",0,246.975006103516,16.75,0.450250008702278,1.26779999732971,301.006988525391,289.202397155762,0.00285000003641471,0.00400000018998981,"Sicydium brevifile",3008.1884579612,1,0,0,NA,NA,NA,NA,NA,1,"LC",35
"12432",0.0575000010430813,647.010009765625,7,0.344999998807907,1.00350001454353,301.125991821289,293.671508789062,0.0020000000949949,0.00400000018998981,"Sicydium plumieri",1806.97950390392,1,0,0,NA,NA,NA,NA,NA,1,"DD",21
"12433",0,26.9829998016357,34,0.569025012850761,2.18907499909401,306.792998504639,280.273141479492,0.0230000000447035,0.0240000002086163,"Sicyopterus japonicus",5377.79967814207,1,0,0,NA,NA,1,2,"Herbi.",2,NA,22
"12434",0.0686000019311905,61.7540016174316,14.3,0.375200000405312,0.934999978542328,302.236297607422,293.787707519531,0.00270000004675239,0.00400000018998981,"Sphyraena guachancho",2489.54234863824,1,1,0,200,"commercial",1,4.38,"Carni.",1,"LC",29
"12435",0,388.252014160156,42.2,0.681049987673759,2.70717495679855,303.183308410645,294.857401275635,0.00499999988824129,0.00700000021606684,"Spratelloides robustus",3162.8038875518,1,0,0,12,"minor commercial",1,3.4,"Carni.",1,"LC",30
"12437",NA,NA,NA,NA,NA,NA,NA,NA,NA,"Thunnus albacares",1975.7221818199,0,0,0,239,"highly commercial",1,4.46,"Carni.",2,"LC",0
"12438",2.19870009422302,26.9829998016357,1,0.712600010633469,0.728749972581863,306.830992126465,283.284739685059,0.0230000000447035,0.0239500002004206,"Upeneus guttatus",808.754212352625,0,0,0,16,NA,0,NA,NA,2,"LC",3
"12439",0,10.6999998092651,40.05,0.748349975794554,2.67787494659424,309.024932098389,291.771131134033,0.0074750002939254,0.0120000001043081,"Variola louti",6045.57834555934,0,0,0,83,"commercial",1,4,"Carni.",2,"LC",20
"12440",0,246.975006103516,34,0.760400003194809,2.12669997215271,304.899993896484,281.40869140625,0.00300000002607703,0.0230000000447035,"Atherina presbyter",7706.92510207087,1,0,0,20,"subsistence fisheries",1,3.67,"Carni.",2,"LC",53
"12441",NA,NA,NA,NA,NA,NA,NA,NA,NA,"Atherinomorus lacunosus",124.633757092821,1,1,0,25,"commercial",1,3.3,"Carni.",2,"LC",0
"12442",0,30.7679996490479,40.45,0.607599996030331,3.23179996609688,302.742839813232,290.321990966797,0.00600000005215406,0.00999999977648258,"Bathygobius meggitti",2604.82570558153,0,0,0,6,NA,1,NA,NA,1,"LC",32
"12443",0,30.7679996490479,40.45,0.607599996030331,3.23179996609688,302.742839813232,290.321990966797,0.00600000005215406,0.00999999977648258,"Caranx melampygus",3669.14058794086,1,0,0,117,"commercial",1,4.28,"Carni.",1,"LC",32
"12444",NA,NA,NA,NA,NA,NA,NA,NA,NA,"Carassius gibelio",1170.32728868765,1,1,0,46.5999984741211,"minor commercial",0,NA,NA,2,NA,0
"12445",0,555.129028320312,37.675,0.686199980974197,3.1001749932766,302.713623046875,282.094403839111,0.00400000018998981,0.0130000002682209,"Chaetodon lunulatus",4012.74930498395,0,0,0,26.7000007629395,NA,1,3.34,"Carni.",2,"LC",24
"12446",0.00659999996423721,921.364990234375,24.4,0.236600002646446,1.4449000120163,299.895199584961,291.859405517578,0.00300000002607703,0.00400000018998981,"Chiloglanis kazumbei",6514.48707115049,1,0,0,5.42000007629395,"of no interest",0,NA,NA,1,NA,53
"12447",0.118100003153086,1.28299999237061,25.9,0.434999985992909,0.751350018382072,310.514646911621,292.839364624023,0.0160000007599592,0.0160000007599592,"Chilomycterus antillarum",2048.14066684581,NA,NA,0,NA,NA,NA,NA,NA,2,"LC",3
"12448",0,6371.3427734375,39.3,0.340700006484985,2.64760000705719,304.670989990234,288.419403076172,0.00300000002607703,0.0109999999403954,"Citharichthys stampflii",21011.1600888995,1,0,0,17.6000003814697,"commercial",1,3.87,"Carni.",1,"LC",229
"12449",0,1.72300004959106,44,3.28500008583069,3.28500008583069,301.861999511719,294.023986816406,0.00700000021606684,0.00700000021606684,"Coryphaenoides zaniophorus",332.617584400238,0,0,0,40,"of no interest",1,3.23,"Carni.",2,"LC",1
"12450",0.0764499999582767,154.871002197266,3.4,1.40454996228218,1.76274996399879,302.203761291504,294.608209228516,0.00400000018998981,0.00585000002756715,"Cynoglossus bilineatus",597.874667909172,0,0,0,44,"commercial",1,3.89,"Carni.",1,NA,7
"12451",0,1882.44396972656,30.8,0.654399979114533,1.83420004844666,302.548199462891,286.615405273437,0.00300000002607703,0.0144000001251698,"Dactylopterus volitans",2128.46061098615,0,0,0,50,"minor commercial",1,3.68,"Carni.",1,"LC",25
"12452",0.0764499999582767,154.871002197266,3.4,1.40454996228218,1.76274996399879,302.203761291504,294.608209228516,0.00400000018998981,0.00585000002756715,"Diagramma pictum",965.830906694792,0,0,0,100,"commercial",1,3.71,"Carni.",1,NA,7
"12455",0,30.7679996490479,40.4,0.614199995994568,3.2155999660492,302.752593994141,290.321990966797,0.00580000001937151,0.00999999977648258,"Echeneis naucrates",3369.67568612272,0,0,0,110,"minor commercial",1,3.4,"Carni.",1,"LC",33
"12456",0,247.15299987793,28.625,1.00637502223253,1.68612499535084,302.072254180908,282.057613372803,0.00300000002607703,0.0198749995324761,"Elops saurus",1363.85163868896,1,1,0,100,"minor commercial",1,3.98,"Carni.",1,"LC",16
"12457",0,37.3930015563965,40.7,1.1907000541687,2.72330005168915,304.670989990234,293.80139465332,0.00430000009946525,0.00770000033080578,"Engraulis capensis",3486.22258032322,0,0,0,17,"commercial",1,NA,NA,2,"LC",13
"12458",0,2334.09692382812,41,0.474500000476837,2.9329999089241,304.670989990234,294.362739562988,0.00400000018998981,0.00700000021606684,"Epinephelus aeneus",11142.7589004348,1,0,0,120,"commercial",1,4.02,"Carni.",1,"NT",91
"12459",0,5.71400022506714,34,0.554550015926361,2.19934998750687,306.316461181641,280.251690673828,0.0234500001184642,0.0240000002086163,"Eviota prasina",3232.63302046129,NA,NA,0,NA,NA,NA,NA,NA,2,"LC",19
"12460",0,1667.74096679688,20.8,0.402399998903275,1.53579995632172,303.545404052734,297.9494140625,0.0036000001244247,0.00499999988824129,"Evynnis ehrenbergii",2739.86136924001,NA,NA,0,NA,NA,NA,NA,NA,1,NA,25
"12463",0,555.129028320312,40.7,0.878599971532822,3.57070004940033,302.742492675781,297.132098388672,0.00400000018998981,0.00400000018998981,"Grammistes sexlineatus",2220.19014684624,0,0,0,30,"minor commercial",1,3.98,"Carni.",1,"LC",13
"12533",NA,NA,NA,NA,NA,NA,NA,NA,NA,"Siganus fuscescens",672.717961801336,1,0,0,40,"commercial",1,2.27999997138977,"Omni.",2,"LC",0
"2266",1631.27001953125,4861.49609375,0,0.386999994516373,0.386999994516373,297.130004882812,295.367004394531,0.0020000000949949,0.0020000000949949,"Haplochromis tanaos",70029.8147067808,0,1,1,7.69999980926514,NA,0,NA,NA,1,"LC",814
"2267",0,12825.298828125,27,0.240949996560812,1.91785005331039,303.435247802734,290.902949523926,0.00300000002607703,0.00899999961256981,"Epiplatys grahami",169129.266936742,1,1,0,NA,NA,NA,NA,NA,1,"LC",1959
"2272",0,3919.5419921875,44,0.845500016212463,3.45050008296966,302.935089111328,290.580908203125,0.00700000021606684,0.00969999972730875,"Protomelas fenestratus",4694.31397546243,0,1,1,NA,NA,NA,NA,NA,1,"LC",53
"2273",0,1841.35400390625,49,0.247550004720688,4.08844985961914,301.572998046875,292.190002441406,0.00300000002607703,0.0056499999947846,"Mastacembelus moorii",33012.5919769452,1,1,0,44,"minor commercial",0,4.2,"Carni.",1,"LC",255
"2275",0,64.9520034790039,40.55,0.547350001335144,3.31605001688004,302.277561950684,294.694458007812,0.00400000018998981,0.00600000005215406,"Taenioides cirratus",4104.71705795499,1,0,0,30,"of no interest",1,3.85999989509583,"Carni.",1,"DD",47
"2276",0,373.218994140625,36,0.45100000500679,2.07199990749359,300.574996948242,288.008499145508,0.00400000018998981,0.00499999988824129,"Oreochromis amphimelas",33855.7689594522,0,1,1,28,NA,0,NA,NA,2,"EN",221
"2278",0,13072.02734375,43,0.321000009775162,3.05399990081787,308.64599609375,291.226013183594,0.00300000002607703,0.0179999992251396,"Mochokus niloticus",532413.855052162,1,1,0,NA,NA,NA,NA,NA,2,"LC",3161
"2279",0.0648500012233853,2515.99096679688,13.525,0.271225006133318,0.86257501244545,301.226626586914,293.600498199463,0.00300000002607703,0.00600000005215406,"Nannocharax altus",25772.1189682281,NA,NA,0,NA,NA,NA,NA,NA,1,"EN",300
"2280",0,47222.84765625,36,0.171000003814697,2.08379991650581,300.869672393799,293.986999511719,0.0020000000949949,0.00499999988824129,"Aphyosemion christyi",133549.293363527,1,1,0,NA,NA,NA,NA,NA,1,"LC",1424
"2281",0,18957.59765625,45,0.519749984145164,3.07924997806549,303.678985595703,280.945747375488,0.00499999988824129,0.0140000004321337,"Glossogobius callidus",676443.788884807,1,0,0,NA,NA,NA,NA,NA,1,"LC",6311
"2282",0,3919.5419921875,44,0.845500016212463,3.45050008296966,302.935089111328,290.580908203125,0.00700000021606684,0.00969999972730875,"Stigmatochromis modestus",4694.31397546243,0,1,1,25,"commercial",0,4.2,"Carni.",1,"LC",53
"2287",0,18957.59765625,45,0.52700001001358,3.01525002717972,303.567615509033,281.620372772217,0.00499999988824129,0.0130000002682209,"Eleotris fusca",717276.543940615,1,1,0,26,"minor commercial",1,3.62,"Carni.",1,"LC",7456
"2288",2.61749991774559,1898.88696289062,0,0.32837500795722,0.846375003457069,300.952884674072,293.982139587402,0.0020000000949949,0.00400000018998981,"Aphyosemion passaroi",7398.35485791959,1,0,0,NA,NA,NA,NA,NA,1,"EN",86
"2289",1.06987500190735,1158.28894042969,0,0.223125005140901,0.612624995410442,302.65926361084,290.499378204346,0.00300000002607703,0.00400000018998981,"Gobiocichla ethelwynnae",7365.08427734965,1,0,0,7,NA,0,2,"Herbi.",1,"EN",86
"2290",0.0528750005178154,231.824996948242,23.125,0.165250001475215,0.923375003039837,300.469249725342,293.716747283936,0.00300000002607703,0.00499999988824129,"Enteromius catenarius",9444.38502199769,NA,NA,0,NA,NA,NA,NA,NA,1,"DD",96
"2293",0.284575001895428,37493.1796875,1,0.219149997085333,1.27927500605583,301.638428497314,291.722550964355,0.0020000000949949,0.00600000005215406,"Ivindomyrus marchei",222296.187114612,NA,NA,0,NA,NA,NA,NA,NA,1,"LC",2584
"2295",0,8007.33984375,40,0.162749999761581,2.58470002412796,308.561004638672,291.360208129883,0.00400000018998981,0.0109999999403954,"Cromeria nilotica",123272.320133957,1,0,0,NA,NA,NA,NA,NA,1,"LC",967
"2298",0,2397.17700195312,44.425,0.733599981665611,3.25980005860328,300.029602050781,292.434733581543,0.00300000002607703,0.00499999988824129,"Gephyroglanis habereri",49413.0101037181,1,1,0,NA,NA,NA,NA,NA,1,"DD",544
"2305",0.078850002028048,299.871002197266,14.3,0.115549996867776,0.721300023794172,299.690512084961,284.561889648438,0.0020000000949949,0.00300000002607703,"Chiloglanis ruziziensis",10399.5848388487,1,0,0,NA,NA,NA,NA,NA,1,"CR",115
"2307",0,1841.35400390625,49,0.247550004720688,4.08844985961914,301.572998046875,292.190002441406,0.00300000002607703,0.0056499999947846,"Xenotilapia sima",33012.5919769452,0,1,1,16.3999996185303,"commercial",0,NA,NA,1,"LC",255
"2311",0,47952.2890625,41,0.148000001907349,2.51209996938705,307.467987060547,292.103788757324,0.0020000000949949,0.00999999977648258,"Cyphomyrus psittacus",1195234.87341727,1,1,0,NA,NA,NA,NA,NA,1,"LC",11299
"2313",0,5031.69580078125,39,0.336875010281801,2.22362503409386,300.895259857178,287.544498443604,0.00400000018998981,0.00899999961256981,"Synodontis polystigma",88828.5106536822,1,1,0,NA,NA,NA,NA,NA,3,"LC",916
"2320",0,47222.84765625,40,0.267949996888638,2.37144994735718,300.996041870117,288.205049133301,0.0020000000949949,0.00899999961256981,"Chrysichthys mabusi",234857.588413762,1,1,0,NA,NA,NA,NA,NA,1,"LC",2387
"2322",0,8.26299953460693,33.725,1.34922501146793,1.8137749761343,301.092851257324,292.656341552734,0.00700000021606684,0.00700000021606684,"Chindongo socolofi",168.137754261711,0,1,1,NA,NA,NA,NA,NA,1,"LC",2
"2328",0,150.065994262695,36,0.407274997234344,2.05339999496937,300.140175628662,289.689344024658,0.00499999988824129,0.00800000037997961,"Pseudomugil tenellus",2430.2420310998,1,1,0,NA,NA,NA,NA,NA,2,"LC",18
"2333",0,18957.59765625,45,0.50900000333786,3.11260008811951,303.091003417969,288.056591796875,0.00499999988824129,0.00999999977648258,"Giuris margaritacea",240929.668571871,NA,NA,0,NA,NA,NA,NA,NA,1,NA,2729
"2337",0,18957.59765625,45,0.52700001001358,2.98039999008179,304.803399658203,280.880200195313,0.00700000021606684,0.0149999996647239,"Oreochromis mossambicus",999783.127480853,1,1,0,39,"highly commercial",0,2.77,"Omni.",2,"VU",8305
"2338",0,47194.4140625,40.05,0.200950004905462,2.35210002660751,301.938938903809,289.952644348145,0.0020000000949949,0.00800000037997961,"Tylochromis regani",48127.136013045,1,1,0,27.5,NA,0,2.58,"Omni.",1,"NT",479
"2341",0,9276.0888671875,42,0.124824999645352,3.15114998817444,305.608001708984,277.672858428955,0.00499999988824129,0.0240000002086163,"Chelon labrosus",282588.657803412,1,1,0,75,"commercial",1,2.59,"Omni.",2,"LC",1732
"2343",0.0230250000488013,240.039001464844,21.575,0.875100000202656,1.70610001385212,306.23667678833,283.255795288086,0.00999999977648258,0.0203249996062368,"Engraulicypris gariepinus",39738.0554974965,1,0,0,4.65999984741211,NA,0,NA,NA,2,"LC",68
"2347",0,735.304992675781,44,0.755925013124943,3.23732497692108,297.446099853516,288.227996826172,0.00422500012209639,0.00700000021606684,"Enteromius greenwoodi",4373.95759775266,1,1,0,NA,NA,NA,NA,NA,3,"DD",50
"2349",0,13753.466796875,45,0.193000003695488,3.06530005335807,310.076139831543,292.004853820801,0.00400000018998981,0.0149999996647239,"Synodontis batensoda",2118484.06513364,1,1,0,28.6000003814697,"commercial",0,2.84,"Carni.",2,"LC",14398
"2351",0,47911.4375,41,0.199000000953674,2.56389989852905,301.493011474609,292.718188476562,0.0020000000949949,0.00499999988824129,"Parauchenoglanis balayi",1492532.90522985,1,1,0,NA,NA,NA,NA,NA,1,"LC",15645
"2352",0,9131.9716796875,48,0.462974999845028,3.54502507448196,303.86644744873,287.721984863281,0.00499999988824129,0.0130000002682209,"Tilapia ruweti",606353.607679287,1,1,0,10.3999996185303,"commercial",0,2.43,"Omni.",3,"LC",3880
"2353",0,47952.2890625,42,0.200425003841519,2.59800004959106,301.760009765625,289.367696380615,0.0020000000949949,0.00800000037997961,"Clarias buthupogon",1595656.01970499,1,1,0,34.0999984741211,NA,0,3.25,"Carni.",1,"LC",16458
"2354",0,1330.56298828125,39.975,0.425299995392561,3.07432496547699,307.893627929687,282.698223114014,0.00499999988824129,0.0129750002641231,"Ambassis urotaenia",10672.138026065,1,1,0,14,NA,1,NA,NA,3,"LC",82
"2356",0.00300000002607703,374.703002929688,28.35,0.364849999547005,1.43502499461174,300.479858398438,288.877906036377,0.00400000018998981,0.00600000005215406,"Orthochromis kalungwishiensis",15359.6835289211,1,1,0,NA,NA,NA,NA,NA,1,"LC",154
"2357",0,1841.35400390625,49,0.252425009012222,4.06107487678528,301.572998046875,292.097100067139,0.00300000002607703,0.00527499993331728,"Neolamprologus christyi",34890.675799273,0,1,1,15," ",0,3.27,"Carni.",1,"VU",270
"2359",0,2487.7880859375,46,0.350199997425079,3.00700001716614,300.061999511719,295.833599853516,0.00300000002607703,0.00300000002607703,"Trachyglanis sanghensis",4815.18161867641,1,1,0,NA,NA,NA,NA,NA,1,"DD",33
"2362",0,3919.5419921875,44,0.845500016212463,3.45050008296966,302.935089111328,290.580908203125,0.00700000021606684,0.00969999972730875,"Protomelas taeniolatus",4694.31397546243,0,1,1,11.3000001907349,"commercial",0,3.21,"Carni.",1,"LC",53
"2366",0,3919.5419921875,44.4,0.854500007629394,3.57200007438659,303.044107055664,290.102008056641,0.00600000005215406,0.00909999962896108,"Nyassachromis microcephalus",6876.2660956166,0,1,1,15,"commercial",0,3.4,"Carni.",1,"LC",77
"2368",0,47302.59765625,41.35,0.280949994921684,2.98849999904633,304.240043640137,291.126809692383,0.00300000002607703,0.00789999994449318,"Caranx hippos",10871.2547871155,1,0,0,124,"commercial",1,3.83,"Carni.",1,"LC",103
"2370",0,31016.556640625,42.375,0.19424999691546,2.68237498402596,301.635986328125,294.986248016357,0.0020000000949949,0.00499999988824129,"Labeo cyclopinnis",225758.304018267,1,1,0,NA,NA,NA,NA,NA,1,"LC",2226
"2373",0,47952.2890625,42,0.202000007033348,2.70729999542236,306.325012207031,287.851989746094,0.0020000000949949,0.0109999999403954,"Hepsetus odoe",4037895.02079021,1,1,0,44.2000007629395,"subsistence fisheries",0,4.1,"Carni.",1,"LC",38229
"2380",0,1841.35400390625,49,0.252425009012222,4.06107487678528,301.572998046875,292.097100067139,0.00300000002607703,0.00527499993331728,"Neolamprologus brichardi",34890.675799273,0,1,1,9,"commercial",0,3.4,"Carni.",1,"LC",270
"2385",0,1814.52697753906,39.425,0.216174999251962,2.14367501139641,300.310653686523,295.347358703613,0.0020000000949949,0.00300000002607703,"Aphyosemion congicum",9517.39744913612,1,0,0,NA,NA,NA,NA,NA,1,"DD",104
"2391",0.0189999993890524,11273.2822265625,14,0.268999993801117,2.01559999883175,300.989306640625,293.295733642578,0.00300000002607703,0.00400000018998981,"Kribia uellensis",50092.3373728994,1,1,0,NA,NA,NA,NA,NA,1,"LC",580
"2393",0,18957.59765625,41.0249999999999,0.545775003731251,2.57507504820824,303.051045227051,281.41395111084,0.00499999988824129,0.0149999996647239,"Acentrogobius audax",152196.793643166,1,0,0,NA,NA,NA,NA,NA,1,"LC",1520
"2394",0,37376.35546875,23,0.217399995028973,1.63809994459152,301.699104309082,291.283847045898,0.0020000000949949,0.00600000005215406,"Aphyosemion australe",30845.5203093766,1,1,0,6,"of no interest",0,3.25,"Carni.",1,"LC",359
"2399",0,8195.763671875,39,0.423324995487928,1.89832500219345,301.602089691162,290.828784942627,0.00300000002607703,0.00499999988824129,"Labeobarbus upembensis",18667.1775683477,1,1,0,NA,NA,NA,NA,NA,1,"DD",160
"2403",0,189.199005126953,44,0.275000005960464,2.06200003623962,308.700012207031,295.039001464844,0.00700000021606684,0.0109999999403954,"Enteromius bawkuensis",26849.782080417,1,1,0,NA,NA,NA,NA,NA,2,"LC",121
"2404",0,1841.35400390625,49,0.247550004720688,4.08844985961914,301.572998046875,292.190002441406,0.00300000002607703,0.0056499999947846,"Xenotilapia caudafasciata",33012.5919769452,0,1,1,10.5,"commercial",0,2.95000004768372,"Carni.",1,"LC",255
"2405",0,1841.35400390625,49,0.248200005292892,4.08479986190796,301.572998046875,292.190002441406,0.00300000002607703,0.00559999998658895,"Bathybates ferox",33354.7184506497,0,1,1,38.5,"commercial",0,4.2,"Carni.",1,"LC",257
"2406",0,47952.2890625,27,0.232024993374944,1.65684994757175,303.714971160889,292.02403717041,0.00300000002607703,0.00700000021606684,"Pellonula vorax",696012.483085127,1,1,0,12,"subsistence fisheries",1,NA,NA,1,"LC",7482
"2409",0,47952.2890625,43,0.224200001358986,2.82459998130798,301.534796142578,293.638000488281,0.0020000000949949,0.00600000005215406,"Mastacembelus brachyrhinus",171981.751823558,1,1,0,NA,NA,NA,NA,NA,1,"LC",1657
"2420",0,996.700012207031,27,1.04565001130104,1.90884999036789,303.813642883301,294.452108764648,0.00400000018998981,0.00700000021606684,"Malapterurus teugelsi",8016.16068662593,1,1,0,NA,NA,NA,NA,NA,1,"VU",95
"2422",0,11891.4326171875,48,0.425999999046326,3.38655000925064,304.435598754883,287.376899719238,0.00400000018998981,0.0130000002682209,"Serranochromis macrocephalus",1159503.52206756,1,1,0,35,"commercial",0,4.16,"Carni.",3,"LC",8339
"2429",0,47545.85546875,40,0.196999996900558,2.45075005292892,301.846008300781,294.039260864258,0.0020000000949949,0.00499999988824129,"Synodontis congicus",583660.967402489,1,1,0,NA,NA,NA,NA,NA,1,"LC",5771
"2439",0,47222.84765625,39,0.244525003805757,2.45300006866455,301.383887481689,292.721520996094,0.0020000000949949,0.00600000005215406,"Notoglanidium macrostoma",722640.652302047,1,1,0,28.1000003814697,NA,0,3.75,"Carni.",1,"LC",7862
"2440",0.00909999962896109,47952.2890625,40,0.261000007390976,3.42359994649887,300.933410644531,292.779109191895,0.00300000002607703,0.00700000021606684,"Mormyrus iriodes",9335.71281336562,1,1,0,NA,NA,NA,NA,NA,1,"VU",83
"2441",0,109.133003234863,38,0.932050001621246,2.64564996957779,301.227900695801,279.601443481445,0.0109999999403954,0.0160000007599592,"Pseudobarbus capensis",20495.0562734206,1,1,0,NA,NA,NA,NA,NA,3,"EN",135
"2450",0.00300000002607703,14745.01171875,31,0.184924998134375,1.65619997680187,301.973445129395,295.159273529053,0.00300000002607703,0.00499999988824129,"Epiplatys mesogramma",40986.7820604395,1,0,0,NA,NA,NA,NA,NA,1,"LC",452
"2451",0,17.1760005950928,24,1.60199999809265,1.60199999809265,301.429992675781,292.802001953125,0.00800000037997961,0.00800000037997961,"Pseudotropheus joanjohnsonae",84.1614107759323,NA,NA,0,NA,NA,NA,NA,NA,1,NA,1
"2464",0.0584999993443489,1779.59899902344,24,0.174999997019768,1.21050000190735,305.246002197266,294.636993408203,0.00400000018998981,0.00700000021606684,"Synodontis bastiani",178199.63185421,1,0,0,NA,NA,NA,NA,NA,1,"LC",1901
"2473",0,13379.673828125,41,0.10097500346601,2.76932505369187,308.943268585205,291.230987548828,0.0020000000949949,0.0109999999403954,"Micropanchax loati",458303.79479892,1,1,0,NA,NA,NA,NA,NA,1,"LC",2800
"2475",0,47748.6953125,40,0.163000002503395,2.39577492475509,307.359539031982,292.183460235596,0.0020000000949949,0.00899999961256981,"Labeo parvus",2562674.49348384,1,1,0,38,"of no interest",0,2,"Herbi.",1,"LC",25370
"2476",0,1226.93505859375,42,0.753850010037422,2.71317498087883,303.474150085449,281.295989990234,0.00800000037997961,0.0149999996647239,"Chiloglanis paratus",313039.79556935,1,0,0,NA,NA,NA,NA,NA,2,"LC",1898
"2477",0.239449992775917,5113.72998046875,0,0.385049991309643,0.697800013422966,300.320007324219,295.257188415527,0.0020000000949949,0.0039500001817941,"Haplochromis cinereus",83191.2376373477,0,1,1,8.10000038146973,NA,0,2.57,"Omni.",1,"DD",923
"2481",0,47545.85546875,42,0.223000004887581,2.53842495083809,301.471008300781,294.365518951416,0.0020000000949949,0.00400000018998981,"Atopochilus christyi",454792.554542004,1,1,0,NA,NA,NA,NA,NA,1,"LC",4608
"2485",1631.27001953125,4861.49609375,0,0.386999994516373,0.386999994516373,297.130004882812,295.367004394531,0.0020000000949949,0.0020000000949949,"Haplochromis plagiodon",70029.8147067808,0,1,1,8.5,NA,0,3.2,"Carni.",1,"VU",814
"2487",0,47545.85546875,45,0.223000004887581,2.73619995117187,300.868804931641,293.473199462891,0.00100000004749745,0.00499999988824129,"Nanochromis nudiceps",308705.691609001,1,1,0,NA,NA,NA,NA,NA,1,"LC",2753
"2488",0,47222.84765625,20,0.154324999824166,1.34384996592998,304.115969085693,291.426282501221,0.0020000000949949,0.00700000021606684,"Hemichromis stellifer",113843.383222147,1,1,0,NA,NA,NA,NA,NA,1,"LC",1294
"2492",0,1841.35400390625,49,0.247550004720688,4.08844985961914,301.572998046875,292.190002441406,0.00300000002607703,0.0056499999947846,"Julidochromis regani",33183.4448681446,0,1,1,13,"commercial",0,NA,NA,1,"LC",255
"2494",0,9131.9716796875,47,0.426999986171722,3.35017506480217,303.150178527832,287.348092651367,0.00400000018998981,0.0130000002682209,"Enteromius afrovernayi",1353728.45116894,1,1,0,5.69999980926514,"commercial",0,3.5,"Carni.",3,"LC",10332
"2496",0,1841.35400390625,49,0.248200005292892,4.08479986190796,301.572998046875,292.190002441406,0.00300000002607703,0.00559999998658895,"Bathybates hornii",33354.7184506497,0,1,1,27.2000007629395,"commercial",0,4.2,"Carni.",1,"LC",257
"2501",0,557.197998046875,38.6,0.715599977970123,3.2695999622345,303.594409179687,291.989398193359,0.00300000002607703,0.00899999961256981,"Lutjanus fulvus",6711.98828391718,0,0,0,40,"commercial",1,3.76,"Carni.",1,"LC",57
"2502",0,3919.5419921875,44.4,0.854500007629394,3.57200007438659,303.044107055664,290.102008056641,0.00600000005215406,0.00909999962896108,"Lethrinops microstoma",6876.2660956166,0,1,1,14.5,"commercial",0,3.5,"Carni.",1,"LC",77
"2503",0,13735.5458984375,42,0.164000004529953,2.55860008001327,308.319302368164,293.138705444336,0.00499999988824129,0.00999999977648258,"Synodontis filamentosus",1352499.420866,1,1,0,NA,NA,NA,NA,NA,1,"LC",11835
"2506",0.0189999993890524,4861.49609375,26,0.178600001335144,1.41480004787445,299.426196289062,285.975592041016,0.0020000000949949,0.00499999988824129,"Enteromius magdalenae",109330.207257641,1,1,0,NA,NA,NA,NA,NA,1,"LC",1009
"2507",0,47911.4375,43,0.180000007152557,2.68330006599426,301.428352355957,294.173411560059,0.0020000000949949,0.00499999988824129,"Labeo cyclorhynchus",208548.199755248,1,1,0,NA,NA,NA,NA,NA,1,"LC",2035
"2508",0,1841.35400390625,49,0.252425009012222,4.06107487678528,301.572998046875,292.097100067139,0.00300000002607703,0.00527499993331728,"Oreochromis tanganicae",34890.675799273,1,1,0,42,NA,0,2,"Herbi.",1,"LC",270
"2509",0,1841.35400390625,49,0.247550004720688,4.08844985961914,301.572998046875,292.190002441406,0.00300000002607703,0.0056499999947846,"Mastacembelus ophidium",33012.5919769452,0,1,1,NA,NA,NA,NA,NA,1,"LC",255
"2514",0,46797.73046875,42,0.167999997735023,2.60967491865158,301.337005615234,289.100273132324,0.0020000000949949,0.00700000021606684,"Chiloglanis lukugae",476467.463091256,1,1,0,NA,NA,NA,NA,NA,1,"LC",4574
"2517",0,47911.4375,40,0.144799995422363,2.51860003471374,301.777203369141,294.050994873047,0.0020000000949949,0.00499999988824129,"Gephyroglanis congicus",423089.505487825,1,1,0,NA,NA,NA,NA,NA,1,"LC",4313
"2520",0,24.9270000457764,41.5,1.82319995760918,2.74564991593361,301.48755645752,292.36340637207,0.00800000037997961,0.00800000037997961,"Tropheops modestus",250.547819787209,0,1,1,NA,NA,NA,NA,NA,1,"NT",3
"2522",0.0240000002086163,3358.67993164062,29,0.158000007271767,1.5866749972105,307.137733459473,294.836618041992,0.00300000002607703,0.00899999961256981,"Amphilius atesuensis",954076.507116493,1,0,0,NA,NA,NA,NA,NA,1,"LC",8694
"2523",0.0846999989822507,12338.52734375,12,0.174174995347857,1.02300000190735,301.738038635254,293.540355682373,0.0020000000949949,0.00600000005215406,"Divandu albimarginatus",148644.334692028,NA,NA,0,NA,NA,NA,NA,NA,1,"LC",1728
"2527",0,3919.5419921875,44.4,0.854500007629394,3.57200007438659,303.044107055664,290.102008056641,0.00600000005215406,0.00909999962896108,"Lethrinops micrentodon",6876.2660956166,0,1,1,11.5,"commercial",0,2,"Herbi.",1,"DD",77
"2528",0,17.1760005950928,24,1.60199999809265,1.60199999809265,301.429992675781,292.802001953125,0.00800000037997961,0.00800000037997961,"Copadichromis trewavasae",84.1614107759323,0,1,1,10.539999961853,"commercial",0,NA,NA,1,"LC",1
"2529",0.57270001322031,37493.1796875,0,0.197999998927116,1.16415003240109,301.544081878662,291.548564147949,0.0020000000949949,0.00600000005215406,"Chromidotilapia kingsleyae",171893.083301614,NA,NA,0,NA,NA,NA,NA,NA,1,"LC",1998
"2537",0,47952.2890625,40,0.134999997913837,2.24000000953674,300.943008422852,293.46549987793,0.0020000000949949,0.00600000005215406,"Campylomormyrus christyi",51141.6408583467,1,1,0,NA,NA,NA,NA,NA,1,"LC",541
"2544",0,3919.5419921875,44.4,0.854500007629394,3.57200007438659,303.044107055664,290.102008056641,0.00600000005215406,0.00909999962896108,"Lethrinops albus",6876.2660956166,0,1,1,NA,NA,NA,NA,NA,1,"LC",77
"2551",0.0053999999538064,14720.73046875,33.2,0.408799993991852,1.99159994125367,300.428802490234,291.367407226562,0.0020000000949949,0.00600000005215406,"Paramormyrops gabonensis",60562.839318433,1,0,0,16.2999992370605,NA,0,NA,NA,1,"VU",697
"2552",0,3274.53393554688,27,0.252999991178513,1.76775003969669,305.468994140625,292.273635864258,0.00300000002607703,0.00899999961256981,"Pelmatochromis buettikoferi",274900.720859899,1,0,0,NA,NA,NA,NA,NA,1,"LC",3206
"2553",0,47952.2890625,41,0.224000006914139,2.51090003848076,301.721950531006,293.636515045166,0.0020000000949949,0.00499999988824129,"Marcusenius greshoffii",697974.319392499,1,1,0,NA,NA,NA,NA,NA,1,"LC",7022
"2555",0,5558.05322265625,45,0.502925020456314,2.76442493796348,303.264032745361,292.399807739258,0.00400000018998981,0.00600000005215406,"Pantanodon stuhlmanni",173503.017784663,NA,NA,0,NA,NA,NA,NA,NA,1,"DD",1400
"2556",0,7671.22509765625,47,0.332399994134903,3.30700011253356,302.061608886719,288.040399169922,0.0020000000949949,0.0109999999403954,"Enteromius brevidorsalis",669910.220332669,1,1,0,NA,NA,NA,NA,NA,1,"LC",6337
"2558",0.0144500005058944,701.091979980469,5,0.0704500000923872,0.749949994683265,300.58920135498,283.327108764648,0.0020000000949949,0.00300000002607703,"Labeobarbus ruwenzorii",23749.7430521263,1,0,0,NA,NA,NA,NA,NA,1,"VU",247
"2561",0,47911.4375,40,0.1716000020504,3.20419988632202,300.847998046875,292.939996337891,0.0020000000949949,0.00600000005215406,"Bagrus caeruleus",13374.8013617231,1,1,0,21,NA,0,NA,NA,1,"VU",145
"2562",0,3919.5419921875,44,0.844750016927719,3.3565000295639,302.947738647461,290.571258544922,0.00700000021606684,0.00974999973550439,"Petrotilapia genalutea",4443.05885150706,0,1,1,13.1000003814697,"commercial",0,2,"Herbi.",1,"LC",51
"2563",0,333.955993652344,36,0.492300006747246,2.06749999523163,301.432006835938,288.788888549805,0.00690000019967556,0.00899999961256981,"Astatotilapia tweddlei",13455.8962789844,NA,NA,0,NA,NA,NA,NA,NA,1,NA,157
"2564",0,47952.2890625,44,0.238999992609024,2.91519994735718,302.744995117188,287.869995117188,0.0020000000949949,0.0109999999403954,"Hemichromis elongatus",2819298.7070927,1,1,0,18.7000007629395,NA,0,3.65,"Carni.",1,"LC",25993
"2565",0,3919.5419921875,44,0.843250018358231,3.36750004291534,302.973037719727,290.551959228516,0.00700000021606684,0.00984999975189567,"Petrotilapia tridentiger",4191.16508658342,0,1,1,NA,NA,NA,NA,NA,1,"LC",47
"2567",0.446200007200241,2017.58801269531,0,0.127399998903275,0.527600002288818,306.877014160156,293.872399902344,0.00400000018998981,0.00800000037997961,"Zaireichthys camerunensis",29094.0610875627,1,0,0,NA,NA,NA,NA,NA,1,"LC",337
"2571",0,47222.84765625,45,0.199000000953674,2.74499988555908,305.503063964844,294.228854370117,0.0020000000949949,0.00700000021606684,"Congochromis dimidiatus",838800.38244629,NA,NA,0,NA,NA,NA,NA,NA,1,NA,8199
"2572",0,47911.4375,40.8,0.22679999768734,3.12860007286072,300.764208984375,293.014208984375,0.0020000000949949,0.00600000005215406,"Myomyrus pharao",26943.2328524134,1,1,0,NA,NA,NA,NA,NA,1,"VU",289
"2573",0.00305000003427267,31016.556640625,36,0.13305000141263,2.2530499458313,300.549938964844,296.816259765625,0.0020000000949949,0.00300000002607703,"Marcusenius ghesquierei",28827.0887942206,1,1,0,NA,NA,NA,NA,NA,1,"LC",323
"2577",0.795750031620264,37376.35546875,1.39999999999998,0.199300001561642,0.742350021004676,301.716390991211,291.020001220703,0.0020000000949949,0.00499999988824129,"Clariallabes brevibarbis",9206.75322445915,NA,NA,0,NA,NA,NA,NA,NA,1,"DD",107
"2581",0.290699993818998,30925.5546875,1,0.166949995607138,1.00052502453327,301.576188659668,291.680471038818,0.0020000000949949,0.00600000005215406,"Brachypetersius gabonensis",118733.304461278,NA,NA,0,NA,NA,NA,NA,NA,1,"LC",1380
"2582",0.0543500002473593,4347.6337890625,12.3,0.23065000474453,2.02774995565414,301.465098571777,293.58145904541,0.0020000000949949,0.00564999999478457,"Aphyosemion raddai",28767.018192349,1,0,0,NA,NA,NA,NA,NA,1,"LC",335
"2583",0,37511.4140625,41,0.194049998000264,2.65279999375343,300.707807922363,295.714154815674,0.0020000000949949,0.00300000002607703,"Chrysichthys okae",166144.400322635,1,1,0,NA,NA,NA,NA,NA,1,"LC",1782
"2585",0,47222.84765625,42,0.144999995827675,2.6802499294281,301.471630096436,294.441009521484,0.0020000000949949,0.00499999988824129,"Pelmatochromis ocellifer",139413.448604285,1,1,0,NA,NA,NA,NA,NA,1,"DD",1486
"2586",0.0233999997377396,27.2019996643066,17.1,0.841750019788742,1.30155004560947,301.166500854492,290.808903503418,0.00700000021606684,0.00700000021606684,"Maylandia phaeos",252.840895309254,NA,NA,0,NA,NA,NA,NA,NA,1,NA,3
"2591",0,1841.35400390625,49,0.247550004720688,4.08844985961914,301.572998046875,292.190002441406,0.00300000002607703,0.0056499999947846,"Lates microlepis",33012.5919769452,0,1,1,93,"commercial",0,4.35,"Carni.",1,"EN",255
"2593",NA,NA,NA,NA,NA,NA,NA,NA,NA,"Placidochromis rotundifrons",83.4835759602318,0,1,1,NA,NA,NA,NA,NA,1,"LC",0
"2595",0,606.921020507812,40,0.260299991071224,2.72309997081757,302.059490966797,287.154244995117,0.00300000002607703,0.00899999961256981,"Enteromius dorsolineatus",48586.9739676583,1,1,0,NA,NA,NA,NA,NA,2,"LC",367
"2597",0.0750000000000001,63.5779991149902,13.3,1.12610004544258,1.22109995484352,299.508088684082,283.12209777832,0.0149999996647239,0.0159500007051975,"Micropterus punctulatus",387.865927449787,1,0,0,63.5,NA,0,3.56,"Carni.",3,"LC",3
"2598",0,4347.6337890625,21.1499999999999,0.195799995213747,1.29320001006126,301.651000976562,294.925088500977,0.00300000002607703,0.00509999990463253,"Aphyosemion amoenum",13648.1027397759,1,0,0,NA,NA,NA,NA,NA,1,"EN",159
"2599",0,1841.35400390625,49,0.247550004720688,4.08844985961914,301.572998046875,292.190002441406,0.00300000002607703,0.0056499999947846,"Trematocara caparti",33012.5919769452,0,1,1,NA,NA,NA,NA,NA,1,"LC",255
"2603",0.0120000001043081,3452.9189453125,32,0.159124994650483,1.78462500870228,307.97762298584,293.363616943359,0.00499999988824129,0.00999999977648258,"Synodontis violaceus",342953.942426739,1,1,0,NA,NA,NA,NA,NA,1,"LC",2926
"2605",0,6024.1708984375,39,0.139775000140071,2.31344998478889,304.732221221924,285.478777313232,0.0020000000949949,0.00600000005215406,"Enteromius neumayeri",529873.931768482,1,1,0,11.8000001907349,NA,0,3.04,"Carni.",1,"LC",4312
"2606",0.0207749996799976,1937.2099609375,31.225,0.265550001710653,1.43159998059273,301.138453674316,293.54154586792,0.0020000000949949,0.00600000005215406,"Aphyosemion schluppi",30497.8053900913,1,0,0,NA,NA,NA,NA,NA,1,"VU",352
"2607",0,596.711975097656,23.1999999999999,0.331999987363815,1.48470003604889,307.951690673828,285.232711791992,0.00300000002607703,0.00899999961256981,"Labeobarbus beso",31545.1145463886,1,1,0,NA,NA,NA,NA,NA,1,"LC",357
"2609",0.0136250003706664,158.820999145508,29,0.173874996602535,1.21974997222424,299.011379241943,289.573883056641,0.00262500005192123,0.00400000018998981,"Opsaridium splendens",11246.7932777203,1,0,0,NA,NA,NA,NA,NA,1,"DD",106
"2611",0,3912.49389648438,48.025,0.902799984812736,4.41149991750717,302.68031539917,289.605858612061,0.00697500021196902,0.00902499961666762,"Alticorpus geoffreyi",7128.85034957208,0,1,1,NA,NA,NA,NA,NA,1,"LC",80
"2612",0.000450000003911556,333.165985107422,12.85,0.0704500000923872,0.966699999570845,300.552296447754,284.961637878418,0.0020000000949949,0.00300000002607703,"Haplochromis taurinus",16177.5782462457,1,1,0,14,NA,0,NA,NA,1,"LC",167
"2614",0,47545.85546875,36.85,0.172150003910065,1.83085003495217,301.079141235352,293.990299987793,0.0020000000949949,0.00499999988824129,"Microsynodontis polli",57519.0045475174,1,1,0,NA,NA,NA,NA,NA,1,"LC",647
"2615",1.13660001009703,4861.49609375,0,0.386999994516373,0.455775003135204,299.993523406982,295.367004394531,0.0020000000949949,0.00300000002607703,"Haplochromis maxillaris",74503.6580156115,0,1,1,16,NA,0,4,"Carni.",1,"VU",850
"2616",0,8195.763671875,44,0.443949995934963,2.91215001344681,301.635401916504,288.088012695312,0.00300000002607703,0.00800000037997961,"Enteromius janssensi",78413.5999214711,1,1,0,NA,NA,NA,NA,NA,1,"LC",787
"2618",0,61.2700004577637,38.1,1.30370002985001,2.71284993886948,302.625790405273,283.769305419922,0.0103499998338521,0.0149999996647239,"Marcusenius krameri",1657.20857980551,1,0,0,19.7000007629395,NA,0,NA,NA,2,"LC",15
"2620",0,47952.2890625,39,0.174299995601177,2.57597507238388,300.802066802979,293.023782348633,0.0020000000949949,0.00600000005215406,"Platyallabes tihoni",38245.0644525414,1,1,0,NA,NA,NA,NA,NA,1,"LC",414
"2622",0,2084.70092773438,38,0.371250002086163,2.55354993343353,301.535388183594,291.521701049805,0.00400000018998981,0.00800000037997961,"Oreochromis angolensis",19968.574274147,1,1,0,NA,NA,NA,NA,NA,2,"LC",135
"2627",0.146799993515015,940.151977539062,5.80000000000001,0.183200001716614,0.619999980926514,300.575793457031,293.598596191406,0.00400000018998981,0.00499999988824129,"Labeobarbus jaegeri",6247.89632192623,NA,NA,0,NA,NA,NA,NA,NA,1,"DD",73
"2628",0,1500.12097167969,42,0.375899999588728,2.70255008935928,300.598699188232,295.903262329102,0.0020000000949949,0.00300000002607703,"Alestopetersius nigropterus",29074.3660478933,0,1,1,NA,NA,NA,NA,NA,1,"EN",324
"2629",0,3173.70190429688,44.1,0.764549994468689,2.96665008068085,302.328413391113,287.392311096191,0.0089499996509403,0.0120000001043081,"Nothobranchius kafuensis",14338.773339669,1,1,0,NA,NA,NA,NA,NA,3,"LC",119
"2630",0,3912.49389648438,49,0.866499990224838,4.50699996948242,302.513000488281,285.931488037109,0.00700000021606684,0.0109999999403954,"Aulonocara brevinidus",26520.5883195937,0,1,1,NA,NA,NA,NA,NA,1,"LC",301
"2632",0.0230000000447035,2515.99096679688,26.5749999999999,0.22242500372231,1.21205002963543,301.23688659668,293.547945404053,0.00300000002607703,0.00600000005215406,"Enteromius nigroluteus",58057.6711870975,NA,NA,0,NA,NA,NA,NA,NA,1,"EN",658
"2633",0,37475.21484375,42,0.246999993920326,2.63710000514984,301.599703979492,294.265704345703,0.0020000000949949,0.00499999988824129,"Brycinus poptae",366858.405613138,1,1,0,NA,NA,NA,NA,NA,1,"LC",3613
"2634",0,47222.84765625,41,0.238400000333786,2.510800075531,301.671203613281,293.185607910156,0.0020000000949949,0.00499999988824129,"Raiamas buchholzi",751090.62157774,1,1,0,NA,NA,NA,NA,NA,1,"LC",7777
"2635",0,245.505004882812,42,0.101375003159046,3.27402509450912,309.345557403564,273.431761932373,0.0140000004321337,0.028999999165535,"Luciobarbus pallaryi",347201.56204174,1,0,0,NA,NA,NA,NA,NA,2,"LC",1364
"2643",0,1841.35400390625,49,0.248200005292892,4.08479986190796,301.572998046875,292.190002441406,0.00300000002607703,0.00559999998658895,"Boulengerochromis microlepis",33354.7184506497,0,1,1,80,"commercial",0,4.5,"Carni.",1,"LC",257
"2648",0,47222.84765625,43,0.232499994337559,2.64399993419647,301.688995361328,294.486000061035,0.0020000000949949,0.00499999988824129,"Chrysichthys longibarbis",367849.792312108,1,1,0,NA,NA,NA,NA,NA,1,"LC",3451
"2651",0,14054.060546875,43,0.165999993681908,2.91100001335144,309.899993896484,292.120146179199,0.00400000018998981,0.0140000004321337,"Alestes dentex",3734225.5244276,1,1,0,55,"commercial",0,2.93,"Carni.",1,"LC",25324
"2656",0,2969.11889648438,45,0.331950002163649,3.04125007987022,301.507154083252,288.338012695312,0.00300000002607703,0.00800000037997961,"Enteromius marmoratus",115131.696718943,1,1,0,NA,NA,NA,NA,NA,1,"LC",1220
"2657",0.113874999806285,4347.6337890625,9,0.194874994456768,1.15525004267693,300.87325668335,291.249752044678,0.00300000002607703,0.00499999988824129,"Schilbe djeremi",133242.977226339,NA,NA,0,NA,NA,NA,NA,NA,1,"LC",1556
"2660",0,47222.84765625,44,0.195049992948771,2.95700001716614,309.986898803711,291.906056213379,0.00400000018998981,0.0149999996647239,"Clarotes laticeps",1703042.4277278,1,1,0,80,"commercial",0,3.14,"Carni.",1,"LC",12363
"2663",0,15464.6552734375,47,0.451675003021956,3.3277750313282,304.927109527588,285.519023895264,0.00300000002607703,0.0140000004321337,"Micropanchax johnstoni",901245.857485894,1,1,0,8.5,"minor commercial",0,3.2,"Carni.",2,"LC",6610
"2666",0,1937.20300292969,15.55,0.116674998030066,1.01632501333952,299.846973419189,284.947122192383,0.0020000000949949,0.00477499995613471,"Astatoreochromis straeleni",15721.8422297731,1,0,0,13,"of no interest",0,NA,NA,1,"LC",170
"2669",0,47952.2890625,35,0.23035000488162,2.0272500038147,301.597639465332,293.055999755859,0.0020000000949949,0.00700000021606684,"Xenocharax crassus",178575.561558675,1,1,0,18.6000003814697,NA,0,NA,NA,1,"LC",1895
"2678",0,4355.62890625,40,0.219849998503923,2.20735001564026,305.635209655762,292.981920623779,0.00300000002607703,0.00700000021606684,"Enteromius aboinensis",41625.3422292593,1,0,0,NA,NA,NA,NA,NA,1,"LC",460
"2679",0,12825.298828125,32.7999999999997,0.172000005841255,1.91440005302429,307.757598876953,293.289007568359,0.00300000002607703,0.00899999961256981,"Sierrathrissa leonensis",228057.541342272,1,1,0,3.51999998092651,"commercial",0,3.1,"Carni.",1,"LC",2249
"2680",0,9036.9833984375,45,0.372000008821487,3.03500008583069,306.247009277344,287.75,0.00700000021606684,0.0140000004321337,"Synodontis macrostoma",64621.6237089556,1,0,0,9.19999980926514,NA,0,NA,NA,2,"LC",161
"2681",0,11838.08984375,47,0.441000014543533,3.34100008010864,304.150346374512,287.033996582031,0.00300000002607703,0.0130000002682209,"Enteromius bifrenatus",1417718.06657192,1,0,0,7,"commercial",0,2.61,"Omni.",2,"LC",9943
"2685",0,12825.298828125,27,0.228000000119209,1.96299999952316,303.985992431641,291.363510131836,0.00300000002607703,0.00899999961256981,"Ichthyborus monodi",121934.094413816,1,0,0,NA,NA,NA,NA,NA,1,"LC",1421
"2688",0,9131.9716796875,49,0.78467501103878,3.62785001993179,305.069594573975,287.817598724365,0.00700000021606684,0.0140000004321337,"Serranochromis altus",196865.078827447,1,0,0,56,NA,0,4.21,"Carni.",2,"LC",828
"2690",0,17.1760005950928,35.85,1.35687501132488,2.29682503342628,301.457741546631,292.37557144165,0.00700000021606684,0.00800000037997961,"Maylandia aurora",335.813020952305,0,1,1,8.69999980926514,"commercial",0,2.5,"Omni.",1,NA,4
"2692",0,11326.7802734375,36.1499999999999,0.16854999884963,1.92904996871948,300.947108459473,287.246461486816,0.0020000000949949,0.00600000005215406,"Clarias alluaudi",197919.633339019,1,1,0,23,NA,0,3.2,"Carni.",1,"LC",1835
"2695",0,47783.9375,39,0.522750014066696,3.45834999084473,301.231552124023,286.263047790527,0.00300000002607703,0.00899999961256981,"Chiloglanis reticulatus",8319.26019070995,1,1,0,NA,NA,NA,NA,NA,1,"DD",87
"2697",0,3905.416015625,49,0.88239997625351,4.49359998703003,302.447399902344,285.893988037109,0.00700000021606684,0.0109999999403954,"Rhamphochromis woodi",25431.1252954917,0,1,1,42,"commercial",0,3.85,"Carni.",1,"LC",289
"2698",0,1841.35400390625,49,0.247550004720688,4.08844985961914,301.572998046875,292.190002441406,0.00300000002607703,0.0056499999947846,"Trematocara stigmaticum",33012.5919769452,0,1,1,NA,NA,NA,NA,NA,1,"LC",255
"2701",0,1841.35400390625,49,0.248200005292892,4.08479986190796,301.572998046875,292.190002441406,0.00300000002607703,0.00559999998658895,"Callochromis melanostigma",33354.7184506497,0,1,1,15,"commercial",0,3.5,"Carni.",1,"LC",257
"2702",0,47911.4375,42,0.225749995559454,2.57399988174438,301.412239074707,292.245750427246,0.0020000000949949,0.00499999988824129,"Euchilichthys royauxi",699005.020527562,1,1,0,NA,NA,NA,NA,NA,1,"LC",6831
"2705",0.00300000002607703,6371.3427734375,13.275,0.251724999397993,1.88237504065037,301.988006591797,291.560789489746,0.0020000000949949,0.00700000021606684,"Aphyosemion ahli",71276.5095697356,1,1,0,NA,NA,NA,NA,NA,1,"LC",830
"2708",0,8.26299953460693,37.8,1.3614500105381,2.07014994621277,301.436059570313,292.65869140625,0.00700000021606684,0.00700000021606684,"Melanochromis baliodigma",252.0845748694,0,1,1,8.55000019073486,NA,0,4.26,"Carni.",1,"LC",3
"2710",0,47952.2890625,42,0.194599995017052,2.60999989509583,301.39599609375,293.556408691406,0.0020000000949949,0.00499999988824129,"Citharinus macrolepis",355750.541820452,1,1,0,NA,NA,NA,NA,NA,1,"LC",3513
"2715",0,47545.85546875,40,0.199325001612306,2.47055008411407,301.762747955322,290.47338180542,0.0020000000949949,0.00700000021606684,"Synodontis ornatipinnis",211052.205399624,1,1,0,NA,NA,NA,NA,NA,1,"LC",2174
"2716",0,1841.35400390625,49,0.252425009012222,4.06107487678528,301.572998046875,292.097100067139,0.00300000002607703,0.00527499993331728,"Neolamprologus leleupi",34890.675799273,0,1,1,10,"commercial",0,NA,NA,1,"LC",270
"2719",0.0165500006405637,6028.8779296875,37.225,0.245100004971027,1.71292504072189,301.74055557251,292.793343353271,0.00277500004158355,0.00499999988824129,"Nothobranchius ugandensis",31648.8694688996,1,1,0,NA,NA,NA,NA,NA,1,"LC",192
"2721",0,4145.64013671875,46,0.147200000286102,3.58259994983673,309.049987792969,292.136990356445,0.00499999988824129,0.0130000002682209,"Coptodon dageti",250747.545915562,1,1,0,NA,NA,NA,NA,NA,1,"LC",2045
"2722",0,2590.998046875,23.275,0.317999988794327,1.45797502696514,301.938819122314,291.813875579834,0.00300000002607703,0.00927499965764581,"Epiplatys njalaensis",9386.24327020999,1,0,0,NA,NA,NA,NA,NA,1,"NT",110
"2724",0.635200011730194,2214.14306640625,0,0.220199999213219,0.717200005054474,301.559802246094,294.177209472656,0.00300000002607703,0.00499999988824129,"Epiplatys lamottei",63561.5532711305,1,0,0,NA,NA,NA,NA,NA,1,"LC",745
"2727",0,8198.4365234375,41,0.374424991756678,2.42529995441437,301.486107635498,287.928372192383,0.0020000000949949,0.00899999961256981,"Sargochromis mellandi",332858.038982027,1,1,0,NA,NA,NA,NA,NA,3,"LC",3460
"2731",0,47952.2890625,44,0.246999993920326,2.89617493748665,307.720614624023,292.864508056641,0.0020000000949949,0.0109999999403954,"Clypeobarbus pleuropholis",921700.942464618,1,1,0,NA,NA,NA,NA,NA,1,"LC",8834
"2735",0,47222.84765625,44,0.236300002038479,2.79399991035461,300.849401855469,295.063302612305,0.0020000000949949,0.00400000018998981,"Chrysichthys punctatus",399745.016155049,1,1,0,NA,NA,NA,NA,NA,1,"LC",3933
"2740",0,5503.81201171875,39,0.482399994134903,2.07859992980957,302.951196289063,290.079992675781,0.00400000018998981,0.00640000011771915,"Distichodus petersii",54198.8105226828,1,0,0,NA,NA,NA,NA,NA,1,"VU",345
"2741",0,47312.2109375,38,0.224000006914139,2.51799988746643,310.040008544922,292.243988037109,0.00300000002607703,0.0140000004321337,"Chrysichthys nigrodigitatus",1662791.63230213,1,1,0,65,"minor commercial",0,3.17,"Carni.",1,"LC",15175
"2751",0,7412.22021484375,45,0.252100004255772,2.60655010938644,300.560360717773,293.539001464844,0.00100000004749745,0.00300000002607703,"Campylomormyrus cassaicus",76882.6931748605,1,1,0,NA,NA,NA,NA,NA,1,"DD",603
"2752",0,628.018005371094,38,0.158350002765656,2.66204999685287,304.971008300781,273.423788452148,0.0130000002682209,0.0270000007003546,"Luciobarbus magniatlantis",194818.802569559,1,0,0,13,NA,0,NA,NA,3,"EN",1695
"2754",0,47222.84765625,42,0.174674996361136,2.66464993357658,300.808770751953,294.70947265625,0.0020000000949949,0.00400000018998981,"Alestopetersius brichardi",150756.73899325,1,1,0,NA,NA,NA,NA,NA,1,"LC",1570
"2758",0,4650.77490234375,44,0.435000002384186,2.73619990348816,301.54560546875,288.088012695312,0.00300000002607703,0.00899999961256981,"Kneria stappersii",133787.411574315,1,1,0,NA,NA,NA,NA,NA,1,"LC",1305
"2759",0,5558.05322265625,40,0.571824985742569,2.32360005974769,303.018005371094,287.308990478516,0.00400000018998981,0.00700000021606684,"Lacustricola kongoranensis",193239.161689221,NA,NA,0,NA,NA,NA,NA,NA,1,NA,1612
"2764",0,555.129028320312,39.3,0.440699999034405,2.76157492995262,304.312072753906,294.338449859619,0.00400000018998981,0.00499999988824129,"Synodontis manni",48419.7430537204,1,0,0,21.6000003814697,NA,0,NA,NA,1,"VU",168
"2765",0,17.1760005950928,23.925,0.87820001989603,1.60177499651909,301.412293243408,291.597643280029,0.00700000021606684,0.00792500036768615,"Sciaenochromis ahli",336.592471683571,0,1,1,20,"commercial",0,4.2,"Carni.",1,"LC",4
"2771",0,9268.0712890625,36.85,0.113050002790988,2.32269993722439,303.868630218506,279.899647521973,0.013675000378862,0.0225499999709427,"Gobius paganellus",4473.83721609087,0,1,1,13,"minor commercial",1,3.29999995231628,"Carni.",2,"LC",10
"2773",1631.27001953125,4861.49609375,0,0.386999994516373,0.386999994516373,297.130004882812,295.367004394531,0.0020000000949949,0.0020000000949949,"Haplochromis rufus",70029.8147067808,0,1,1,8.55000019073486,NA,0,3.29,"Carni.",1,"LC",814
"2774",0,18957.59765625,44,0.50900000333786,2.70000004768372,304.700988769531,286.523986816406,0.00600000005215406,0.00999999977648258,"Enteromius macrotaenia",265332.488970642,1,1,0,NA,NA,NA,NA,NA,1,"LC",3001
"2778",1631.27001953125,4861.49609375,0,0.386999994516373,0.386999994516373,297.130004882812,295.367004394531,0.0020000000949949,0.0020000000949949,"Haplochromis thereuterion",70029.8147067808,0,1,1,8.19999980926514,NA,0,NA,NA,1,"VU",814
"2779",0,47545.85546875,42,0.24099999666214,2.61894996166229,301.614915466309,294.049060821533,0.0020000000949949,0.00499999988824129,"Phago boulengeri",756015.752439744,1,1,0,NA,NA,NA,NA,NA,1,"LC",7642
"2783",0,3126.31103515625,41.65,0.511049997806549,2.39214994907379,301.773112487793,290.047152709961,0.00300000002607703,0.00499999988824129,"Lamprologus symoensi",21933.9154094822,1,1,0,NA,NA,NA,NA,NA,1,"DD",215
"2785",0.995700001716614,1212.78100585938,0,0.253500002622604,0.998200035095214,300.946405029297,294.535101318359,0.00300000002607703,0.00499999988824129,"Scriptaphyosemion schmitti",25102.6464791029,1,0,0,NA,NA,NA,NA,NA,1,"CR",293
"2787",0,37511.4140625,43,0.239999994635582,2.67652508020401,301.362351989746,289.665637969971,0.0020000000949949,0.00600000005215406,"Hylopanchax stictopleuron",605688.080744481,1,1,0,NA,NA,NA,NA,NA,1,"LC",6194
"2796",0.456999987363815,30925.5546875,0,0.189000001549721,1.342999958992,301.700402832031,291.63359375,0.0020000000949949,0.00640000011771904,"Petrocephalus sullivani",170748.066409436,NA,NA,0,NA,NA,NA,NA,NA,1,"LC",1985
"2797",0.956224992871285,1147.47998046875,0,0.221900002658367,0.697024999558925,301.276093292236,295.026515960693,0.00300000002607703,0.00400000018998981,"Rhexipanchax nimbaensis",26461.1212458289,1,1,0,4.5," ",0,NA,NA,1,"VU",310
"2801",0,47222.84765625,44,0.200250003486872,2.87775003910065,300.831001281738,294.759254455566,0.00100000004749745,0.00400000018998981,"Nannocharax gracilis",180377.557629281,1,1,0,NA,NA,NA,NA,NA,1,"LC",1691
"2803",0,1841.35400390625,49,0.247550004720688,4.08844985961914,301.572998046875,292.190002441406,0.00300000002607703,0.0056499999947846,"Lophiobagrus cyclurus",33012.5919769452,0,1,1,8,"of potential interest",0,3.3,"Carni.",1,"LC",255
"2807",0,9131.9716796875,48,0.480050006508827,3.6052500128746,304.931750488281,287.446492004395,0.00600000005215406,0.0140000004321337,"Labeo lunatus",270769.044548186,1,1,0,40,"subsistence fisheries",0,2,"Herbi.",2,"LC",919
"2808",0.00600000005215406,5301.97900390625,29,0.180000007152557,1.48102498650551,300.405615997314,286.878630828857,0.0020000000949949,0.00467499998630951,"Gnathonemus longibarbis",222008.889942666,1,1,0,NA,NA,NA,NA,NA,1,"LC",1934
"2810",0.194450003281236,2214.14306640625,1,0.317900003492832,1.11870000064373,303.480195617676,294.140459442139,0.00300000002607703,0.00777500034309921,"Enteromius trispiloides",28063.1122199278,1,0,0,NA,NA,NA,NA,NA,1,"DD",330
"2817",0,13753.466796875,41,0.165000006556511,2.69872490167618,309.602174377441,292.527285003662,0.00400000018998981,0.0140000004321337,"Clarias anguillaris",3455136.96514997,1,1,0,100,"minor commercial",0,3.35,"Carni.",1,"LC",26572
"2821",0,47222.84765625,44,0.20822500474751,2.7669750392437,300.794006347656,295.282958984375,0.0020000000949949,0.00300000002607703,"Distichodus decemmaculatus",246712.548037443,1,1,0,NA,NA,NA,NA,NA,1,"LC",2450
"2827",0,47952.2890625,41,0.180000007152557,2.58699989318848,301.641056060791,292.984850311279,0.0020000000949949,0.00499999988824129,"Chrysichthys thonneri",672982.59297395,1,1,0,NA,NA,NA,NA,NA,1,"LC",6740
"2830",0,18957.59765625,46,0.435000002384186,3.22872504591942,304.529176330566,286.912110137939,0.00400000018998981,0.0130000002682209,"Brycinus lateralis",1765026.07168919,0,0,0,14,"subsistence fisheries",0,3.5,"Carni.",3,NA,14652
"2831",0,18957.59765625,43,0.443549998104572,2.92960007190704,303.165699768066,290.913401794434,0.00499999988824129,0.00999999977648258,"Omobranchus ferox",205148.609426088,1,1,0,6,"of no interest",0,3.5,"Carni.",1,"LC",2463
"2834",0,47222.84765625,42,0.187000006437302,2.64400005340576,308.059544372559,290.355870056152,0.00300000002607703,0.0140000004321337,"Hemichromis bimaculatus",1564495.33962555,1,0,0,NA,NA,NA,NA,NA,1,"LC",13590
"2840",0.0319749993272126,6371.3427734375,12.65,0.243525001779199,2.01147508025169,301.645972442627,293.569736480713,0.0020000000949949,0.00600000005215406,"Aphyosemion loennbergii",38477.4974522706,1,1,0,NA,NA,NA,NA,NA,1,"LC",448
"2842",0,464.053009033203,23.55,0.331999987363815,1.81122500896454,308.130743408203,286.053707122803,0.00499999988824129,0.00899999961256981,"Enteromius pleurogramma",24060.3888679786,1,1,0,NA,NA,NA,NA,NA,1,"DD",270
"2845",0,37903.6640625,44,0.245000004768372,2.79830007553101,301.365892028809,290.788809204102,0.00100000004749745,0.00600000005215406,"Schilbe yangambianus",660678.740690037,1,1,0,25,NA,0,2.86,"Carni.",1,"LC",6555
"2848",0,37511.4140625,43,0.197649998217821,2.78430008888245,300.829801940918,295.818392944336,0.0020000000949949,0.00300000002607703,"Phenacogrammus deheyni",136247.705472637,1,1,0,NA,NA,NA,NA,NA,1,"LC",1383
"285",0,1670.76599121094,41.425,0.300999999046326,3.07657493948936,304.670989990234,294.396392822266,0.00400000018998981,0.00742500028572977,"Strongylura marina",2595.35254533741,1,0,0,111,"minor commercial",1,3.78,"Carni.",2,"LC",24
"2850",0.00300000002607703,5301.97900390625,30.2750000000001,0.108724998869002,1.49009998142719,301.105279541016,285.732909393311,0.0020000000949949,0.00400000018998981,"Labeobarbus altianalis",250337.276687868,1,1,0,90,NA,0,3.37,"Carni.",1,"LC",2150
"2852",0,783.002014160156,49,0.704999998211861,4.47149986028671,302.833236694336,289.433498382568,0.00637500011362135,0.00800000037997961,"Tropheops macrophthalmus",5056.87470152553,0,1,1,NA,NA,NA,NA,NA,1,"LC",56
"2853",0,820.320983886719,44,0.454500007629395,2.79035003185272,304.307263183594,288.07575378418,0.00400000018998981,0.00600000005215406,"Labeobarbus oxyrhynchus",85182.3461207671,1,0,0,NA,NA,NA,NA,NA,1,"LC",367
"2860",0,3935.47412109375,35.1,0.979850021004677,2.00254997014999,302.659289550781,291.678411865234,0.00700000021606684,0.00899999961256981,"Placidochromis longimanus",1669.39092568725,0,1,1,14.5,"commercial",0,2,"Herbi.",1,"LC",19
"2862",0,27.2019996643066,27.875,0.901875011622906,1.5478749871254,301.802261352539,290.754379272461,0.00700000021606684,0.00787500035949051,"Maylandia fainzilberi",506.921682077324,NA,NA,0,NA,NA,NA,NA,NA,1,NA,6
"2865",0,1098.11401367188,16,0.461000002920628,1.40449997782707,303.657115936279,293.586002349854,0.00400000018998981,0.00899999961256981,"Raiamas levequei",7277.35074528019,1,0,0,NA,NA,NA,NA,NA,1,"VU",86
"2867",0,47952.2890625,43,0.178000003099442,2.95499992370605,309.082000732422,292.329010009766,0.0020000000949949,0.0140000004321337,"Chrysichthys auratus",2985572.06607204,1,1,0,57,"commercial",0,3.66,"Carni.",1,"LC",22774
"2870",0,44.0559997558594,31.4,0.675149995088577,2.05534992218018,299.315492248535,282.55901184082,0.00999999977648258,0.0140000004321337,"Pseudobarbus afer",6593.97717266839,1,1,0,8.89999961853027," ",0,2.72,"Omni.",3,"EN",47
"2875",0,47222.84765625,42,0.190999999642372,2.68537494540214,300.811029815674,294.808665466309,0.0020000000949949,0.00400000018998981,"Pterochromis congicus",189281.040220433,1,1,0,NA,NA,NA,NA,NA,1,"LC",1960
"2879",0,47952.2890625,38,0.132750000804663,2.26475006341934,301.002250671387,293.411506652832,0.0020000000949949,0.00700000021606684,"Chrysichthys delhezi",87451.6496110312,1,1,0,NA,NA,NA,NA,NA,1,"LC",911
"2881",0,1841.35400390625,49,0.252425009012222,4.06107487678528,301.572998046875,292.097100067139,0.00300000002607703,0.00527499993331728,"Petrochromis orthognathus",34890.675799273,0,1,1,16.5,"commercial",0,2,"Herbi.",1,"LC",270
"2886",0,1841.35400390625,49,0.247550004720688,4.08844985961914,301.572998046875,292.190002441406,0.00300000002607703,0.0056499999947846,"Lamprologus lemairii",33012.5919769452,0,1,1,25,NA,0,4.5,"Carni.",1,"LC",255
"2888",0,47952.2890625,43,0.200925004854798,2.76945005655289,301.186123657227,293.917699432373,0.0020000000949949,0.00700000021606684,"Paradoxoglanis parvus",235877.044423601,1,1,0,NA,NA,NA,NA,NA,1,"LC",2358
"2890",0,1841.35400390625,49,0.247550004720688,4.08844985961914,301.572998046875,292.190002441406,0.00300000002607703,0.0056499999947846,"Altolamprologus calvus",33012.5919769452,0,1,1,13.5," ",0,NA,NA,1,"NT",255
"2891",0.00577499996870756,602.565002441406,29.075,0.520775016397238,2.07390001416206,298.672382354736,287.287074279785,0.00700000021606684,0.00999999977648258,"Micralestes argyrotaenia",10022.6083025178,1,0,0,NA,NA,NA,NA,NA,2,"LC",22
"2892",0,31016.556640625,39,0.191225000098348,2.71477491259575,301.159177398682,292.49634552002,0.0020000000949949,0.00499999988824129,"Clariallabes longicauda",287175.32443178,1,1,0,NA,NA,NA,NA,NA,1,"LC",3124
"2895",1.01199996471405,971.463989257812,0,0.32600000500679,0.767000019550323,301.407989501953,294.644989013672,0.00300000002607703,0.00499999988824129,"Enteromius traorei",10341.3766921154,1,0,0,NA,NA,NA,NA,NA,1,"VU",121
"2896",1631.27001953125,4861.49609375,0,0.386999994516373,0.386999994516373,297.130004882812,295.367004394531,0.0020000000949949,0.0020000000949949,"Haplochromis erythrocephalus",70201.9485614657,0,1,1,7.69999980926514,NA,0,2.51,"Omni.",1,"DD",816
"2905",0,47222.84765625,45,0.425000011920929,2.72737505435944,304.990997314453,286.568647766113,0.00400000018998981,0.0109999999403954,"Mormyrus longirostris",720908.094248556,1,1,0,75,"commercial",0,3.3,"Carni.",1,"LC",7214
"2907",0,11.2019996643066,33.975,1.79397496283054,1.94502499997616,302.669387817383,293.221682739258,0.00800000037997961,0.00800000037997961,"Tropheops romandi",166.936638001007,0,1,1,NA,NA,NA,NA,NA,1,"LC",2
"2910",0,1841.35400390625,49,0.252425009012222,4.06107487678528,301.572998046875,292.097100067139,0.00300000002607703,0.00527499993331728,"Neolamprologus niger",34890.675799273,0,1,1,9,"commercial",0,3.6,"Carni.",1,"LC",270
"2912",0,47222.84765625,41,0.218800004199147,2.27705007195473,301.798153686523,294.207321166992,0.0020000000949949,0.00499999988824129,"Tetracamphilius angustifrons",123077.678322794,1,1,0,NA,NA,NA,NA,NA,1,"DD",1220
"2913",0.00964999992866069,47911.4375,40,0.263999998569489,3.45209993720055,300.697370910645,292.772557067871,0.00300000002607703,0.00600000005215406,"Amphilius lamani",7028.05250078894,1,1,0,NA,NA,NA,NA,NA,1,"EN",72
"2914",0,18957.59765625,46,0.468725002557039,3.09839998483658,303.544270324707,285.66428604126,0.00600000005215406,0.0109999999403954,"Croilia mossambica",211008.844661,1,1,0,6.40000009536743,NA,1,3.26,"Carni.",1,"LC",2504
"2916",0,36.859001159668,47,0.862250007688999,4.06112493574619,301.810615539551,290.373886108398,0.00700000021606684,0.00800000037997961,"Aulonocara saulosi",505.086671161861,0,1,1,9.19999980926514,"commercial",0,3.5,"Carni.",1,"LC",6
"2918",0,37903.6640625,42,0.246999993920326,2.59197500944137,301.734008789062,294.036185455322,0.0020000000949949,0.00400000018998981,"Enteromius humeralis",458056.3847381,1,1,0,NA,NA,NA,NA,NA,1,"LC",4362
"2920",0,1841.35400390625,49,0.248200005292892,4.08479986190796,301.572998046875,292.190002441406,0.00300000002607703,0.00559999998658895,"Cyphotilapia frontosa",33354.7184506497,0,1,1,33,"commercial",0,2.93,"Carni.",1,"LC",257
"2921",0,47545.85546875,42,0.233999997377396,2.52217499613762,301.633448791504,294.377282714844,0.0020000000949949,0.00499999988824129,"Mormyrops masuianus",433698.711583745,1,1,0,NA,NA,NA,NA,NA,1,"LC",4372
"2923",0,12825.298828125,29,0.22325000539422,1.91775004565716,303.714366912842,292.13988494873,0.00300000002607703,0.00899999961256981,"Epiplatys togolensis",178193.964517783,1,0,0,NA,NA,NA,NA,NA,1,"LC",2026
"2924",0,249.481994628906,41.85,0.403775005042553,2.10812499523163,300.697403717041,288.027011871338,0.00400000018998981,0.00499999988824129,"Haplochromis katavi",15197.3693000757,1,1,0,NA,NA,NA,NA,NA,1,"VU",144
"2926",0.025000000372529,426.539001464844,26.25,0.0937499981373549,1.1939999461174,299.307243347168,286.968994140625,0.0020000000949949,0.00400000018998981,"Labeobarbus somereni",51751.1305697191,1,0,0,NA,NA,NA,NA,NA,1,"LC",471
"2931",0,37155.578125,40,0.224099998921156,2.52824996709824,301.115698242187,293.478344726562,0.0020000000949949,0.00499999988824129,"Parakneria cameronensis",269952.020686233,1,1,0,NA,NA,NA,NA,NA,1,"LC",2703
"2937",0.470999985933304,1724.67797851562,0,0.41499999165535,0.758000016212463,300.050994873047,294.205993652344,0.00300000002607703,0.00300000002607703,"Hypsopanchax catenatus",3525.94022878293,1,0,0,NA,NA,NA,NA,NA,1,"DD",41
"2939",0,3.05299997329712,49,4.50899982452393,4.50899982452393,300.908996582031,292.876007080078,0.00700000021606684,0.00700000021606684,"Placidochromis lineatus",84.3398314721336,0,1,1,NA,NA,NA,NA,NA,1,"DD",1
"2940",0.810625025629997,2214.14306640625,0,0.245000004768372,0.715724992752074,301.42046661377,294.223363494873,0.00300000002607703,0.00400000018998981,"Enteromius eburneensis",51896.8510529882,1,1,0,NA,NA,NA,NA,NA,1,"LC",608
"2942",0,12825.298828125,27,0.219999998807907,1.80210004448891,303.902409362793,292.281338500977,0.00300000002607703,0.00899999961256981,"Pelvicachromis pulcher",185351.514130804,1,1,0,11," ",0,3.25,"Carni.",1,"LC",2159
"2943",0,47222.84765625,41,0.253550000488758,2.59424995183945,301.635986328125,293.274249267578,0.0020000000949949,0.00499999988824129,"Campylomormyrus mirus",251846.537035659,1,1,0,NA,NA,NA,NA,NA,1,"LC",2623
"2952",0,3274.53393554688,24,0.287000000476837,1.66600000858307,306.877014160156,292.842987060547,0.00300000002607703,0.00899999961256981,"Polypterus palmas",335492.518114498,1,1,0,35.2999992370605,"of no interest",0,2.91,"Carni.",1,"LC",3921
"2954",0,47456.98828125,26,0.241474997624755,1.69552501440048,305.088676452637,292.16029586792,0.0020000000949949,0.00800000037997961,"Malapterurus oguensis",149401.691714056,NA,NA,0,NA,NA,NA,NA,NA,1,"LC",1700
"2956",0,3035.248046875,40,0.525500014424324,2.53374999761581,302.721992492676,279.460243225098,0.00499999988824129,0.0140000004321337,"Ambassis dussumieri",48082.0342183909,1,1,0,10,"of no interest",1,NA,NA,3,"LC",511
"2965",0,17.1760005950928,23.85,0.878900018334389,1.60184999704361,301.418193054199,291.576493835449,0.00700000021606684,0.00795000037178397,"Maylandia pulpican",252.510198510948,NA,NA,0,NA,NA,NA,NA,NA,1,NA,3
"2966",0,47911.4375,42,0.245800006389618,2.64619994163513,301.635986328125,293.477197265625,0.0020000000949949,0.00499999988824129,"Tetraodon mbu",708166.308978214,1,1,0,NA,NA,NA,NA,NA,1,"LC",7153
"2970",0,1841.35400390625,49,0.248200005292892,4.08479986190796,301.572998046875,292.190002441406,0.00300000002607703,0.00559999998658895,"Benthochromis melanoides",33354.7184506497,0,1,1,18.2000007629395,"commercial",0,3.45,"Carni.",1,"LC",257
"2971",0,17.1760005950928,24,1.60199999809265,1.60199999809265,301.429992675781,292.802001953125,0.00800000037997961,0.00800000037997961,"Aulonocara hueseri",84.1614107759323,0,1,1,7.90000009536743,"commercial",0,3.5,"Carni.",1,"LC",1
"2974",0,15332.720703125,39.675,0.405324997007847,2.60157507061958,300.640179443359,296.743270874023,0.0020000000949949,0.00300000002607703,"Microsynodontis lamberti",8174.39177136692,1,1,0,NA,NA,NA,NA,NA,1,"DD",94
"2977",0.123049999587238,1724.67797851562,13,0.202775000780821,0.787074993550777,300.445499420166,293.513101196289,0.0020000000949949,0.00499999988824129,"Hypsopanchax zebra",40898.022102634,1,0,0,NA,NA,NA,NA,NA,1,"LC",462
"2979",0,1841.35400390625,49,0.247550004720688,4.08844985961914,301.572998046875,292.190002441406,0.00300000002607703,0.0056499999947846,"Mastacembelus zebratus",33012.5919769452,0,1,1,NA,NA,NA,NA,NA,1,"LC",255
"2982",0.104749999940395,346.839996337891,11,0.0625000018626451,0.736000016331673,296.482261657715,289.95174407959,0.00100000004749745,0.00300000002607703,"Labeobarbus acuticeps",3525.05686230457,1,1,0,NA,NA,NA,NA,NA,1,"NT",31
"2984",0,1841.35400390625,49,0.252425009012222,4.06107487678528,301.572998046875,292.097100067139,0.00300000002607703,0.00527499993331728,"Neolamprologus modestus",34890.675799273,0,1,1,12,"commercial",0,3.52,"Carni.",1,"LC",270
"2985",0,914.56298828125,42.275,0.413250003010035,2.02877497673035,300.801533508301,287.105495452881,0.00400000018998981,0.00700000021606684,"Enteromius olivaceus",73903.3463935144,1,0,0,NA,NA,NA,NA,NA,1,"LC",710
"2991",0,9268.0712890625,37.2,0.203600007295609,2.33739993572235,303.881005859375,279.885797119141,0.0162000007927418,0.0225999999791384,"Sprattus sprattus",2975.97275784544,1,0,0,16,"highly commercial",1,3.01,"Carni.",2,"LC",9
"2993",0,121.141998291016,27.075,0.424724999815226,1.52980000078678,299.115311431885,280.431490325928,0.00899999961256981,0.0140000004321337,"Sandelia bainsii",20201.7675976929,1,1,0,26,"commercial",0,3.65,"Carni.",3,"EN",198
"2998",0,47312.2109375,32,0.238000005483627,1.91174998879433,304.023490905762,290.609741210938,0.00300000002607703,0.00899999961256981,"Bathygobius soporator",694691.449097289,1,1,0,15,"of no interest",1,3.71,"Carni.",1,"LC",7271
"3003",0,14054.060546875,45,0.101000003516674,4.0043999671936,310.839593505859,285.339801025391,0.00300000002607703,0.0189999993890524,"Labeo niloticus",677165.851019473,1,1,0,63,NA,0,2.53,"Omni.",2,"LC",2457
"3004",0,37903.6640625,42,0.248999997973442,2.67199999094009,301.692749023438,294.349235534668,0.0020000000949949,0.00400000018998981,"Phractura tenuicauda",445129.891607834,1,1,0,NA,NA,NA,NA,NA,1,"LC",4371
"3006",0.0026250000228174,47952.2890625,37.25,0.229500003159046,2.55787509679794,300.940761566162,292.889114379883,0.0020000000949949,0.00700000021606684,"Mormyrops engystoma",38992.2216121418,1,1,0,NA,NA,NA,NA,NA,1,"LC",396
"3007",0,1841.35400390625,49,0.247550004720688,4.08844985961914,301.572998046875,292.190002441406,0.00300000002607703,0.0056499999947846,"Greenwoodochromis abeelei",33012.5919769452,NA,NA,0,NA,NA,NA,NA,NA,1,NA,255
"3008",0,47545.85546875,35,0.260974997282028,1.97167501151562,301.247985839844,293.594409179687,0.0020000000949949,0.00600000005215406,"Enteromius carens",43158.3091127447,1,1,0,NA,NA,NA,NA,NA,1,"LC",494
"3010",0,960.926025390625,44,0.432000011205673,3.14199995994568,301.382995605469,287.523986816406,0.00400000018998981,0.0120000001043081,"Enteromius mattozi",101303.284946615,1,1,0,40,NA,0,3.26,"Carni.",2,"LC",641
"3011",0,6464.98779296875,32.1,0.206675001606345,2.24802505373955,307.216198730469,295.003997802734,0.00300000002607703,0.0109999999403954,"Haplochromis loati",6427.49045271091,0,1,1,5.19999980926514,NA,0,3.01,"Carni.",1,"DD",50
"3014",0,3919.5419921875,44.4,0.854500007629394,3.57200007438659,303.044107055664,290.102008056641,0.00600000005215406,0.00909999962896108,"Lethrinops longipinnis",6876.2660956166,0,1,1,16,"commercial",0,3.35,"Carni.",1,"LC",77
"3015",0,496.622985839844,46,0.60254999101162,2.93949993848801,302.89775390625,289.602285766602,0.00400000018998981,0.00600000005215406,"Parakneria spekii",51707.8866783944,1,0,0,NA,NA,NA,NA,NA,1,"LC",475
"3017",0,4347.6337890625,23.85,0.202450002729893,1.33280003666878,301.651000976562,293.918905639648,0.00300000002607703,0.00690000019967557,"Thrattidion noctivagus",10556.845318168,1,0,0,2.14000010490417,"of no interest",0,3.3,"Carni.",1,"DD",123
"3018",0.00225000001955777,5474.873046875,30.5,0.767250001430511,2.27000004053116,302.945999145508,294.370239257812,0.00499999988824129,0.00600000005215406,"Nothobranchius ocellatus",3492.05333665643,1,1,0,NA,NA,NA,NA,NA,1,"NT",31
"3020",0,47222.84765625,41,0.189999997615814,2.5558000087738,301.820007324219,291.935406494141,0.0020000000949949,0.00499999988824129,"Campylomormyrus numenius",451386.484747747,1,1,0,NA,NA,NA,NA,NA,1,"LC",4769
"3023",0,47952.2890625,39.6,0.181799998879433,2.20240006446838,301.021209716797,293.923602294922,0.0020000000949949,0.00700000021606684,"Thoracochromis fasciatus",24165.4295824173,NA,NA,0,NA,NA,NA,NA,NA,1,NA,257
"3024",0,37475.21484375,43,0.252999991178513,2.6545000910759,301.837243652344,295.436743164062,0.0020000000949949,0.00400000018998981,"Synodontis centralis",224566.184792391,1,1,0,NA,NA,NA,NA,NA,1,"LC",2103
"3025",0,47545.85546875,35.15,0.13800000268966,1.85417503416538,300.795989990234,294.426326751709,0.0020000000949949,0.00499999988824129,"Steatocranus rouxi",17926.3411309768,1,1,0,NA,NA,NA,NA,NA,1,"DD",198
"3027",0,3919.5419921875,44.4,0.854500007629394,3.57200007438659,303.044107055664,290.102008056641,0.00600000005215406,0.00909999962896108,"Mylochromis spilostichus",6876.2660956166,0,1,1,22.2000007629395,"commercial",0,4.2,"Carni.",1,"LC",77
"3028",0,1484.27197265625,50,1.10322498381138,3.55142496824264,306.144344329834,289.813608551025,0.00899999961256981,0.0120000001043081,"Nothobranchius furzeri",17458.6239921544,1,1,0,NA,NA,NA,NA,NA,2,"LC",110
"3030",0,5380.90283203125,42,0.236425002291799,2.79152497649193,308.138000488281,291.503434753418,0.00400000018998981,0.0120000001043081,"Pronothobranchius kiyawensis",246483.168298165,0,1,1,NA,NA,NA,NA,NA,2,"EN",1300
"3032",0,78.8560028076172,42.55,0.932175022363663,3.10454999804497,302.311278533936,279.038777923584,0.0127250002231449,0.0179999992251396,"Labeobarbus seeberi",12795.0361195863,1,0,0,98.6999969482422,"of no interest",0,3.36,"Carni.",2,"NT",70
"3033",0,4269.42919921875,41,0.146124998107553,2.76600003242493,310.814750671387,293.136611938477,0.00499999988824129,0.0160000007599592,"Brycinus leuciscus",578141.871502859,1,1,0,12,"of no interest",0,3.19,"Carni.",1,"LC",3126
"3035",0.183000002801418,37376.35546875,1,0.206000000238419,1.27699995040894,301.709307861328,291.680697631836,0.0020000000949949,0.00600000005215406,"Enteromius prionacanthus",209549.171346392,NA,NA,0,NA,NA,NA,NA,NA,1,"LC",2429
"3036",0.0326249997597188,191.22900390625,5,0.0633500009775162,0.638174991309643,299.37869644165,283.941947174072,0.0020000000949949,0.00300000002607703,"Haplochromis aeneocolor",14026.4132505725,1,1,0,7.5,NA,0,2.52,"Omni.",1,"VU",142
"3037",0,486.285003662109,31,0.260249994695187,1.69924995303154,298.999496459961,287.242744445801,0.00300000002607703,0.00800000037997961,"Enteromius argenteus",25484.3021215407,1,1,0,19.7000007629395," ",0,3.2,"Carni.",2,"LC",191
"3039",0,9.72799968719482,27.9,1.23550004959106,1.54330005049706,301.813513183594,291.148309326172,0.00700000021606684,0.00795000037178397,"Cynotilapia aurifrons",253.549496086174,0,1,1,NA,NA,NA,NA,NA,1,"LC",3
"3040",0,16388.71484375,40,0.323999997228384,2.62262505292892,300.801876068115,296.126884460449,0.0020000000949949,0.00300000002607703,"Enteromius stanleyi",32604.7058913192,1,1,0,NA,NA,NA,NA,NA,1,"LC",366
"3042",0,4145.64013671875,48.025,0.0959500007331371,3.27104991078377,308.834991455078,294.286937713623,0.00600000005215406,0.0120000001043081,"Synodontis courteti",85506.8182026103,0,1,1,NA,NA,NA,NA,NA,2,"LC",440
"3044",0,47194.4140625,41,0.180999994277954,2.63800007104874,309.659122467041,291.692741394043,0.00300000002607703,0.0149999996647239,"Tylochromis sudanensis",421019.020535694,1,1,0,20,NA,0,2.55,"Omni.",1,"LC",3356
"3045",0,37.1730003356934,34.75,1.83580003380775,2.03434991240501,302.158996582031,293.183445739746,0.00800000037997961,0.00800000037997961,"Petrotilapia nigra",251.33484814138,0,1,1,12.1999998092651,"commercial",0,NA,NA,1,"LC",3
"3046",0,13681.75,37,0.392400000989437,2.05175004005432,301.653105163574,293.304989624023,0.00300000002607703,0.00600000005215406,"Trachyglanis minutus",24187.8942900765,1,1,0,NA,NA,NA,NA,NA,1,"DD",267
"3048",0,12761.8916015625,28,0.273950003832579,2.11432507038116,303.013790130615,292.763618469238,0.00300000002607703,0.00800000037997961,"Bryconaethiops quinquesquamae",40817.9754260405,1,0,0,NA,NA,NA,NA,NA,1,"EN",474
"3053",0,1841.35400390625,49,0.248200005292892,4.08479986190796,301.572998046875,292.190002441406,0.00300000002607703,0.00559999998658895,"Bathybagrus tetranema",33354.7184506497,0,1,1,NA,NA,NA,NA,NA,1,"LC",257
"3059",0,3403.34204101562,42,0.312649992853403,2.8648750603199,309.376575469971,290.239905548096,0.00300000002607703,0.0120000001043081,"Petrocephalus gliroides",639159.522007843,1,0,0,NA,NA,NA,NA,NA,2,"DD",2394
"3060",0,1841.35400390625,46,0.236050001531839,3.59425008296966,301.161010742188,288.651498413086,0.00300000002607703,0.00499999988824129,"Micralestes vittatus",79258.0354635419,1,0,0,NA,NA,NA,NA,NA,1,"DD",695
"3063",0,424.93798828125,42,0.424999997019768,2.02249991893768,301.174987792969,293.397003173828,0.00400000018998981,0.00700000021606684,"Labeobarbus aspius",12859.0944541663,NA,NA,0,NA,NA,NA,NA,NA,1,"LC",141
"3065",0,47911.4375,39.5,0.178000003099442,2.32250010967255,300.65998840332,291.726989746094,0.0020000000949949,0.00600000005215406,"Raiamas kheeli",24228.158737704,1,1,0,9.60000038146973,NA,0,NA,NA,1,"DD",261
"3066",0,2590.998046875,15.725,0.309374997019768,1.35219995677471,302.710906219482,291.290469360352,0.00300000002607703,0.00972499973140654,"Scriptaphyosemion bertholdi",31675.2803451677,1,1,0,NA,NA,NA,NA,NA,1,"VU",372
"3070",0,47952.2890625,43,0.200150003284216,2.73384997844696,301.694000244141,287.97900390625,0.0020000000949949,0.00999999977648258,"Enteromius miolepis",1968689.09335214,1,1,0,NA,NA,NA,NA,NA,1,"LC",19167
"3071",0.0936500001698732,464.053009033203,4,0.331999987363815,1.31529995799065,303.615548706055,285.680155944824,0.00499999988824129,0.00700000021606684,"Afronemacheilus abyssinicus",17511.475810345,NA,NA,0,NA,NA,NA,NA,NA,1,NA,207
"3072",0.0469999983906746,36454.14453125,20,0.344025011360645,2.14397504925728,300.61177444458,292.100199127197,0.0020000000949949,0.00597500004805615,"Synodontis tessmanni",144623.449303707,NA,NA,0,NA,NA,NA,NA,NA,1,"LC",1682
"3074",1631.27001953125,4861.49609375,0,0.386999994516373,0.386999994516373,297.130004882812,295.367004394531,0.0020000000949949,0.0020000000949949,"Haplochromis nigricans",75275.99539497,0,1,1,9.39999961853027,NA,0,2.35,"Omni.",1,"DD",862
"3076",0,6371.3427734375,11,0.274049995839596,1.71449998021126,302.576098632812,293.124961853027,0.00285000003641471,0.00514999991282821,"Caranx latus",3093.35102319719,1,0,0,101,"minor commercial",1,3.88,"Carni.",1,"LC",35
"3081",0,1507.87194824219,43,0.407000005245209,3.12755001783371,307.688046264648,291.646759033203,0.00300000002607703,0.00899999961256981,"Labeo bottegi",40567.428811496,1,0,0,NA,NA,NA,NA,NA,2,"DD",283
"3082",0,47222.84765625,29,0.160999998450279,1.89862503111362,307.452877044678,293.84574508667,0.00300000002607703,0.00999999977648258,"Nannocharax fasciatus",1194863.20377835,1,1,0,6.59999990463257," ",0,3.4,"Carni.",1,"LC",11656
"3091",0,298.608001708984,24.625,0.882875017821789,1.69237498939037,302.4914894104,292.989486694336,0.00400000018998981,0.00800000037997961,"Labeobarbus gruveli",2205.56114002838,1,0,0,NA,NA,NA,NA,NA,1,"VU",26
"3092",0.780000001192093,2637.65087890625,0,0.345750004053116,1.20024999976158,300.169998168945,293.08899307251,0.00300000002607703,0.00499999988824129,"Microsynodontis nasutus",11702.4611430373,1,0,0,3.65000009536743,NA,0,NA,NA,1,"DD",136
"3098",0,242.128997802734,45,0.469500011205673,2.7203999042511,300.060205078125,293.065798950195,0.0020000000949949,0.00600000005215406,"Stomatorhinus ater",33867.430888289,1,1,0,NA,NA,NA,NA,NA,1,"DD",245
"3103",0,47952.2890625,43,0.187000006437302,2.90169997215271,308.081698608398,281.52571105957,0.0020000000949949,0.017000000923872,"Clarias gariepinus",4403535.84970463,1,1,0,170,"minor commercial",0,3.5,"Carni.",2,"LC",31773
"3109",0,47911.4375,42,0.234999999403954,2.60110000967979,301.657012939453,290.069691467285,0.0020000000949949,0.00600000005215406,"Labeo annectens",1286819.10828496,1,0,0,NA,NA,NA,NA,NA,1,"LC",13090
"3112",0,1943.49499511719,41.125,0.324125003069639,2.72837492823601,301.5732421875,287.235740661621,0.00300000002607703,0.0120000001043081,"Labeo ansorgii",87210.3857230531,1,1,0,25,NA,0,NA,NA,2,"LC",436
"3114",0,3935.47412109375,44,0.857250006496906,3.47662509083748,303.043180847168,290.122583770752,0.00602500005625188,0.00899999961256981,"Champsochromis spilorhynchus",7292.64023344102,0,1,1,30,"commercial",0,4.2,"Carni.",1,"EN",82
"3115",1631.27001953125,4861.49609375,0,0.386999994516373,0.386999994516373,297.130004882812,295.367004394531,0.0020000000949949,0.0020000000949949,"Haplochromis bayoni",70201.9485614657,0,1,1,15.3999996185303,NA,0,4.2,"Carni.",1,"DD",816
"3117",0,47952.2890625,44.5999999999995,0.246400001645088,2.81060004234314,301.635986328125,294.021990966797,0.0020000000949949,0.00499999988824129,"Microctenopoma fasciolatum",473434.630141186,1,1,0,NA,NA,NA,NA,NA,1,"LC",4657
"3125",0,47302.59765625,41,0.123999997973442,3.02920010089874,305.769088745117,277.595611572266,0.00400000018998981,0.0240000002086163,"Mugil cephalus",245671.848017913,1,1,0,100,"highly commercial",1,2.48,"Omni.",2,"LC",1869
"3126",0,7585.22998046875,46.9,1.0921000123024,3.60409989356995,301.703509521484,289.716802978516,0.00800000037997961,0.00999999977648258,"Neolebias lozii",5552.70566576389,1,0,0,1.79999995231628,NA,0,3.5,"Carni.",1,"CR",45
"3128",0,3919.5419921875,49,0.844000017642975,4.49359998703003,302.670989990234,286.164587402344,0.00700000021606684,0.0109999999403954,"Bathyclarias filicibarbis",28950.2249686961,0,1,1,79.1999969482422," ",0,4.06,"Carni.",1,"LC",329
"3130",0.0126250002067536,16501.240234375,40.25,0.266124997287989,2.4020000398159,300.425487518311,296.324626922607,0.0020000000949949,0.00300000002607703,"Rhabdalestes aeratis",4560.53903315996,0,1,1,NA,NA,NA,NA,NA,1,"DD",36
"3131",0,4347.6337890625,21.075,0.231000006198883,1.35127502083778,302.038796234131,289.639154052734,0.00300000002607703,0.00899999961256981,"Fundulopanchax amieti",41015.0276131556,1,1,0,NA,NA,NA,NA,NA,1,"EN",478
"3133",0.0356249993201345,79.6699981689453,16.375,0.0797500004991889,1.59262502193451,298.187744140625,286.73637008667,0.00300000002607703,0.00499999988824129,"Enteromius serengetiensis",6190.79955568857,1,1,0,4.01999998092651,NA,0,NA,NA,1,"LC",66
"3138",0.622725008428097,14.5550003051758,1.85,0.504749996215105,0.701325005292892,303.266777801514,297.433989715576,0.00499999988824129,0.00499999988824129,"Chiloglanis kolente",339.021236158487,1,0,0,2.5699999332428,"of no interest",0,NA,NA,1,"EN",4
"3140",0.0461250017397106,1181.7490234375,19.375,0.255374994128942,1.12562499940395,304.298362731934,293.868377685547,0.00300000002607703,0.00700000021606684,"Chiloglanis occidentalis",35860.6466070729,1,0,0,NA,NA,NA,NA,NA,1,"LC",406
"3161",0,2591.02807617188,21.15,0.581500005722046,1.64715003967285,303.133792114258,292.908386230469,0.00400000018998981,0.00999999977648258,"Chrysichthys levequei",9743.39403627344,1,0,0,NA,NA,NA,NA,NA,1,"EN",115
"3162",0,9131.9716796875,48,0.41100001335144,3.41474997997284,303.305000305176,287.407989501953,0.0020000000949949,0.0130000002682209,"Parauchenoglanis ngamensis",1044935.04888339,1,1,0,38,"minor commercial",0,3.59,"Carni.",2,"LC",7531
"3163",0,5301.97900390625,29,0.164000004529953,1.49119997024536,301.146398925781,286.928210449219,0.0020000000949949,0.00499999988824129,"Labeo victorianus",215713.072524371,1,1,0,41,"commercial",0,2.41,"Omni.",1,"LC",1873
"3172",0.171000000741333,132.837005615234,15.2,0.392949987947941,1.26030000448227,308.408996582031,297.985685729981,0.00899999961256981,0.00899999961256981,"Aphanius stiassnyae",251.249702545048,0,1,1,NA,NA,NA,NA,NA,2,"EN",3
"3173",0,439.285003662109,12.35,0.416875002533197,1.40897503495216,300.4181640625,276.335542297363,0.00464999991236255,0.00635000010952353,"Enteromius venustus",3264.62302633772,1,1,0,NA,NA,NA,NA,NA,1,"DD",34
"3175",0,27.2019996643066,19.9,0.874350008368492,1.31990004777908,300.588612365723,290.731353759766,0.00700000021606684,0.00795000037178397,"Labidochromis caeruleus",253.093106922787,0,1,1,NA,NA,NA,NA,NA,1,"LC",3
"3176",0.000674999970942737,165.470993041992,8,0.17207500487566,1.27937501072884,302.309819793701,295.163098907471,0.00300000002607703,0.00499999988824129,"Fundulopanchax spoorenbergi",3770.48986436419,NA,NA,0,NA,NA,NA,NA,NA,1,"DD",44
"3179",0,490.212005615234,39,0.230524995550513,2.20080007910728,297.519671630859,287.39599609375,0.00300000002607703,0.00700000021606684,"Enteromius brevilateralis",9067.78324835414,1,1,0,NA,NA,NA,NA,NA,2,"DD",94
"3181",0,3919.5419921875,41.75,0.833750009536743,2.94149994850159,303.019493103027,290.946258544922,0.00675000017508864,0.009249999653548,"Mylochromis incola",2683.74261882117,0,1,1,19.8999996185303,"commercial",0,3.5,"Carni.",1,"LC",31
"3184",0,14403.857421875,42,0.128450000286102,3.00610003471375,309.978211975098,285.8330078125,0.00300000002607703,0.0179999992251396,"Enteromius stigmatopygus",1115123.69090996,1,0,0,NA,NA,NA,NA,NA,2,"LC",5779
"3189",0,5168.259765625,36,0.182625006884336,2.25462505221367,300.409755706787,296.587749481201,0.0020000000949949,0.0020000000949949,"Micralestes congicus",39840.9319058021,1,1,0,NA,NA,NA,NA,NA,1,"LC",456
"3192",1631.27001953125,4861.49609375,0,0.386999994516373,0.386999994516373,297.130004882812,295.367004394531,0.0020000000949949,0.0020000000949949,"Haplochromis tridens",70029.8147067808,0,1,1,11.8999996185303,NA,0,2.76,"Omni.",1,"DD",814
"3193",1.30859997272491,381.43701171875,0,0.300000011920929,0.606399977207184,301.815991210938,293.542413330078,0.00300000002607703,0.00580000020563603,"Coptodon spongotroktis",1456.6482365492,0,1,1,NA,NA,NA,NA,NA,1,"CR",17
"3194",0,47222.84765625,41,0.180000007152557,2.61112490296364,300.792369842529,294.505867004395,0.0020000000949949,0.00400000018998981,"Fenerbahce formosus",245688.448835234,1,1,0,NA,NA,NA,NA,NA,1,"LC",2546
"3195",0,47952.2890625,42,0.165999993681908,2.89100003242493,308.762910461426,291.259355163574,0.0020000000949949,0.0140000004321337,"Hydrocynus forskahlii",3608125.94598189,1,1,0,78,"commercial",0,4,"Carni.",1,"LC",27255
"3197",0,47952.2890625,41,0.246999993920326,2.61780004501343,301.390795898437,292.025189208984,0.0020000000949949,0.00600000005215406,"Distichodus notospilus",736534.811478767,1,1,0,NA,NA,NA,NA,NA,1,"LC",7889
"3201",0,47222.84765625,44,0.202000007033348,2.73679999113083,301.326696777344,294.027200317383,0.0020000000949949,0.00499999988824129,"Mormyrops nigricans",506722.950380764,1,1,0,NA,NA,NA,NA,NA,1,"LC",5123
"3202",0,464.449005126953,47,0.913525001704693,3.82735006809235,302.543408966064,296.388316345215,0.00499999988824129,0.00577500001527369,"Nothobranchius foerschi",940.170535368774,1,1,0,NA,NA,NA,NA,NA,1,"VU",10
"3204",0,47222.84765625,43,0.246999993920326,2.63612499833107,301.537994384766,294.362747192383,0.00100000004749745,0.00400000018998981,"Coptodon congica",539500.151088555,NA,NA,0,NA,NA,NA,NA,NA,1,NA,5266
"3205",0,1567.5419921875,43,0.822000026702881,2.78724992275238,303.487251281738,281.645500183105,0.00899999961256981,0.0149999996647239,"Labeo rosae",272322.894829614,1,1,0,40,NA,0,2.43,"Omni.",2,"LC",1631
"3207",0.768400013446808,242.128997802734,13.3,0.687550002336502,1.44755001366138,299.403085327148,295.686408996582,0.00300000002607703,0.00300000002607703,"Scardinius plotizza",258.146720563579,1,1,0,NA,NA,NA,NA,NA,1,"LC",3
"3208",1631.27001953125,4861.49609375,0,0.386999994516373,0.386999994516373,297.130004882812,295.367004394531,0.0020000000949949,0.0020000000949949,"Haplochromis pellegrini",70029.8147067808,0,1,1,10.3999996185303,NA,0,3.46,"Carni.",1,"DD",814
"3210",0,47952.2890625,39.025,0.172974993288517,2.62962509393692,300.805142974854,293.014989471436,0.0020000000949949,0.00600000005215406,"Mastacembelus brichardi",36958.546873683,1,0,0,NA,NA,NA,NA,NA,1,"LC",400
"3211",0.0245999997481704,11.3839998245239,28.4,0.481400007009506,2.58669998645783,310.384002685547,297.470907592773,0.00810000030323863,0.0129000002518296,"Aphanius dispar",1349.33431326137,NA,NA,0,NA,NA,NA,NA,NA,2,"LC",5
"3215",0,557.197998046875,40.75,0.720499977469444,3.17999994754791,303.517761230469,292.033500671387,0.00300000002607703,0.00899999961256981,"Butis butis",6312.86224751933,1,1,0,15,"minor commercial",1,4,"Carni.",1,"LC",71
"3221",0,3927.46411132812,42,0.456849989295006,2.80239990949631,302.676089477539,284.912394714355,0.00600000005215406,0.00899999961256981,"Zaireichthys lacustris",48046.9708331923,1,1,0,2.21000003814697,NA,0,NA,NA,1,"LC",555
"3226",0,179.875,43.3,0.970550021529198,3.23925002813339,302.670989990234,291.419206237793,0.00700000021606684,0.00800000037997961,"Maylandia callainos",1423.97800331201,NA,NA,0,NA,NA,NA,NA,NA,1,NA,15
"3229",0,7.79199981689453,38,2.27500009536743,2.27500009536743,301.864990234375,293.075012207031,0.00800000037997961,0.00800000037997961,"Otopharynx pachycheilus",83.6918234879036,0,1,1,16.5300006866455,NA,0,NA,NA,1,"VU",1
"3231",0,188.253005981445,39.175,0.963424973189831,2.05347502827644,299.666800689697,283.95110244751,0.00700000021606684,0.00917499964125454,"Labeobarbus nthuwa",4055.46645308257,1,0,0,NA,NA,NA,NA,NA,3,"NT",34
"3233",0,47748.6953125,36,0.183549999445677,1.59255001544952,301.100006103516,286.740106201172,0.0020000000949949,0.00499999988824129,"Synodontis afrofischeri",204899.406770146,1,1,0,17.7000007629395,NA,0,3.41,"Carni.",1,"LC",1703
"3237",0.0369749987730756,203.391006469727,10.275,0.251524996012449,1.32137500345707,299.680976104736,291.349035644531,0.00300000002607703,0.00600000005215406,"Labeobarbus varicostoma",2546.77383606627,1,1,0,NA,NA,NA,NA,NA,1,"DD",22
"3239",0.0140000004321337,2591.02807617188,28,0.19984999448061,1.36289997696877,307.424011230469,293.855296325684,0.00400000018998981,0.00899999961256981,"Scriptaphyosemion guignardi",113306.074513204,1,1,0,NA,NA,NA,NA,NA,1,"LC",1263
"3243",0.0467499997466803,2214.14306640625,25,0.20075000077486,1.35225000977516,305.33349609375,293.809753417969,0.00300000002607703,0.00700000021606684,"Mormyrops breviceps",90525.2284313921,1,1,0,NA,NA,NA,NA,NA,1,"LC",1011
"3248",0,5503.81201171875,44,0.542999982833862,2.34424996376038,302.553504943848,288.537742614746,0.00499999988824129,0.00899999961256981,"Bagrus orientalis",202230.681002554,1,1,0,NA,NA,NA,NA,NA,1,"LC",2231
"3249",0,37903.6640625,43,0.252000004053116,2.60760006904602,301.881799316406,292.660003662109,0.00100000004749745,0.00499999988824129,"Labeo quadribarbis",334173.597176892,1,1,0,NA,NA,NA,NA,NA,1,"LC",3189
"3252",0,825.77197265625,39,0.469999998807907,2.16950005292892,300.991497039795,288.233867645264,0.00499999988824129,0.00800000037997961,"Synodontis lufirae",28097.8601154605,1,1,0,NA,NA,NA,NA,NA,3,"VU",236
"3257",0,3919.5419921875,44.4,0.854500007629394,3.57200007438659,303.044107055664,290.102008056641,0.00600000005215406,0.00909999962896108,"Labeotropheus fuelleborni",6876.2660956166,0,1,1,30,"commercial",0,2.8,"Carni.",1,"LC",77
"3262",0,3274.53393554688,33,0.278674995154142,1.96972499191761,305.474433898926,292.48119430542,0.00400000018998981,0.00899999961256981,"Ichthyborus quadrilineatus",128016.678630423,1,0,0,NA,NA,NA,NA,NA,1,"VU",1490
"3265",0.00529999989084899,47911.4375,40,0.263999998569489,3.50719991922379,300.737091064453,292.773010253906,0.00300000002607703,0.00600000005215406,"Micralestes schelly",4369.8999964696,1,1,0,4.8899998664856,NA,0,NA,NA,1,"DD",43
"3272",0.0528750005178154,231.824996948242,23.125,0.165250001475215,0.923375003039837,300.469249725342,293.716747283936,0.00300000002607703,0.00499999988824129,"Labeobarbus semireticulatus",9444.38502199769,NA,NA,0,NA,NA,NA,NA,NA,1,"DD",96
"3274",1631.27001953125,4861.49609375,0,0.386999994516373,0.386999994516373,297.130004882812,295.367004394531,0.0020000000949949,0.0020000000949949,"Haplochromis macrops",70201.9485614657,0,1,1,9.10000038146973,NA,0,2.78,"Omni.",1,"DD",816
"3276",0,1841.35400390625,49,0.247550004720688,4.08844985961914,301.572998046875,292.190002441406,0.00300000002607703,0.0056499999947846,"Lestradea perspicax",33012.5919769452,0,1,1,NA,NA,NA,NA,NA,1,"LC",255
"3278",0,3919.5419921875,44,0.845500016212463,3.45050008296966,302.935089111328,290.580908203125,0.00700000021606684,0.00969999972730875,"Buccochromis heterotaenia",4694.31397546243,0,1,1,40,"commercial",0,4.2,"Carni.",1,"LC",53
"3279",0,464.449005126953,46.325,0.651824994385242,3.24882498383522,302.908996582031,290.206720733643,0.00499999988824129,0.00600000005215406,"Kneria uluguru",24940.3594247701,1,0,0,4.30999994277954,NA,0,2,"Herbi.",1,"VU",228
"3283",0,8195.763671875,44,0.439099995791912,2.85877506732941,301.631073760986,288.088012695312,0.00300000002607703,0.00800000037997961,"Paramormyrops tavernei",85287.7662581526,1,1,0,NA,NA,NA,NA,NA,1,"LC",852
"3286",0,9131.9716796875,47,0.372999995946884,3.35899996757507,303.070007324219,287.569554138184,0.0020000000949949,0.0130000002682209,"Serranochromis jallae",1234697.47779199,1,1,0,39.5999984741211,"minor commercial",0,NA,NA,3,"LC",9583
"3287",0,47746.8515625,42,0.222350003570318,2.59165003299713,301.635292053223,293.636993408203,0.0020000000949949,0.00499999988824129,"Polypterus congicus",398909.35860968,1,1,0,97,"minor commercial",0,3.3,"Carni.",1,"LC",3855
"3289",0,47222.84765625,44,0.24600000679493,2.73529994487762,300.809997558594,295.371594238281,0.0020000000949949,0.00300000002607703,"Synodontis schoutedeni",324918.219470555,1,1,0,NA,NA,NA,NA,NA,1,"LC",3229
"3291",0,245.505004882812,41,0.221000000834465,3.23297493457794,305.048469543457,275.386373901367,0.0120000001043081,0.0270000007003546,"Luciobarbus callensis",105697.293486266,1,1,0,30,"commercial",0,NA,NA,2,"LC",770
"3296",0,4969.48193359375,39,0.445925008505583,2.27200005054474,300.878289031982,287.517435455322,0.00400000018998981,0.00999999977648258,"Brycinus peringueyi",76087.0596355281,NA,NA,0,NA,NA,NA,NA,NA,3,NA,798
"3301",0,92.879997253418,32,0.0277000008150935,1.82770001888275,307.942401123047,275.331692504883,0.0219999998807907,0.0292999992147088,"Aphanius apodus",44162.0461316259,NA,NA,0,NA,NA,NA,NA,NA,2,NA,269
"3302",1631.27001953125,4861.49609375,0,0.386999994516373,0.386999994516373,297.130004882812,295.367004394531,0.0020000000949949,0.0020000000949949,"Petrocephalus degeni",258.164537380053,0,1,1,NA,NA,NA,NA,NA,1,"DD",3
"3310",0,37903.6640625,41,0.246999993920326,2.55527504682541,301.73427734375,288.678440093994,0.0020000000949949,0.00899999961256981,"Labeo simpsoni",553456.003368248,1,1,0,NA,NA,NA,NA,NA,1,"LC",5510
"3311",0,1937.20300292969,43,0.172999992966652,1.80250003635883,300.474479675293,287.525484466553,0.0020000000949949,0.00600000005215406,"Astatotilapia stappersii",88428.9377745122,1,1,0,NA,NA,NA,NA,NA,1,"LC",884
"3313",0.00274999993853271,2054.919921875,14.9,0.481099991500378,1.22300004959106,302.35545501709,292.838414001465,0.00627500009723008,0.00700000021606684,"Nothobranchius niassa",1009.4348259368,1,1,0,2.91000008583069,NA,0,NA,NA,1,"VU",12
"3317",0,3777.22509765625,31.75,0.869499981403351,2.35825002193451,302.802001953125,278.498748779297,0.00400000018998981,0.0189999998547137,"Parauchenoglanis buettikoferi",4369.07075902528,1,1,0,NA,NA,NA,NA,NA,1,"CR",51
"3318",0.639949995279312,452.679992675781,0,0.433649995923042,0.855300027132034,302.571249389648,287.003736877441,0.0020000000949949,0.00415000014472753,"Synodontis marmoratus",3002.91946512575,NA,NA,0,NA,NA,NA,NA,NA,1,"DD",35
"3320",0,3919.5419921875,44.4,0.854500007629394,3.57200007438659,303.044107055664,290.102008056641,0.00600000005215406,0.00909999962896108,"Mylochromis mola",6876.2660956166,0,1,1,18,"commercial",0,3.6,"Carni.",1,"LC",77
"3322",0,47222.84765625,43.7,0.20100000500679,2.70420007705689,300.832705688477,295.078396606445,0.0020000000949949,0.00300000002607703,"Mormyrops lineolatus",166511.80197777,1,1,0,NA,NA,NA,NA,NA,1,"LC",1533
"3329",0,1841.35400390625,49,0.248200005292892,4.08479986190796,301.572998046875,292.190002441406,0.00300000002607703,0.00559999998658895,"Chrysichthys brachynema",33354.7184506497,1,1,0,77,"commercial",0,3.89,"Carni.",1,"LC",257
"3339",0,3919.5419921875,44.4,0.854500007629394,3.57200007438659,303.044107055664,290.102008056641,0.00600000005215406,0.00909999962896108,"Bathyclarias rotundifrons",6876.2660956166,0,1,1,NA,NA,NA,NA,NA,1,"LC",77
"3340",0.0369749987730756,203.391006469727,10.275,0.251524996012449,1.32137500345707,299.680976104736,291.349035644531,0.00300000002607703,0.00600000005215406,"Labeobarbus girardi",2546.77383606627,1,1,0,NA,NA,NA,NA,NA,1,"DD",22
"3349",0,3274.53393554688,22,0.263999998569489,1.55402501821518,303.316184234619,292.993963623047,0.00300000002607703,0.00899999961256981,"Tylochromis leonensis",328221.24597943,1,0,0,21.8999996185303,NA,0,2.58,"Omni.",1,"LC",3720
"3351",0,47911.4375,43,0.246999993920326,2.67934995889664,301.799705505371,293.665000915527,0.0020000000949949,0.00499999988824129,"Synodontis alberti",625225.114848198,1,1,0,20.2999992370605,"of no interest",0,2.76,"Omni.",1,"LC",5947
"3354",0,785.924987792969,40.325,0.25902499333024,3.09362496733665,302.819448852539,286.201636505127,0.0020000000949949,0.00999999977648258,"Enteromius ansorgii",36992.00875028,1,1,0,NA,NA,NA,NA,NA,2,"LC",228
"3356",NA,NA,NA,NA,NA,NA,NA,NA,NA,"Oreochromis ismailiaensis",3716.18967140879,1,0,0,NA,NA,NA,NA,NA,2,"DD",0
"3364",0,3919.5419921875,44.4,0.854500007629394,3.57200007438659,303.044107055664,290.102008056641,0.00600000005215406,0.00909999962896108,"Taeniolethrinops laticeps",6876.2660956166,0,1,1,NA,NA,NA,NA,NA,1,"LC",77
"3366",0,5558.05322265625,43,0.408249992877245,2.94300004839897,307.40811920166,286.630241394043,0.00300000002607703,0.00700000021606684,"Brycinus affinis",380770.308844539,NA,NA,0,NA,NA,NA,NA,NA,2,NA,1936
"3367",1631.27001953125,4861.49609375,0,0.386999994516373,0.386999994516373,297.130004882812,295.367004394531,0.0020000000949949,0.0020000000949949,"Haplochromis omnicaeruleus",75275.99539497,0,1,1,11.9200000762939,NA,0,2,"Herbi.",1,"LC",862
"3369",0,4650.77490234375,37.7,0.442500013113022,1.91579999923706,301.239105224609,287.88659362793,0.00300000002607703,0.00899999961256981,"Chiloglanis elisabethianus",32926.0449056881,1,0,0,NA,NA,NA,NA,NA,1,"VU",333
"3370",0,3919.5419921875,40.75,1.18765002787113,2.9151999771595,302.661880493164,289.710729980469,0.00800000037997961,0.00967499972321093,"Aulonocara stonemani",1335.53520547754,0,1,1,5.5,"commercial",0,3.26,"Carni.",1,"LC",14
"3371",0,47952.2890625,40,0.178250003606081,2.27237498760223,301.732883453369,293.596004486084,0.0020000000949949,0.00600000005215406,"Mastacembelus paucispinis",180718.24071864,1,1,0,NA,NA,NA,NA,NA,1,"LC",1846
"3377",0,1093.29296875,42.3999999999999,0.429199993610382,2.86620006561279,300.678802490234,295.250610351562,0.00300000002607703,0.00340000009164213,"Clariallabes simeonsi",9112.10199237926,1,1,0,NA,NA,NA,NA,NA,1,"DD",105
"3380",2.18899989128113,190.13200378418,0,1.11600005626678,1.11600005626678,298.529998779297,288.165985107422,0.00899999961256981,0.00899999961256981,"Xiphophorus hellerii",74.6816384931335,1,1,0,14,"highly commercial",0,3.19,"Carni.",3,"LC",1
"3381",1631.27001953125,4861.49609375,0,0.386999994516373,0.386999994516373,297.130004882812,295.367004394531,0.0020000000949949,0.0020000000949949,"Haplochromis plagiostoma",70029.8147067808,0,1,1,14.6999998092651,NA,0,4.36,"Carni.",1,"DD",814
"3384",0,3935.47412109375,44,0.857250006496906,3.47662509083748,303.043180847168,290.122583770752,0.00602500005625188,0.00899999961256981,"Taeniolethrinops praeorbitalis",7292.64023344102,1,1,0,30,"commercial",0,3.2,"Carni.",1,"LC",82
"3385",0,3935.47412109375,31.8,1.19720002412796,1.88669996261597,302.193713378906,291.781408691406,0.00800000037997961,0.00899999961256981,"Tramitichromis trilineatus",416.374137824429,0,1,1,14,"commercial",0,3.5,"Carni.",1,"LC",5
"3387",0.0414999993517995,29.1580009460449,31,0.426500007510185,1.55850005149841,302.284255981445,296.300254821777,0.00499999988824129,0.00499999988824129,"Nothobranchius elongatus",2060.56543619452,1,1,0,NA,NA,NA,NA,NA,1,"VU",11
"3390",0,47911.4375,42,0.224000006914139,2.57399988174438,304.477104187012,286.286987304688,0.0020000000949949,0.0120000001043081,"Brycinus imberi",1757047.2160015,1,0,0,19.7999992370605,"subsistence fisheries",0,3.26,"Carni.",1,NA,17539
"3393",0.0369749987730756,203.391006469727,10.275,0.251524996012449,1.32137500345707,299.680976104736,291.349035644531,0.00300000002607703,0.00600000005215406,"Labeobarbus rosae",2546.77383606627,1,1,0,NA,NA,NA,NA,NA,1,"DD",22
"3397",0,591.786010742188,30.825,0.569499991834164,1.89789995849133,301.796549224853,278.446811676025,0.0103499998338521,0.0189999993890524,"Alosa alosa",6220.19842785278,1,0,0,69,"minor commercial",1,3.62,"Carni.",3,"LC",88
"3401",0,8006.453125,39,0.257899987697601,2.60335006713867,309.967346191406,294.076913452148,0.00300000002607703,0.00999999977648258,"Mormyrus niloticus",105361.496972819,1,1,0,NA,NA,NA,NA,NA,1,"NT",559
"3403",0,1351.68603515625,39.375,0.207250002771616,2.05087497830391,300.218364715576,291.596244812012,0.00100000004749745,0.00499999988824129,"Paratilapia toddi",144723.960512395,1,1,0,NA,NA,NA,NA,NA,1,"DD",1466
"3405",0,18957.59765625,45,0.463499993085861,3.08999991416931,308.947006225586,291.352493286133,0.00300000002607703,0.0120000001043081,"Terapon theraps",486296.955173559,1,0,0,30,"minor commercial",1,3.69,"Carni.",1,"LC",3261
"3410",0,1841.35400390625,49,0.252425009012222,4.06107487678528,301.572998046875,292.097100067139,0.00300000002607703,0.00527499993331728,"Pseudosimochromis babaulti",34890.675799273,0,0,0,12," ",0,2,"Herbi.",1,NA,270
"3412",0.314099997282028,4710.59912109375,0,0.893699997663498,1.59910000562668,300.820095825195,292.477996826172,0.00300000002607703,0.00499999988824129,"Enteromius condei",5935.76492371003,NA,NA,0,NA,NA,NA,NA,NA,1,"DD",69
"3415",0,47911.4375,43,0.239999994635582,2.69479993581771,301.509934234619,291.573348236084,0.0020000000949949,0.00499999988824129,"Marcusenius stanleyanus",801380.274383871,1,1,0,NA,NA,NA,NA,NA,1,"LC",7882
"3417",1.76449996232986,11326.7802734375,0,0.446300001442432,1,300.921839904785,291.2818359375,0.00295000002952293,0.00700000021606684,"Aphyosemion tirbaki",13678.4122576408,1,0,0,NA,NA,NA,NA,NA,1,"EN",159
"3419",0,3919.5419921875,43.175,1.23547502756119,3.16269993185997,302.635089874268,292.102145385742,0.00800000037997961,0.00800000037997961,"Nyassachromis boadzulu",333.65860636158,0,1,1,14,"commercial",0,3.4,"Carni.",1,"EN",4
"3420",0,47222.84765625,39,0.14579999782145,2.25022500157356,300.9501121521,294.441009521484,0.0020000000949949,0.00499999988824129,"Epiplatys duboisi",75550.6080764529,1,0,0,NA,NA,NA,NA,NA,1,"LC",800
"3422",0,1841.35400390625,49,0.247550004720688,4.08844985961914,301.572998046875,292.190002441406,0.00300000002607703,0.0056499999947846,"Xenotilapia nigrolabiata",33012.5919769452,0,1,1,NA,NA,NA,NA,NA,1,"LC",255
"3425",0.225900008529425,2222.06201171875,0,0.304650001227856,1.01174998879433,301.337757873535,293.449305725098,0.00300000002607703,0.00534999994561076,"Callopanchax monroviae",19394.6483512069,1,1,0,NA,NA,NA,NA,NA,1,"CR",227
"3427",0,92.0289993286133,35.7,0.35010000616312,2.05485006570816,304.295941162109,277.216102600098,0.0171500006690621,0.0248500003479421,"Gasterosteus aculeatus",13633.6796161371,1,1,0,11,"minor commercial",1,3.38000011444092,"Carni.",3,"LC",167
"3429",0,6371.3427734375,22,0.300925000011921,1.541600009799,303.483644866943,289.056461334229,0.00300000002607703,0.0109999999403954,"Epiplatys barmoiensis",111205.766409563,1,1,0,NA,NA,NA,NA,NA,1,"LC",1278
"3430",0,1841.35400390625,49,0.252425009012222,4.06107487678528,301.572998046875,292.097100067139,0.00300000002607703,0.00527499993331728,"Petrochromis macrognathus",34890.675799273,0,1,1,17.2000007629395,"of no interest",0,2,"Herbi.",1,"DD",270
"3434",0.00300000002607703,58.3269996643066,28.55,0.675000011920929,1.66879995763302,299.680773925781,280.588752746582,0.0109999999403954,0.017000000923872,"Pseudobarbus asper",10545.5770374609,1,0,0,12,"commercial",0,2,"Herbi.",2,"VU",50
"3435",0,18957.59765625,47,0.440275002270937,3.35817496180534,304.286164855957,286.870641326904,0.00300000002607703,0.0130000002682209,"Lacustricola katangae",814373.628405635,1,0,0,5," ",0,3.28,"Carni.",3,NA,6492
"3439",0.103400004841387,5031.69580078125,11,0.463000011444092,1.16999995708466,301.646203613281,290.753204345703,0.00380000015720725,0.00499999988824129,"Enteromius lukindae",3575.15996173024,1,1,0,NA,NA,NA,NA,NA,1,"DD",33
"3444",1.06987500190735,1158.28894042969,0,0.223125005140901,0.612624995410442,302.65926361084,290.499378204346,0.00300000002607703,0.00400000018998981,"Nannocharax reidi",7365.08427734965,NA,NA,0,NA,NA,NA,NA,NA,1,"DD",86
"3447",1.83875004947186,2427.31201171875,0,0.281624998897314,0.554875016212463,301.544384002686,293.778259277344,0.0020000000949949,0.00499999988824129,"Aphyosemion ocellatum",26317.6190871858,1,0,0,NA,NA,NA,NA,NA,1,"LC",306
"3449",0,47545.85546875,43,0.246999993920326,2.63462498784065,301.180949401855,292.239138031006,0.0020000000949949,0.00600000005215406,"Labeobarbus cardozoi",137358.120166159,1,1,0,NA,NA,NA,NA,NA,1,"LC",1282
"3451",0,18786.611328125,47,0.529774974286556,3.1924999833107,304.858438110352,288.843383026123,0.00700000021606684,0.0120000001043081,"Nothobranchius orthonotus",56124.0343943823,1,1,0,10," ",0,3.26,"Carni.",1,"LC",558
"3454",0,14054.060546875,46,0.293999999761581,4.13450021743774,310.856994628906,285.194000244141,0.00499999988824129,0.0189999993890524,"Enteromius neglectus",477428.71492285,1,1,0,NA,NA,NA,NA,NA,2,"LC",1525
"3455",0,36454.14453125,27.125,0.234749998897314,1.3306250423193,306.669738769531,289.335006713867,0.00300000002607703,0.017000000923872,"Chrysichthys walkeri",53067.223291786,1,1,0,11.5," ",0,3.2,"Carni.",1,"VU",476
"3465",0,80.0400009155273,21.4,0.959049984812737,1.43334995508194,302.951257324219,294.948245239258,0.00600000005215406,0.00600000005215406,"Nothobranchius geminus",681.269114427669,1,1,0,NA,NA,NA,NA,NA,1,"VU",7
"3466",0.0517999991774559,459.377990722656,6.19999999999999,0.377800005674362,1.06240003108978,302.597998046875,293.480389404297,0.00499999988824129,0.00700000021606684,"Enteromius ditinensis",8197.70880395591,1,0,0,NA,NA,NA,NA,NA,1,"LC",97
"3469",0,47222.84765625,38,0.133025001361966,2.28190006613731,300.942642974853,294.92596282959,0.0020000000949949,0.00300000002607703,"Marcusenius fuscus",82646.4597819074,1,1,0,NA,NA,NA,NA,NA,1,"LC",882
"3473",0.0724999994039536,546.788024902344,19.95,0.613549995422363,1.56194999217987,301.489442443848,292.208842468262,0.00499999988824129,0.00600000005215406,"Nothobranchius vosseleri",1285.93815109244,1,1,0,4.46000003814697,"of no interest",0,NA,NA,1,"VU",15
"3478",0.109300001338124,368.967987060547,1,0.496599996089935,0.945449993014336,304.417152404785,293.338842773437,0.00600000005215406,0.00800000037997961,"Enteromius anniae",3286.86717395399,1,0,0,NA,NA,NA,NA,NA,1,"EN",39
"3482",0.00562500004889444,6371.3427734375,11,0.24600000679493,1.87125004827976,301.998111724854,291.551116943359,0.0020000000949949,0.00700000021606684,"Epiplatys infrafasciatus",78662.2501451799,1,1,0,NA,NA,NA,NA,NA,1,"LC",916
"3483",0,5.05499982833862,32,1.19655003547668,1.8472000181675,302.489389038086,273.366594696045,0.0240000002086163,0.0266500006429851,"Salmo akairos",1477.66090711624,1,1,0,18.0400009155273,NA,0,2.78,"Omni.",2,"VU",8
"3484",0,1841.35400390625,49,0.247550004720688,4.08844985961914,301.572998046875,292.190002441406,0.00300000002607703,0.0056499999947846,"Lamprologus callipterus",33012.5919769452,1,1,0,12.3999996185303,"commercial",0,NA,NA,1,"LC",255
"3485",0,3012.11206054688,43,0.595574982464314,2.42965005040169,303.214075469971,285.06872177124,0.00517499991692603,0.0109999999403954,"Labeobarbus pungweensis",70180.3396338751,1,0,0,NA,NA,NA,NA,NA,1,"LC",848
"3486",1631.27001953125,4861.49609375,0,0.386999994516373,0.386999994516373,297.130004882812,295.367004394531,0.0020000000949949,0.0020000000949949,"Haplochromis fusiformis",70029.8147067808,0,1,1,11,NA,0,3.28999996185303,"Carni.",1,"VU",814
"3487",0,1841.35400390625,49,0.247550004720688,4.08844985961914,301.572998046875,292.190002441406,0.00300000002607703,0.0056499999947846,"Lobochilotes labiatus",33012.5919769452,1,1,0,NA,NA,NA,NA,NA,1,"LC",255
"3489",0,1841.35400390625,49,0.247550004720688,4.08844985961914,301.572998046875,292.190002441406,0.00300000002607703,0.0056499999947846,"Tropheus duboisi",33012.5919769452,0,1,1,NA,NA,NA,NA,NA,1,"VU",255
"3491",0.0384500007145107,145.289001464844,34.425,0.433474989235401,2.89525005221367,307.093243408203,293.896218109131,0.00499999988824129,0.00800000037997961,"Barbopsis devecchii",17769.3641916214,1,0,0,10.3000001907349,NA,0,NA,NA,2,"DD",64
"3492",0,1760.416015625,45,0.422700010240078,3.11614997386932,300.566009521484,289.247792053223,0.00300000002607703,0.00700000021606684,"Labeobarbus lufupensis",29820.4565126409,1,1,0,NA,NA,NA,NA,NA,1,"DD",339
"3493",0.0370000004768372,4861.49609375,25,0.174500003457069,1.24099999666214,297.62451171875,290.189498901367,0.0020000000949949,0.00300000002607703,"Enteromius nyanzae",13765.0428057327,1,1,0,NA,NA,NA,NA,NA,1,"LC",141
"3501",0,6354.18017578125,27,0.280000001192093,2.11037504673004,302.624626159668,291.611633300781,0.0020000000949949,0.00800000037997961,"Chrysichthys aluuensis",38475.673742301,1,1,0,NA,NA,NA,NA,NA,1,"EN",446
"3506",0,5380.90283203125,44,0.178000003099442,2.79034996032715,308.016413879395,292.290353393555,0.00499999988824129,0.0120000001043081,"Enteromius zalbiensis",148833.150160624,1,0,0,NA,NA,NA,NA,NA,1,"LC",1107
"3507",0.0578999999910593,259.117004394531,2.89999999999999,0.468150001764297,0.980850002169609,303.505612182617,294.692655944824,0.00499999988824129,0.00600000005215406,"Rhexipanchax kabae",5336.70242042542,1,0,0,4.5,NA,0,NA,NA,1,"VU",63
"3508",0,3919.5419921875,44.4,0.854500007629394,3.57200007438659,303.044107055664,290.102008056641,0.00600000005215406,0.00909999962896108,"Lethrinops marginatus",6876.2660956166,0,1,1,11,"commercial",0,3.5,"Carni.",1,"LC",77
"3511",0.91739998459816,1382.3740234375,0,0.303399991989136,0.722900015115738,302.964508056641,294.32190246582,0.00300000002607703,0.00519999992102385,"Coptodon deckerti",3169.98407785068,0,1,1,NA,NA,NA,NA,NA,1,"CR",37
"3515",0,47952.2890625,40,0.221525001898408,2.44827503561973,301.47290725708,293.493724060059,0.0020000000949949,0.00499999988824129,"Campylomormyrus curvirostris",458458.467468457,1,1,0,NA,NA,NA,NA,NA,1,"LC",4582
"3516",0,18957.59765625,45,0.488874994218349,2.94400003552437,302.986621856689,283.595741271973,0.00499999988824129,0.0120000001043081,"Planiliza alata",139733.095684261,1,0,0,75,"minor commercial",1,2.33,"Omni.",1,"LC",1496
"3517",2.0808000087738,582.984985351562,0,0.256199997663498,0.619599997997284,301.141613769531,295.003411865234,0.0020000000949949,0.00499999988824129,"Aphyosemion wuendschi",4212.94338000643,1,1,0,NA,NA,NA,NA,NA,1,"DD",49
"3520",1.76109996438026,11712.7255859375,0,0.763749998807907,1.12990002036095,300.550163269043,290.226651000977,0.00300000002607703,0.00800000037997961,"Aphyosemion fulgens",3356.06478147708,1,1,0,NA,NA,NA,NA,NA,1,"EN",39
"3521",0,3912.49389648438,46.9,0.923925016820431,4.35407493114471,302.627542877197,290.643733978271,0.00700000021606684,0.00899999961256981,"Alticorpus macrocleithrum",1089.67648157163,0,1,1,12.6999998092651,"commercial",0,3.5,"Carni.",1,"LC",12
"3526",0,18957.59765625,45,0.476600003242493,3.10460000038147,308.402404785156,291.550793457031,0.00300000002607703,0.0120000001043081,"Plicofollis dussumieri",553800.454352804,1,0,0,85,NA,1,4.02,"Carni.",1,"LC",4185
"3527",0.0253000002820045,2214.14306640625,10.925,0.30799999833107,1.11247502863407,305.475746917725,293.652319335937,0.00300000002607703,0.00800000037997961,"Paramphilius trichomycteroides",64766.46181312,1,0,0,NA,NA,NA,NA,NA,1,"LC",764
"3532",0,47545.85546875,41,0.163825004175305,2.57917498350143,301.66505355835,292.92776260376,0.0020000000949949,0.00499999988824129,"Mesoborus crocodilus",759789.958790304,1,1,0,NA,NA,NA,NA,NA,1,"LC",7674
"3534",0,6162.7109375,42.225,0.297775004059076,2.81222493648529,307.180772399902,297.803606414795,0.00600000005215406,0.00700000021606684,"Enteromius tongaensis",5179.32679852671,NA,NA,0,NA,NA,NA,NA,NA,2,"DD",32
"3536",0.0171999995131046,4861.49609375,28.9,0.307600004971027,1.5406000316143,298.731062316895,292.337106323242,0.00255000005709007,0.00400000018998981,"Nothobranchius serengetiensis",2837.89298611956,1,1,0,NA,NA,NA,NA,NA,1,"VU",23
"3538",0,47545.85546875,43,0.200000002980232,2.73292504549026,307.795013427734,292.157836914062,0.0020000000949949,0.00999999977648258,"Campylomormyrus tamandua",941590.887397697,1,1,0,NA,NA,NA,NA,NA,1,"LC",9124
"3541",0.793000012636185,452.679992675781,0,0.508499994874001,0.933000028133392,302.597503662109,290.047485351562,0.00250000006053597,0.00450000003911555,"Fundulopanchax marmoratus",1801.32606590871,1,1,0,NA,NA,NA,NA,NA,1,"EN",21
"3542",0,5558.05322265625,44.425,0.629299978911877,2.86984999775887,302.942280578613,291.584022521973,0.00499999988824129,0.00600000005215406,"Lacustricola maculatus",64932.9824868081,NA,NA,0,NA,NA,NA,NA,NA,1,NA,584
"3546",0,31016.556640625,42,0.223000004887581,2.72000002861023,300.7919921875,296.463012695312,0.0020000000949949,0.00300000002607703,"Stomatorhinus polli",155117.599924725,1,1,0,NA,NA,NA,NA,NA,1,"LC",1641
"3547",0,1284.30895996094,37,0.263999998569489,1.57477502822876,300.035619354248,295.063188934326,0.00100000004749745,0.0020000000949949,"Micralestes fodori",12494.2914183932,0,1,1,NA,NA,NA,NA,NA,1,"LC",132
"3554",0,490.212005615234,39,0.230524995550513,2.20080007910728,297.519671630859,287.39599609375,0.00300000002607703,0.00700000021606684,"Mastacembelus ansorgii",9067.78324835414,1,0,0,NA,NA,NA,NA,NA,2,"DD",94
"3566",0,914.56298828125,43,0.409999996423721,2.11700005531311,300.969000244141,287.193194580078,0.00400000018998981,0.00700000021606684,"Synodontis fuelleborni",72714.2791921898,1,1,0,NA,NA,NA,NA,NA,1,"LC",697
"3567",0,47222.84765625,41,0.235199999809265,2.24960000514984,306.57780456543,293.662295532227,0.0020000000949949,0.00800000037997961,"Hemichromis cerasogaster",26710.8589001328,0,1,1,NA,NA,NA,NA,NA,1,"EN",285
"3573",0.0285249999724329,11712.7255859375,24.4749999999999,0.263000011444092,2.3529999256134,301.086161804199,292.285724639893,0.0020000000949949,0.00600000005215406,"Sarotherodon mvogoi",106117.53744409,1,1,0,NA,NA,NA,NA,NA,1,"LC",1222
"3575",1.15519995093346,2214.14306640625,0,0.29570000320673,0.690674997866154,301.678308868408,294.004210662842,0.00300000002607703,0.00499999988824129,"Scriptaphyosemion brueningi",27132.8678575248,1,1,0,NA,NA,NA,NA,NA,1,"VU",318
"3576",0,914.56298828125,42.5749999999999,0.397824995219707,2.05664995312691,300.822828674316,287.193769836426,0.00400000018998981,0.00700000021606684,"Chiloglanis rukwaensis",74258.87955478,1,0,0,NA,NA,NA,NA,NA,1,"VU",698
"3583",0,66.0479965209961,36.1,0.288899989426136,1.87894996404648,300.023322296143,281.779608917236,0.00300000002607703,0.0149999996647239,"Cyprinus intha",6904.1190632954,0,1,1,NA,NA,0,NA,NA,3,"EN",50
"3586",0,3274.53393554688,13.75,0.308249995112419,1.39050000905991,303.445007324219,293.327011108398,0.00300000002607703,0.00899999961256981,"Synodontis thysi",68944.1662057006,1,0,0,NA,NA,NA,NA,NA,1,"LC",811
"3589",0.0112500001559965,47545.85546875,9.5,0.22749999910593,0.917250022292137,300.7116355896,294.421375274658,0.0020000000949949,0.00499999988824129,"Labeo fulakariensis",8241.5677408495,1,1,0,NA,NA,NA,NA,NA,1,"LC",96
"3591",0,47952.2890625,41,0.20100000500679,2.59165003299713,301.807661437988,293.742254638672,0.0020000000949949,0.00600000005215406,"Pollimyrus plagiostoma",327309.137449621,1,1,0,NA,NA,NA,NA,NA,1,"LC",3415
"3592",0,3905.416015625,44.875,1.13617495596409,3.47262492775917,303.044529724121,289.867224121094,0.00600000005215406,0.00917499964125454,"Sciaenochromis benthicola",3101.36326211259,0,1,1,NA,NA,NA,NA,NA,1,"LC",34
"3594",0,240.039001464844,39.6499999999999,0.396350013464689,2.13587499856949,304.795105743408,274.892283630371,0.0130000002682209,0.0199999995529652,"Labeo capensis",299874.951276155,1,0,0,50,"of potential interest",0,2,"Herbi.",2,"LC",828
"3599",0,7347.35498046875,45,0.683875003457069,2.64070003032684,299.961451721191,293.865399169922,0.0020000000949949,0.00400000018998981,"Channallabes sanghaensis",30373.1964624059,1,1,0,22.1000003814697,"commercial",0,NA,NA,1,"DD",232
"3603",0,4336.10693359375,28.1,0.78260001540184,1.48980003595352,300.340213012695,290.690887451172,0.00700000021606684,0.00700000021606684,"Nothobranchius sainthousei",422.645381221539,1,1,0,4.07999992370605,NA,0,NA,NA,1,"EN",5
"3604",1.06752500534058,1158.28894042969,0,0.223075005039573,0.613974995911121,302.398783111572,290.49642868042,0.00300000002607703,0.00400000018998981,"Fundulopanchax intermittens",7193.91699219597,NA,NA,0,NA,NA,NA,NA,NA,1,"DD",84
"3608",0,3919.5419921875,46.3,0.977525021135807,4.01374999284744,302.670989990234,290.007002258301,0.00700000021606684,0.00899999961256981,"Otopharynx ovatus",5271.52924006345,0,1,1,20,"commercial",0,4,"Carni.",1,"LC",58
"3618",1.30859997272491,381.43701171875,0,0.300000011920929,0.606399977207184,301.815991210938,293.542413330078,0.00300000002607703,0.00580000020563603,"Coptodon flava",1456.6482365492,NA,NA,0,NA,NA,NA,NA,NA,1,NA,17
"3620",0.0962249983102083,49.9179992675781,11.625,0.17440000064671,0.57785000950098,299.793545532227,291.915758514404,0.00400000018998981,0.00400000018998981,"Orthochromis kasuluensis",2915.88082803946,1,0,0,7.84999990463257,NA,0,2,"Herbi.",1,"EN",28
"3622",0,5607.72119140625,47,0.286424990743399,3.0457500576973,300.065480804443,296.549211120605,0.0020000000949949,0.00300000002607703,"Synodontis longispinis",7227.3139076865,1,1,0,NA,NA,NA,NA,NA,1,"DD",48
"3623",0.00424999993992969,37493.1796875,17,0.270999997854233,1.22187502682209,301.504753112793,291.573123931885,0.0020000000949949,0.00600000005215406,"Aphyosemion striatum",92449.8234220125,1,1,0,NA,NA,NA,NA,NA,1,"LC",1066
"3624",140.481994628906,464.053009033203,0,0.331999987363815,0.331999987363815,297.548004150391,291.723999023438,0.00600000005215406,0.00600000005215406,"Garra regressus",2946.00893117719,0,1,1,12.1800003051758,"of no interest",0,NA,NA,1,"VU",35
"3628",0,47746.8515625,43,0.239374995231628,2.73574995994568,301.761135101318,293.41287612915,0.00100000004749745,0.00499999988824129,"Campylomormyrus alces",328571.905177733,1,1,0,NA,NA,NA,NA,NA,1,"LC",3156
"3629",0,1841.35400390625,49,0.252425009012222,4.06107487678528,301.572998046875,292.097100067139,0.00300000002607703,0.00527499993331728,"Neolamprologus leloupi",34890.675799273,0,1,1,NA,NA,NA,NA,NA,1,"LC",270
"3630",0,921.364990234375,39,0.201625001430511,1.89902496933937,300.665298461914,288.707620239258,0.00300000002607703,0.00499999988824129,"Enteromius luikae",62644.2605167729,1,1,0,NA,NA,NA,NA,NA,1,"LC",574
"3631",0,47222.84765625,42,0.214000001549721,2.59049999713898,306.933990478516,294.135513305664,0.0020000000949949,0.00899999961256981,"Pantodon buchholzi",904449.934571122,1,1,0,11.8999996185303,"of no interest",0,3.57,"Carni.",1,"LC",9381
"3640",0,3935.47412109375,44,0.857250006496906,3.47662509083748,303.043180847168,290.122583770752,0.00602500005625188,0.00899999961256981,"Corematodus taeniatus",7292.64023344102,0,1,1,19,"commercial",0,4.4,"Carni.",1,"LC",82
"3644",0.836499996483326,2067.5380859375,0,0.265999991446733,0.799125023186207,301.257381439209,293.948261260986,0.00300000002607703,0.00499999988824129,"Enteromius aliciae",20151.9332749059,1,0,0,NA,NA,NA,NA,NA,1,"VU",236
"3652",140.481994628906,464.053009033203,0,0.331999987363815,0.331999987363815,297.548004150391,291.723999023438,0.00600000005215406,0.00600000005215406,"Labeobarbus dainellii",2946.00893117719,0,1,1,49,NA,0,3.82,"Carni.",1,"DD",35
"3653",0,9131.9716796875,49,0.419250005483627,3.68709995746613,305.772606658936,287.787941741943,0.00899999961256981,0.0130000002682209,"Mastacembelus vanderwaali",95136.0941942388,1,0,0,15.1000003814697,NA,0,NA,NA,2,"LC",354
"3656",0.099099999666214,359.907989501953,6.45,0.753500005602837,1.06179997324944,301.388594055176,293.127847290039,0.00300000002607703,0.00590000003576279,"Aphyosemion alpha",1979.21397596678,1,0,0,50,"of no interest",0,NA,NA,1,"EN",23
"3657",1.30859997272491,381.43701171875,0,0.300000011920929,0.606399977207184,301.815991210938,293.542413330078,0.00300000002607703,0.00580000020563603,"Coptodon bemini",1456.6482365492,0,1,1,NA,NA,NA,NA,NA,1,"CR",17
"3660",0,47303.76171875,32,0.247649995237589,1.9894000172615,303.600006103516,292.924494934082,0.00300000002607703,0.00800000037997961,"Gobionellus occidentalis",208091.337948487,1,1,0,NA,NA,NA,NA,NA,1,"LC",2307
"3662",0,37903.6640625,43,0.223000004887581,2.68164994716644,300.800955200195,295.557359313965,0.0020000000949949,0.00300000002607703,"Marcusenius leopoldianus",191486.048291998,1,1,0,NA,NA,NA,NA,NA,1,"LC",1815
"3665",0.224599996209145,37493.1796875,0,0.240799996256828,1.58839998245239,301.465594482422,291.659387207031,0.0020000000949949,0.00600000005215406,"Brycinus taeniurus",250594.409750361,NA,NA,0,NA,NA,NA,NA,NA,1,NA,2913
"3666",0,900.072021484375,33.45,0.205600000172853,2.36260007619858,302.369989013672,295.730261230469,0.00300000002607703,0.00400000018998981,"Lates macrophthalmus",5246.93228194348,1,1,0,NA,NA,NA,NA,NA,1,"VU",39
"3667",0,47862.3828125,28,0.170000001788139,1.79349995851517,307.631091308594,292.951211547852,0.00300000002607703,0.00999999977648258,"Garra ornata",285805.133422291,1,0,0,NA,NA,NA,NA,NA,1,"LC",3013
"3672",0,4439.783203125,40,0.154550000280142,2.60800004005432,310.489897918701,293.876007080078,0.00499999988824129,0.0149999996647239,"Pollimyrus petricolus",535698.62053922,1,1,0,NA,NA,NA,NA,NA,1,"LC",4212
"3673",0,24.9270000457764,32,1.82700002193451,1.82700002193451,301.47900390625,292.371002197266,0.00800000037997961,0.00800000037997961,"Chindongo bellicosus",83.5439592053947,0,1,1,NA,NA,NA,NA,NA,1,"LC",1
"3677",0,84.8919982910156,31.425,1.42807502448559,1.89027501642704,300.773958587646,296.74245300293,0.00300000002607703,0.00300000002607703,"Enteromius pygmaeus",2064.99349520955,1,1,0,NA,NA,NA,NA,NA,1,"DD",24
"3678",0,752.841979980469,42.4,0.37700001001358,3.10939989089966,304.583990478516,289.057800292969,0.00220000008121133,0.0110000001266599,"Ctenogobius lepturus",4251.75915186019,1,0,0,NA,NA,NA,NA,NA,1,"LC",49
"3683",0,1841.35400390625,49,0.247550004720688,4.08844985961914,301.572998046875,292.190002441406,0.00300000002607703,0.0056499999947846,"Xenotilapia ornatipinnis",33012.5919769452,1,1,0,12.5,"commercial",0,3.10999989509583,"Carni.",1,"LC",255
"3689",0,3919.5419921875,44,0.982175020873547,3.38162501454353,302.670989990234,290.797651672363,0.00800000037997961,0.00899999961256981,"Lethrinops auritus",1919.69855629198,0,1,1,14,"commercial",0,2.98,"Carni.",1,"LC",20
"3695",0.115750001370907,938.197021484375,9.44999999999999,0.236100001633167,1.05310000777245,307.317497253418,293.803256225586,0.00400000018998981,0.00899999961256981,"Amphilius rheophilus",22323.2423844414,1,0,0,NA,NA,NA,NA,NA,1,"LC",263
"3696",0.00917500037467107,938.197021484375,9.09999999999999,0.4858000010252,1.11285000145435,302.627373504639,293.477828216553,0.00499999988824129,0.00899999961256981,"Chiloglanis camarabounyi",1690.36943476936,1,0,0,4.59000015258789,"of no interest",0,NA,NA,1,"VU",20
"3697",0.252000004053116,1.5809999704361,0,0.540000021457672,0.540000021457672,298.373992919922,292.675994873047,0.00499999988824129,0.00499999988824129,"Nothobranchius taeniopygus",513.731243739937,1,1,0,NA,NA,NA,NA,NA,1,"VU",1
"3698",1.3501749843359,627.797973632812,0,0.208675005659461,0.435224997997284,300.772818756104,292.209924316406,0.00300000002607703,0.00597500004805624,"Chiloglanis dialloi",2382.00486476363,1,0,0,NA,NA,NA,NA,NA,1,"EN",28
"3699",0.215374992787838,37.7830009460449,6.475,0.4704499989748,0.82032500654459,303.486377716064,294.271307373047,0.00499999988824129,0.00600000005215406,"Chiloglanis kabaensis",1863.25249877813,1,0,0,4.59000015258789,"of no interest",0,NA,NA,1,"EN",22
"3701",1.3501749843359,627.797973632812,0,0.208675005659461,0.435224997997284,300.772818756104,292.209924316406,0.00300000002607703,0.00597500004805624,"Chiloglanis longibarbis",2382.00486476363,1,0,0,4.1399998664856,"of no interest",0,NA,NA,1,"EN",28
"3702",0.818800014257431,565.710021972656,11.05,0.297550002485514,1.2249500349164,300.570643615723,293.897417449951,0.00357500012032688,0.00400000018998981,"Chiloglanis pezoldi",2043.28073775009,1,0,0,5.07000017166138,"of no interest",0,NA,NA,1,"EN",24
"3712",0.00300000002607703,4347.6337890625,22,0.234999999403954,1.61300003528595,301.993011474609,291.733001708984,0.00300000002607703,0.00499999988824129,"Aphyosemion riggenbachi",58412.3779098797,1,0,0,NA,NA,NA,NA,NA,1,"LC",681
"3717",0.255324998032302,1487.19995117188,5.22499999999998,0.371200006455183,0.80377501398325,300.600219726562,296.532308197022,0.0020000000949949,0.00247500006225891,"Amphilius opisthophthalmus",1892.15110422434,1,0,0,NA,NA,NA,NA,NA,1,"DD",22
"3719",0.768400013446808,242.128997802734,13.3,0.687550002336502,1.44755001366138,299.403085327148,295.686408996582,0.00300000002607703,0.00300000002607703,"Scardinius scardafa",258.146720563579,1,1,0,NA,NA,NA,NA,NA,1,"CR",3
"3721",0,47911.4375,42,0.190999999642372,2.53359994292259,301.722991943359,291.593741607666,0.0020000000949949,0.00499999988824129,"Distichodus lusosso",810470.738127802,1,1,0,NA,NA,NA,NA,NA,1,"LC",8228
"3723",0,84.588996887207,38.55,0.922750002145767,2.68154995441437,301.461753845215,279.550248718262,0.0109999999403954,0.0160000007599592,"Pseudobarbus burgi",13222.3772651122,1,0,0,12,NA,0,3.3,"Carni.",3,"EN",99
"3724",0,1570.28100585938,44,0.591124983131886,3.34339996576309,308.880950927734,296.540576934814,0.00300000002607703,0.00700000021606684,"Labeobarbus gananensis",32245.3186482207,1,0,0,NA,NA,NA,NA,NA,2,"DD",248
"3726",0,47222.84765625,40.75,0.0642500026151538,2.67175009846687,300.985008239746,294.417991638184,0.0020000000949949,0.00499999988824129,"Labeo maleboensis",3948.6275505585,1,1,0,NA,NA,NA,NA,NA,1,"DD",46
"3733",0.164549995958805,2089.55908203125,5,0.195649994164705,0.906849989295006,300.57004699707,291.074848937988,0.00300000002607703,0.00499999988824129,"Chiloglanis sanagaensis",74239.4813350712,NA,NA,0,NA,NA,NA,NA,NA,1,"LC",867
"3735",0.332025007158518,8.55799961090088,0,0.416850000619888,0.601150006055832,298.749137115479,293.596038818359,0.00300000002607703,0.00300000002607703,"Nothobranchius sagittae",258.000665434944,0,1,1,NA,NA,NA,NA,NA,1,"EN",2
"3742",0,540.5830078125,39,0.669974990189075,2.23447509407997,301.061838531494,279.024642944336,0.00800000037997961,0.0140000004321337,"Enteromius gurneyi",55887.6172880184,1,1,0,10,"commercial",0,3.38,"Carni.",3,"VU",592
"3744",0,921.364990234375,28.3,0.25355000346899,1.44625002145767,299.622604370117,291.862106323242,0.00300000002607703,0.00400000018998981,"Neolamprologus devosi",7027.70923961712,1,0,0,NA,NA,NA,NA,NA,1,"VU",59
"3745",0.000450000003911556,333.165985107422,12.85,0.0704500000923872,0.966699999570845,300.552296447754,284.961637878418,0.0020000000949949,0.00300000002607703,"Haplochromis mylodon",16177.5782462457,1,1,0,11.5,NA,0,3.28,"Carni.",1,"LC",167
"3752",0,47222.84765625,41,0.16287500038743,2.39324992895126,300.839748382568,294.697998046875,0.0020000000949949,0.00400000018998981,"Ichthyborus ornatus",142922.337182834,1,1,0,NA,NA,NA,NA,NA,1,"LC",1366
"3753",0,1841.35400390625,49,0.252425009012222,4.06107487678528,301.572998046875,292.097100067139,0.00300000002607703,0.00527499993331728,"Neolamprologus multifasciatus",34890.675799273,0,1,1,4,"commercial",0,3.4,"Carni.",1,"LC",270
"3754",0.0176999994786456,2100.81494140625,27,0.261375003308058,2.35494993925095,301.114890289307,293.643910217285,0.0020000000949949,0.00499999988824129,"Coptodon margaritacea",26449.1706235642,NA,NA,0,NA,NA,NA,NA,NA,1,NA,308
"3759",1631.27001953125,4861.49609375,0,0.386999994516373,0.386999994516373,297.130004882812,295.367004394531,0.0020000000949949,0.0020000000949949,"Haplochromis decticostoma",70201.9485614657,0,1,1,22.8999996185303,NA,0,4.04,"Carni.",1,"DD",816
"3766",0.0281249994877726,47748.6953125,36.625,0.352125003933907,1.47524997591972,300.602630615234,293.344249725342,0.00374999997438863,0.00600000005215406,"Microctenopoma milleri",2142.34471766564,1,1,0,NA,NA,NA,NA,NA,1,"DD",16
"3769",0.440000008046627,43.0340003967285,0,0.0606499996036291,0.403899998962879,292.755046081543,285.328141784668,0.00100000004749745,0.0020000000949949,"Labeobarbus ruasae",1978.59369783675,1,0,0,NA,NA,NA,NA,NA,3,"CR",23
"3773",0.266499998047948,1487.19995117188,5.5,0.37100000679493,0.804500013589859,300.598495483398,296.499008178711,0.0020000000949949,0.00250000006053597,"Nannothrissa stewarti",1806.20941578989,0,1,1,NA,NA,NA,NA,NA,1,"EN",21
"3774",0,47783.9375,30,0.230000004172325,2.18412496447563,303.186765289307,291.889883422852,0.0020000000949949,0.00600000005215406,"Enteromius camptacanthus",737461.184245486,1,1,0,NA,NA,NA,NA,NA,1,"LC",8448
"3777",0,192.233993530273,14.425,0.317624994367361,1.13815002143383,308.141790771484,289.082898712158,0.00300000002607703,0.0134250003378838,"Labeobarbus microterolepis",2130.93895943124,NA,NA,0,NA,NA,NA,NA,NA,3,NA,24
"3781",1631.27001953125,4861.49609375,0,0.386999994516373,0.386999994516373,297.130004882812,295.367004394531,0.0020000000949949,0.0020000000949949,"Haplochromis goldschmidti",687.717675601513,0,1,1,6.92000007629395,NA,0,NA,NA,1,"DD",8
"3782",0.618200010061264,30925.5546875,0,0.304900005459785,0.863499975204468,301.450692749023,291.549987792969,0.0020000000949949,0.00610000006854534,"Microsynodontis vigilis",16951.7180771492,1,0,0,6.19999980926514,NA,0,NA,NA,1,"DD",197
"3786",0,483.723999023438,24.775,0.430799993872643,1.67965000867844,301.087007141113,284.724769592285,0.00400000018998981,0.00700000021606684,"Mormyrus bernhardi",24254.656801267,1,0,0,NA,NA,NA,NA,NA,1,"VU",170
"3793",0,179.875,41.25,1.00437501817942,2.72147491872311,301.487331390381,292.170599365234,0.00800000037997961,0.00800000037997961,"Maylandia flavifemina",334.073951818199,0,1,1,8.52000045776367,NA,0,NA,NA,1,NA,4
"3797",0,47545.85546875,42,0.17399999499321,2.63924992084503,301.370742797852,293.32674407959,0.0020000000949949,0.00600000005215406,"Pelmatochromis nigrofasciatus",387148.921961369,1,1,0,NA,NA,NA,NA,NA,1,"LC",4231
"3800",0.00372500014491379,1032.44604492188,28.65,0.263950006663799,1.43692502379417,298.730987548828,295.306083679199,0.0020000000949949,0.0020000000949949,"Trachyglanis intermedius",2824.44411094468,1,0,0,NA,NA,NA,NA,NA,1,"DD",30
"3801",0,1841.35400390625,49,0.254700011014938,4.04829988479614,301.572998046875,292.065814208984,0.00300000002607703,0.00509999990463253,"Simochromis diagramma",35576.7603617142,1,1,0,19.5,"commercial",0,NA,NA,1,"LC",277
"3802",0.0399999991059303,6371.3427734375,22,0.263000011444092,2.07512497901917,301.44136428833,291.920257568359,0.0020000000949949,0.00600000005215406,"Labeobarbus werneri",158620.735464394,NA,NA,0,NA,NA,NA,NA,NA,1,"LC",1846
"3803",0.00974999973550439,47952.2890625,40,0.261000007390976,3.34949997067451,300.910003662109,292.818752288818,0.00300000002607703,0.00700000021606684,"Thoracochromis demeusii",10707.2353426827,NA,NA,0,NA,NA,NA,NA,NA,1,NA,96
"3804",0,181.992004394531,42.425,0.827224999666214,3.07424998283386,302.158996582031,290.877182006836,0.00700000021606684,0.00800000037997961,"Cynotilapia zebroides",1849.48135069328,0,1,1,9.32999992370605,"of no interest",0,NA,NA,1,"LC",22
"3805",0,12825.298828125,43,0.206000000238419,2.65409998297691,309.112326812744,293.080255126953,0.00300000002607703,0.0120000001043081,"Distichodus engycephalus",599589.793963408,1,0,0,40,"commercial",0,2,"Herbi.",1,"LC",5250
"3806",0.075849998369813,4347.6337890625,12,0.194849994778633,1.22779996395111,301.651000976562,291.296389770508,0.00300000002607703,0.00499999988824129,"Enteromius nounensis",129803.877892494,1,0,0,5.34999990463257,NA,0,NA,NA,1,"LC",1515
"3814",0,3745.29907226562,44,1.0007750198245,3.41487507224083,302.699266815186,290.603525543213,0.00800000037997961,0.00899999961256981,"Protomelas virgatus",2590.94348315171,0,1,1,NA,NA,NA,NA,NA,1,"LC",28
"3816",0,791.883972167969,24.6,0.799200022220612,1.44619996547699,301.027600097656,291.834814453125,0.00410000015981495,0.00600000005215406,"Parakneria thysi",1018.49126812665,1,1,0,NA,NA,NA,NA,NA,1,"DD",5
"3820",0,9131.9716796875,48,0.486900003254414,3.44964996576309,303.378544616699,287.25,0.00499999988824129,0.0130000002682209,"Nannocharax machadoi",1104247.83743891,1,0,0,4," ",0,2.96,"Carni.",2,NA,7259
"3821",0,47302.59765625,44.875,0.304500002413988,3.09124997258186,304.507865905762,288.668628692627,0.0023750000691507,0.0108749999199063,"Heteromycteris proboscideus",6154.65505563646,0,1,1,NA,NA,NA,NA,NA,1,"DD",56
"3825",0,3919.5419921875,30.9,1.19705002307892,1.68440003395081,302.509159851074,291.623512268066,0.00800000037997961,0.0089499996509403,"Trematocranus labifer",250.119760287445,0,1,1,22.3999996185303,"commercial",0,3.1,"Carni.",1,"DD",3
"3827",1631.27001953125,4861.49609375,0,0.386999994516373,0.386999994516373,297.130004882812,295.367004394531,0.0020000000949949,0.0020000000949949,"Haplochromis chromogynos",70201.9485614657,0,1,1,11,NA,0,3.2,"Carni.",1,"VU",816
"3831",0,47545.85546875,40,0.200200003385544,2.52480001449585,301.182409667969,291.692999267578,0.0020000000949949,0.00600000005215406,"Orthochromis stormsi",129994.528583365,1,1,0,NA,NA,NA,NA,NA,1,"LC",1249
"3836",0.0741250025108457,4347.6337890625,10,0.195999994874001,1.18439997136593,301.651000976562,291.133642578125,0.00300000002607703,0.00499999988824129,"Labeo sanagaensis",150225.507277021,NA,NA,0,NA,NA,NA,NA,NA,1,"LC",1754
"3841",0.0152499998454005,216.458999633789,34.15,0.875950004160404,2.34867505431175,300.790702819824,292.584804534912,0.00300000002607703,0.00600000005215406,"Steatocranus mpozoensis",6843.65769263429,1,1,0,NA,NA,NA,NA,NA,1,"DD",58
"3844",0,12825.298828125,28,0.356125000864267,2.17550000548363,303.061382293701,288.016635894775,0.00300000002607703,0.0109999999403954,"Alestopetersius smykalai",46956.1622454496,1,0,0,NA,NA,NA,NA,NA,1,"EN",546
"3850",0,3935.47412109375,44,0.857250006496906,3.47662509083748,303.043180847168,290.122583770752,0.00602500005625188,0.00899999961256981,"Buccochromis rhoadesii",7292.64023344102,0,1,1,34.0999984741211,"commercial",0,4.2,"Carni.",1,"LC",82
"3854",0.0104999997653067,133.354995727539,43.15,0.779600012302399,2.32349996566772,302.553746032715,291.765641784668,0.00435000008437783,0.00730000026524067,"Ambassis miops",1285.94427129211,1,1,0,10.3000001907349,NA,1,3.45,"Carni.",1,"LC",15
"3856",0.021824999852106,11273.2822265625,35,0.238000005483627,1.82822501659393,301.936528015137,293.180100250244,0.00300000002607703,0.00499999988824129,"Microctenopoma uelense",182940.857223565,1,1,0,NA,NA,NA,NA,NA,1,"LC",1954
"3857",1.12099995911121,140.998001098633,0,0.181749994680285,0.304424994438887,299.620702362061,293.838538360596,0.0020000000949949,0.00300000002607703,"Haplochromis petronius",344.220116835274,0,1,1,NA,NA,NA,NA,NA,1,"VU",4
"3858",0,1670.1650390625,23.525,0.375474993884563,1.75357498526573,304.6669921875,293.33240814209,0.00400000018998981,0.00899999961256981,"Synodontis ansorgii",45728.1088301041,1,0,0,22.2999992370605,NA,0,2.51,"Omni.",1,"LC",540
"3861",0,4.47300004959106,40.95,3.09344997406006,3.50765007734299,300.837562561035,285.194000244141,0.017000000923872,0.017000000923872,"Pangasianodon hypophthalmus",2216.82614369462,1,1,0,130,"commercial",0,3.12,"Carni.",2,"EN",3
"3862",0.0397999994456768,3452.9189453125,24.2,0.147800001502037,1.29400005340576,307.875805664063,294.379595947266,0.00400000018998981,0.00999999977648258,"Garra waterloti",175733.046532274,1,0,0,NA,NA,NA,NA,NA,1,"LC",1753
"3863",0.0862750019878149,464.449005126953,5.7,0.832824996113777,1.51287503391504,302.365870666504,292.557858276367,0.00499999988824129,0.00600000005215406,"Nothobranchius flammicomantis",341.719840098869,0,1,1,NA,NA,NA,NA,NA,1,"VU",4
"3870",0,47862.3828125,41,0.172999992966652,2.66707505583762,309.858076477051,292.657989501953,0.00300000002607703,0.0140000004321337,"Epiplatys spilargyreius",2489840.3914537,1,1,0,5.46000003814697,"commercial",0,3.1,"Carni.",1,"LC",18800
"3879",0,3935.47412109375,44.9,0.852625009417534,3.68825005292892,302.670989990234,290.077006530762,0.00700000021606684,0.00899999961256981,"Pseudotropheus livingstonii",6445.78476755857,0,1,1,15," ",0,NA,NA,1,"LC",72
"3881",0.704300005733967,56.4959983825684,0,0.186050000041723,0.453799990564585,301.15200881958,293.818895721436,0.00400000018998981,0.00400000018998981,"Chiloglanis lamottei",1193.77721871197,1,1,0,NA,NA,NA,NA,NA,1,"VU",14
"3883",0,62.9119987487793,26.525,0.969249978661537,1.94817498326302,301.109475708008,281.231117248535,0.00992499976418912,0.0130000002682209,"Enteromius treurensis",3049.31493873617,1,0,0,108,NA,0,3.37,"Carni.",3,"CR",38
"3884",0,42.9150009155273,34.75,0.848874993622303,2.2977499961853,300.713512420654,291.649242401123,0.00499999988824129,0.00687500019557774,"Nothobranchius hassoni",509.233058597553,1,1,0,NA,NA,NA,NA,NA,1,"VU",6
"3885",0,3919.5419921875,44,0.845500016212463,3.45050008296966,302.935089111328,290.580908203125,0.00700000021606684,0.00969999972730875,"Placidochromis milomo",4694.31397546243,0,1,1,18.7000007629395,"commercial",0,3.34,"Carni.",1,"LC",53
"3886",0.0382749993354082,129.447006225586,29.175,0.128375002741814,1.44272500872612,304.515991210938,297.085382843018,0.00499999988824129,0.00600000005215406,"Clarias lamottei",9103.20870268003,0,1,1,16.3999996185303,NA,0,NA,NA,1,"VU",92
"3887",0,1670.76599121094,20,0.300999999046326,1.54732494354248,303.847991943359,296.301710510254,0.00400000018998981,0.00499999988824129,"Enteromius guildi",11720.7147317034,1,0,0,NA,NA,NA,NA,NA,1,"LC",114
"3897",0.0781000018119812,921.364990234375,15.3999999999999,0.236600002646446,0.928699994087218,299.696801757813,291.859405517578,0.00300000002607703,0.00400000018998981,"Oreochromis karomo",6427.30734592015,1,1,0,28,"commercial",0,2,"Herbi.",1,"CR",53
"3898",0,13473.775390625,43,0.142000004649162,3.0458750128746,309.935260772705,292.03536605835,0.00400000018998981,0.0149999996647239,"Hyperopisus bebe",879575.70436744,1,1,0,51,"commercial",0,3.6,"Carni.",2,"LC",6206
"3899",0,9268.0712890625,43.75,0.121750003658235,3.32437491416931,304.670989990234,279.982749938965,0.00537499994970858,0.0222499999217689,"Sciaena umbra",4673.44078035398,1,0,0,70,"commercial",1,3.83,"Carni.",2,"NT",16
"3901",0,333.165985107422,23,0.194599997997284,1.32179999351501,301.658203125,292.49599609375,0.0020000000949949,0.00300000002607703,"Haplochromis paradoxus",2151.38441866675,0,1,1,NA,NA,NA,NA,NA,1,"DD",25
"3903",0,9036.9833984375,43,0.438025003671646,3.02797495722771,303.3584815979,286.932398986816,0.00499999988824129,0.0140000004321337,"Synodontis macrostigma",316319.360690013,1,0,0,17.1000003814697,NA,0,3.3,"Carni.",2,"LC",1588
"3906",0,12825.298828125,31,0.222100003063679,2.13284990787506,304.746002197266,292.557235717773,0.00300000002607703,0.00899999961256981,"Brycinus brevis",86185.7422856174,1,0,0,NA,NA,NA,NA,NA,1,"EN",923
"3907",0,3905.416015625,46.5,0.905000001192093,3.9099999666214,302.857498168945,289.546005249023,0.00650000013411045,0.0094999996945262,"Alticorpus peterdaviesi",5367.43921908237,0,1,1,15,"commercial",0,2,"Herbi.",1,"LC",61
"3908",0,37376.35546875,23,0.260224994271994,1.69477504193783,303.510766601563,291.289846801758,0.00300000002607703,0.00899999961256981,"Isichthys henryi",449902.639067427,1,1,0,NA,NA,NA,NA,NA,1,"LC",5250
"3914",0,8342.3310546875,22.05,0.53084999024868,1.27965002059937,301.361698913574,295.893600463867,0.00300000002607703,0.00300000002607703,"Enteromius nigrifilis",2478.89447085964,1,1,0,NA,NA,NA,NA,NA,1,"DD",23
"3915",0,37903.6640625,43,0.223000004887581,2.77035006284714,300.972080230713,296.042761230469,0.0020000000949949,0.00300000002607703,"Stomatorhinus fuliginosus",167120.379433966,1,1,0,NA,NA,NA,NA,NA,1,"LC",1632
"3916",0,3935.47412109375,49,0.837100012600422,4.44367477893829,302.670965576172,286.848035430908,0.00700000021606684,0.0109749999362975,"Engraulicypris sardella",31867.763094849,1,1,0,13,"highly commercial",0,2.93,"Carni.",1,"LC",362
"3922",0.171549997851253,11295.544921875,0,0.499025012552738,1.32170000076294,301.295790100098,290.138968658447,0.00300000002607703,0.00899999961256981,"Steatocranus ubanguiensis",3603.93161348787,1,1,0,NA,NA,NA,NA,NA,1,"DD",42
"3923",0,18957.59765625,43,0.26800000667572,2.72900009155273,304.821014404297,281.339593505859,0.0020000000949949,0.0140000004321337,"Anguilla marmorata",3239249.73044386,1,1,0,70,"commercial",1,3.79,"Carni.",1,"LC",27369
"3925",0.0320750013925135,3274.53393554688,22,0.207000002264977,1.35500001907349,304.993688201904,293.948373413086,0.00300000002607703,0.00700000021606684,"Labeobarbus wurtzi",557159.753024259,1,0,0,NA,NA,NA,NA,NA,1,"LC",6164
"3926",0,1841.35400390625,49,0.247550004720688,4.08844985961914,301.572998046875,292.190002441406,0.00300000002607703,0.0056499999947846,"Greenwoodochromis staneri",33012.5919769452,NA,NA,0,NA,NA,NA,NA,NA,1,NA,255
"3928",0.444699993729591,4414.875,0,0.309499999880791,0.885899996757507,300.231704711914,293.45910949707,0.0020000000949949,0.00400000018998981,"Nannocharax ogoensis",16255.7111573213,1,0,0,NA,NA,NA,NA,NA,1,"DD",189
"3929",0,16.9860000610352,27.85,1.24175004959106,1.55717497467995,301.809762573242,291.178409576416,0.00700000021606684,0.00792500036768615,"Pseudotropheus fuscus",337.73693007019,0,1,1,11,"commercial",0,2,"Herbi.",1,"LC",4
"3931",1.42255002260208,2214.14306640625,0,0.277949997782707,0.495100004971027,301.283811950684,294.540235900879,0.00300000002607703,0.00499999988824129,"Epiplatys roloffi",20377.1973738623,1,1,0,NA,NA,NA,NA,NA,1,"EN",239
"3932",0.0397499995306134,4.72200012207031,35.3,0.569700023531914,1.33730005025864,302.313256835938,297.095198059082,0.00499999988824129,0.00499999988824129,"Nothobranchius interruptus",343.540021089985,0,1,1,NA,NA,NA,NA,NA,1,"EN",3
"3935",0,47746.8515625,35.45,0.117600002512336,2.05779999494553,300.784788513184,293.638000488281,0.0020000000949949,0.00499999988824129,"Ctenochromis polli",36898.8616531081,NA,NA,0,NA,NA,NA,NA,NA,1,NA,423
"3936",0,1766.74096679688,36.8,0.910400009155273,2.63799993991852,301.685003662109,295.598388671875,0.00400000018998981,0.00400000018998981,"Nothobranchius brieni",850.661075902431,1,1,0,NA,NA,NA,NA,NA,1,"VU",9
"3937",0,742.984008789062,45.275,0.667699997127056,3.01135007143021,299.860810089111,290.308781433105,0.0020000000949949,0.00499999988824129,"Phractura macrura",18601.0470244323,1,1,0,NA,NA,NA,NA,NA,1,"DD",190
"3939",0,37376.35546875,28,0.227574999257922,1.75084998905659,303.814553833008,291.680592346191,0.00300000002607703,0.00800000037997961,"Polycentropsis abbreviata",263262.924785941,1,1,0,NA,NA,NA,NA,NA,1,"LC",3064
"3940",0,3919.5419921875,44.7,1.01472501903772,3.69022505283355,302.6862159729,289.867224121094,0.00800000037997961,0.00917499964125454,"Nimbochromis venustus",3256.3845123284,0,1,1,25,"commercial",0,4.2,"Carni.",1,"LC",34
"3943",0,37376.35546875,29,0.224100005626678,1.99490004777908,303.765591430664,292.106106567383,0.00300000002607703,0.00800000037997961,"Neolebias ansorgii",138766.179205366,1,0,0,2.59999990463257," ",0,3.25,"Carni.",1,"LC",1605
"3946",1631.27001953125,4861.49609375,0,0.386999994516373,0.386999994516373,297.130004882812,295.367004394531,0.0020000000949949,0.0020000000949949,"Haplochromis obliquidens",70029.8147067808,0,1,1,8.89999961853027,NA,0,2,"Herbi.",1,"VU",814
"3947",10.393974840641,1774.76196289062,0,0.346850011497736,0.455150004476309,299.3857421875,294.490559387207,0.00300000002607703,0.00300000002607703,"Microsynodontis emarginata",172.044316147103,1,0,0,3.35999989509583,NA,0,NA,NA,1,"DD",2
"3948",0,47312.2109375,32,0.225999996066093,1.95545001029968,306.540101623535,292.081648254395,0.00300000002607703,0.00899999961256981,"Coptodon guineensis",1114950.07849094,1,1,0,30,"commercial",1,2.79,"Omni.",1,"LC",11303
"3951",0,1507.87194824219,42,1.27050000429153,3.30799996852875,307.317993164062,296.539001464844,0.00350000010803342,0.00650000013411045,"Labeobarbus jubae",12573.388492427,1,0,0,13.5,NA,0,NA,NA,2,"DD",101
"3952",0,6024.1708984375,37.5,0.207500003278255,2.27300000190735,302.378997802734,295.575012207031,0.00300000002607703,0.00400000018998981,"Labeobarbus huloti",10490.6727449901,1,0,0,NA,NA,NA,NA,NA,1,"DD",61
"3956",0,3274.53393554688,27,0.258549995720387,1.76349999308586,305.468994140625,292.249209594727,0.00300000002607703,0.00899999961256981,"Sarotherodon occidentalis",275756.019400842,1,0,0,NA,NA,NA,NA,NA,1,"LC",3223
"3957",0,3274.53393554688,19,0.277999997138977,1.4889999628067,303.799499511719,291.507995605469,0.00300000002607703,0.00999999977648258,"Raiamas steindachneri",199076.879906713,1,0,0,NA,NA,NA,NA,NA,1,"LC",2341
"3959",0,1841.35400390625,49,0.247550004720688,4.08844985961914,301.572998046875,292.190002441406,0.00300000002607703,0.0056499999947846,"Lepidiolamprologus profundicola",33012.5919769452,0,1,1,30.5,"commercial",0,4.2,"Carni.",1,"LC",255
"3963",0,5558.05322265625,39,0.350500009953976,2.31400004029274,303.014507293701,287.308990478516,0.00499999988824129,0.00700000021606684,"Chiloglanis deckenii",193348.304277883,1,0,0,NA,NA,NA,NA,NA,1,"LC",1636
"3965",0.418199998140335,37376.35546875,0,0.231000006198883,1.34099996089935,301.628210449219,291.582403564453,0.0020000000949949,0.00600000005215406,"Atopochilus savorgnani",263641.408128278,NA,NA,0,NA,NA,NA,NA,NA,1,"LC",3065
"3968",0,4468.94482421875,27,0.208500005304813,1.89649999141693,304.055999755859,293.146499633789,0.00300000002607703,0.00700000021606684,"Nannocharax latifasciatus",77303.7058262897,1,0,0,NA,NA,NA,NA,NA,1,"LC",901
"3969",1631.27001953125,4861.49609375,0,0.386999994516373,0.386999994516373,297.130004882812,295.367004394531,0.0020000000949949,0.0020000000949949,"Haplochromis nyanzae",70029.8147067808,0,1,1,17.1000003814697,NA,0,4.2,"Carni.",1,"DD",814
"3972",0,37903.6640625,43,0.191600000858307,2.81640005111694,300.848394775391,295.452801513672,0.00100000004749745,0.00300000002607703,"Congolapia bilineata",155866.202423896,1,1,0,17.5400009155273,NA,0,NA,NA,1,"LC",1665
"3973",0,1841.35400390625,49,0.247550004720688,4.08844985961914,301.572998046875,292.190002441406,0.00300000002607703,0.0056499999947846,"Mastacembelus platysoma",33012.5919769452,0,1,1,NA,NA,NA,NA,NA,1,"LC",255
"3977",0,47952.2890625,40.75,0.18274999409914,2.5735000371933,301.136009216309,292.952011108398,0.0020000000949949,0.00700000021606684,"Aphyosemion schioetzi",193152.840673629,1,0,0,NA,NA,NA,NA,NA,1,"LC",1971
"3979",0,9131.9716796875,48,0.509624995291233,3.49600005149841,303.847862243652,287.248123168945,0.00499999988824129,0.0130000002682209,"Chiloglanis fasciatus",738953.725150377,1,0,0,6.40000009536743,"of no interest",0,3.03,"Carni.",2,"LC",5026
"3980",0.0180749992374331,755.267028808594,33,0.378275003284216,1.91149995625019,309.174708557129,294.221832275391,0.00499999988824129,0.0109999999403954,"Enteromius niokoloensis",36891.0646651052,1,0,0,NA,NA,NA,NA,NA,1,"LC",284
"3983",0,47952.2890625,38,0.168999999761581,2.24954999685288,301.372537231445,291.130604553223,0.0020000000949949,0.00700000021606684,"Brycinus kingsleyae",808251.148529754,NA,NA,0,NA,NA,NA,NA,NA,1,NA,8727
"3985",0,3905.416015625,49,0.924375005066395,4.31912487745285,302.670989990234,288.257869720459,0.00700000021606684,0.00999999977648258,"Diplotaxodon ecclesi",8395.9619470392,0,1,1,14.6000003814697,"commercial",0,4.2,"Carni.",1,"LC",96
"3988",2.26750001311302,107.46199798584,0,0.275499999523163,0.445875000208616,301.220500946045,296.161754608154,0.0023750000691507,0.00300000002607703,"Nannocharax micros",1375.13496628521,NA,NA,0,NA,NA,NA,NA,NA,1,"DD",16
"3992",0,37903.6640625,43,0.247049994021654,2.68489995002747,301.499749755859,291.873686218262,0.0020000000949949,0.00499999988824129,"Nannocharax procatopus",451011.441973137,1,1,0,8,"of no interest",0,3.5,"Carni.",1,"LC",4563
"3993",0,14054.060546875,46,0.308999985456467,3.97047502994538,310.838037109375,289.757793426514,0.00400000018998981,0.0189999993890524,"Synodontis serratus",725941.774798753,1,1,0,NA,NA,NA,NA,NA,2,"LC",2400
"3994",0.279074999690056,297.868011474609,0,0.293800009787083,0.635474985837936,299.063575744629,293.844351959229,0.0020000000949949,0.00400000018998981,"Aphyosemion caudofasciatum",4641.78637975751,1,0,0,NA,NA,NA,NA,NA,1,"DD",54
"3995",0.830624982714653,30925.5546875,0,0.153249997645617,1.02300000190735,301.451499938965,291.549987792969,0.0020000000949949,0.00700000021606684,"Chromidotilapia regani",91719.0323827402,1,0,0,NA,NA,NA,NA,NA,1,"VU",1066
"3997",0,2334.09692382812,23,0.343650004267693,1.36539997458458,303.487210083008,293.425242614746,0.00300000002607703,0.00899999961256981,"Neolebias axelrodi",31442.1366589513,1,0,0,NA,NA,NA,NA,NA,1,"EN",367
"4015",0.0471500002779067,3193.81298828125,15,0.217574993893504,1.09140001535416,303.366689300537,294.404280853271,0.00300000002607703,0.00600000005215406,"Parasicydium bandama",56961.5089036127,1,0,0,NA,NA,NA,NA,NA,1,"LC",624
"4017",0,47545.85546875,40,0.223000004887581,2.3962499499321,301.448249816895,294.432998657227,0.0020000000949949,0.00499999988824129,"Potamothrissa acutirostris",489353.969472805,1,1,0,7,"subsistence fisheries",0,NA,NA,1,"LC",5111
"4024",0,47952.2890625,39.325,0.172674997150898,2.10729998350143,300.946761322021,293.385427093506,0.0020000000949949,0.00700000021606684,"Phractura bovei",35584.0689744534,1,1,0,NA,NA,NA,NA,NA,1,"DD",388
"4026",1.64132498502731,30925.5546875,0,0.388999998569489,0.61974999755621,301.586323547363,291.562018585205,0.00400000018998981,0.00600000005215406,"Aphyosemion hera",1204.7378367572,1,0,0,NA,NA,NA,NA,NA,1,"DD",14
"4028",0,47952.2890625,42,0.232999995350838,2.52905004024506,301.635986328125,288.877565765381,0.0020000000949949,0.00800000037997961,"Labeobarbus caudovittatus",948207.052753115,1,1,0,NA,NA,NA,NA,NA,1,"LC",9640
"4031",0,1667.74096679688,41,0.472249999642372,2.95399990677834,304.670989990234,295.395999908447,0.00400000018998981,0.00700000021606684,"Batrachoides pacifici",5078.32084620861,0,1,1,NA,NA,NA,NA,NA,1,"LC",46
"4035",0.000450000003911556,333.165985107422,12.85,0.0704500000923872,0.966699999570845,300.552296447754,284.961637878418,0.0020000000949949,0.00300000002607703,"Haplochromis macropsoides",16177.5782462457,0,1,1,7.69999980926514,NA,0,3.2,"Carni.",1,"LC",167
"4037",0,2084.70092773438,43,0.19624999538064,2.67262509465218,301.276508331299,287.555744171143,0.0020000000949949,0.00800000037997961,"Brycinus humilis",173311.447042591,NA,NA,0,NA,NA,NA,NA,NA,1,NA,1526
"4045",0,9131.9716796875,48,0.44497499987483,3.69542501568794,305.399417877197,287.797565460205,0.00899999961256981,0.0140000004321337,"Serranochromis longimanus",216866.864718022,1,0,0,30,NA,0,3.87,"Carni.",2,"LC",608
"4046",0.0687500024214387,30925.5546875,13.625,0.231000006198883,1.96125002205372,301.393375396729,291.284996032715,0.0020000000949949,0.00600000005215406,"Amphilius longirostris",286725.25151325,1,1,0,NA,NA,NA,NA,NA,1,"LC",3336
"4048",0,3935.47412109375,33,1.19700002670288,1.90137495398521,302.618392944336,291.787707519531,0.00800000037997961,0.00899999961256981,"Otopharynx tetraspilus",666.579624779861,1,1,0,15.6000003814697,"commercial",0,2.66,"Omni.",1,"LC",8
"4050",0,555.129028320312,43,0.486099988222122,2.66505000591278,304.489147949219,281.817008972168,0.00300000002607703,0.00700000021606684,"Enteromius mimus",154767.6769888,1,0,0,NA,NA,NA,NA,NA,1,"LC",739
"4055",0,47952.2890625,40,0.18914999589324,2.70427508950233,300.793855285645,293.051370239258,0.0020000000949949,0.00600000005215406,"Chiloglanis congicus",47882.607485413,1,0,0,NA,NA,NA,NA,NA,1,"LC",524
"4059",0,47911.4375,45,0.229200002551079,2.84280004501343,300.77939453125,290.691394042969,0.00100000004749745,0.00600000005215406,"Labeobarbus macrolepidotus",349070.692785566,1,1,0,NA,NA,NA,NA,NA,1,"LC",3385
"4061",0,47911.4375,39,0.221000000834465,2.51897501945496,300.760273742676,293.172248077393,0.0020000000949949,0.00600000005215406,"Amphilius zairensis",99803.0890652278,1,1,0,NA,NA,NA,NA,NA,1,"LC",1104
"4062",0,1841.35400390625,49,0.252425009012222,4.06107487678528,301.572998046875,292.097100067139,0.00300000002607703,0.00527499993331728,"Spathodus erythrodon",34890.675799273,0,1,1,8.5,"commercial",0,3.4,"Carni.",1,"LC",270
"4065",0,9036.9833984375,43,0.329899998009205,3.06635004281998,305.250054931641,286.818754577637,0.00499999988824129,0.0140000004321337,"Synodontis vanderwaali",105185.956211192,1,0,0,16.0300006866455,NA,0,NA,NA,2,"LC",339
"4071",0.709600019454956,514.588989257812,0,0.286299991607666,0.660399973392486,302.32041015625,290.738293457031,0.00400000018998981,0.00499999988824129,"Garra allostoma",5901.51185005901,1,0,0,NA,NA,NA,NA,NA,1,"VU",69
"4080",0,47952.2890625,40,0.215000003576279,2.38200001716613,301.634399414062,288.735791015625,0.0020000000949949,0.00899999961256981,"Marcusenius monteiri",930099.966948739,1,1,0,NA,NA,NA,NA,NA,1,"LC",9353
"4083",0.00897499963175506,1627.00903320312,33.0249999999999,0.0999500013887882,1.95409999489784,307.385134887695,296.077928161621,0.00400000018998981,0.00899999961256981,"Steatocranus irvinei",201500.820844468,1,0,0,NA,NA,NA,NA,NA,1,"LC",1600
"4084",0,3893.02392578125,44.5,0.838100016117096,3.5720000743866,302.670989990234,290.307009887695,0.00700000021606684,0.00899999961256981,"Maylandia zebra",3351.98526231642,0,1,1,11.3000001907349,"highly commercial",0,NA,NA,1,NA,37
"4092",0,1841.35400390625,49,0.247550004720688,4.08844985961914,301.572998046875,292.190002441406,0.00300000002607703,0.0056499999947846,"Tropheus annectens",33012.5919769452,0,1,1,NA,NA,NA,NA,NA,1,"LC",255
"4098",0,3919.5419921875,44,0.845500016212463,3.45050008296966,302.935089111328,290.580908203125,0.00700000021606684,0.00969999972730875,"Mylochromis epichorialis",4694.31397546243,0,1,1,20,"commercial",0,3.5,"Carni.",1,"LC",53
"4099",0,14720.73046875,44,0.412000000476837,2.93907500505447,300.274993896484,296.778307342529,0.0020000000949949,0.0020000000949949,"Dolichamphilius longiceps",2839.94914831016,1,0,0,NA,NA,NA,NA,NA,1,"DD",32
"4100",0.0585749994963408,3863.86206054688,20,0.195999994874001,1.9311250180006,301.420738983154,291.726620483398,0.00300000002607703,0.00499999988824129,"Hippopotamyrus castor",132429.006572284,1,0,0,NA,NA,NA,NA,NA,1,"LC",1544
"4101",0,9131.9716796875,49,0.583900016546249,3.68799996376038,304.222106933594,287.545013427734,0.00499999988824129,0.0140000004321337,"Enteromius thamalakanensis",584370.19789201,1,1,0,5,"commercial",0,2.56,"Omni.",2,"LC",2709
"4105",0,11.9099998474121,37.775,0.74350002259016,1.90710003376007,299.745251464844,288.274662017822,0.00807500032242387,0.00899999961256981,"Nothobranchius symoensi",335.889782926676,1,1,0,NA,NA,NA,NA,NA,3,"EN",4
"4108",0,3912.49389648438,43.175,1.23270000815392,3.16269993185997,302.635089874268,291.094830322266,0.00800000037997961,0.00892499967012554,"Tropheops tropheops",333.720344491116,0,1,1,14,"commercial",0,NA,NA,1,"LC",4
"4112",0,47952.2890625,40,0.240549995750189,2.45845001935959,301.823152160645,293.715057373047,0.0020000000949949,0.00600000005215406,"Alestopetersius caudalis",483537.938884905,1,1,0,NA,NA,NA,NA,NA,1,"LC",4903
"4114",1631.27001953125,4870.52197265625,0,0.386999994516373,0.386999994516373,297.130004882812,295.367004394531,0.0020000000949949,0.0020000000949949,"Haplochromis fischeri",74159.1565948698,0,1,1,NA,NA,NA,NA,NA,1,"VU",846
"4116",0,47911.4375,44,0.201075005158782,2.87792502641678,301.125107574463,293.689370727539,0.0020000000949949,0.00499999988824129,"Tylochromis labrodon",218788.926422684,1,1,0,22.6000003814697,NA,0,2.61,"Omni.",1,"LC",2244
"4118",0,47302.59765625,31,0.24600000679493,1.79400000572204,303.18798828125,292.230044555664,0.0020000000949949,0.00700000021606684,"Elops lacerta",156260.238470788,1,1,0,100,"commercial",1,4.24,"Carni.",1,"LC",1795
"4127",0,3935.47412109375,45,0.800249978899956,3.42299997806549,302.789619445801,289.637241363525,0.00700000021606684,0.00899999961256981,"Oreochromis karongae",6690.86020506613,1,1,0,42,"commercial",0,2,"Herbi.",1,"CR",76
"4129",0,588.421997070312,49,0.318100014328957,3.02670001983643,307.249798583984,295.54990234375,0.00499999988824129,0.00899999961256981,"Rhabdalestes brevidorsalis",9860.33290859717,1,0,0,NA,NA,NA,NA,NA,1,"LC",93
"4130",0,1841.35400390625,49,0.248200005292892,4.08479986190796,301.572998046875,292.190002441406,0.00300000002607703,0.00559999998658895,"Cunningtonia longiventralis",33354.7184506497,0,1,1,NA,NA,NA,NA,NA,1,"LC",257
"4131",0,47911.4375,39,0.141725004091859,3.16685009002686,300.794551849365,293.008233642578,0.0020000000949949,0.00600000005215406,"Lamprologus teugelsi",24700.4803614699,1,1,0,NA,NA,NA,NA,NA,1,"VU",270
"4136",0,6513.93505859375,20.125,0.26800000667572,1.33762496709824,301.856113433838,293.671253204346,0.0020000000949949,0.00600000005215406,"Chilochromis duponti",79469.1207218378,1,1,0,22,NA,0,2.59,"Omni.",1,"LC",916
"4138",0,5301.97900390625,24.8249999999998,0.185175002738833,1.47329998612404,300.379713439941,287.471621704102,0.0020000000949949,0.00600000005215406,"Oreochromis variabilis",263458.96097303,1,1,0,30,"commercial",0,2,"Herbi.",1,"NT",2528
"4142",0.152399997040629,4468.94482421875,2,0.206550002470613,0.999150015413761,303.177194213867,292.756770324707,0.00300000002607703,0.00700000021606684,"Parauchenoglanis ahli",23805.3267242135,1,0,0,NA,NA,NA,NA,NA,1,"DD",278
"4144",0,18957.59765625,44,0.26800000667572,2.79052496552467,304.438995361328,286.163648986816,0.0020000000949949,0.0120000001043081,"Cyphomyrus discorhynchus",2224632.6951117,1,1,0,31,"minor commercial",0,3.2,"Carni.",1,"LC",21314
"4145",0,3935.47412109375,44,0.857250006496906,3.47662509083748,303.043180847168,290.122583770752,0.00602500005625188,0.00899999961256981,"Docimodus johnstoni",7292.64023344102,0,1,1,25,"commercial",0,4.2,"Carni.",1,"LC",82
"4147",0.0369749987730756,203.391006469727,10.275,0.251524996012449,1.32137500345707,299.680976104736,291.349035644531,0.00300000002607703,0.00600000005215406,"Labeobarbus rhinophorus",2546.77383606627,1,1,0,NA,NA,NA,NA,NA,1,"DD",22
"4148",0,47911.4375,42,0.24600000679493,2.60400009155273,301.6416015625,288.159997558594,0.0020000000949949,0.00899999961256981,"Distichodus maculatus",1232772.05922746,1,1,0,NA,NA,NA,NA,NA,1,"LC",12369
"4150",0,2.51900005340576,49,4.40899991989136,4.40899991989136,301.864990234375,293.075012207031,0.00800000037997961,0.00800000037997961,"Melanochromis dialeptos",83.691823487896,0,1,1,7.94999980926514,NA,0,2,"Herbi.",1,"LC",1
"4151",0,3912.97900390625,41.75,1.19067503511906,3.02559996247292,302.66438293457,290.057225036621,0.00800000037997961,0.00977499973960221,"Tropheops novemfasciatus",834.438125360748,0,1,1,9,"commercial",0,2,"Herbi.",1,"LC",10
"4154",1631.27001953125,4861.49609375,0,0.386999994516373,0.386999994516373,297.130004882812,295.367004394531,0.0020000000949949,0.0020000000949949,"Haplochromis aelocephalus",70288.0030463266,0,1,1,12,NA,0,3.27,"Carni.",1,"CR",817
"4155",0,4098.27099609375,41.3249999999999,0.562375012040138,2.44362494945526,303.585648345947,284.879093170166,0.00667500016279519,0.00999999977648258,"Zaireichthys maravensis",56296.189340719,1,0,0,3.04999995231628,NA,0,NA,NA,3,"LC",628
"4157",0,47222.84765625,42,0.175999999046326,2.65637500286102,300.808282470703,294.792537689209,0.0020000000949949,0.00400000018998981,"Petrocephalus binotatus",195751.140067046,1,1,0,NA,NA,NA,NA,NA,1,"LC",1870
"4159",0,14720.73046875,44,0.412000000476837,2.93907500505447,300.274993896484,296.778307342529,0.0020000000949949,0.0020000000949949,"Marcusenius bentleyi",2839.94914831016,1,0,0,NA,NA,NA,NA,NA,1,"DD",32
"4162",0.113549999147654,4347.6337890625,11,0.189549996703863,1.23139998912811,300.925440979004,291.597648620605,0.00300000002607703,0.00499999988824129,"Distichodus kolleri",104784.628122008,NA,NA,0,NA,NA,NA,NA,NA,1,"LC",1223
"4168",0,756.513977050781,37,0.230000004172325,2.2409999370575,308.317993164062,295.563995361328,0.00400000018998981,0.00899999961256981,"Parailia spiniserrata",69602.9301511093,1,0,0,NA,NA,NA,NA,NA,1,"LC",481
"4171",0,9268.0712890625,36.15,0.220700007304549,2.29329994022846,303.843878936768,279.927348327637,0.00927499965764582,0.0224499999545515,"Chelon auratus",3199.89314203268,1,1,0,61,"commercial",1,2.84,"Carni.",2,"LC",12
"4179",0.0750000029802322,909.528991699219,28,0.263999998569489,1.18782503008842,303.629373168945,296.388654327393,0.00400000018998981,0.00499999988824129,"Nimbapanchax petersi",58684.8764964703,1,1,0,NA,NA,NA,NA,NA,1,"EN",558
"4181",0.599400019645691,890.078002929688,0,0.342199999094009,0.992999970912933,302.022601318359,293.459606933594,0.00300000002607703,0.00819999966770409,"Sarotherodon steinbachi",4202.50772882648,0,1,1,11.3000001907349,NA,0,2.23,"Omni.",1,"CR",49
"4182",0.264999985694885,11712.7255859375,1,0.411949987709522,1.60899996161461,300.491596984863,291.998950195312,0.00300000002607703,0.00499999988824129,"Parananochromis axelrodi",40866.2053958418,1,0,0,9.11999988555908,NA,0,NA,NA,1,"EN",475
"4185",1631.27001953125,4861.49609375,0,0.386999994516373,0.386999994516373,297.130004882812,295.367004394531,0.0020000000949949,0.0020000000949949,"Haplochromis prognathus",70029.8147067808,0,1,1,14.1000003814697,NA,0,3.14,"Carni.",1,"DD",814
"4188",0,12825.298828125,28.85,0.326049987971783,2.19244993925095,303.113809204102,293.071160888672,0.00300000002607703,0.00800000037997961,"Epiplatys biafranus",31629.0919588432,1,1,0,NA,NA,NA,NA,NA,1,"EN",367
"4190",0,5168.259765625,35,0.169199997186661,2.22540001869202,300.444000244141,296.588195800781,0.0020000000949949,0.0020000000949949,"Pollimyrus schreyeni",33646.2185369557,1,1,0,NA,NA,NA,NA,NA,1,"LC",385
"4192",0,36454.14453125,36,0.208000004291534,2.33039999008178,309.600012207031,293.895190429687,0.00300000002607703,0.0120000001043081,"Chrysichthys maurus",1038284.2429834,1,1,0,51,NA,0,2.69,"Omni.",1,"LC",9609
"4194",0,1865.65295410156,46.025,0.869525016099215,3.60329990983009,305.135688018799,290.298426818848,0.00800000037997961,0.0120000001043081,"Nothobranchius pienaari",4356.97831434001,1,1,0,3.84999990463257,NA,0,NA,NA,1,"LC",40
"4195",0,430.459014892578,18.15,0.736700004339218,1.28229995965958,300.232858276367,296.638452148438,0.0020000000949949,0.00300000002607703,"Enteromius okae",6453.81877094843,1,1,0,NA,NA,NA,NA,NA,1,"DD",75
"4196",0,47952.2890625,39,0.228475001081824,2.39199995994568,301.600534820557,292.34612121582,0.0020000000949949,0.00600000005215406,"Clarias gabonensis",1123231.66305805,1,1,0,36,NA,0,3.27,"Carni.",1,"LC",12500
"4197",0,37900.1640625,42,0.224574999511242,2.61827501058578,301.125856018066,295.616576385498,0.0020000000949949,0.00400000018998981,"Aphyosemion elegans",356327.519606179,1,1,0,NA,NA,NA,NA,NA,1,"LC",3464
"4198",0,3919.5419921875,44.4,0.854500007629394,3.57200007438659,303.044107055664,290.102008056641,0.00600000005215406,0.00909999962896108,"Otopharynx speciosus",6876.2660956166,0,1,1,25.2000007629395,"commercial",0,4.2,"Carni.",1,"LC",77
"4201",0,8342.3310546875,39,0.378799998760223,2.0800000667572,301.361395263672,288.075012207031,0.00300000002607703,0.00899999961256981,"Engraulicypris moeruensis",74823.7855663267,NA,NA,0,NA,NA,NA,NA,NA,1,NA,665
"4205",0.0055250003002584,47303.34765625,20,0.261000007390976,1.19590002894401,301.315042114258,294.135569000244,0.00400000018998981,0.00700000021606684,"Pollimyrus pedunculatus",11755.0090331811,1,1,0,NA,NA,NA,NA,NA,1,"DD",134
"4206",0.114000000059605,4347.6337890625,9,0.194999992847443,1.15400004386902,300.872009277344,291.263000488281,0.00300000002607703,0.00499999988824129,"Mastacembelus sanagali",133670.963197998,NA,NA,0,NA,NA,NA,NA,NA,1,"LC",1561
"4207",0.00967499958351254,21.9160003662109,22.325,1.17760002315044,1.7334250241518,301.549955749512,281.999770355225,0.017000000923872,0.0179249993525445,"Labeo seeberi",1676.93022089597,1,0,0,35.5,NA,0,2.51,"Omni.",2,"EN",4
"4209",0,1841.35400390625,49,0.247550004720688,4.08844985961914,301.572998046875,292.190002441406,0.00300000002607703,0.0056499999947846,"Lepidiolamprologus cunningtoni",33012.5919769452,0,1,1,NA,NA,NA,NA,NA,1,"LC",255
"4212",0.0649999976158142,3893.02392578125,10,1.18499994277954,1.18499994277954,301.488006591797,290.144989013672,0.00899999961256981,0.00899999961256981,"Melanochromis lepidiadaptes",83.5738857687492,0,1,1,8.72000026702881,NA,0,4.4,"Carni.",1,"CR",1
"4213",0,717.818969726562,48.7,0.708999997377396,4.92569990158081,305.479104614258,299.452597045898,0.00300000002607703,0.00400000018998981,"Hemichromis exsul",8328.83092852185,0,1,1,NA,NA,NA,NA,NA,2,"LC",53
"4217",0.0939999967813492,1.80999994277954,6,1.08800005912781,1.08800005912781,304.303985595703,298.700012207031,0.00499999988824129,0.00499999988824129,"Alcolapia grahami",86.0129644510727,NA,NA,0,NA,NA,NA,NA,NA,1,NA,1
"4218",0.00909999962896109,47952.2890625,40,0.261000007390976,3.42359994649887,300.933410644531,292.779109191895,0.00300000002607703,0.00700000021606684,"Mormyrus cyaneus",9335.71281336562,1,1,0,NA,NA,NA,NA,NA,1,"VU",83
"4223",0,47952.2890625,41,0.246350002288818,2.49095009565353,302.553643798828,293.583599853516,0.0020000000949949,0.00499999988824129,"Petrocephalus sauvagii",739880.547522566,1,1,0,NA,NA,NA,NA,NA,1,"LC",7295
"4224",0.00300000002607703,113.793998718262,43,0.339499993622303,1.89219999313354,300.522853088379,290.13959197998,0.00400000018998981,0.00600000005215406,"Chiloglanis trilobatus",22542.0928149061,1,0,0,NA,NA,NA,NA,NA,1,"LC",187
"4227",0.768400013446808,242.128997802734,13.3,0.687550002336502,1.44755001366138,299.403085327148,295.686408996582,0.00300000002607703,0.00300000002607703,"Scardinius erythrophthalmus",258.146720563579,1,1,0,NA,"minor commercial",0,2.89,"Carni.",1,"LC",3
"4229",1.30859997272491,381.43701171875,0,0.300000011920929,0.606399977207184,301.815991210938,293.542413330078,0.00300000002607703,0.00580000020563603,"Coptodon imbriferna",1456.6482365492,NA,NA,0,NA,NA,NA,NA,NA,1,NA,17
"4231",0,5301.97900390625,37,0.187999993562698,1.878149959445,301.860879516602,287.201765441895,0.0020000000949949,0.00600000005215406,"Enteromius jacksoni",398136.491157038,1,1,0,NA,NA,NA,NA,NA,1,"LC",3098
"4232",0,15332.720703125,41.0999999999999,0.232399995625019,2.63969993591309,301.600204467773,292.236096191406,0.0020000000949949,0.00499999988824129,"Pseudocrenilabrus nicholsi",119129.609876354,1,1,0,NA,NA,NA,NA,NA,1,"LC",1157
"4233",0,5031.69580078125,39,0.461500006914139,1.94119999408722,300.915008544922,287.83469543457,0.00400000018998981,0.00969999972730874,"Petrocephalus squalostoma",29440.4210459601,1,1,0,NA,NA,NA,NA,NA,1,"DD",293
"4236",0,628.018005371094,36,0.50004999935627,2.29595000743866,304.971008300781,273.300238037109,0.0140000004321337,0.0270000007003546,"Carasobarbus harterti",76922.8646989733,1,0,0,25,NA,0,NA,NA,3,"CR",643
"4238",0,2727.44604492188,38.625,0.642000004649162,2.23712503910065,302.530368804932,279.158512115479,0.00600000005215406,0.0160000007599592,"Amphilius natalensis",185369.286300746,1,0,0,12.5,"commercial",0,3.2,"Carni.",3,"LC",1536
"4239",1631.27001953125,4861.49609375,0,0.386999994516373,0.386999994516373,297.130004882812,295.367004394531,0.0020000000949949,0.0020000000949949,"Haplochromis pharyngomylus",70029.8147067808,0,1,1,12.6000003814697,NA,0,3.24,"Carni.",1,"DD",814
"4241",0,47911.4375,44,0.223000004887581,2.87850004434586,300.802001953125,294.155502319336,0.0020000000949949,0.00499999988824129,"Synodontis nummifer",332273.429811081,1,1,0,NA,NA,NA,NA,NA,1,"LC",3311
"4242",0.0104499999433756,921.364990234375,23.575,0.236950003355742,1.19037499129772,299.86676864624,291.86255645752,0.00300000002607703,0.00400000018998981,"Orthochromis uvinzae",7627.31743445158,1,0,0,8.55000019073486,NA,0,2,"Herbi.",1,"CR",60
"4246",0,1841.35400390625,49,0.247550004720688,4.08844985961914,301.572998046875,292.190002441406,0.00300000002607703,0.0056499999947846,"Xenotilapia boulengeri",33012.5919769452,0,1,1,15.3000001907349,"commercial",0,3.27,"Carni.",1,"LC",255
"4247",0,2591.02807617188,21,0.27942500859499,1.68587496578693,304.177286529541,293.372378540039,0.00300000002607703,0.00899999961256981,"Labeobarbus sacratus",123651.148953333,1,0,0,NA,NA,NA,NA,NA,1,"LC",1458
"4248",0,46797.73046875,41,0.237000003457069,2.55207504034042,301.602996826172,292.828002929688,0.0020000000949949,0.00499999988824129,"Clarias pachynema",1304297.09661004,1,1,0,NA,NA,NA,NA,NA,1,"LC",13558
"4251",0,9312.2099609375,46,0.190299998223782,3.59819996356964,309.950091552734,290.936502075195,0.00300000002607703,0.0179999992251396,"Enteromius anema",347731.699753654,1,1,0,NA,NA,NA,NA,NA,2,"LC",2133
"4257",0,3935.47412109375,44,0.857250006496906,3.47662509083748,303.043180847168,290.122583770752,0.00602500005625188,0.00899999961256981,"Placidochromis subocularis",7292.64023344102,1,1,0,16.2000007629395,"commercial",0,3.43,"Carni.",1,NA,82
"4262",0,1841.35400390625,49,0.252425009012222,4.06107487678528,301.572998046875,292.097100067139,0.00300000002607703,0.00527499993331728,"Petrochromis polyodon",34890.675799273,0,1,1,21,"commercial",0,2,"Herbi.",1,"LC",270
"4263",0.270750001072884,242.580001831055,0,0.126499995589256,0.522499993443489,295.157012939453,289.435249328613,0.0020000000949949,0.00250000011874363,"Haplochromis gracilior",2837.93065776997,0,1,1,NA,NA,NA,NA,NA,3,"LC",31
"4270",0.985249996185303,1382.3740234375,0,0.224300006777048,0.690500018000603,302.895506286621,290.625595092773,0.00300000002607703,0.00494999990332872,"Mastacembelus sexdecimspinus",10535.3004292425,1,1,0,NA,NA,NA,NA,NA,1,"NT",123
"4273",0,13.0769996643066,31,1.82299995422363,1.82299995422363,301.471008300781,292.363006591797,0.00800000037997961,0.00800000037997961,"Melanochromis chipokae",83.5138559146576,0,1,1,12," ",0,4.2,"Carni.",1,"CR",1
"4274",0.599400019645691,890.078002929688,0,0.342199999094009,0.992999970912933,302.022601318359,293.459606933594,0.00300000002607703,0.00819999966770409,"Sarotherodon caroli",4202.50772882648,0,1,1,18.6000003814697,NA,0,2,"Herbi.",1,"CR",49
"4277",1631.27001953125,4861.49609375,0,0.386999994516373,0.386999994516373,297.130004882812,295.367004394531,0.0020000000949949,0.0020000000949949,"Haplochromis oligolepis",344.197927015202,0,1,1,NA,NA,NA,NA,NA,1,"DD",4
"4278",0,3935.47412109375,44,0.857250006496906,3.47662509083748,303.043180847168,290.122583770752,0.00602500005625188,0.00899999961256981,"Dimidiochromis strigatus",7292.64023344102,0,1,1,24.3999996185303,"commercial",0,3.84,"Carni.",1,"LC",82
"4283",NA,NA,NA,NA,NA,NA,NA,NA,NA,"Platichthys flesus",1279.7514623396,1,0,0,60,"commercial",1,3.3,"Carni.",2,"LC",0
"4288",0,1327.42797851562,43,0.624150010943413,2.76269999742508,303.499697875977,281.586749267578,0.00800000037997961,0.0160000007599592,"Engraulicypris brevianalis",610381.263101436,1,1,0,7.5,NA,0,3.17,"Carni.",2,"LC",3527
"4289",0,8198.4365234375,39.75,0.439749993383884,2.0404999256134,301.719245910645,291.053253173828,0.00300000002607703,0.00499999988824129,"Synodontis dorsomaculatus",40369.5238765829,1,1,0,NA,NA,NA,NA,NA,1,"EN",371
"4290",0,12825.298828125,28,0.239849995449185,2.03997503519058,303.670989990234,290.897599029541,0.00300000002607703,0.00899999961256981,"Arnoldichthys spilopterus",113361.32609351,1,0,0,9.60000038146973,"commercial",0,3.12,"Carni.",1,"EN",1318
"4292",0,1816.87805175781,45,0.55350000411272,2.86862501502037,300.918361663818,291.009994506836,0.0020000000949949,0.00512499990873039,"Sargochromis thysi",46849.5176832779,1,1,0,NA,NA,NA,NA,NA,1,"DD",516
"4293",0,5031.69580078125,39,0.357300008833408,2.28300004005432,300.712860107422,287.603804016113,0.00400000018998981,0.00899999961256981,"Schilbe banguelensis",110930.853781555,1,1,0,NA,NA,NA,NA,NA,3,"LC",1227
"4296",0.0268749995157123,47783.9375,35,0.421499982476234,1.9237499833107,300.323745727539,292.915992736816,0.00424999993992969,0.00600000005215406,"Bagrus lubosicus",2401.04399602589,1,1,0,NA,NA,NA,NA,NA,1,"DD",26
"4300",0.196299996972084,37150.421875,4,0.364200007915497,1.49869997501373,300.802291870117,292.315509033203,0.0020000000949949,0.00499999988824129,"Aphyosemion punctatum",64785.7973457221,1,0,0,NA,NA,NA,NA,NA,1,"LC",733
"4306",0,47303.76171875,17,0.248674997314811,1.77897500395775,301.683658599854,291.892385864258,0.0020000000949949,0.00600000005215406,"Labeobarbus sandersi",223573.751391625,NA,NA,0,NA,NA,NA,NA,NA,1,"LC",2588
"4310",0.216999998688698,459.377990722656,3,0.336200000345707,0.788000008463859,302.636640930176,294.290043640137,0.00499999988824129,0.00655000014230609,"Synodontis tourei",4988.32724499682,1,0,0,NA,NA,NA,NA,NA,1,"CR",59
"4316",1631.27001953125,4861.49609375,0,0.386999994516373,0.386999994516373,297.130004882812,295.367004394531,0.0020000000949949,0.0020000000949949,"Haplochromis xanthopteryx",70029.8147067808,0,1,1,10.6700000762939,NA,0,3.12,"Carni.",1,"VU",814
"4318",0,557.197998046875,40.75,0.520499989390373,3.10849994421005,303.445510864258,287.767997741699,0.00300000002607703,0.00999999977648258,"Periophthalmus argentilineatus",11765.6756578625,0,0,0,19,"of no interest",1,3.26,"Carni.",1,"LC",131
"4321",0.0580000013113022,737.304016113281,30.6,0.354800003767014,1.68980000019074,301.667596435547,295.21259765625,0.00400000018998981,0.0046000000089407,"Labeobarbus urotaenia",1459.89436655412,1,1,0,NA,NA,NA,NA,NA,1,"DD",17
"4326",0,12825.298828125,40,0.162825002148747,2.23052502274513,307.183013916016,292.433074951172,0.00300000002607703,0.00899999961256981,"Enteromius chlorotaenia",881305.517111105,1,1,0,NA,NA,NA,NA,NA,1,"LC",9554
"4332",0,47303.34765625,26,0.206000000238419,1.63199996948242,304.6669921875,292.862852478027,0.00300000002607703,0.00700000021606684,"Brycinus longipinnis",1191202.02348957,NA,NA,0,NA,NA,NA,NA,NA,1,NA,13263
"4336",1631.27001953125,4861.49609375,0,0.386999994516373,0.386999994516373,297.130004882812,295.367004394531,0.0020000000949949,0.0020000000949949,"Haplochromis boops",70201.9485614657,0,1,1,19.3999996185303,NA,0,4.2,"Carni.",1,"DD",816
"4337",0,1841.35400390625,49,0.229374997317791,3.90562492609024,301.520740509033,292.038513183594,0.00300000002607703,0.00499999988824129,"Trematocara variabile",42355.9006878504,1,1,0,NA,NA,NA,NA,NA,1,"LC",336
"4341",0.00300000002607703,13681.75,34,0.258899988234043,1.85654999911785,302.982622528076,293.338815307617,0.00300000002607703,0.00600000005215406,"Microctenopoma lineatum",25891.9825919588,1,1,0,NA,NA,NA,NA,NA,1,"DD",290
"4345",0,1841.35400390625,49,0.247550004720688,4.08844985961914,301.572998046875,292.190002441406,0.00300000002607703,0.0056499999947846,"Julidochromis dickfeldi",33183.4448681446,0,1,1,11,"of potential interest",0,3.5,"Carni.",1,"LC",255
"4352",0,12825.298828125,31,0.174999997019768,1.62600004673004,307.278991699219,292.705993652344,0.00300000002607703,0.00999999977648258,"Enteromius ablabes",1414955.17599001,1,1,0,9.60000038146973," ",0,2.45,"Omni.",1,"LC",14721
"4361",0,3244.68701171875,34,0.277575002610683,1.96035000681877,307.983265686035,294.036469268799,0.00400000018998981,0.00899999961256981,"Synodontis annectens",139600.033214242,1,0,0,NA,NA,NA,NA,NA,1,"LC",1304
"4365",0.783674988150597,2538.36596679688,0.775000000000006,0.273350010812283,0.897574973106384,302.494831085205,293.759806060791,0.00300000002607703,0.00677500017918647,"Chiloglanis polyodon",14467.3002316871,1,0,0,NA,NA,NA,NA,NA,1,"EN",170
"4367",0,18915.142578125,44,0.515999972820282,2.72449998855591,305.210693359375,287.38000793457,0.00700000021606684,0.0120000001043081,"Synodontis nebulosus",283735.886005777,1,0,0,15,"minor commercial",0,2.54,"Omni.",1,"LC",2757
"4368",0.169624998793006,2961.51196289062,2,0.285625001788139,0.951124998927116,301.306540679932,291.863831329346,0.0020000000949949,0.00499999988824129,"Plataplochilus ngaensis",26152.7418051611,1,1,0,NA,NA,NA,NA,NA,1,"LC",304
"4369",0,12825.298828125,34,0.127000004053116,1.92020003795624,306.625402832031,294.678002929688,0.00300000002607703,0.00800000037997961,"Marcusenius abadii",342588.908095892,1,1,0,NA,NA,NA,NA,NA,1,"LC",3545
"4370",1631.27001953125,4861.49609375,0,0.386999994516373,0.386999994516373,297.130004882812,295.367004394531,0.0020000000949949,0.0020000000949949,"Enteromius sexradiatus",860.542986542458,0,1,1,NA,NA,NA,NA,NA,1,"DD",10
"4374",0.0209999997168779,5301.97900390625,15,0.283825006335974,1.03832497596741,300.308013916016,287.367501068115,0.0020000000949949,0.00400000018998981,"Rastrineobola argentea",156412.618629866,1,1,0,8,"highly commercial",0,3.41,"Carni.",1,"LC",1634
"4390",0,47303.34765625,41,0.196999996900558,2.50799989700317,301.595555114746,292.020310974121,0.0020000000949949,0.00499999988824129,"Petrocephalus christyi",711160.710611826,1,1,0,NA,NA,NA,NA,NA,1,"LC",7179
"4396",1.85547502636909,3435.68994140625,0,0.27022500783205,0.571775016188621,301.906643676758,293.761462402344,0.0020000000949949,0.00499999988824129,"Aphyosemion primigenium",28378.7371514075,1,0,0,NA,NA,NA,NA,NA,1,"VU",330
"4397",0,47952.2890625,41,0.226074996218085,2.50200009346008,301.685929107666,291.073222351074,0.0020000000949949,0.00600000005215406,"Labeo lineatus",597339.985340977,1,1,0,NA,NA,NA,NA,NA,1,"LC",5804
"4399",0,1841.35400390625,49,0.247550004720688,4.08844985961914,301.572998046875,292.190002441406,0.00300000002607703,0.0056499999947846,"Haplotaxodon microlepis",33183.4448681446,0,1,1,26,"commercial",0,3.4,"Carni.",1,"LC",255
"4400",0.599400019645691,890.078002929688,0,0.342199999094009,0.992999970912933,302.022601318359,293.459606933594,0.00300000002607703,0.00819999966770409,"Aphyosemion volcanum",4202.50772882648,1,1,0,NA,NA,NA,NA,NA,1,"EN",49
"4411",0,47456.98828125,31.25,0.212499998509884,2.08325004577637,300.94499206543,294.415748596191,0.0020000000949949,0.00499999988824129,"Enteromius erythrozonus",9529.36942391187,1,1,0,NA,NA,NA,NA,NA,1,"DD",111
"4416",1.67309997081757,25748.57421875,0,0.299300000071526,1,301.322500610352,291.431896972656,0.0020000000949949,0.00700000021606684,"Aphyosemion lamberti",38974.9214297384,1,0,0,NA,NA,NA,NA,NA,1,"LC",453
"4417",0.0552500005811453,11705.8701171875,2.39999999999999,0.235600008815527,0.682999992370605,300.221153259277,295.872952270508,0.0020000000949949,0.0020000000949949,"Enteromius papilio",2320.49267972552,1,1,0,NA,NA,NA,NA,NA,1,"DD",27
"4418",0,3.03500008583069,48,4.68599987030029,4.68599987030029,301.488006591797,292.380004882812,0.00800000037997961,0.00800000037997961,"Tropheops kamtambo",83.5738857687531,0,1,1,NA,NA,NA,NA,NA,1,"LC",1
"4421",0,2591.02807617188,17,0.48199999332428,1.52132497727871,303.638554382324,292.573441314697,0.00400000018998981,0.00999999977648258,"Amphilius kakrimensis",31338.1205773117,1,0,0,NA,NA,NA,NA,NA,1,"VU",370
"4423",140.481994628906,464.053009033203,0,0.331999987363815,0.331999987363815,297.548004150391,291.723999023438,0.00600000005215406,0.00600000005215406,"Enteromius trispilopleura",2946.00893117719,0,1,1,NA,NA,NA,NA,NA,1,"LC",35
"4425",0,47222.84765625,41,0.223550006002188,2.58744996786118,301.826441955566,291.293852233887,0.0020000000949949,0.00600000005215406,"Pareutropius mandevillei",405349.719673628,1,1,0,NA,NA,NA,NA,NA,1,"LC",4023
"4429",0,7761.1591796875,45,0.233849997073412,2.9054499745369,300.632290649414,291.060438537598,0.00100000004749745,0.00499999988824129,"Nannocharax angolensis",165853.27195641,NA,NA,0,NA,NA,NA,NA,NA,1,NA,1515
"4435",5.40120005607605,6513.93505859375,0,0.26800000667572,0.52700001001358,302.100796508789,293.760400390625,0.0020000000949949,0.00499999988824129,"Aphyosemion exigoideum",9376.51511605307,1,1,0,NA,NA,NA,NA,NA,1,"LC",109
"4436",0,262.276000976562,31.175,0.557549990713596,1.9352500140667,299.445483398437,287.576097106934,0.00600000005215406,0.00999999977648258,"Hippopotamyrus aelsbroecki",8174.12430357927,1,1,0,NA,NA,NA,NA,NA,3,"DD",92
"4438",0.0164750002324581,47952.2890625,33.4999999999999,0.261000007390976,1.43942497074604,301.189907836914,293.445656585693,0.00332500007934868,0.00700000021606684,"Chrysichthys polli",5992.43563900064,1,1,0,NA,NA,NA,NA,NA,1,"VU",54
"4439",0.000450000003911556,333.165985107422,12.85,0.0704500000923872,0.966699999570845,300.552296447754,284.961637878418,0.0020000000949949,0.00300000002607703,"Haplochromis elegans",16177.5782462457,1,1,0,7.30000019073486,NA,0,3.2,"Carni.",1,"LC",167
"4444",0,18957.59765625,45,0.495125003159046,2.96000003814697,304.640617370605,282.732246398926,0.00700000021606684,0.0149999996647239,"Enteromius annectens",1039892.82190792,1,0,0,NA,NA,NA,NA,NA,2,"LC",8246
"4445",0,47545.85546875,44,0.24600000679493,2.74619994163513,300.811004638672,295.0333984375,0.00100000004749745,0.00400000018998981,"Phenacogrammus interruptus",526647.267267974,1,1,0,8,"commercial",0,3.01,"Carni.",1,"LC",5137
"4446",0,914.56298828125,40,0.147575001046062,2.04779997467995,300.607680511475,288.517676544189,0.00300000002607703,0.00600000005215406,"Engraulicypris spinifer",140590.820919374,1,1,0,NA,NA,NA,NA,NA,1,"LC",1142
"4448",0.0168000007979572,47303.34765625,14.75,0.232500006258488,1.45117500424385,301.176309204102,293.87244720459,0.00400000018998981,0.00700000021606684,"Mormyrops parvus",2139.52135836836,1,1,0,NA,NA,NA,NA,NA,1,"DD",22
"4450",0.213200001418591,24176.982421875,0.0999999999999091,0.291799995303154,1.67470002174377,301.531399536133,291.882208251953,0.0020000000949949,0.00600000005215406,"Nannocharax maculicauda",116718.997675017,NA,NA,0,NA,NA,NA,NA,NA,1,"LC",1357
"4452",1631.27001953125,4861.49609375,0,0.386999994516373,0.386999994516373,297.130004882812,295.367004394531,0.0020000000949949,0.0020000000949949,"Haplochromis bicolor",70029.8147067808,0,1,1,15,NA,0,3.6,"Carni.",1,"VU",814
"4453",0,1569.18994140625,16.5,0.379749990999699,1.43875002861023,303.749008178711,290.898002624512,0.00300000002607703,0.0107499998994172,"Raiamas scarciensis",14530.2361901291,1,0,0,NA,NA,NA,NA,NA,1,"DD",171
"4454",0.00300000002607703,5301.97900390625,32,0.180999994277954,1.5220999956131,301.110800170898,286.970104980469,0.0020000000949949,0.00469999997876589,"Enteromius cercops",226412.243954126,1,0,0,NA,NA,NA,NA,NA,1,"LC",1853
"4457",0,30651.318359375,17.8499999999999,0.227574999257922,1.20170002579689,301.856415557861,293.834320068359,0.0020000000949949,0.00600000005215406,"Plataplochilus cabindae",82318.5206884063,NA,NA,0,NA,NA,NA,NA,NA,1,NA,944
"4461",0,1841.35400390625,49,0.247550004720688,4.08844985961914,301.572998046875,292.190002441406,0.00300000002607703,0.0056499999947846,"Julidochromis ornatus",33183.4448681446,0,1,1,8.5,"commercial",0,3.5,"Carni.",1,"LC",255
"4469",0,47222.84765625,43,0.18299999833107,2.9064749777317,309.921997070312,292.122985839844,0.0020000000949949,0.0149999996647239,"Labeo coubie",3176792.42306023,1,1,0,75,"commercial",0,NA,NA,1,"LC",23102
"4475",0,7821.5419921875,47,0.0872499980032444,3.70674991607666,309.086502075195,290.458503723145,0.00400000018998981,0.0140000004321337,"Enteromius pumilus",255045.771882249,1,0,0,NA,NA,NA,NA,NA,1,"LC",1571
"4477",1631.27001953125,4861.49609375,0,0.386999994516373,0.386999994516373,297.130004882812,295.367004394531,0.0020000000949949,0.0020000000949949,"Xenobarbus loveridgei",257.905049911531,0,1,1,NA,NA,NA,NA,NA,1,"DD",3
"4481",0,3919.5419921875,44,0.958925022184849,3.45762508511543,302.670989990234,289.966999816894,0.00800000037997961,0.00899999961256981,"Maylandia lanisticola",4599.10825991955,0,1,1,6.05999994277954,NA,0,NA,NA,1,NA,50
"4482",0.807800015807152,11712.7255859375,0,0.493999987840652,1.27719995379448,302.295989990234,290.376989746094,0.00300000002607703,0.00800000037997961,"Stomatorhinus ivindoensis",10236.2249524605,1,1,0,NA,NA,NA,NA,NA,1,"EN",119
"4483",0,47222.84765625,42,0.246999993920326,2.6122499704361,301.734008789062,294.370254516602,0.0020000000949949,0.00400000018998981,"Synodontis angelicus",695332.716691677,1,1,0,NA,NA,NA,NA,NA,1,"LC",6976
"4488",0,1841.35400390625,49,0.247550004720688,4.08844985961914,301.572998046875,292.190002441406,0.00300000002607703,0.0056499999947846,"Telmatochromis vittatus",33012.5919769452,0,1,1,8.60000038146973,"commercial",0,NA,NA,1,"LC",255
"4490",0.680999994277954,30925.5546875,0,0.168999999761581,1.17200005054474,301.417999267578,291.618011474609,0.0020000000949949,0.00600000005215406,"Paramormyrops longicaudatus",130857.34700609,1,0,0,23.7999992370605,NA,0,NA,NA,1,"VU",1521
"4492",0.00700000021606684,14300.6025390625,29,0.272349998354912,1.89885004162788,301.650325775146,293.328314208984,0.00300000002607703,0.00499999988824129,"Pollimyrus brevis",97884.3292894404,1,1,0,NA,NA,NA,NA,NA,1,"LC",1124
"4496",0,47222.84765625,43,0.229000002145767,2.72205000519753,301.5985206604,294.441009521484,0.0020000000949949,0.00499999988824129,"Belonophago tinanti",257155.265610443,1,1,0,NA,NA,NA,NA,NA,1,"LC",2580
"4497",0,18957.59765625,45,0.306800007820129,3.08019995689392,309.488391113281,284.577386474609,0.00400000018998981,0.0130000002682209,"Megalops cyprinoides",403792.744522176,1,1,0,150,"minor commercial",1,3.91000008583069,"Carni.",2,"DD",2553
"4498",0,1841.35400390625,49,0.247550004720688,4.08844985961914,301.572998046875,292.190002441406,0.00300000002607703,0.0056499999947846,"Trematocara marginatum",33012.5919769452,0,1,1,NA,NA,NA,NA,NA,1,"LC",255
"4499",0,1841.35400390625,47,0.149125004187226,3.71862494945526,301.161010742188,286.897743225098,0.0020000000949949,0.00499999988824129,"Ctenochromis horei",56107.7774082358,1,1,0,NA,NA,NA,NA,NA,1,"LC",486
"4500",0,1841.35400390625,49,0.248200005292892,4.08479986190796,301.572998046875,292.190002441406,0.00300000002607703,0.00559999998658895,"Greenwoodochromis bellcrossi",33354.7184506497,0,1,1,NA,NA,NA,NA,NA,1,"LC",257
"4501",0,47545.85546875,47,0.28099998831749,3.26972500085831,302.822452545166,287.467987060547,0.0020000000949949,0.0120000001043081,"Nannocharax macropterus",1373941.3076954,1,1,0,6,NA,0,NA,NA,1,"LC",11452
"4504",0,4145.64013671875,32.25,0.150999993085861,2.0202499628067,308.434494018555,294.090240478516,0.00400000018998981,0.0109999999403954,"Enteromius pobeguini",577493.517812538,1,0,0,NA,NA,NA,NA,NA,1,"LC",4911
"4509",0.0309999994933605,36454.14453125,28,0.21637500077486,1.30187496542931,303.790985107422,295.54963684082,0.00300000002607703,0.00499999988824129,"Epiplatys chaperi",176010.221996449,1,1,0,NA,NA,NA,NA,NA,1,"NT",1736
"4512",0,24176.982421875,42,0.164325005188584,2.64400005340576,308.446044158936,292.53395690918,0.00300000002607703,0.0120000001043081,"Enteromius callipterus",1117230.64560227,1,1,0,NA,NA,NA,NA,NA,1,"LC",10174
"4513",0,37900.1640625,23.4499999999998,0.151274993643165,1.46645001471043,300.708492279053,294.01565246582,0.0020000000949949,0.00400000018998981,"Congochromis sabinae",92960.1861617861,1,1,0,NA,NA,NA,NA,NA,1,"LC",1052
"4518",0.267249988019466,11712.7255859375,0,0.367000013589859,1.5951500415802,300.552258300781,291.575758361816,0.0020000000949949,0.00600000005215406,"Ivindomyrus opdenboschi",59089.3764051466,NA,NA,0,NA,NA,NA,NA,NA,1,"VU",687
"4522",0,37903.6640625,45,0.296000003814697,3.0388999581337,303.115303039551,287.407989501953,0.0020000000949949,0.0130000002682209,"Synodontis nigromaculatus",795991.595645622,1,1,0,38.5,"subsistence fisheries",0,3.38,"Carni.",1,"LC",6455
"4523",0,13745.4560546875,44,0.197999998927116,2.94700002670288,310.054992675781,292.018827819824,0.00400000018998981,0.0149999996647239,"Siluranodon auritus",1978624.00825209,1,1,0,14,NA,0,2.86,"Carni.",1,"LC",14532
"4525",0.00370000014081597,480.52099609375,31.3,0.106899997591972,1.71439995765686,299.413198852539,286.326501464844,0.00100000004749745,0.00999999977648258,"Labeo polli",16746.5278368608,1,1,0,NA,NA,NA,NA,NA,3,"DD",189
"4529",0.499000012874603,235.300003051758,0,1.37300002574921,1.37300002574921,298.033996582031,290.243988037109,0.00700000021606684,0.00700000021606684,"Oreochromis chungruruensis",84.9258630313988,0,1,1,15.3999996185303,NA,0,NA,NA,3,"CR",1
"4530",0,1841.35400390625,49,0.247550004720688,4.08844985961914,301.572998046875,292.190002441406,0.00300000002607703,0.0056499999947846,"Lamprologus ocellatus",33012.5919769452,0,1,1,5.80000019073486,"commercial",0,3.45,"Carni.",1,"LC",255
"4531",0,47222.84765625,42,0.192500002682209,2.66050004959106,300.816986083984,294.842742919922,0.0020000000949949,0.00400000018998981,"Marcusenius schilthuisiae",210623.111225159,1,1,0,NA,NA,NA,NA,NA,1,"LC",2031
"4532",0,47194.4140625,42,0.17399999499321,2.561649954319,301.564395141602,295.226805114746,0.0020000000949949,0.00499999988824129,"Tylochromis pulcher",123302.23108164,1,1,0,22.8999996185303,NA,0,3.2,"Carni.",1,"LC",1299
"4534",0,1192.03198242188,24.125,0.12899999320507,1.23050004243851,299.765113830566,291.653381347656,0.00100000004749745,0.00400000018998981,"Atopochilus macrocephalus",70091.5867117077,1,1,0,NA,NA,NA,NA,NA,1,"DD",556
"4535",0,47911.4375,24.1499999999999,0.261000007390976,1.43084998130798,301.700506591797,293.456954956055,0.0020000000949949,0.00700000021606684,"Aphyosemion escherichi",116478.044031669,1,1,0,NA,NA,NA,NA,NA,1,"LC",1315
"4537",0,3919.5419921875,44.4,0.854500007629394,3.57200007438659,303.044107055664,290.102008056641,0.00600000005215406,0.00909999962896108,"Lethrinops christyi",6876.2660956166,0,1,1,NA,NA,NA,NA,NA,1,"LC",77
"4538",0,1841.35400390625,49,0.247550004720688,4.08844985961914,301.572998046875,292.190002441406,0.00300000002607703,0.0056499999947846,"Tropheus kasabae",33012.5919769452,0,1,1,NA,NA,NA,NA,NA,1,"LC",255
"4541",0.172599998116493,37376.35546875,2,0.218599995970726,1.4996000289917,301.651000976562,291.2751953125,0.0020000000949949,0.00600000005215406,"Paramormyrops sphekodes",284037.75531521,1,0,0,11.3800001144409,NA,0,NA,NA,1,"LC",3305
"4545",0,946.164978027344,43.05,0.207500004023314,2.73097509145737,297.445193481445,288.44181137085,0.00300000002607703,0.00600000005215406,"Schilbe angolensis",7931.78573750912,1,1,0,NA,NA,NA,NA,NA,1,"DD",80
"4548",0.0304499994963408,47862.3828125,35,0.263999998569489,1.86104999780655,300.685098266602,292.991390991211,0.00300000002607703,0.00600000005215406,"Lamprologus lethops",3772.62325065123,1,1,0,NA,NA,NA,NA,NA,1,"DD",39
"4550",0,95.2429962158203,32.425,0.0440249986946583,1.88954998254776,309.527679443359,275.089324951172,0.0209999997168779,0.028999999165535,"Astatotilapia desfontainii",158633.993015109,NA,NA,0,NA,NA,NA,NA,NA,2,NA,544
"4552",0,2590.998046875,29.025,0.602874985337257,1.81427501142025,302.619338226318,282.844004058838,0.00300000002607703,0.0179999992251396,"Notoglanidium maculatum",6817.95166645863,1,0,0,NA,NA,NA,NA,NA,1,"VU",80
"4553",1.06389998346567,1131.64001464844,0,0.334374997019768,0.766550023853779,301.177033996582,295.35036315918,0.00300000002607703,0.00400000018998981,"Heterotilapia cessiana",12654.7482631372,1,0,0,NA,NA,NA,NA,NA,1,"EN",148
"4555",0.0147499998565763,937.736022949219,6.3,0.346850001811981,1.03460001647472,302.074194335937,291.333804321289,0.00300000002607703,0.0109499999321997,"Konia dikume",4717.56909834871,0,1,1,11.1999998092651,NA,0,3.2,"Carni.",1,"CR",55
"4558",1631.27001953125,4861.49609375,0,0.386999994516373,0.386999994516373,297.130004882812,295.367004394531,0.0020000000949949,0.0020000000949949,"Haplochromis acidens",70288.0030463266,0,1,1,12.8000001907349,NA,0,3,"Carni.",1,"DD",817
"4559",0,10.5369997024536,38,2.282249969244,2.33962492346764,302.144012451172,292.353147888184,0.00800000037997961,0.00800000037997961,"Placidochromis intermedius",334.782468437134,0,1,1,NA,NA,NA,NA,NA,1,"LC",4
"4561",0,3193.81298828125,21.6,0.241399997472763,1.31900000572205,301.748199462891,293.650201416016,0.0020000000949949,0.00600000005215406,"Chromidotilapia mamonekenei",63394.6464186654,NA,NA,0,NA,NA,NA,NA,NA,1,"LC",737
"4563",0,47952.2890625,40,0.172674997150898,2.77945008277893,300.806946563721,293.046730041504,0.0020000000949949,0.00600000005215406,"Lamprologus werneri",35498.2833081543,1,1,0,NA,NA,NA,NA,NA,1,"VU",388
"4566",0,12825.298828125,28.775,0.365450010448694,2.11487496495247,303.81201171875,289.326781463623,0.00300000002607703,0.00999999977648258,"Epiplatys longiventralis",69520.0321730896,1,1,0,NA,NA,NA,NA,NA,1,"EN",810
"4567",0,4969.48193359375,39,0.442999988794327,2.30999994277954,301.295989990234,288.194000244141,0.00300000002607703,0.00700000021606684,"Parakneria malaissei",14342.9747658247,NA,NA,0,NA,NA,NA,NA,NA,1,"DD",121
"4569",0,37493.1796875,18,0.236200001835823,1.47060000896454,301.607604980469,291.228601074219,0.0020000000949949,0.00700000021606684,"Enteromius rubrostigma",300237.890305928,NA,NA,0,NA,NA,NA,NA,NA,1,"LC",3465
"4571",0.0451750014908612,462.993011474609,30.3,0.0995249992236495,1.55037502646446,300.0158203125,284.870997619629,0.00100000004749745,0.00300000002607703,"Potamothrissa whiteheadi",11269.8396042825,1,0,0,4.69999980926514,"of no interest",0,NA,NA,1,"DD",128
"4572",0,3919.5419921875,44.4,0.854500007629394,3.57200007438659,303.044107055664,290.102008056641,0.00600000005215406,0.00909999962896108,"Tramitichromis intermedius",6876.2660956166,0,1,1,16,"commercial",0,3.35,"Carni.",1,"LC",77
"4579",0,109.133003234863,39,0.678274986147881,2.46142507791519,301.578231811523,279.623155212402,0.00899999961256981,0.017724999692291,"Sandelia capensis",105094.841413636,1,0,0,20,"commercial",0,3.79,"Carni.",2,"DD",532
"4580",0,4.72599983215332,9,1.18499994277954,1.18499994277954,301.9169921875,297.015991210938,0.00499999988824129,0.00499999988824129,"Nothobranchius hengstleri",253.528530317207,0,1,1,4.13000011444092,NA,0,NA,NA,1,"EN",1
"4581",0,18957.59765625,44,0.513750001788139,2.72325003147125,304.957748413086,287.25373840332,0.00499999988824129,0.0109999999403954,"Marcusenius macrolepidotus",733169.650817033,1,1,0,32,"commercial",0,3.2,"Carni.",1,"LC",7631
"4583",0,12825.298828125,45,0.237000003457069,3.00305010080337,309.373338317871,292.130659484863,0.00400000018998981,0.0140000004321337,"Distichodus brevipinnis",1005517.24811998,1,1,0,59,"commercial",0,2,"Herbi.",1,"LC",8147
"4584",0,717.818969726562,48.7,0.708999997377396,4.92569990158081,305.479104614258,299.452597045898,0.00300000002607703,0.00400000018998981,"Brycinus ferox",8414.7713261449,NA,NA,0,NA,NA,NA,NA,NA,2,NA,53
"4585",0,4098.27099609375,43,0.475024990737438,2.69519997239113,303.132430267334,285.432471466064,0.00600000005215406,0.00899999961256981,"Enteromius arcislongae",70188.022945673,1,1,0,NA,NA,NA,NA,NA,1,"LC",810
"4588",0,37493.1796875,26,0.252000004053116,1.66085000634193,303.406941223145,291.446142578125,0.00300000002607703,0.00899999961256981,"Enneacampus kaupi",474374.545542018,1,1,0,16.5," ",0,2.73,"Omni.",1,"LC",5407
"4590",0,421.359985351562,46,1.03474994301796,2.80870010852814,299.467056274414,292.410003662109,0.0020000000949949,0.00400000018998981,"Gnathonemus barbatus",6216.66263301699,1,1,0,NA,NA,NA,NA,NA,1,"DD",63
"4596",0,1841.35400390625,49,0.248200005292892,4.08479986190796,301.572998046875,292.190002441406,0.00300000002607703,0.00559999998658895,"Chelaethiops minutus",33354.7184506497,0,1,1,NA,NA,NA,NA,NA,1,"LC",257
"4601",0,31016.556640625,42.5,0.156999997794628,2.67199993133545,301.207992553711,296.365005493164,0.0020000000949949,0.00400000018998981,"Nannothrissa parva",66063.6110751707,1,1,0,4.19999980926514,"subsistence fisheries",0,2.66,"Omni.",1,"LC",621
"4606",0,24.9270000457764,32,1.82700002193451,1.82700002193451,301.47900390625,292.371002197266,0.00800000037997961,0.00800000037997961,"Labidochromis pallidus",83.5439592053947,0,1,1,NA,NA,NA,NA,NA,1,"LC",1
"4609",0,1937.20300292969,46,0.170000001788139,3.39829993247986,301.047994995117,287.748297119141,0.0020000000949949,0.00600000005215406,"Labeobarbus tropidolepis",128336.943227812,1,1,0,NA,NA,NA,NA,NA,1,"LC",1205
"4621",0,1507.87194824219,42,1.01599998474121,3.31339993476868,307.367193603516,296.549200439453,0.00320000005885959,0.00680000018328428,"Labeo boulengeri",11375.694100389,1,0,0,NA,NA,NA,NA,NA,2,"DD",89
"4628",1631.27001953125,4861.49609375,0,0.386999994516373,0.386999994516373,297.130004882812,295.367004394531,0.0020000000949949,0.0020000000949949,"Haplochromis welcommei",70029.8147067808,0,1,1,10.5,NA,0,3.26,"Carni.",1,"VU",814
"4630",0,3919.5419921875,44.4,0.854500007629394,3.57200007438659,303.044107055664,290.102008056641,0.00600000005215406,0.00909999962896108,"Ctenopharynx nitidus",6876.2660956166,0,1,1,13.8999996185303,"commercial",0,3.5,"Carni.",1,"LC",77
"4636",0.433599996566772,5070.841796875,0,0.733200025558472,1.43540000915527,299.451190185547,291.704400634766,0.0020000000949949,0.00620000008493662,"Enteromius aloyi",6278.33152552257,NA,NA,0,NA,NA,NA,NA,NA,1,"DD",73
"4637",0,47303.76171875,30.7249999999995,0.240274995192885,1.63617495894432,301.571168518066,291.761094665527,0.0020000000949949,0.00600000005215406,"Phractura brevicauda",393417.006383253,1,1,0,NA,NA,NA,NA,NA,1,"LC",4412
"4638",0.790000021457672,2.77999997138977,0,0.28999999165535,0.28999999165535,295.234985351562,292.31201171875,0.0020000000949949,0.0020000000949949,"Haplochromis exspectatus",86.0484689958878,0,1,1,NA,NA,NA,NA,NA,1,"VU",1
"4643",0,1841.35400390625,49,0.252425009012222,4.06107487678528,301.572998046875,292.097100067139,0.00300000002607703,0.00527499993331728,"Pseudosimochromis marginatus",34890.675799273,0,1,1,10," ",0,NA,NA,1,NA,270
"4647",0.385124996304512,890.078002929688,0,0.369250011444092,0.996099977195263,302.469630432129,286.794367218018,0.00222500007948838,0.00809999967459586,"Aphyosemion poliaki",7720.41627408374,1,0,0,NA,NA,NA,NA,NA,1,"EN",90
"4648",0,14660.6708984375,42,0.517124985158444,2.5617498934269,305.10919342041,285.955993652344,0.00700000021606684,0.0120000001043081,"Oreochromis mortimeri",361877.460349424,1,1,0,48,"commercial",0,2.7,"Omni.",3,"CR",2930
"4654",0.0469999983906746,6371.3427734375,21,0.37309999614954,2.24392495751381,300.494895172119,292.083082580566,0.0020000000949949,0.00600000005215406,"Parauchenoglanis pantherinus",79262.6883144036,NA,NA,0,NA,NA,NA,NA,NA,1,"VU",922
"4658",0.00560000017285347,43.3699989318848,19.8,0.297800010442734,1.26380002498627,297.198986816406,289.366796875,0.0042000001296401,0.00499999988824129,"Enteromius roussellei",1184.75308026537,1,1,0,NA,NA,NA,NA,NA,3,"DD",9
"4659",0,1836.41394042969,42,0.748975013196468,2.99009999036789,307.691061401367,299.373040771484,0.00300000002607703,0.00502499989233911,"Phreatichthys andruzzii",4719.15464882968,NA,NA,0,NA,NA,NA,NA,NA,2,NA,40
"4669",0,12825.298828125,29,0.22147500179708,1.87452497780323,303.871530914307,292.539414978027,0.00300000002607703,0.00899999961256981,"Poropanchax luxophthalmus",213540.890033875,1,1,0,4," ",0,NA,NA,1,"LC",2460
"4671",0,18957.59765625,44,0.435000002384186,2.92347506284714,307.272973632813,285.828781890869,0.00400000018998981,0.0109999999403954,"Pisodonophis boro",984674.034531064,1,1,0,100,"minor commercial",1,4.03,"Carni.",2,"LC",6822
"4673",10.9244003295898,74.197998046875,1,0.581199991703033,0.64060001373291,310.248004150391,282.302807617188,0.0272000007331371,0.028999999165535,"Aphanius saourensis",5874.02698802009,NA,NA,0,NA,NA,NA,NA,NA,2,NA,9
"4674",0,333.955993652344,35.125,0.490250006318092,2.06787499785423,301.437999725342,289.271507263184,0.00700000021606684,0.00899999961256981,"Nothobranchius kirki",6478.28177012112,1,1,0,NA,NA,NA,NA,NA,1,"VU",76
"4675",0,47952.2890625,44,0.186000004410744,3.27687510848045,309.271366119385,292.122985839844,0.00300000002607703,0.0140000004321337,"Heterotis niloticus",1108205.70291102,1,1,0,100,"commercial",0,2.9300000667572,"Carni.",1,"LC",7816
"4676",1.72699999809265,4414.875,0,0.383800011873245,0.904799997806549,300.347210693359,292.931201171875,0.0020000000949949,0.00479999994859099,"Channallabes ogooensis",7655.49178940106,NA,NA,0,NA,NA,NA,NA,NA,1,"DD",89
"4680",0,3274.53393554688,23.3249999999999,0.295674998313189,1.55465001165867,302.697998046875,288.022498321533,0.00300000002607703,0.0120000001043081,"Coelotilapia joka",73950.9033628168,1,0,0,NA,NA,NA,NA,NA,1,"EN",868
"4682",0,9473.2900390625,48,0.510424984991551,3.48372498750687,303.670397949219,287.467987060547,0.00499999988824129,0.0130000002682209,"Rhabdalestes maunensis",1001809.50204592,1,1,0,8.5,"commercial",0,3.34,"Carni.",2,"LC",6418
"4683",0,3.05299997329712,49,4.50899982452393,4.50899982452393,300.908996582031,292.876007080078,0.00700000021606684,0.00700000021606684,"Placidochromis macroceps",84.3398314721336,0,1,1,NA,NA,NA,NA,NA,1,"DD",1
"4685",0.470999985933304,4414.875,0,0.11599999666214,0.875,300.238006591797,293.751007080078,0.0020000000949949,0.00400000018998981,"Aphyosemion rectogoense",24170.5066000688,1,0,0,NA,NA,NA,NA,NA,1,"VU",281
"4690",0,31016.556640625,40,0.223000004887581,2.40579991340637,301.896801757813,293.332189941406,0.0020000000949949,0.00499999988824129,"Labeobarbus mawambiensis",274402.752463994,1,1,0,NA,NA,NA,NA,NA,1,"LC",2769
"4693",0,9131.9716796875,46,0.432325007021427,3.50667499303818,305.20915222168,287.71233291626,0.00800000037997961,0.0140000004321337,"Synodontis woosnami",206427.133977094,1,0,0,20.5,NA,0,2.42,"Omni.",2,"LC",574
"4695",0,47952.2890625,44,0.246999993920326,2.78937500715256,301.381988525391,290.993003845215,0.00100000004749745,0.00600000005215406,"Channallabes apus",1038728.9531527,1,1,0,NA,NA,NA,NA,NA,1,"LC",10146
"4701",0,12825.298828125,40.325,0.266000002622604,2.66385003328323,309.377990722656,293.910395812988,0.00300000002607703,0.0130000002682209,"Synodontis resupinatus",258412.479195984,1,1,0,26,"commercial",0,2.62,"Omni.",2,"LC",1548
"4704",0,37903.6640625,44,0.230000004172325,2.81699991226196,300.747985839844,291.398986816406,0.00100000004749745,0.00499999988824129,"Nanochromis teugelsi",1543317.00744592,1,1,0,NA,NA,NA,NA,NA,1,"LC",15205
"4706",0,47862.3828125,42,0.17957500629127,2.60742508172989,301.296997070312,293.986999511719,0.0020000000949949,0.00499999988824129,"Epiplatys multifasciatus",981922.945767451,1,1,0,NA,NA,NA,NA,NA,1,"DD",9824
"4707",2.2856250166893,1363.66101074219,0,0.305225003510714,0.551925015449524,300.548236846924,293.395922088623,0.00300000002607703,0.00499999988824129,"Labeo curriei",1537.12159386384,1,0,0,NA,NA,NA,NA,NA,1,"CR",18
"4718",0,1841.35400390625,49,0.247550004720688,4.08844985961914,301.572998046875,292.190002441406,0.00300000002607703,0.0056499999947846,"Lamprologus signatus",33012.5919769452,0,1,1,5.5,"commercial",0,3.6,"Carni.",1,"LC",255
"4719",0.0107500003883615,10035.203125,12,0.247999995946884,1.40652498006821,301.901051330566,293.349969482422,0.0020000000949949,0.00600000005215406,"Nannopetersius lamberti",80790.3567404436,1,1,0,NA,NA,NA,NA,NA,1,"LC",940
"4720",0,12825.298828125,42,0.160999998450279,2.77517508268356,309.053009033203,293.018312835693,0.00300000002607703,0.0140000004321337,"Distichodus rostratus",1459223.11875372,1,1,0,76,"commercial",0,2.57999992370605,"Omni.",1,"LC",12474
"4726",0,1841.35400390625,49,0.247225004434586,4.09027485847473,301.562593841553,292.190002441406,0.00300000002607703,0.00499999988824129,"Xenotilapia albini",32927.6349325844,0,1,1,NA,NA,NA,NA,NA,1,"DD",254
"4728",0,47952.2890625,41,0.238000005483627,2.50200009346008,301.598747253418,293.441505432129,0.0020000000949949,0.00499999988824129,"Synodontis notatus",570791.468079495,1,1,0,NA,NA,NA,NA,NA,1,"LC",5491
"4729",0,9131.9716796875,48,0.488425000011921,3.52715007662773,303.676338195801,287.378418731689,0.00499999988824129,0.0140000004321337,"Oreochromis andersonii",947660.08919812,1,1,0,61,"commercial",0,2.39,"Omni.",2,"VU",5058
"4730",0,47222.84765625,40.75,0.0642500026151538,2.67175009846687,300.985008239746,294.417991638184,0.0020000000949949,0.00499999988824129,"Atopochilus chabanaudi",3948.6275505585,1,1,0,NA,NA,NA,NA,NA,1,"DD",46
"4733",0.00899999961256981,11712.7255859375,28,0.231000006198883,2.22150002717972,301.492091369629,291.879106140137,0.0020000000949949,0.00600000005215406,"Enteromius martorelli",276971.200804832,1,1,0,NA,NA,NA,NA,NA,1,"LC",3155
"4735",0,13753.466796875,46,0.122200001776218,4.28279991149901,309.886791992188,287.285595703125,0.0020000000949949,0.0179999992251396,"Mormyrus caschive",313484.555165466,1,1,0,100,NA,0,3.2,"Carni.",2,"LC",1625
"4738",0.017399999499321,73.4250030517578,37.85,1.39374998211861,2.69199996590614,302.195346069336,296.673045349121,0.00499999988824129,0.00499999988824129,"Nothobranchius rubripinnis",597.622345063263,1,1,0,NA,NA,NA,NA,NA,1,"EN",7
"4740",0,47222.84765625,42,0.247999995946884,2.5886500120163,301.846008300781,294.415098571777,0.0020000000949949,0.00499999988824129,"Polypterus weeksii",466068.619849999,1,1,0,NA,NA,NA,NA,NA,1,"LC",4695
"4741",0,628.018005371094,32,0.535000026226044,2.07799994945526,301.608367919922,280.047370910645,0.0130000002682209,0.0189999993890524,"Pomatoschistus microps",11381.7388943766,1,1,0,9,"of no interest",1,3.2,"Carni.",3,"LC",156
"4742",0,4861.49609375,34,0.273000001907349,1.54549998044968,300.56944732666,284.213554382324,0.00300000002607703,0.00600000005215406,"Amphilius lujani",21080.1544104061,1,0,0,NA,NA,NA,NA,NA,1,"LC",223
"4747",0,1841.35400390625,49,0.252425009012222,4.06107487678528,301.572998046875,292.097100067139,0.00300000002607703,0.00527499993331728,"Synodontis polli",34890.675799273,0,1,1,NA,NA,NA,NA,NA,1,"LC",270
"4749",0,47862.3828125,42,0.232599994540215,2.60999989509583,301.514007568359,293.733801269531,0.0020000000949949,0.00600000005215406,"Parachanna insignis",468101.895781959,1,1,0,NA,NA,NA,NA,NA,1,"LC",4785
"4751",0,5487.68017578125,33,0.153999999165535,1.90749996900558,307.712493896484,293.426010131836,0.00400000018998981,0.00999999977648258,"Enteromius macinensis",784037.292789806,1,1,0,NA,NA,NA,NA,NA,1,"LC",6861
"4755",0.0230000000447035,2397.17700195312,25.9,0.823700013756752,2.54190005064011,299.591859436035,292.448341369629,0.00300000002607703,0.00499999988824129,"Euchilichthys dybowskii",24668.0573728656,1,0,0,NA,NA,NA,NA,NA,1,"LC",283
"4764",0,7412.22021484375,45,0.299725007265806,2.9698250412941,300.682230377197,290.386716461182,0.00100000004749745,0.00499999988824129,"Marcusenius dundoensis",156577.866294129,1,1,0,NA,NA,NA,NA,NA,1,"DD",1510
"4766",0,14660.6708984375,47,0.442799991369247,3.35919995307922,304.857397460937,285.825390625,0.00499999988824129,0.0130000002682209,"Pharyngochromis acuticeps",1428678.12799614,1,1,0,NA,NA,NA,NA,NA,2,"LC",9953
"4767",0,182.970001220703,32.775,0.805099986493587,1.76434997320175,297.936587524414,277.950135803223,0.00745000008028001,0.0133250003214926,"Psammogobius knysnaensis",935.417225323237,1,0,0,7.5,NA,0,NA,NA,3,"LC",10
"4770",0,47952.2890625,43,0.202000007033348,2.75399994850159,301.817993164062,289.683673095703,0.0020000000949949,0.00700000021606684,"Odaxothrissa losera",1743032.00747141,1,0,0,14.3500003814697,"subsistence fisheries",0,NA,NA,1,"LC",17588
"4771",0,5031.69580078125,40.65,0.436400005221367,2.39509998559952,301.676951599121,287.505345153809,0.00300000002607703,0.00899999961256981,"Tylochromis mylodon",59402.2604624895,1,1,0,22,"commercial",0,3.29,"Carni.",1,"LC",575
"4772",0.270750001072884,242.580001831055,0,0.126499995589256,0.522499993443489,295.157012939453,289.435249328613,0.0020000000949949,0.00250000011874363,"Haplochromis olivaceus",2837.93065776997,0,1,1,8.89999961853027,NA,0,NA,NA,3,"LC",31
"4776",0,439.285003662109,23.6,0.263824991881847,1.67767503261566,300.530313873291,279.804840087891,0.00499999988824129,0.00600000005215406,"Oreochromis jipe",6956.95780429941,1,1,0,50,"commercial",0,2,"Herbi.",1,"EN",58
"4779",0,61.9189987182617,35.55,0.545800006389618,1.76560003757477,300.147503662109,287.189297485352,0.00499999988824129,0.00499999988824129,"Chiloglanis kalambo",5192.14821747836,1,0,0,4.40000009536743,"of no interest",0,NA,NA,1,"VU",59
"4782",1.06987500190735,1158.28894042969,0,0.223125005140901,0.612624995410442,302.65926361084,290.499378204346,0.00300000002607703,0.00400000018998981,"Polypterus teugelsi",7365.08427734965,1,0,0,41.5,NA,0,NA,NA,1,"DD",86
"4788",0.599400019645691,890.078002929688,0,0.342199999094009,0.992999970912933,302.022601318359,293.459606933594,0.00300000002607703,0.00819999966770409,"Stomatepia mariae",4202.50772882648,0,1,1,NA,NA,NA,NA,NA,1,"CR",49
"4790",0,8195.763671875,45,0.288500003516674,2.77900004386902,301.393257141113,291.199012756348,0.00100000004749745,0.00499999988824129,"Serranochromis spei",160109.434716531,1,1,0,NA,NA,NA,NA,NA,1,"LC",1431
"4791",0,14366.2666015625,40,0.228199997544289,2.4771999835968,301.601593017578,292.173803710937,0.0020000000949949,0.00499999988824129,"Microstomatichthyoborus katangae",118537.076550785,1,1,0,NA,NA,NA,NA,NA,1,"LC",1129
"4792",0,3919.5419921875,44.4,0.854500007629394,3.57200007438659,303.044107055664,290.102008056641,0.00600000005215406,0.00909999962896108,"Protomelas annectens",6876.2660956166,0,1,1,NA,NA,NA,NA,NA,1,"LC",77
"4793",0,47545.85546875,42,0.232125002145767,2.71472507119179,300.792571258545,294.964417266846,0.0020000000949949,0.00400000018998981,"Distichodus noboli",310333.825327205,1,1,0,NA,NA,NA,NA,NA,1,"LC",3138
"4798",0.17875000089407,1700.67602539062,4,0.19225000217557,0.802500009536743,300.681999206543,290.847999572754,0.00300000002607703,0.00499999988824129,"Doumea sanaga",69425.9835082059,NA,NA,0,NA,NA,NA,NA,NA,1,"LC",811
"4800",0,9131.9716796875,43,0.398249989748001,2.76844989061356,304.158361816406,287.407989501953,0.00499999988824129,0.0130000002682209,"Clariallabes platyprosopos",100641.818906496,1,0,0,29.5,NA,0,4.2,"Carni.",2,"LC",558
"4805",0,9131.9716796875,48,0.426174988597631,3.49477505683899,304.11491394043,287.406067657471,0.00499999988824129,0.0130000002682209,"Labeobarbus codringtonii",173832.475383179,1,0,0,39,NA,0,3.65,"Carni.",2,"LC",1030
"4806",0,18957.59765625,46,0.504000008106232,3.0782000541687,305.091204833984,287.857604980469,0.00700000021606684,0.0120000001043081,"Malapterurus shirensis",381329.192313397,1,0,0,NA,NA,NA,NA,NA,1,"LC",3713
"4811",0,3452.9189453125,36,0.162000000476837,2.17600011825562,308.364013671875,294.285003662109,0.00499999988824129,0.0109999999403954,"Nannocharax lineomaculatus",168812.926064714,1,1,0,NA,NA,NA,NA,NA,1,"LC",1601
"4813",0,60.4309997558594,37.5,0.33712499588728,2.330874979496,308.520240783691,296.415130615234,0.0109999999403954,0.0120000001043081,"Alloblennius jugularis",3328.40643877063,NA,NA,0,NA,NA,NA,NA,NA,2,"LC",6
"4817",0.22355000115931,2538.36596679688,1,0.282274998724461,1.08892502188683,302.715674591064,293.365997314453,0.00300000002607703,0.00899999961256981,"Marcusenius meronai",25516.3409531026,1,0,0,NA,NA,NA,NA,NA,1,"EN",300
"4820",0,192.233993530273,40.725,0.448550006747246,2.46112497448921,302.667652893066,279.728958129883,0.00400000018998981,0.0140000004321337,"Carassius auratus",28028.0774473059,1,1,0,48,"commercial",0,2.86,"Carni.",3,"LC",252
"4822",0,12825.298828125,35,0.174999997019768,2.36522507667541,308.561004638672,294.342987060547,0.00300000002607703,0.0111749999690798,"Clypeobarbus hypsolepis",333339.18994487,1,0,0,NA,NA,NA,NA,NA,1,"LC",2474
"4823",0,5503.81201171875,37,0.497100009024143,2.04440007209778,302.921696472168,287.262187194824,0.00400000018998981,0.00695000020787113,"Opsaridium loveridgii",98980.9494727895,1,1,0,NA,NA,NA,NA,NA,1,"LC",603
"4825",0,2951.19799804688,33,0.533700013160706,1.50750002861023,301.517114257812,289.711596679688,0.00300000002607703,0.00499999988824129,"Labeobarbus altipinnis",7223.3756629481,1,1,0,NA,NA,NA,NA,NA,1,"LC",77
"4826",0,47545.85546875,43,0.246999993920326,2.71099996566772,301.039051055908,295.092962646484,0.00100000004749745,0.00400000018998981,"Congochromis squamiceps",464588.143288779,1,1,0,NA,NA,NA,NA,NA,1,"LC",4720
"4827",0,2951.19799804688,33,0.533700013160706,1.50750002861023,301.517114257812,289.711596679688,0.00300000002607703,0.00499999988824129,"Parakneria lufirae",7223.3756629481,1,1,0,NA,NA,NA,NA,NA,1,"DD",77
"4828",0,47545.85546875,43,0.24600000679493,2.7478499174118,301.108706665039,294.363157653809,0.0020000000949949,0.00600000005215406,"Microctenopoma ansorgii",272369.660252889,1,1,0,NA,NA,NA,NA,NA,1,"LC",2807
"4830",0,841.357971191406,48,0.231000006198883,2.93899989128113,301.032012939453,293.880004882812,0.0020000000949949,0.00499999988824129,"Clariallabes manyangae",7299.72794438436,1,1,0,NA,NA,NA,NA,NA,1,"DD",41
"4831",0,9131.9716796875,47,0.441500008106232,3.38750004768372,303.218505859375,287.36149597168,0.00499999988824129,0.0130000002682209,"Enteromius multilineatus",1131139.42046494,1,1,0,4.5,"commercial",0,NA,NA,3,"LC",8581
"4833",0,47952.2890625,42,0.198575000092387,2.55542503595352,301.734008789062,291.565153503418,0.0020000000949949,0.00499999988824129,"Chrysichthys cranchii",952721.992353758,1,1,0,NA,NA,NA,NA,NA,1,"LC",9424
"4835",0.639949995279312,452.679992675781,0,0.433649995923042,0.855300027132034,302.571249389648,287.003736877441,0.0020000000949949,0.00415000014472753,"Tylochromis trewavasae",3002.91946512575,1,0,0,20,NA,0,3.24,"Carni.",1,"DD",35
"4838",0.00909999962896109,47952.2890625,40,0.261000007390976,3.42359994649887,300.933410644531,292.779109191895,0.00300000002607703,0.00700000021606684,"Mastacembelus aviceps",9335.71281336562,1,0,0,NA,NA,NA,NA,NA,1,"VU",83
"4845",0.0700000002980232,30925.5546875,14.2999999999997,0.345699989795685,2.06599996089935,301.145291137695,291.62991027832,0.0020000000949949,0.00600000005215406,"Epiplatys neumanni",199036.742328077,1,0,0,NA,NA,NA,NA,NA,1,"LC",2309
"4848",0,47302.59765625,40,0.278924994170666,2.74554995298384,304.233721160889,292.228786468506,0.00300000002607703,0.00700000021606684,"Lutjanus goreensis",12549.8484089694,1,0,0,80,"minor commercial",1,3.97,"Carni.",1,"DD",134
"4849",0,37903.6640625,41,0.277425004541874,2.31172495484352,300.798603820801,287.907389831543,0.00100000004749745,0.00899999961256981,"Nannocharax wittei",272434.203189305,NA,NA,0,NA,NA,NA,NA,NA,1,NA,2818
"4850",0,3919.5419921875,44.4,0.854500007629394,3.57200007438659,303.044107055664,290.102008056641,0.00600000005215406,0.00909999962896108,"Lethrinops stridei",6876.2660956166,0,1,1,13,"commercial",0,2,"Herbi.",1,"DD",77
"4855",0,18957.59765625,44,0.354424996674061,2.86957491636276,304.950012207031,281.341116333008,0.00300000002607703,0.0149999996647239,"Psammogobius biocellatus",1073184.67274886,1,1,0,19.7999992370605,"of no interest",1,NA,NA,1,"LC",9178
"4857",0,2378.85498046875,32.45,0.944550004601479,2.24949998557567,303.169455718994,294.305445098877,0.00499999988824129,0.00700000021606684,"Nothobranchius lucius",2045.76461441908,1,1,0,5.36999988555908,NA,0,NA,NA,1,"NT",22
"4860",0,4347.6337890625,20.1,0.23189999461174,1.3331999540329,302.029998779297,290.165802001953,0.00300000002607703,0.00899999961256981,"Fundulopanchax fallax",47803.4058935403,1,1,0,NA,NA,NA,NA,NA,1,"EN",557
"4861",1.42700002193451,575.367980957031,0,0.28522499576211,0.535624975711107,300.68423538208,293.996995544434,0.00300000002607703,0.00400000018998981,"Enteromius lauzannei",3747.24995899451,1,0,0,NA,NA,NA,NA,NA,1,"VU",44
"4864",0,8007.33984375,49,0.140000000596046,4.99774997234344,309.266998291016,291.73843460083,0.00600000005215406,0.0140000004321337,"Micropanchax kingii",161793.897719862,1,1,0,4,NA,0,NA,NA,2,"LC",738
"4876",0,47952.2890625,41,0.216350001096725,2.50200009346008,301.734008789062,293.587750244141,0.0020000000949949,0.00499999988824129,"Eugnathichthys eetveldii",626728.82239757,1,1,0,NA,NA,NA,NA,NA,1,"LC",6135
"4881",0,12825.298828125,43,0.159999996423721,2.84944994449615,309.932006835938,292.957202148437,0.00400000018998981,0.0140000004321337,"Marcusenius senegalensis",2069663.82031803,1,1,0,32.0999984741211,"minor commercial",0,2.79,"Omni.",1,"LC",15263
"4885",0.2153500020504,11712.7255859375,2,0.415149994194508,1.5951500415802,300.737893676758,292.020552062988,0.00300000002607703,0.00499999988824129,"Neolebias kerguennae",45340.5420747062,NA,NA,0,NA,NA,NA,NA,NA,1,"EN",527
"4888",0,4650.77490234375,39,0.34480000063777,2.33309997916222,300.759404754639,287.863204193115,0.00499999988824129,0.00999999977648258,"Nannocharax minutus",46101.8433602338,NA,NA,0,NA,NA,NA,NA,NA,3,NA,498
"4893",0,1841.35400390625,49,0.247550004720688,4.08844985961914,301.572998046875,292.190002441406,0.00300000002607703,0.0056499999947846,"Mastacembelus flavidus",33012.5919769452,0,1,1,NA,NA,NA,NA,NA,1,"LC",255
"4903",0.00517499991692603,5301.97900390625,26.825,0.119999997317791,1.42777502536774,300.545729064941,286.140520477295,0.0020000000949949,0.00400000018998981,"Astatoreochromis alluaudi",232689.306821896,1,1,0,19,"commercial",0,3.6,"Carni.",1,"LC",2088
"4907",0,179.875,44,0.963575021922588,3.42262504696846,302.670989990234,292.212200927734,0.00800000037997961,0.00800000037997961,"Labidochromis vellicans",1168.45461059626,0,1,1,6.69999980926514,"commercial",0,2,"Herbi.",1,"LC",12
"4909",0,1106.91394042969,40,0.566699975728989,2.50744997262955,302.593798828125,279.404911804199,0.00800000037997961,0.0140000004321337,"Redigobius dewaali",169502.236427955,1,0,0,5.59999990463257,NA,0,3.36,"Carni.",3,"LC",1675
"4911",0.0425000004470348,1667.74096679688,20.5,0.32599999755621,1.32699996232986,303.143257141113,296.463256835938,0.00400000018998981,0.00499999988824129,"Notoglanidium walkeri",18917.8773908584,1,1,0,NA,NA,NA,NA,NA,1,"NT",191
"4912",0.0314999994821847,343.946990966797,21.65,0.121700000762939,1.65124997496604,299.948445129394,291.31950378418,0.00300000002607703,0.00499999988824129,"Orthochromis rubrolabialis",9760.64509218185,1,0,0,NA,NA,NA,NA,NA,1,"EN",95
"4913",0.595249995589256,2945.0400390625,1,0.499500006437302,1.14849998056889,302.759742736816,292.735496520996,0.00400000018998981,0.00874999980442226,"Scriptaphyosemion etzeli",935.223000566747,1,1,0,NA,NA,NA,NA,NA,1,"CR",11
"4914",0.0285499999299645,548.260009765625,31.9,0.188850001990795,1.75540000796318,305.659503173828,296.049942016602,0.00499999988824129,0.00700000021606684,"Synodontis comoensis",52279.2606537983,1,0,0,NA,NA,NA,NA,NA,1,"LC",503
"4915",0.0705999979749322,590.184020996094,3,0.331999987363815,1.30454995632172,298.501007080078,285.577143096924,0.00499999988824129,0.00700000021606684,"Labeobarbus megastoma",12968.8578893625,1,1,0,82.4000015258789,NA,0,3.1800000667572,"Carni.",3,"LC",154
"4921",0,3919.5419921875,49,0.888399991393089,4.31522487401962,302.840217590332,288.815494537354,0.00700000021606684,0.00999999977648258,"Diplotaxodon limnothrissa",12927.206021921,0,1,1,15.3999996185303,"commercial",0,3.13,"Carni.",1,"LC",148
"4923",0,3935.47412109375,41.375,0.83737501502037,2.8677499294281,303.015239715576,290.984634399414,0.00687500019557774,0.00912499963305891,"Caprichromis orthognathus",3100.1167566456,0,1,1,19.5,"commercial",0,4,"Carni.",1,"LC",36
"4925",0.0184000008739531,47303.34765625,14.25,0.235500006377697,1.43252500891686,301.172909545898,293.885346984863,0.00400000018998981,0.00700000021606684,"Micralestes holargyreus",2569.5107953274,1,1,0,NA,NA,NA,NA,NA,1,"DD",24
"4927",0,12825.298828125,37,0.151099993288517,2.16940007209778,308.367990112305,294.157211303711,0.00400000018998981,0.0109999999403954,"Mormyrus macrophthalmus",416423.308764872,1,1,0,NA,NA,NA,NA,NA,1,"LC",3445
"4928",1631.27001953125,4861.49609375,0,0.386999994516373,0.386999994516373,297.130004882812,295.367004394531,0.0020000000949949,0.0020000000949949,"Haplochromis estor",70201.9485614657,0,1,1,17,NA,0,4.2,"Carni.",1,"DD",816
"4931",0.0444500006735325,2003.27404785156,21,0.85244999229908,2.45055004358292,299.410403442383,292.434359741211,0.00300000002607703,0.00499999988824129,"Synodontis pardalis",15383.5365212904,1,1,0,NA,NA,NA,NA,NA,1,"EN",179
"4936",0.0462000012397766,8097.2041015625,20.5999999999999,0.264800000190735,1.38900005817413,301.195794677734,293.251995849609,0.0020000000949949,0.00600000005215406,"Amphilius pulcher",91193.1428889336,1,0,0,NA,NA,NA,NA,NA,1,"LC",1057
"4939",0.070600001513958,2610.23388671875,24,0.204599997401237,1.1293999671936,304.670794677734,294.769995117187,0.00300000002607703,0.00700000021606684,"Enteromius trispilos",362333.651935968,1,0,0,NA,NA,NA,NA,NA,1,"LC",3905
"4940",0,18957.59765625,45,0.427200001478195,2.87380003929138,302.914593505859,283.645404052734,0.00400000018998981,0.0120000001043081,"Planiliza melinopterus",200034.198660052,NA,NA,0,NA,NA,NA,NA,NA,1,NA,1545
"4941",0.0381999999284745,174.751007080078,12.6,0.477099987864494,1.04490005373955,296.674896240234,290.684091186523,0.00400000018998981,0.00499999988824129,"Labeobarbus ethiopicus",426.192833465294,0,1,1,NA,NA,NA,NA,NA,3,"EN",5
"4943",2.26750001311302,107.46199798584,0,0.275499999523163,0.445875000208616,301.220500946045,296.161754608154,0.0023750000691507,0.00300000002607703,"Enteromius tegulifer",1375.13496628521,NA,NA,0,NA,NA,NA,NA,NA,1,"DD",16
"4944",0.0168000007979572,47303.34765625,14.75,0.232500006258488,1.45117500424385,301.176309204102,293.87244720459,0.00400000018998981,0.00700000021606684,"Oreochromis lepidurus",2139.52135836836,1,1,0,NA,NA,NA,NA,NA,1,"EN",22
"4948",0,2385.04711914062,44,0.254400008916855,2.47720003128052,302.285003662109,289.202600097656,0.00499999988824129,0.00899999961256981,"Pareutropius longifilis",188217.354975269,1,1,0,NA,NA,NA,NA,NA,1,"LC",1425
"4953",0.162749998271465,763.440002441406,0.25,0.448250003159046,1.036749958992,301.029495239258,293.876007080078,0.00300000002607703,0.00499999988824129,"Enteromius boboi",6071.35920387774,1,0,0,NA,NA,NA,NA,NA,1,"CR",71
"4955",0.0497499988414347,441.305999755859,28.625,0.263999998569489,1.13012497127056,303.665626525879,296.71212387085,0.00300000002607703,0.00499999988824129,"Coptodon discolor",51407.9567580598,1,1,0,NA,NA,NA,NA,NA,1,"NT",456
"4963",0,227.733001708984,39.15,0.390499994158745,2.50912494659424,308.981275177002,284.258763885498,0.00700000021606684,0.0130000002682209,"Pomadasys argenteus",3839.99421921858,1,0,0,70,"commercial",1,3.36,"Carni.",2,"LC",38
"4968",0,47911.4375,30.4749999999995,0.214000001549721,2.16799998283386,300.807949066162,292.141356658936,0.0020000000949949,0.00499999988824129,"Microsynodontis batesii",394129.976283405,NA,NA,0,NA,NA,NA,NA,NA,1,"DD",4542
"4970",0.270750001072884,242.580001831055,0,0.126499995589256,0.522499993443489,295.157012939453,289.435249328613,0.0020000000949949,0.00250000011874363,"Haplochromis paucidens",2837.93065776997,0,1,1,NA,NA,NA,NA,NA,3,"LC",31
"4971",0,9131.9716796875,48,0.503900009393692,3.50699996948242,303.901586914062,287.47229309082,0.00600000005215406,0.0140000004321337,"Enteromius barnardi",763628.466048268,1,1,0,7,"commercial",0,2.63,"Omni.",2,"LC",4677
"4975",0,13746.927734375,42,0.189949997514486,3.18665009737014,309.276150512695,290.663963317871,0.0020000000949949,0.0179999992251396,"Synodontis frontosus",341906.535909856,1,1,0,34.2000007629395,NA,0,2.79,"Omni.",1,"LC",2599
"4976",0.0193999998271465,47952.2890625,41.8,0.261000007390976,1.43559997081757,301.201599121094,293.394396972656,0.00300000002607703,0.00700000021606684,"Labeobarbus dartevellei",2397.98523964026,1,1,0,NA,NA,NA,NA,NA,1,"DD",17
"4978",0,115.68399810791,41.7,2.21065005064011,2.87515008449554,302.493542480469,290.741098022461,0.00800000037997961,0.00899999961256981,"Placidochromis boops",668.409036324841,0,1,1,NA,NA,NA,NA,NA,1,"LC",7
"4980",0,9478.6494140625,48,0.432000011205673,3.46440000534058,304.449200439453,287.259405517578,0.00499999988824129,0.0130000002682209,"Enteromius poechii",988948.45266033,1,1,0,11,"minor commercial",0,3.35,"Carni.",2,"LC",6673
"4981",0,14720.73046875,44,0.412000000476837,2.93907500505447,300.274993896484,296.778307342529,0.0020000000949949,0.0020000000949949,"Amarginops platus",2839.94914831016,1,1,0,NA,NA,NA,NA,NA,1,"DD",32
"4982",0,47952.2890625,40,0.174999997019768,2.52122494578361,301.489233398437,292.581774139404,0.0020000000949949,0.00600000005215406,"Microctenopoma nanum",1766907.66453224,1,1,0,NA,NA,NA,NA,NA,1,"LC",18632
"4983",0.266499998047948,1487.19995117188,5.5,0.37100000679493,0.804500013589859,300.598495483398,296.499008178711,0.0020000000949949,0.00250000006053597,"Nanochromis transvestitus",1806.20941578989,0,1,1,NA,NA,NA,NA,NA,1,"EN",21
"4984",0,2334.09692382812,27.425,0.152999997138977,1.39452501237392,304.074827575684,295.477919769287,0.00400000018998981,0.00642500012181695,"Marcusenius brucii",75477.7344839847,1,0,0,NA,NA,NA,NA,NA,1,"DD",824
"4987",0.0126250002067536,16501.240234375,40.25,0.266124997287989,2.4020000398159,300.425487518311,296.324626922607,0.0020000000949949,0.00300000002607703,"Lamprologus tumbanus",4560.53903315996,0,1,1,NA,NA,NA,NA,NA,1,"EN",36
"4988",0.0200999995693564,2515.99096679688,29.6999999999999,0.24600000679493,1.23069995641708,301.314602661133,293.611492919922,0.00300000002607703,0.00600000005215406,"Enteromius rouxi",41999.2493574387,NA,NA,0,NA,NA,NA,NA,NA,1,"DD",485
"4989",0,15332.720703125,38,0.299600011110306,2.31219992637634,301.821606445313,293.561193847656,0.0020000000949949,0.00600000005215406,"Congothrissa gossei",38283.7777022497,1,0,0,3.5,"subsistence fisheries",0,3.33,"Carni.",1,"DD",433
"4990",0,78.0100021362305,43.35,0.845875015854836,3.25637503266334,302.670989990234,291.251279449463,0.00700000021606684,0.00800000037997961,"Pseudotropheus purpuratus",1339.5468642556,0,1,1,NA,NA,NA,NA,NA,1,"LC",14
"4991",0.440000008046627,43.0340003967285,0,0.0606499996036291,0.403899998962879,292.755046081543,285.328141784668,0.00100000004749745,0.0020000000949949,"Haplochromis erythromaculatus",1978.59369783675,1,1,0,10.3000001907349,NA,0,NA,NA,3,"EN",23
"4992",0,3919.5419921875,45,0.90650001168251,3.78075003623962,302.692741394043,290.852256774902,0.00700000021606684,0.00899999961256981,"Nimbochromis fuscotaeniatus",2760.38238050639,0,1,1,25,"commercial",0,4.2,"Carni.",1,"VU",31
"4993",0,14720.73046875,41,0.226599997282028,2.57819995880127,301.437799072266,291.166796875,0.0020000000949949,0.00499999988824129,"Zaireichthys heterurus",108027.232490905,1,1,0,NA,NA,NA,NA,NA,1,"LC",1033
"4995",1631.27001953125,4861.49609375,0,0.386999994516373,0.386999994516373,297.130004882812,295.367004394531,0.0020000000949949,0.0020000000949949,"Haplochromis diplotaenia",70201.9485614657,0,1,1,11,NA,0,4.2,"Carni.",1,"DD",816
"4996",0,1841.35400390625,49,0.247550004720688,4.08844985961914,301.572998046875,292.190002441406,0.00300000002607703,0.0056499999947846,"Lophiobagrus brevispinis",33012.5919769452,0,1,1,NA,NA,NA,NA,NA,1,"LC",255
"4997",0.00142500001238659,14259.4609375,27,0.0970000028610229,1.63425000607967,299.95558013916,287.816951751709,0.0020000000949949,0.0020000000949949,"Labeobarbus paucisquamatus",81708.9495341357,NA,NA,0,NA,NA,NA,NA,NA,1,NA,940
"4999",0,1043.26098632812,46,0.426800000667572,3.00230008363724,300.577297973633,297.117286682129,0.0020000000949949,0.0020000000949949,"Synodontis robertsi",13319.4276580219,1,1,0,NA,NA,NA,NA,NA,1,"DD",115
"5006",0,67.4010009765625,33.025,0.712774999439716,1.81234994530678,303.976609039307,273.475589752197,0.0219999998807907,0.0309999994933605,"Salaria atlantica",3766.2425792225,NA,NA,0,NA,NA,NA,NA,NA,3,NA,40
"5009",0,12825.298828125,30.4749999999999,0.147525000944734,1.75327498316765,306.831950378418,292.834049224854,0.00300000002607703,0.00800000037997961,"Phractura clauseni",341997.656684785,1,0,0,NA,NA,NA,NA,NA,1,"LC",3462
"5010",0,487.109008789062,43,0.666649997234344,3.15880007743835,300.822946166992,288.204058837891,0.00534999994561076,0.00899999961256981,"Nannocharax fasciolaris",8476.82448055933,1,1,0,NA,NA,NA,NA,NA,2,"DD",55
"5011",1.30859997272491,381.43701171875,0,0.300000011920929,0.606399977207184,301.815991210938,293.542413330078,0.00300000002607703,0.00580000020563603,"Coptodon thysi",1456.6482365492,0,1,1,NA,NA,NA,NA,NA,1,"CR",17
"5012",0.00909999962896109,47952.2890625,40,0.261000007390976,3.42359994649887,300.933410644531,292.779109191895,0.00300000002607703,0.00700000021606684,"Steatocranus glaber",9335.71281336562,1,1,0,NA,NA,NA,NA,NA,1,"VU",83
"5013",0,47952.2890625,40,0.223000004887581,2.54915002584457,301.587030792236,293.507820892334,0.0020000000949949,0.00600000005215406,"Labeo barbatus",336125.443715222,1,0,0,NA,NA,NA,NA,NA,1,"LC",3480
"5014",0,1841.35400390625,49,0.247550004720688,4.08844985961914,301.572998046875,292.190002441406,0.00300000002607703,0.0056499999947846,"Xenotilapia spiloptera",33012.5919769452,0,1,1,NA,NA,NA,NA,NA,1,"DD",255
"5015",0,14054.060546875,47,0.404000014066696,4.45337488651276,311.077806091309,289.472406768799,0.00600000005215406,0.0149999996647239,"Nannocharax niloticus",172744.658250828,1,0,0,NA,NA,NA,NA,NA,2,"DD",854
"5019",0,47952.2890625,42,0.199000000953674,2.63627496361732,301.790100860596,290.549987792969,0.0020000000949949,0.00600000005215406,"Micralestes stormsi",1029162.9557868,1,1,0,NA,NA,NA,NA,NA,1,"LC",10430
"5020",0.383650003373623,2100.81494140625,0,0.30179999768734,1.324100035429,301.053442382812,293.649305725098,0.00300000002607703,0.00600000005215406,"Aphyosemion heinemanni",5411.4949087238,1,0,0,NA,NA,NA,NA,NA,1,"DD",63
"5023",0.326999992132187,12302.388671875,0,0.155775002762675,1.53822499811649,300.91180267334,292.073625183105,0.0020000000949949,0.00499999988824129,"Parananochromis ornatus",99108.577151465,NA,NA,0,NA,NA,NA,NA,NA,1,"EN",1152
"5025",0.297550003230572,22.0179996490479,0,0.724674977362156,0.750324986875057,306.903623962402,297.026268768311,0.00800000037997961,0.00800000037997961,"Nothobranchius occultus",422.373311469475,1,1,0,NA,NA,NA,NA,NA,2,"DD",2
"5026",0,490.212005615234,39,0.230524995550513,2.20080007910728,297.519671630859,287.39599609375,0.00300000002607703,0.00700000021606684,"Labeobarbus clarkeae",9067.78324835414,1,1,0,NA,NA,NA,NA,NA,2,"DD",94
"5031",0.0486249988898635,4347.6337890625,21.125,0.202999994158745,1.91150003671646,301.345245361328,293.342872619629,0.00300000002607703,0.00499999988824129,"Campylomormyrus phantasticus",54534.5793726259,NA,NA,0,NA,NA,NA,NA,NA,1,"LC",636
"5033",0,3912.49389648438,49,0.866499990224838,4.50699996948242,302.513000488281,285.931488037109,0.00700000021606684,0.0109999999403954,"Diplotaxodon greenwoodi",26520.5883195937,0,1,1,24.7000007629395,"commercial",0,4.2,"Carni.",1,"LC",301
"5034",0,2.51900005340576,49,4.40899991989136,4.40899991989136,301.864990234375,293.075012207031,0.00800000037997961,0.00800000037997961,"Iodotropheus stuartgranti",83.691823487896,0,1,1,NA,NA,NA,NA,NA,1,"LC",1
"5035",0,3905.416015625,44,0.926925012469292,3.40072500705719,303.01603012085,289.632482910156,0.00607500006444752,0.00899999961256981,"Lethrinops mylodon",3940.32942711829,0,1,1,20.2000007629395,"commercial",0,3.37,"Carni.",1,"LC",44
"5036",0,1841.35400390625,49,0.252425009012222,4.06107487678528,301.572998046875,292.097100067139,0.00300000002607703,0.00527499993331728,"Petrochromis trewavasae",34890.675799273,0,1,1,18," ",0,2,"Herbi.",1,"LC",270
"5038",0,37903.6640625,42,0.207250002771616,2.16699993610382,302.176372528076,292.281867980957,0.00100000004749745,0.00600000005215406,"Labeo dhonti",210681.451691256,1,1,0,NA,NA,NA,NA,NA,1,"LC",1886
"5051",NA,NA,NA,NA,NA,NA,NA,NA,NA,"Nothobranchius streltsovi",85.4658319182816,1,1,0,5.11999988555908,NA,0,NA,NA,1,"VU",0
"5055",0,47952.2890625,43,0.192125000059605,2.73100009560585,300.927864074707,293.050994873047,0.0020000000949949,0.00700000021606684,"Synodontis caudalis",90420.4225748307,1,0,0,NA,NA,NA,NA,NA,1,"LC",966
"5056",0,921.364990234375,32,0.121049999445677,1.61177503466606,301.641973114014,286.79027633667,0.0020000000949949,0.00600000005215406,"Amphilius jacksonii",29620.4943835381,1,0,0,15,NA,0,2.96,"Carni.",1,"LC",282
"5059",0,373.218994140625,31,0.505924993753433,1.95815000832081,304.639628601074,286.943375396729,0.00400000018998981,0.0106749998871237,"Alcolapia alcalica",12896.5304498533,NA,NA,0,NA,NA,NA,NA,NA,1,NA,134
"5066",1.3016999989748,37376.35546875,0,0.243050000816584,1.00497499406338,301.700914001465,291.130004882812,0.0020000000949949,0.00700000021606684,"Neolebias gossei",41476.1925020534,NA,NA,0,NA,NA,NA,NA,NA,1,"LC",482
"5068",0,2591.02807617188,15.825,0.494349988549948,1.40429998040199,303.638655090332,293.243472290039,0.00400000018998981,0.00982499974779784,"Leptocypris konkoureensis",14218.5807924757,1,0,0,NA,NA,NA,NA,NA,1,"VU",168
"5069",1.99570001363754,1147.47998046875,0,0.253699991106987,0.512100011110306,301.166749572754,294.927410888672,0.00300000002607703,0.00400000018998981,"Enteromius carcharhinoides",3667.09216418555,1,0,0,NA,NA,NA,NA,NA,1,"CR",43
"5071",0,55.2910003662109,34.45,1.54799998402596,2.04390005469322,302.728045654297,293.319300842285,0.00800000037997961,0.00800000037997961,"Aulonocara guentheri",251.022544618195,0,1,1,15,"commercial",0,3.5,"Carni.",1,"EN",3
"5088",1.4576000213623,1085.38793945312,0,0.310000002384186,0.394400006532669,300.507611083984,295.025189208984,0.00320000005885959,0.00400000018998981,"Epiplatys coccinatus",768.23235898292,1,0,0,NA,NA,NA,NA,NA,1,"CR",9
"5089",0,47862.3828125,42,0.188999995589256,2.56419992446899,301.434997558594,291.319805908203,0.0020000000949949,0.00600000005215406,"Parauchenoglanis punctatus",1137709.33635401,1,1,0,NA,NA,NA,NA,NA,1,"LC",11513
"5090",0,3126.31103515625,41.65,0.511049997806549,2.39214994907379,301.773112487793,290.047152709961,0.00300000002607703,0.00499999988824129,"Labeo kibimbi",21933.9154094822,1,1,0,NA,NA,NA,NA,NA,1,"LC",215
"5092",0,18957.59765625,45,0.513025011122227,2.80282497406005,303.734935760498,284.146846008301,0.00499999988824129,0.0140000004321337,"Hemigrammopetersius barnardi",656571.230352448,1,1,0,7,"of no interest",0,3.38,"Carni.",1,"LC",6122
"5093",0.0284499995876104,3046.15600585938,23.55,0.356574998050928,1.90029997825623,300.62222442627,293.242880249023,0.00300000002607703,0.00499999988824129,"Paramormyrops retrodorsalis",37293.8940371758,NA,NA,0,NA,NA,NA,NA,NA,1,NA,430
"5095",140.481994628906,464.053009033203,0,0.331999987363815,0.331999987363815,297.548004150391,291.723999023438,0.00600000005215406,0.00600000005215406,"Labeobarbus macrophtalmus",2946.00893117719,0,1,1,42.5,NA,0,3.42000007629395,"Carni.",1,"EN",35
"5099",0,583.109008789062,32.375,0.266499992460012,2.0191251039505,301.919250488281,286.352737426758,0.00499999988824129,0.00600000005215406,"Enteromius quadripunctatus",29684.5330394771,1,0,0,NA,NA,NA,NA,NA,1,"DD",276
"5105",0,3173.80688476562,35.1,0.236600002646446,1.57660000324248,301.584405517578,293.440487670898,0.00300000002607703,0.00700000021606684,"Plataplochilus loemensis",34842.277944082,NA,NA,0,NA,NA,NA,NA,NA,1,NA,397
"5106",0.179050005227327,37376.35546875,2,0.24099999666214,1.54994995594025,301.511943054199,292.101399230957,0.0020000000949949,0.00499999988824129,"Parakneria abbreviata",276338.549551445,NA,NA,0,NA,NA,NA,NA,NA,1,"LC",3203
"5110",0,18957.59765625,45,0.516625002026558,3.06712499260902,305.049011230469,285.359378814697,0.00700000021606684,0.0140000004321337,"Synodontis zambezensis",964404.712576738,1,0,0,43,"minor commercial",0,2.66,"Omni.",2,"LC",7786
"5111",0,14720.73046875,43.9,0.414900001883507,2.91180002689362,300.274993896484,296.720593261719,0.0020000000949949,0.0020000000949949,"Phractura fasciata",4474.66401118992,1,0,0,NA,NA,NA,NA,NA,1,"DD",45
"5115",0.0125500001944602,737.304016113281,36.45,0.356000006198883,1.85752499699593,301.714596557617,295.237645721436,0.00400000018998981,0.00499999988824129,"Petrocephalus hutereaui",4723.13130917601,1,1,0,NA,NA,NA,NA,NA,1,"DD",52
"5119",0.00172500000335276,3.25200009346008,12.775,0.859525021910667,1.22147494852543,295.974774932861,282.254070281982,0.0109999999403954,0.0120000001043081,"Pseudobarbus senticeps",357.097797500464,1,0,0,7.92999982833862,NA,0,NA,NA,3,"CR",4
"5129",0,1841.35400390625,49,0.248200005292892,4.08479986190796,301.572998046875,292.190002441406,0.00300000002607703,0.00559999998658895,"Callochromis macrops",33354.7184506497,1,1,0,NA,NA,NA,NA,NA,1,"LC",257
"5135",0.00327500007115305,47783.9375,34.725,0.242924996465445,1.65949996709824,301.945883178711,293.12762298584,0.0020000000949949,0.00600000005215406,"Tetracamphilius pectinatus",11744.7113018625,1,1,0,3.36999988555908,NA,0,NA,NA,1,"DD",132
"5136",0,3919.5419921875,44.4,0.854500007629394,3.57200007438659,303.044107055664,290.102008056641,0.00600000005215406,0.00909999962896108,"Genyochromis mento",6876.2660956166,0,1,1,12.6000003814697,"commercial",0,4.4,"Carni.",1,"LC",77
"5140",0,47911.4375,40,0.226999998092651,2.47519991397858,301.725006103516,292.992460632324,0.0020000000949949,0.00600000005215406,"Euchilichthys guentheri",517854.200940527,1,1,0,NA,NA,NA,NA,NA,1,"LC",5199
"5144",0,181.992004394531,42.35,0.827950000762939,3.05949997901916,302.158996582031,290.884857177734,0.00700000021606684,0.00800000037997961,"Abactochromis labrosus",1933.82859661721,0,1,1,NA,NA,NA,NA,NA,1,"LC",23
"5149",0,2591.02807617188,15,0.494249988347292,1.40037502348423,303.627368927002,293.276489257812,0.00400000018998981,0.00899999961256981,"Synodontis levequei",17426.7903729055,1,0,0,NA,NA,NA,NA,NA,1,"VU",206
"5151",0.0369749987730756,203.391006469727,10.275,0.251524996012449,1.32137500345707,299.680976104736,291.349035644531,0.00300000002607703,0.00600000005215406,"Labeobarbus boulengeri",2546.77383606627,NA,NA,0,NA,NA,NA,NA,NA,1,NA,22
"5152",0,3935.47412109375,44,0.857250006496906,3.47662509083748,303.043180847168,290.122583770752,0.00602500005625188,0.00899999961256981,"Dimidiochromis kiwinge",7292.64023344102,0,1,1,30,"commercial",0,4.2,"Carni.",1,"LC",82
"5158",0,4591.5439453125,40,0.453200000524521,2.1503999710083,302.090399169922,281.694586181641,0.00499999988824129,0.0160000007599592,"Enteromius motebensis",87121.5066430647,1,0,0,NA,NA,NA,NA,NA,2,"NT",465
"5162",0,10669.1220703125,36,0.245900006592274,1.82360002398491,305.799411010742,294.830400085449,0.00499999988824129,0.00700000021606684,"Synodontis omias",78687.0531702917,1,1,0,NA,NA,NA,NA,NA,1,"LC",919
"5165",0,606.921020507812,41.075,0.418649988621473,2.95402489304542,302.06715927124,286.871486663818,0.00392500017769635,0.00999999977648258,"Thoracochromis buysi",51663.7171046581,1,1,0,NA,NA,NA,NA,NA,2,"LC",238
"5167",0,9131.9716796875,46.4499999999999,0.386999994516373,3.50645000934601,305.230249023438,287.238191223145,0.00499999988824129,0.0149999996647239,"Synodontis leopardinus",235650.07371203,1,0,0,19.6000003814697,NA,0,3.68,"Carni.",2,"LC",663
"5169",0,4468.94482421875,30.3,0.206100000441074,1.74920001029968,303.701995849609,291.02819519043,0.00300000002607703,0.00700000021606684,"Erpetoichthys calabaricus",64439.4008133635,1,1,0,37,"of no interest",0,3.26,"Carni.",1,"NT",749
"5174",0,47222.84765625,40,0.212999999523163,2.45972505807877,301.734008789062,294.360653686523,0.0020000000949949,0.00499999988824129,"Pollimyrus nigripinnis",419103.892580735,1,1,0,NA,NA,NA,NA,NA,1,"LC",4492
"5186",0.355400010943413,150.294006347656,0,0.407600000500679,0.775800001621247,298.447613525391,292.774795532227,0.00300000002607703,0.00400000018998981,"Eleotris acanthopoma",2423.03619895682,NA,NA,0,NA,NA,NA,NA,NA,2,NA,5
"5189",0.174699999392033,6371.3427734375,2.55000000000001,0.247899995744228,1.22940000891686,301.639653015137,291.648448181152,0.00245000006398186,0.00700000021606684,"Benitochromis batesii",42880.936009144,1,0,0,NA,NA,NA,NA,NA,1,"VU",499
"5191",0,1841.35400390625,49,0.248200005292892,4.08479986190796,301.572998046875,292.190002441406,0.00300000002607703,0.00559999998658895,"Brycinus rhodopleura",33354.7184506497,1,1,0,30,"commercial",0,NA,NA,1,"LC",257
"5193",0,297.511993408203,43.775,0.660800012946129,2.98275007009506,310.585807800293,296.240531158447,0.00499999988824129,0.0105249998625368,"Nothobranchius nubaensis",8791.92353586446,1,1,0,4.98999977111816,NA,0,NA,NA,2,"VU",20
"5194",0,4650.77490234375,41,0.398999989032745,2.46160001754761,300.992596435547,287.638000488281,0.00400000018998981,0.00999999977648258,"Enteromius neefi",344655.505619955,1,1,0,NA,NA,NA,NA,NA,3,"LC",3825
"5196",0,9131.9716796875,43,0.419999986886978,2.90462496876717,303.17162322998,287.638000488281,0.00300000002607703,0.0130000002682209,"Serranochromis thumbergi",590099.803339487,1,1,0,33,"subsistence fisheries",0,3.7,"Carni.",3,"LC",4286
"5200",0,1841.35400390625,49,0.247550004720688,4.08844985961914,301.572998046875,292.190002441406,0.00300000002607703,0.0056499999947846,"Tanganicodus irsacae",33012.5919769452,0,1,1,7,"commercial",0,3.5,"Carni.",1,"LC",255
"5201",0,492.930999755859,32,0.106299996934831,1.61502504944801,302.348217010498,280.921970367432,0.00300000002607703,0.00700000021606684,"Amphilius lampei",49458.5994008346,1,0,0,NA,NA,NA,NA,NA,1,"DD",414
"5209",0,18957.59765625,47,0.409999996423721,3.35199999809265,303.390791320801,287.467987060547,0.0020000000949949,0.0120000001043081,"Microctenopoma intermedium",1249015.73175388,1,1,0,6.19999980926514,"commercial",0,3.2,"Carni.",3,"LC",10763
"5214",0,3919.5419921875,41.675,0.834475010633469,2.92674994468689,303.018642425537,290.95393371582,0.00677500017918646,0.00922499964945018,"Gephyrochromis lawsi",2767.9040295971,0,1,1,NA,NA,NA,NA,NA,1,"LC",32
"5215",0.118100003153086,1.28299999237061,25.9,0.434999985992909,0.751350018382072,310.514646911621,292.839364624023,0.0160000007599592,0.0160000007599592,"Eucinostomus gula",2048.14066684581,1,0,0,25.5,"minor commercial",1,3.13,"Carni.",2,"LC",3
"5216",0,47952.2890625,43,0.224999994039536,2.71420006752014,301.416790771484,293.577404785156,0.0020000000949949,0.00600000005215406,"Hydrocynus goliath",474009.823288783,1,1,0,NA,NA,NA,NA,NA,1,"LC",4633
"5217",0,2835.63500976562,38.075,0.429625007510185,2.29020003676415,307.693883514404,289.118891906738,0.00300000002607703,0.00600000005215406,"Neobola bottegoi",8135.01291015676,1,1,0,NA,NA,NA,NA,NA,1,"DD",78
"5222",0,9131.9716796875,47,0.418000012636185,3.37490000724792,303.197897338867,287.299108886719,0.00400000018998981,0.0130000002682209,"Nannocharax multifasciatus",1176504.78253888,1,0,0,6,"of no interest",0,2.75,"Omni.",3,NA,8885
"5224",0,611.911987304688,32.7,0.273600003123283,2.01630003452301,307.680297851562,283.617092895508,0.00400000018998981,0.00899999961256981,"Garra aethiopica",22483.6849660368,1,0,0,NA,NA,NA,NA,NA,2,"LC",213
"5225",0,10.6999998092651,40.05,0.748349975794554,2.67787494659424,309.024932098389,291.771131134033,0.0074750002939254,0.0120000001043081,"Platycephalus indicus",2238.98773004834,1,1,0,100,"commercial",1,4.23,"Carni.",2,"DD",20
"5229",0,9036.9833984375,42.05,1.07507499456406,2.81209990382194,306.803996276855,288.273986816406,0.00999999977648258,0.0130000002682209,"Pollimyrus marianne",9513.22495162562,1,0,0,NA,NA,NA,NA,NA,2,"LC",34
"5233",0,12825.298828125,43,0.167449996620417,2.90700006484985,309.089543151855,292.257257080078,0.00400000018998981,0.0130000002682209,"Brevimyrus niger",1265796.23853896,1,1,0,15,NA,0,2.94,"Carni.",1,"LC",8699
"5234",0.0240000002086163,756.401000976562,22.15,0.413799991458654,1.31750003993511,299.880135345459,295.637230682373,0.0020000000949949,0.00300000002607703,"Aphyosemion lefiniense",3265.99161473413,NA,NA,0,NA,NA,NA,NA,NA,1,"DD",38
"5236",0,540.5830078125,36,0.708374984562397,2.07287499308586,302.007865905762,280.976001739502,0.00800000037997961,0.0130000002682209,"Labeobarbus nelspruitensis",54429.8510356814,1,0,0,NA,NA,NA,NA,NA,3,"NT",516
"5238",0.00300000002607703,1.84399998188019,33.95,1.98474997878075,2.20325011014938,301.309909057617,286.773559570312,0.0130000002682209,0.0130000002682209,"Tilapia guinasana",1543.65632882045,0,1,1,14," ",0,2,"Herbi.",2,"CR",3
"5239",0,717.818969726562,48.7,0.708999997377396,4.92569990158081,305.479104614258,299.452597045898,0.00300000002607703,0.00400000018998981,"Brycinus minutus",8414.7713261449,NA,NA,0,NA,NA,NA,NA,NA,2,NA,53
"5248",0.0168000007979572,47303.34765625,14.75,0.232500006258488,1.45117500424385,301.176309204102,293.87244720459,0.00400000018998981,0.00700000021606684,"Stomatorhinus schoutedeni",2139.52135836836,1,1,0,NA,NA,NA,NA,NA,1,"DD",22
"5253",0,47746.8515625,41,0.199000000953674,2.58149993419647,301.570999145508,294.089996337891,0.0020000000949949,0.00499999988824129,"Petrocephalus grandoculis",397453.014309084,1,1,0,NA,NA,NA,NA,NA,1,"LC",4021
"5256",0,3919.5419921875,44.4,0.854500007629394,3.57200007438659,303.044107055664,290.102008056641,0.00600000005215406,0.00909999962896108,"Otopharynx heterodon",6876.2660956166,0,1,1,NA,NA,NA,NA,NA,1,"LC",77
"5257",0.270750001072884,242.580001831055,0,0.126499995589256,0.522499993443489,295.157012939453,289.435249328613,0.0020000000949949,0.00250000011874363,"Haplochromis occultidens",2837.93065776997,0,1,1,NA,NA,NA,NA,NA,3,"LC",31
"5258",0,1841.35400390625,49,0.248200005292892,4.08479986190796,301.572998046875,292.190002441406,0.00300000002607703,0.00559999998658895,"Bathybates fasciatus",33354.7184506497,0,1,1,39.7000007629395,"commercial",0,4.2,"Carni.",1,"LC",257
"5259",0,47952.2890625,41,0.181999996304512,2.72720000743866,309.536010742188,291.463790893555,0.0020000000949949,0.0130000002682209,"Brycinus macrolepidotus",4518010.83563983,1,1,0,53,"commercial",0,2.75,"Omni.",1,"LC",37877
"5269",0,47222.84765625,42,0.158999994397163,2.72045003175735,300.794303894043,295.028845214844,0.0020000000949949,0.00300000002607703,"Polypterus mokelembembe",128679.030157912,1,1,0,NA,NA,NA,NA,NA,1,"LC",1395
"5272",0,3912.49389648438,49,0.866499990224838,4.50699996948242,302.513000488281,285.931488037109,0.00700000021606684,0.0109999999403954,"Bathyclarias atribranchus",26520.5883195937,0,1,1,60,"of no interest",0,3.061,"Carni.",1,"LC",301
"5273",0.114000000059605,4347.6337890625,9,0.194999992847443,1.15400004386902,300.872009277344,291.263000488281,0.00300000002607703,0.00499999988824129,"Prolabeops melanhypopterus",133670.963197998,NA,NA,0,NA,NA,NA,NA,NA,1,"LC",1561
"5282",0.159475002065301,295.774993896484,12.95,0.509600004553795,1.23822505027056,307.054009246826,297.658891296387,0.00800000037997961,0.00800000037997961,"Enteromius parablabes",844.64684486355,1,0,0,6.19999980926514,NA,0,2.77,"Omni.",1,"LC",4
"5288",0,4320.30712890625,27,0.195624994114041,1.50199995934963,306.723999023438,294.969127655029,0.00499999988824129,0.00800000037997961,"Polypterus ansorgii",40019.2334170004,1,1,0,NA,NA,NA,NA,NA,1,"LC",466
"5289",0.541125006973743,401.52099609375,0,0.2321249935776,0.756000004708767,302.333988189697,294.455993652344,0.00300000002607703,0.00400000018998981,"Fundulopanchax kamdemi",3942.77264211391,0,0,0,7.30000019073486,NA,0,NA,NA,1,"LC",46
"5290",0,3274.53393554688,22,0.275999993085861,1.65824998915195,303.666610717773,291.114364624023,0.00300000002607703,0.00999999977648258,"Petrocephalus tenuicauda",203517.457308722,1,0,0,NA,NA,NA,NA,NA,1,"LC",2396
"5297",0.0383500006981194,286.084014892578,27.65,0.254500003904104,2.13105005025864,307.615837097168,295.859883880615,0.00499999988824129,0.00932499966584146,"Brycinus luteus",11538.0077262664,1,0,0,NA,NA,NA,NA,NA,1,"EN",68
"5302",0,4336.10693359375,33.875,0.701849985122681,1.53562503755093,300.326712799072,289.915779876709,0.00700000021606684,0.00700000021606684,"Orthochromis luongoensis",845.165140088442,1,1,0,NA,NA,NA,NA,NA,1,"EN",10
"5305",0,47952.2890625,40,0.167999997735023,2.39359989166259,301.698199462891,292.803198242188,0.0020000000949949,0.00600000005215406,"Pareutropius debauwi",1050583.62789881,1,1,0,NA,NA,NA,NA,NA,1,"LC",10913
"5308",1631.27001953125,4861.49609375,0,0.386999994516373,0.386999994516373,297.130004882812,295.367004394531,0.0020000000949949,0.0020000000949949,"Haplochromis altigenis",70288.0030463266,0,1,1,20.2000007629395,NA,0,4.2,"Carni.",1,"DD",817
"5323",0,2538.36596679688,19,0.294999986886978,1.48252497315407,303.43826675415,290.099983215332,0.00300000002607703,0.0108249999117106,"Mastacembelus taiaensis",44897.455656188,1,0,0,NA,NA,NA,NA,NA,1,"NT",528
"5324",0,4969.48193359375,34.4,0.749500015377998,2.74119997024536,301.364262390137,292.945347595215,0.00400000018998981,0.00504999989643693,"Microthrissa moeruensis",5184.69109620886,0,1,1,4.09999990463257,"minor commercial",0,NA,NA,1,NA,39
"5328",0,4038.27490234375,42,0.494774992018938,2.44602491259575,302.720053863525,285.058500671387,0.00600000005215406,0.00899999961256981,"Mastacembelus shiranus",69977.313738417,1,1,0,26,"commercial",0,4,"Carni.",3,"LC",794
"5329",0,3919.5419921875,44.4,0.854500007629394,3.57200007438659,303.044107055664,290.102008056641,0.00600000005215406,0.00909999962896108,"Copadichromis pleurostigmoides",6876.2660956166,0,1,1,NA,NA,NA,NA,NA,1,"LC",77
"5337",0.0689750021323562,6371.3427734375,6.14999999999999,0.244674994796515,0.899374987185,301.651012420654,293.252986907959,0.00292500003124587,0.00415000017965212,"Eleotris pisonis",3266.82301567277,1,0,0,25,NA,1,3.72,"Carni.",1,"LC",38
"5339",0,31014.79296875,40,0.254999995231628,2.55829992294311,301.885986328125,294.286288452148,0.0020000000949949,0.00499999988824129,"Chrysichthys wagenaari",286691.07875611,1,1,0,NA,NA,NA,NA,NA,1,"LC",2957
"5341",0,11891.4326171875,48,0.52715000808239,3.48499989509583,304.818476104736,286.562084960937,0.00507499990053477,0.0140000004321337,"Marcusenius altisambesi",1294834.02289568,1,1,0,NA,NA,NA,NA,NA,2,"LC",6684
"5343",0,47303.76171875,30,0.247999995946884,1.81500005722046,304.025955200195,292.361196899414,0.00300000002607703,0.00800000037997961,"Aplocheilichthys spilauchen",763924.936485664,1,1,0,8," ",0,NA,NA,1,"LC",8247
"5351",0,55.9720001220703,42.9,0.999000012874603,3.13989998102188,302.465455627441,279.035450744629,0.0140000004321337,0.0179999992251396,"Pseudobarbus calidus",10389.0733702298,1,0,0,NA,NA,NA,NA,NA,2,"NT",63
"5352",0,47545.85546875,43,0.20100000500679,2.68060002326965,301.598596191406,294.697998046875,0.0020000000949949,0.00499999988824129,"Nannocharax uniocellatus",365300.992238588,NA,NA,0,NA,NA,NA,NA,NA,1,NA,3417
"5356",0.0466249992139637,1351.68603515625,14.85,0.254000008106232,1.29255004227161,300.450425720215,294.525672149658,0.00100000004749745,0.00400000018998981,"Hemigrammopetersius pulcher",14401.7911131948,1,1,0,NA,NA,NA,NA,NA,1,"DD",142
"5358",0,5168.259765625,40,0.191500000655651,2.50025010108948,300.396987915039,296.592010498047,0.0020000000949949,0.0020000000949949,"Tricuspidalestes caeruleus",46380.6695825512,1,1,0,NA,NA,NA,NA,NA,1,"LC",531
"5363",0.0470749985426664,1320.34997558594,26.925,0.308299998939037,1.58634996712208,300.644012451172,293.247082519531,0.00300000002607703,0.00499999988824129,"Hippopotamyrus macroterops",24577.360875422,1,1,0,NA,NA,NA,NA,NA,1,"DD",284
"5364",0,3905.416015625,47.75,0.904499992728233,4.15949994325638,302.950752258301,289.514503479004,0.00625000009313226,0.00899999961256981,"Diplotaxodon macrops",4447.32614848209,0,1,1,12.5,NA,0,2.81,"Carni.",1,"LC",51
"5366",0.00217500001890585,374.703002929688,31,0.396275003999472,1.46610000431538,300.42557220459,288.906213378906,0.00499999988824129,0.00700000021606684,"Tilapia baloni",22131.0217902288,1,1,0,NA,NA,NA,NA,NA,1,"LC",230
"5367",0,3919.5419921875,49,0.820749989151955,4.4842999458313,302.670989990234,285.958897399902,0.00700000021606684,0.0109999999403954,"Mchenga inornata",29454.7533964954,0,1,1,10,"commercial",0,3.4,"Carni.",1,"DD",335
"5368",0,1841.35400390625,49,0.247550004720688,4.08844985961914,301.572998046875,292.190002441406,0.00300000002607703,0.0056499999947846,"Lates angustifrons",33012.5919769452,0,1,1,200,"commercial",0,4.5,"Carni.",1,"EN",255
"5369",0,1816.87805175781,45,0.33500000834465,2.87040004730225,300.866204833984,290.998406982422,0.0020000000949949,0.00499999988824129,"Amphilius lentiginosus",74039.5764229481,1,1,0,NA,NA,NA,NA,NA,1,"DD",777
"5372",0,3919.5419921875,44.4,0.854500007629394,3.57200007438659,303.044107055664,290.102008056641,0.00600000005215406,0.00909999962896108,"Mylochromis gracilis",6876.2660956166,0,1,1,22,"commercial",0,3.99,"Carni.",1,"LC",77
"5374",0,1841.35400390625,49,0.248200005292892,4.08479986190796,301.572998046875,292.190002441406,0.00300000002607703,0.00559999998658895,"Grammatotria lemairii",33354.7184506497,0,1,1,26,"commercial",0,2.74,"Omni.",1,"LC",257
"5375",0,4.78900003433228,38,2.08299994468689,2.08299994468689,301.454010009766,292.980987548828,0.00700000021606684,0.00700000021606684,"Maylandia estherae",83.9468206076889,0,1,1,7.92000007629395,"commercial",0,2,"Herbi.",1,NA,1
"5378",0,1952.07495117188,43,0.669100028276444,2.32209994792938,302.752096557617,285.681988525391,0.00410000015981495,0.0109999999403954,"Chrysichthys hildae",29774.1877051747,1,0,0,NA,NA,NA,NA,NA,3,"DD",365
"5379",0.425899988412857,5070.841796875,0,0.361599990725517,1.46129996776581,299.451089477539,291.357406616211,0.0020000000949949,0.00600000005215406,"Synodontis woleuensis",20383.4415291541,NA,NA,0,NA,NA,NA,NA,NA,1,"DD",237
"5380",0.00845000017434359,90.4229965209961,25.15,0.483250005543232,1.44145002961159,300.31315612793,291.170606994629,0.00400000018998981,0.00499999988824129,"Nothobranchius neumanni",4369.47039390129,1,1,0,NA,NA,NA,NA,NA,1,"LC",27
"5382",0.141000002622604,5102.72509765625,1,0.386999994516373,0.724974989891052,300.406639099121,295.367004394531,0.0020000000949949,0.00400000018998981,"Haplochromis lividus",82157.5045718859,0,1,1,9,NA,0,2.4,"Omni.",1,"DD",904
"5383",0,7.99599981307983,48.45,2.28149996995926,4.39904983043671,302.144012451172,292.909657287598,0.00705000022426248,0.00800000037997961,"Placidochromis argyrogaster",252.094588079952,0,1,1,NA,NA,NA,NA,NA,1,"LC",3
"5384",0.721124991774559,2214.14306640625,0,0.264749988913536,0.882249981164932,301.404369354248,294.483238220215,0.00300000002607703,0.00499999988824129,"Labeobarbus parawaldroni",74850.8873866548,1,0,0,NA,NA,NA,NA,NA,1,"LC",876
"5387",0,3912.49389648438,44,0.989150020480156,3.42675007581711,302.71014251709,291.405859375,0.00800000037997961,0.0084500000346452,"Melanochromis auratus",2089.22131410333,0,1,1,11,"highly commercial",0,2,"Herbi.",1,"LC",23
"5390",0,583.109008789062,42,0.251574996858835,2.90887498855591,309.555136108398,287.878321075439,0.00400000018998981,0.0130000002682209,"Leiognathus equulus",291888.809464231,1,0,0,NA,NA,NA,NA,NA,2,"LC",1184
"5392",0,5.71400022506714,34,0.554550015926361,2.19934998750687,306.316461181641,280.251690673828,0.0234500001184642,0.0240000002086163,"Chaenogobius annularis",1683.48228925654,1,1,0,NA,NA,NA,NA,NA,2,"LC",19
"5396",0,9050.8017578125,47,0.289000004529953,3.36430001854896,303.395648956299,287.24587097168,0.00300000002607703,0.0140000004321337,"Hippopotamyrus ansorgii",1501587.38624287,1,1,0,NA,NA,NA,NA,NA,2,"LC",9648
"5400",0,1841.35400390625,49,0.252425009012222,4.06107487678528,301.572998046875,292.097100067139,0.00300000002607703,0.00527499993331728,"Plecodus paradoxus",34890.675799273,1,1,0,NA,NA,NA,NA,NA,1,"LC",270
"5401",0,366.537994384766,31.4,0.311999988555908,1.60739998817444,301.099609375,282.857604980469,0.00300000002607703,0.00800000037997961,"Garra makiensis",28273.7585910545,1,1,0,NA,NA,NA,NA,NA,3,"LC",289
"5404",0,5099.9267578125,45.5,0.537499994039536,3.00100004673004,308.802001953125,293.883499145508,0.00750000029802322,0.0109999999403954,"Nothobranchius rubroreticulatus",7840.70311209267,1,1,0,NA,NA,NA,NA,NA,2,"NT",21
"5405",0.0789999982342124,468.727996826172,20.05,0.190999999642372,1.44957500100136,306.636486816406,288.042058563232,0.00397500018589199,0.00800000037997961,"Garra blanfordii",19445.4105872301,1,0,0,NA,NA,NA,NA,NA,2,"LC",160
"5413",0,47222.84765625,40,0.21779999434948,2.46000003814697,301.305194091797,292.459796142578,0.0020000000949949,0.00499999988824129,"Petrocephalus microphthalmus",672953.979519515,1,1,0,NA,NA,NA,NA,NA,1,"LC",7073
"5417",0,1294.81994628906,26,0.48199999332428,1.77695000171661,303.81298828125,293.533127593994,0.00400000018998981,0.00800000037997961,"Paramphilius teugelsi",22316.8055163705,1,0,0,NA,NA,NA,NA,NA,1,"LC",264
"5419",0,1841.35400390625,49,0.252425009012222,4.06107487678528,301.572998046875,292.097100067139,0.00300000002607703,0.00527499993331728,"Neolamprologus schreyeni",34890.675799273,0,1,1,NA,NA,NA,NA,NA,1,"VU",270
"5421",0.0026250000228174,14403.857421875,34.125,0.184000000357628,1.71499997377396,301.959125518799,295.309627532959,0.00300000002607703,0.00499999988824129,"Synodontis vaillanti",6519.22319489193,1,1,0,NA,NA,NA,NA,NA,1,"DD",76
"5424",0,47222.84765625,41,0.223000004887581,2.57159996032715,303.622406005859,294.001403808594,0.0020000000949949,0.00800000037997961,"Phractolaemus ansorgii",340402.456084122,1,1,0,25,NA,0,2.69,"Omni.",1,"LC",3633
"5427",0,47222.84765625,43,0.233574996516109,2.63969998955726,301.320485687256,293.744067382812,0.0020000000949949,0.00400000018998981,"Phenacogrammus aurantiacus",385382.218762769,1,1,0,NA,NA,NA,NA,NA,1,"LC",3902
"5428",0,960.926025390625,45,0.436750002205372,3.25174993276596,300.802757263184,288.088012695312,0.00400000018998981,0.00800000037997961,"Opsaridium leleupi",32977.5935173109,1,1,0,NA,NA,NA,NA,NA,3,"DD",371
"5429",0,7747.39599609375,40.3,0.33554999679327,2.49344998598099,302.238542175293,288.363111877441,0.00300000002607703,0.0109999999403954,"Serranochromis stappersi",58133.5804029127,1,1,0,NA,NA,NA,NA,NA,1,"LC",515
"5431",0,47952.2890625,42,0.222325003519654,2.61700010299683,301.548683929443,289.618988037109,0.0020000000949949,0.00700000021606684,"Labeo weeksii",970322.956343671,1,1,0,NA,NA,NA,NA,NA,1,"LC",9294
"5432",2.97900009155273,29.7450008392334,0,0.679000020027161,0.679000020027161,306.738006591797,283.828002929688,0.0230000000447035,0.0230000000447035,"Kuhlia marginata",1479.21374794364,1,0,0,NA,NA,NA,NA,NA,2,"LC",1
"5436",0,4308.3828125,46,0.392150006443262,3.17907490134239,300.278440093994,290.400232696533,0.00197500009380747,0.00499999988824129,"Marcusenius macrophthalmus",21699.0964219194,1,1,0,NA,NA,NA,NA,NA,1,"DD",200
"5437",0.0209749997127801,1406.73901367188,37,0.262975011020899,1.83442499041557,302.162760162353,294.32742767334,0.0020000000949949,0.00499999988824129,"Enteromius amanpoae",59457.9460942509,1,0,0,NA,NA,NA,NA,NA,1,"LC",600
"5440",0,47545.85546875,39,0.158599995076656,2.31880006790161,300.858502197266,294.586712646484,0.0020000000949949,0.00499999988824129,"Mastacembelus greshoffi",118352.07964572,1,1,0,NA,NA,NA,NA,NA,1,"LC",1237
"5441",0,47545.85546875,41,0.234999999403954,2.57160000801086,301.722991943359,289.385205078125,0.0020000000949949,0.00600000005215406,"Nannocharax brevis",501806.708942665,1,1,0,NA,NA,NA,NA,NA,1,"LC",5169
"5444",0,5558.05322265625,38,0.275000005960464,2.25635004043579,303.144989013672,285.076852416992,0.00300000002607703,0.00600000005215406,"Astatotilapia bloyeti",407854.349633685,NA,NA,0,NA,NA,NA,NA,NA,1,NA,3119
"5446",0,1795.69396972656,43.4,0.330000001192093,2.73420009613037,300.318804931641,287.481604003906,0.0020000000949949,0.00899999961256981,"Enteromius lujae",82215.355748795,1,1,0,NA,NA,NA,NA,NA,2,"DD",745
"5447",0,1841.35400390625,49,0.247550004720688,4.08844985961914,301.572998046875,292.190002441406,0.00300000002607703,0.0056499999947846,"Lepidiolamprologus kendalli",33012.5919769452,0,1,1,16," ",0,4.2,"Carni.",1,"DD",255
"5449",0,19961.58984375,42,0.248125001788139,2.70487505197525,300.793376922607,296.359504699707,0.0020000000949949,0.00300000002607703,"Clypeobarbus matthesi",105303.610355267,NA,NA,0,NA,NA,NA,NA,NA,1,NA,1106
"5453",0.010074999788776,5168.259765625,35.925,0.12459999807179,2.05302489995956,300.548564147949,296.902283477783,0.0020000000949949,0.0020000000949949,"Synodontis camelopardalis",7658.36854521843,1,1,0,NA,NA,NA,NA,NA,1,"DD",84
"5454",0,2.51900005340576,49,4.40899991989136,4.40899991989136,301.864990234375,293.075012207031,0.00800000037997961,0.00800000037997961,"Copadichromis geertsi",83.691823487896,0,1,1,12.8199996948242,NA,0,NA,NA,1,"LC",1
"5456",0,4038.27490234375,46.3,0.513699990510941,3.21759991645813,302.954107666016,288.806604003906,0.00800000037997961,0.00899999961256981,"Labeo mesops",9319.98727725188,1,1,0,39,"commercial",0,2,"Herbi.",1,"CR",109
"5461",0,198.854995727539,45.55,0.667099997401237,2.38844993114471,302.196792602539,293.724909973145,0.00445000005420297,0.00600000005215406,"Nothobranchius cardinalis",8315.38388295661,1,1,0,2.71000003814697,NA,0,NA,NA,1,"VU",59
"5464",0.0188000001013279,143.813995361328,40.2,0.283399999141693,1.89560000896454,307.411401367188,296.555206298828,0.00600000005215406,0.00899999961256981,"Cromeria occidentalis",7090.01831628866,1,0,0,4.40000009536743,NA,0,NA,NA,1,"LC",65
"5467",0,1841.35400390625,48.95,0.165250006318092,3.90499997138977,301.476849365234,286.74469909668,0.0020000000949949,0.00499999988824129,"Acapoeta tanganicae",42810.3486646984,1,1,0,61,"commercial",0,2,"Herbi.",1,"LC",363
"5468",0,47952.2890625,43,0.223000004887581,2.60972491502762,301.594631958008,293.015283203125,0.0020000000949949,0.00600000005215406,"Distichodus atroventralis",522973.156487781,1,1,0,NA,NA,NA,NA,NA,1,"LC",5172
"5473",0,19961.58984375,42,0.17399999499321,2.67939991950989,300.781005859375,295.795892333984,0.0020000000949949,0.00300000002607703,"Phenacogrammus polli",152189.106395664,1,1,0,NA,NA,NA,NA,NA,1,"LC",1637
"5474",0,18957.59765625,42,0.263999998569489,2.82800006866455,308.155554962158,281.868128204346,0.00300000002607703,0.0189999993890524,"Kuhlia mugil",795629.75903757,1,1,0,40,"minor commercial",1,3.83,"Carni.",2,"LC",5004
"5475",0.000549999997019766,15.5640001296997,12.85,1.3532250225544,1.47577497363091,298.809938812256,289.09136428833,0.00800000037997961,0.00800000037997961,"Galaxias maculatus",167.412631710205,1,1,0,19,"commercial",1,NA,NA,3,"LC",2
"5476",0,47952.2890625,43,0.242349999397993,2.64865003228188,301.638327789307,291.967342376709,0.0020000000949949,0.00499999988824129,"Labeo longipinnis",690239.893871381,1,1,0,NA,NA,NA,NA,NA,1,"LC",6788
"5480",0,11.5419998168945,27,1.54799997806549,1.54799997806549,301.200012207031,293.4169921875,0.00700000021606684,0.00700000021606684,"Placidochromis phenochilus",84.6927014578362,0,1,1,NA,NA,NA,NA,NA,1,"EN",1
"5485",0,1841.35400390625,49,0.252425009012222,4.06107487678528,301.572998046875,292.097100067139,0.00300000002607703,0.00527499993331728,"Neolamprologus furcifer",34890.675799273,0,1,1,15," ",0,3.36,"Carni.",1,"LC",270
"5486",0,1567.5419921875,43.575,0.664124998450279,3.0324499964714,303.305260467529,287.274465942383,0.00600000005215406,0.0109999999403954,"Silhouettea sibayi",21662.1056412669,0,1,1,NA,NA,NA,NA,NA,1,"EN",258
"5489",0,1841.35400390625,49,0.252425009012222,4.06107487678528,301.572998046875,292.097100067139,0.00300000002607703,0.00527499993331728,"Neolamprologus gracilis",34890.675799273,0,1,1,NA,NA,NA,NA,NA,1,"LC",270
"5493",0.0381500010029412,15.7589998245239,6.825,0.651649974286556,1.05635003000498,301.639775848389,297.688231658936,0.00300000002607703,0.00300000002607703,"Mauligobius nigri",171.69961528892,1,0,0,NA,NA,NA,NA,NA,1,"LC",2
"5494",0.00300000002607703,5301.97900390625,29,0.16892499960959,1.50002500116825,300.98217010498,286.328784942627,0.0020000000949949,0.00499999988824129,"Brycinus jacksonii",220279.219349351,NA,NA,0,NA,NA,NA,NA,NA,1,NA,1880
"5500",0.000975000008475035,31.1229991912842,30.375,0.787000000476837,1.55459997951984,296.975720977783,281.953777313232,0.0109999999403954,0.0130000002682209,"Pseudobarbus swartzi",1503.28740675119,1,0,0,8.10999965667725,NA,0,NA,NA,3,"VU",14
"5504",1.01585001051426,480.52099609375,0,0.0960750008001924,0.293874999880791,298.213696289063,284.710750579834,0.00100000004749745,0.0020000000949949,"Labeobarbus brauni",7053.50585230253,1,1,0,NA,NA,NA,NA,NA,1,"DD",82
"5507",0,719.429016113281,40.9,0.522599989175797,2.97729997634888,303.220599365234,290.490591430664,0.00800000037997961,0.00999999977648258,"Nothobranchius krysanovi",2378.78663754682,1,1,0,3.11999988555908,NA,0,NA,NA,1,"VU",29
"5511",0,47302.59765625,44.95,0.303200002014637,3.0946999669075,304.518740844727,289.785299682617,0.00235000007087365,0.0102500001434237,"Arius latiscutatus",4933.75187495005,NA,NA,0,NA,NA,NA,NA,NA,1,NA,55
"5514",0,14403.857421875,46,0.129799994826317,3.36059989929199,308.785003662109,292.837005615234,0.00400000018998981,0.0130000002682209,"Enteromius baudoni",345921.927167294,1,1,0,NA,NA,NA,NA,NA,1,"LC",3233
"5516",0,3919.5419921875,33.925,1.23547502756119,1.93707499802113,302.66813659668,292.102145385742,0.00800000037997961,0.00800000037997961,"Placidochromis hennydaviesae",333.689005550304,0,1,1,10,"commercial",0,3.31,"Carni.",1,"LC",4
"5517",0,3448.60205078125,41,0.568600010871887,2.40659992694855,307.220989990234,295.785504150391,0.00800000037997961,0.00899999961256981,"Raiamas shariensis",7032.77046938922,NA,NA,0,NA,NA,NA,NA,NA,1,NA,69
"5520",0,47545.85546875,42,0.246999993920326,2.60335006117821,301.839996337891,294.384647369385,0.0020000000949949,0.00499999988824129,"Neolebias trilineatus",663018.358689752,1,1,0,NA,NA,NA,NA,NA,1,"LC",6774
"5521",0,4468.94482421875,28,0.241625003516674,2.16124993562698,302.686744689941,293.195747375488,0.00300000002607703,0.00837500009220093,"Notoglanidium akiri",22972.4659398256,1,1,0,NA,NA,NA,NA,NA,1,"EN",266
"5522",0.0152999999932945,100.490997314453,27.7,0.165000002086163,1.13380000591278,298.892208862305,288.285098266602,0.0020000000949949,0.00400000018998981,"Orthochromis mazimeroensis",19499.9703108869,1,0,0,7.19999980926514,NA,0,2,"Herbi.",1,"EN",173
"5523",0,5031.69580078125,34.4,0.412400007247925,1.71119999885559,300.906396484375,289.035394287109,0.00400000018998981,0.00700000021606684,"Kneria paucisquamata",37915.2824809001,1,1,0,NA,NA,NA,NA,NA,1,"LC",385
"5528",0,13995.2548828125,45,0.393350007385016,4.11579991579055,310.856994628906,288.71351852417,0.00400000018998981,0.0179999992251396,"Synodontis caudovittatus",170186.251419634,NA,NA,0,NA,NA,NA,NA,NA,2,"DD",848
"5529",0.0723000025376677,909.528991699219,30.675,0.263999998569489,1.23607498109341,303.61935043335,296.650828552246,0.00400000018998981,0.00499999988824129,"Epiplatys etzeli",24286.5368667729,1,1,0,NA,NA,NA,NA,NA,1,"EN",214
"5530",1631.27001953125,4861.49609375,0,0.386999994516373,0.386999994516373,297.130004882812,295.367004394531,0.0020000000949949,0.0020000000949949,"Haplochromis cronus",70201.9485614657,0,1,1,13.5,NA,0,4,"Carni.",1,"DD",816
"5532",0,7412.22021484375,42,0.205125001072884,2.12375000119209,300.423094177246,292.180778503418,0.00100000004749745,0.00499999988824129,"Microctenopoma nigricans",143507.223755524,1,1,0,NA,NA,NA,NA,NA,1,"LC",1234
"5534",0,3893.02392578125,48.875,0.905274984240532,4.38404992222786,303.021881103516,289.491026306152,0.00602500005625188,0.00899999961256981,"Lethrinops gossei",3525.80895778019,0,1,1,14.3999996185303,"commercial",0,3.2,"Carni.",1,"LC",42
"5535",0,18957.59765625,45,0.508250012993813,2.87024998664856,303.995986938477,282.517997741699,0.00499999988824129,0.0130000002682209,"Awaous aeneofuscus",859344.290028939,1,1,0,NA,NA,NA,NA,NA,1,"LC",8811
"5538",0,12825.298828125,29,0.162150000780821,1.68084998726845,304.272640991211,294.098934936523,0.00300000002607703,0.00700000021606684,"Clarias ebriensis",366008.345405135,1,1,0,31.5,NA,0,3.42,"Carni.",1,"LC",3927
"5540",0,16388.71484375,41,0.245000004768372,2.70960004329681,300.736798095703,296.164102172852,0.0020000000949949,0.00300000002607703,"Aphyosemion castaneum",142560.652856169,1,1,0,NA,NA,NA,NA,NA,1,"LC",1605
"5542",0,4.78900003433228,48.725,2.141149944067,4.35084992051125,301.85471572876,292.983338165283,0.00702500022016466,0.00797500037588179,"Pseudotropheus johannii",167.638644095585,0,1,1,10," ",0,NA,NA,1,"LC",2
"5544",0,13530.982421875,32,0.256000012159348,1.73810000419617,303.847991943359,293.280392456055,0.0020000000949949,0.00899999961256981,"Tilapia busumana",93573.6487707268,1,1,0,NA,NA,NA,NA,NA,1,"LC",853
"5545",0.548000025749206,1391.18701171875,0,0.196199998259544,0.530200004577637,303.516003417969,294.931201171875,0.00400000018998981,0.00700000021606684,"Enteromius kissiensis",12978.4501217685,1,0,0,NA,NA,NA,NA,NA,1,"DD",153
"5549",0,10668.279296875,45,0.437275002151728,3.24507493376732,300.802681732178,288.088012695312,0.00400000018998981,0.00800000037997961,"Parakneria damasi",33235.0153341486,NA,NA,0,NA,NA,NA,NA,NA,3,"DD",374
"5551",0,1841.35400390625,49,0.252425009012222,4.06107487678528,301.572998046875,292.097100067139,0.00300000002607703,0.00527499993331728,"Paracyprichromis nigripinnis",34890.675799273,0,1,1,11,"commercial",0,3.4,"Carni.",1,"LC",270
"5556",0,1841.35400390625,49,0.252425009012222,4.06107487678528,301.572998046875,292.097100067139,0.00300000002607703,0.00527499993331728,"Synodontis granulosus",34890.675799273,0,1,1,NA,NA,NA,NA,NA,1,"LC",270
"5561",0,1841.35400390625,49,0.252425009012222,4.06107487678528,301.572998046875,292.097100067139,0.00300000002607703,0.00527499993331728,"Pseudosimochromis curvifrons",34890.675799273,0,1,1,14,"commercial",0,2,"Herbi.",1,"LC",270
"5563",0,2.51900005340576,49,4.40899991989136,4.40899991989136,301.864990234375,293.075012207031,0.00800000037997961,0.00800000037997961,"Maylandia chrysomallos",83.691823487896,NA,NA,0,NA,NA,NA,NA,NA,1,NA,1
"5565",0,954.385986328125,44.95,0.330674991756678,3.25635005831719,300.672144317627,294.786933898926,0.0020000000949949,0.00382500016130507,"Neolebias philippei",7650.686255897,1,1,0,NA,NA,NA,NA,NA,1,"DD",88
"5569",0,1841.35400390625,49,0.248200005292892,4.08479986190796,301.572998046875,292.190002441406,0.00300000002607703,0.00559999998658895,"Baileychromis centropomoides",33354.7184506497,0,1,1,NA,NA,NA,NA,NA,1,"LC",257
"5571",0,47952.2890625,43,0.223000004887581,2.72167496085167,301.572270965576,293.512654876709,0.0020000000949949,0.00600000005215406,"Synodontis soloni",153557.797564925,1,1,0,NA,NA,NA,NA,NA,1,"LC",1552
"5579",0.186200000345707,111.314002990723,0.899999999999999,0.157600004971027,0.523400020599365,297.706597900391,291.048709106445,0.00100000004749745,0.00489999991841614,"Doumea angolensis",6796.38756560037,1,0,0,NA,NA,NA,NA,NA,1,"LC",45
"5581",0.214624997228384,1209.87902832031,7.62499999999994,0.25242500975728,0.574000000953674,300.472634887695,293.539353942871,0.0020000000949949,0.00499999988824129,"Brachypetersius notospilus",16156.6312934154,NA,NA,0,NA,NA,NA,NA,NA,1,"DD",188
"5583",0,7.99599981307983,38,2.28074997067451,2.3092499434948,302.144012451172,293.549011230469,0.00800000037997961,0.00800000037997961,"Placidochromis koningsi",167.754756607819,0,1,1,NA,NA,NA,NA,NA,1,"DD",2
"5592",0,3919.5419921875,44,0.845500016212463,3.45050008296966,302.935089111328,290.580908203125,0.00700000021606684,0.00969999972730875,"Copadichromis cyaneus",4694.31397546243,0,1,1,19,"commercial",0,3.4,"Carni.",1,"LC",53
"5596",0,10816.138671875,29.35,0.314499992132187,1.71879996657372,303.997749328613,296.183695983887,0.00400000018998981,0.00534999994561076,"Synodontis xiphias",19406.3361074073,0,1,1,NA,NA,NA,NA,NA,1,"CR",227
"5597",0,9036.9833984375,27,0.307974998652935,1.7849999666214,305.191986083984,290.910335540771,0.00300000002607703,0.00999999977648258,"Tilapia brevimanus",236664.447581547,1,0,0,NA,NA,NA,NA,NA,1,"LC",2760
"5602",0,1284.30895996094,37,0.263999998569489,1.57477502822876,300.035619354248,295.063188934326,0.00100000004749745,0.0020000000949949,"Schwetzochromis neodon",12494.2914183932,1,1,0,NA,NA,NA,NA,NA,1,"LC",132
"5603",0.115000002086163,1328.81005859375,2.25,0.208750005811453,0.84425000846386,301.976249694824,290.48600769043,0.00300000002607703,0.00600000005215406,"Labeobarbus versluysii",43755.4481002545,NA,NA,0,NA,NA,NA,NA,NA,1,"LC",511
"5604",0,2999.5830078125,48.65,0.513699990510941,4.90114989280701,305.478953552246,297.928350830078,0.00300000002607703,0.00464999999385327,"Micropanchax rudolfianus",8672.36933225014,NA,NA,0,NA,NA,NA,NA,NA,2,NA,55
"5606",0,47222.84765625,41,0.184500001370907,2.55649995803833,301.657012939453,292.033996582031,0.0020000000949949,0.00499999988824129,"Leptocypris weeksii",522047.76584273,1,1,0,NA,NA,NA,NA,NA,1,"LC",5341
"5607",1.06987500190735,1158.28894042969,0,0.223125005140901,0.612624995410442,302.65926361084,290.499378204346,0.00300000002607703,0.00400000018998981,"Pungu maclareni",7365.08427734965,0,1,1,10,NA,0,2.74,"Omni.",1,"CR",86
"5609",0.0741250016726553,299.871002197266,14.75,0.117875000461936,0.771250024437904,299.760261535645,284.700366973877,0.0020000000949949,0.00300000002607703,"Chiloglanis asymetricaudalis",9625.46217629624,1,0,0,7.59999990463257,"of no interest",0,2.57,"Omni.",1,"EN",106
"5610",0,183.660003662109,29.1,0.44475000500679,1.83545003533363,298.658660888672,282.458848571777,0.00899999961256981,0.0130000002682209,"Micropterus salmoides",7706.89168618972,1,1,0,97,"minor commercial",0,4.42,"Carni.",3,"LC",79
"5611",0,3935.47412109375,45.8,0.989150020480156,4.02214999198914,302.71014251709,290.764457702637,0.00800000037997961,0.00899999961256981,"Lethrinops turneri",2086.0629604497,0,1,1,NA,NA,NA,NA,NA,1,"LC",23
"5616",0,47545.85546875,41,0.248999997973442,2.6064001083374,302.218994140625,291.355200195312,0.0020000000949949,0.00600000005215406,"Gnathonemus petersii",1334758.10902634,1,1,0,35,"subsistence fisheries",0,3.13,"Carni.",1,"LC",13529
"5618",0,602.568969726562,43.65,1.00362504422665,2.63712506890297,299.463483428955,290.747985839844,0.00499999988824129,0.00700000021606684,"Paramormyrops jacksoni",7236.59752011563,1,0,0,NA,NA,NA,NA,NA,1,"DD",48
"5620",0.484600023925304,890.078002929688,0,0.358475008606911,1.00702498704195,302.523026275635,292.256964874268,0.00300000002607703,0.0060999998124316,"Benitochromis finleyi",6003.81507451964,NA,NA,0,NA,NA,NA,NA,NA,1,"EN",70
"5621",0,3919.5419921875,44,0.982175020873547,3.38162501454353,302.670989990234,290.534928131104,0.00800000037997961,0.00899999961256981,"Lethrinops lunaris",1920.03493274815,0,1,1,NA,NA,NA,NA,NA,1,"LC",20
"5622",1631.27001953125,4861.49609375,0,0.386999994516373,0.386999994516373,297.130004882812,295.367004394531,0.0020000000949949,0.0020000000949949,"Haplochromis labriformis",70201.9485614657,0,1,1,NA,NA,NA,NA,NA,1,"DD",816
"5624",1631.27001953125,4861.49609375,0,0.386999994516373,0.386999994516373,297.130004882812,295.367004394531,0.0020000000949949,0.0020000000949949,"Haplochromis artaxerxes",70201.9485614657,0,1,1,14.6999998092651,NA,0,3.6,"Carni.",1,"DD",816
"5625",0,4038.27490234375,47.65,0.642950010299683,3.44575008153915,303.044660949707,288.583451843262,0.00700000021606684,0.00899999961256981,"Synodontis njassae",18698.7778368305,1,1,0,19.2000007629395,"minor commercial",0,3.1,"Carni.",1,"LC",215
"5626",0,10078.3056640625,32.85,0.177300001680851,1.62909998893738,301.482250976563,288.191844177246,0.0020000000949949,0.00600000005215406,"Enteromius urostigma",92556.5719030349,1,1,0,NA,NA,NA,NA,NA,1,"LC",927
"5627",0.0717500016093254,11712.7255859375,9,0.297149993479252,2.04405000209808,301.051651000977,291.756958007812,0.0020000000949949,0.00600000005215406,"Clarias longior",62506.4091435078,NA,NA,0,NA,NA,NA,NA,NA,1,"LC",727
"5630",0.155950003117323,37376.35546875,5,0.204849998652935,1.4640999853611,301.559997558594,291.468943786621,0.0020000000949949,0.00600000005215406,"Distichodus hypostomatus",213388.932647197,NA,NA,0,NA,NA,NA,NA,NA,1,"LC",2479
"5638",0,788.419006347656,36.55,1.23447504937649,2.28344991207123,303.046550750732,291.199409484863,0.00600000005215406,0.00954999991226941,"Nyassachromis purpurans",846.855465882458,0,1,1,18,"commercial",0,3.4,"Carni.",1,"LC",10
"5639",0,11273.2822265625,42,0.13400000333786,2.72084995508194,301.564952087402,287.40172958374,0.0020000000949949,0.00999999977648258,"Clarias liocephalus",919725.016698158,1,1,0,32,"commercial",0,3.26,"Carni.",1,"LC",8782
"5642",0,13735.5458984375,47,0.241999998688698,3.83989992141724,310.394046020508,291.734057617188,0.00499999988824129,0.0179999992251396,"Heterobranchus bidorsalis",673229.973214775,1,1,0,NA,NA,NA,NA,NA,2,"LC",3203
"5644",0,9268.0712890625,37.2,0.203600007295609,2.33739993572235,303.881005859375,279.885797119141,0.0162000007927418,0.0225999999791384,"Syngnathus typhle",2975.97275784544,1,1,0,35,"of no interest",1,3.4,"Carni.",2,"LC",9
"5646",0,2515.99096679688,36.7,0.339599987864494,1.93110001087189,301.251907348633,293.468301391602,0.00400000018998981,0.00700000021606684,"Labeobarbus roylii",22474.5644085592,NA,NA,0,NA,NA,NA,NA,NA,1,"EN",253
"5647",0,47545.85546875,27,0.226599997282028,1.43619999885559,301.699407958984,291.738793945313,0.0020000000949949,0.00600000005215406,"Nannocharax parvus",204727.614458142,1,1,0,NA,NA,NA,NA,NA,1,"LC",2345
"5650",0,717.818969726562,48.7,0.708999997377396,4.92569990158081,305.479104614258,299.452597045898,0.00300000002607703,0.00400000018998981,"Haplochromis rudolfianus",8500.82980217615,0,1,1,NA,NA,NA,NA,NA,2,"LC",53
"5651",0,3935.47412109375,41.375,0.83737501502037,2.8677499294281,303.015239715576,290.984634399414,0.00687500019557774,0.00912499963305891,"Champsochromis caeruleus",3100.1167566456,0,1,1,32.2000007629395,"commercial",0,4.2,"Carni.",1,"LC",36
"5653",0,18957.59765625,47,0.432675002515316,3.38032509088516,303.500327301025,287.467987060547,0.00300000002607703,0.0130000002682209,"Enteromius haasianus",1203363.89334569,1,1,0,3.20000004768372,"commercial",0,NA,NA,3,"LC",9628
"5654",0,47302.59765625,44.875,0.304500002413988,3.09124997258186,304.507865905762,288.668628692627,0.0023750000691507,0.0108749999199063,"Bathygobius casamancus",5674.00535554501,1,1,0,NA,NA,NA,NA,NA,1,"LC",56
"5656",0.0904499990865588,94.8290023803711,7.37499999999999,0.0988000033423305,0.660850004851818,296.544576263428,286.519498443604,0.00100000004749745,0.00300000002607703,"Labeobarbus claudinae",2751.46223158076,1,1,0,NA,NA,NA,NA,NA,1,"VU",30
"5657",0,10362.2666015625,45,0.224000006914139,2.95464994907379,310.162994384766,292.001354217529,0.00499999988824129,0.0149999996647239,"Andersonia leptura",2049085.69293141,1,0,0,NA,NA,NA,NA,NA,2,"LC",14328
"5658",0.00127500001108274,3097.916015625,30.725,0.575574994087219,1.91792495250702,307.515490722656,296.9181640625,0.00400000018998981,0.00657500014640391,"Phoxinus phoxinus",5065.63844902546,1,1,0,14,"minor commercial",0,3.27,"Carni.",2,"LC",18
"5660",0,1904.48706054688,42.925,0.181074994429946,2.71072489619255,300.077266693115,288.730834960938,0.0020000000949949,0.00700000021606684,"Kneria angolensis",97808.008823435,1,1,0,NA,NA,NA,NA,NA,1,"LC",1044
"5662",0,1841.35400390625,49,0.247550004720688,4.08844985961914,301.572998046875,292.190002441406,0.00300000002607703,0.0056499999947846,"Xenochromis hecqui",33012.5919769452,0,1,1,30," ",0,4.4,"Carni.",1,"DD",255
"5668",0,1841.35400390625,49,0.252425009012222,4.06107487678528,301.572998046875,292.097100067139,0.00300000002607703,0.00527499993331728,"Neolamprologus petricola",34890.675799273,0,1,1,14,"commercial",0,3.2,"Carni.",1,"LC",270
"5670",0,240.039001464844,38,0.413224989175797,2.15769999623299,305.570972442627,274.999187469482,0.0130000002682209,0.02292500003241,"Labeobarbus aeneus",362090.274425252,1,1,0,50,"commercial",0,3.11,"Carni.",2,"LC",1004
"5671",0,1841.35400390625,49,0.247550004720688,4.08844985961914,301.572998046875,292.190002441406,0.00300000002607703,0.0056499999947846,"Telmatochromis temporalis",33012.5919769452,0,1,1,10.1999998092651,"commercial",0,3.02,"Carni.",1,"LC",255
"5672",0,5235.05908203125,43,0.542999982833862,2.335174959898,302.541023254395,289.337789916992,0.00499999988824129,0.00899999961256981,"Enteromius zanzibaricus",153947.57781043,1,1,0,NA,NA,NA,NA,NA,1,"LC",1698
"5674",0,1098.11401367188,16,0.461000002920628,1.40449997782707,303.657115936279,293.586002349854,0.00400000018998981,0.00899999961256981,"Labeo rouaneti",7277.35074528019,1,0,0,NA,NA,NA,NA,NA,1,"VU",86
"5675",0,47312.2109375,33,0.237000003457069,2.08775001764297,305.16325378418,288.80249786377,0.00300000002607703,0.00899999961256981,"Eleotris senegalensis",1051816.6627429,1,1,0,NA,NA,NA,NA,NA,1,"LC",10171
"5680",0.927224989235401,8097.2041015625,0,0.286099998652935,1.17425004839897,301.771295928955,293.208938598633,0.0020000000949949,0.00499999988824129,"Atopodontus adriaensi",45748.173299994,NA,NA,0,NA,NA,NA,NA,NA,1,"DD",532
"5682",0.0700000002980232,5.6560001373291,13,1.21099996566772,1.21099996566772,303.699005126953,280.013000488281,0.0240000002086163,0.0240000002086163,"Anguilla japonica",1818.04817963873,1,1,0,150,"highly commercial",1,3.55,"Carni.",2,"EN",1
"5690",0,3919.5419921875,45.1,1.00542501956224,3.81092503070831,302.670989990234,289.835925292969,0.00800000037997961,0.00927499965764582,"Nyassachromis nigritaeniatus",2921.79288648067,0,1,1,21,"commercial",0,3.4,"Carni.",1,"LC",30
"5691",0.00650000013411045,5301.97900390625,26,0.186500005424023,1.35699999332428,300.527496337891,286.818008422852,0.0020000000949949,0.00400000018998981,"Synodontis victoriae",131556.347194179,1,1,0,35,NA,0,3.28,"Carni.",1,"LC",1221
"5693",0,3919.5419921875,44.4,0.854500007629394,3.57200007438659,303.044107055664,290.102008056641,0.00600000005215406,0.00909999962896108,"Otopharynx decorus",6876.2660956166,0,1,1,18,"commercial",0,3.5,"Carni.",1,"LC",77
"5694",0,18957.59765625,45,0.500424981117249,3.09539995193481,304.157131958008,284.013554382324,0.00400000018998981,0.0120000001043081,"Scatophagus tetracanthus",236094.302505689,1,1,0,30,"minor commercial",1,2.77,"Omni.",1,"LC",2032
"5695",0.0326249997597188,191.22900390625,5,0.0633500009775162,0.638174991309643,299.37869644165,283.941947174072,0.0020000000949949,0.00300000002607703,"Haplochromis schubotziellus",14026.4132505725,1,1,0,7.90000009536743,NA,0,2.4,"Omni.",1,"LC",142
"5696",0,628.018005371094,39,0.303999990224838,2.99399995803833,304.967010498047,273.558013916016,0.0130000002682209,0.0270000007003546,"Luciobarbus maghrebensis",176551.762588505,1,0,0,170.600006103516,NA,0,NA,NA,3,NA,1601
"5705",0,47911.4375,42,0.263999998569489,2.87719995975494,301.163793945312,292.9625,0.00300000002607703,0.00700000021606684,"Notoglanidium pallidum",18600.516979953,1,1,0,NA,NA,NA,NA,NA,1,"VU",197
"5706",0,181.992004394531,38,0.823599994182587,2.25940003395081,302.142803955078,290.838806152344,0.00700000021606684,0.00800000037997961,"Otopharynx spelaeotes",1430.77712588527,0,1,1,11.7200002670288,NA,0,NA,NA,1,"LC",17
"5707",0,3935.47412109375,44,0.857250006496906,3.47662509083748,303.043180847168,290.122583770752,0.00602500005625188,0.00899999961256981,"Caprichromis liemi",7292.64023344102,0,1,1,19.1000003814697,"commercial",0,4,"Carni.",1,"LC",82
"5708",0,17.1760005950928,24,1.60199999809265,1.60199999809265,301.429992675781,292.802001953125,0.00800000037997961,0.00800000037997961,"Labidochromis freibergi",84.1614107759323,0,1,1,NA,NA,NA,NA,NA,1,"LC",1
"5713",0,557.197998046875,38.425,0.718049977719784,3.2247999548912,303.556085205078,287.093334197998,0.00300000002607703,0.00999999977648258,"Hilsa kelee",6044.73839103813,1,0,0,35,"highly commercial",1,2.85,"Carni.",1,"LC",64
"5716",0.25,1391.18701171875,3,0.252300000190735,0.898699986934661,303.509002685547,294.224304199219,0.00400000018998981,0.00700000021606684,"Enteromius raimbaulti",24824.0564460042,1,0,0,NA,NA,NA,NA,NA,1,"VU",293
"5719",0.148499999567866,2590.998046875,1.92499999999995,0.284999996423721,1.01692496538162,302.245883178711,293.643207550049,0.00300000002607703,0.00600000005215406,"Scriptaphyosemion liberiense",78831.9986881038,1,1,0,NA,NA,NA,NA,NA,1,"LC",924
"5720",0,3919.5419921875,46.7,0.968225021660328,4.1067499756813,302.670989990234,289.987001037598,0.00700000021606684,0.00899999961256981,"Mylochromis anaphyrmus",4934.88465827685,0,1,1,NA,NA,NA,NA,NA,1,"LC",54
"5722",0,37900.1640625,40,0.145999997854233,2.5021500825882,301.787289428711,292.361090087891,0.0020000000949949,0.00499999988824129,"Clarias hilli",528971.246368644,1,1,0,NA,NA,NA,NA,NA,1,"LC",5515
"5723",0,4969.48193359375,41.3499999999999,0.224649998545647,2.23134994506836,300.788456726074,288.111204528809,0.00300000002607703,0.00899999961256981,"Micropanchax fuelleborni",210514.733812333,NA,NA,0,NA,NA,NA,NA,NA,1,NA,1707
"5724",0,3274.53393554688,20,0.277999997138977,1.52199995517731,303.331421661377,290.71686706543,0.00300000002607703,0.00999999977648258,"Hippopotamyrus paugyi",165301.22502043,1,0,0,NA,NA,NA,NA,NA,1,"LC",1944
"5725",0,7559.7177734375,41.9,0.354099985957146,2.64850001335144,301.322698974609,288.5,0.00499999988824129,0.00899999961256981,"Clypeobarbus bellcrossi",21209.843129039,1,0,0,NA,NA,NA,NA,NA,3,"DD",245
"5727",0,2084.70092773438,38,0.413999993354082,2.48399993777275,301.484493255615,293.602001190186,0.00400000018998981,0.00800000037997961,"Chrysichthys bocagii",7895.16838372643,1,0,0,NA,NA,NA,NA,NA,2,"LC",56
"5729",0,1841.35400390625,49,0.252425009012222,4.06107487678528,301.572998046875,292.097100067139,0.00300000002607703,0.00527499993331728,"Neolamprologus pleuromaculatus",34890.675799273,0,1,1,NA,NA,NA,NA,NA,1,"LC",270
"5732",0,47952.2890625,43,0.200900004804134,2.76930005550384,300.846807861328,293.672204589844,0.0020000000949949,0.00600000005215406,"Labeo falcipinnis",173902.873706208,1,1,0,NA,NA,NA,NA,NA,1,"LC",1757
"5733",0,2084.70092773438,43,0.458799990266562,3.05312502980232,301.483094024658,288.342578887939,0.00499999988824129,0.00827500016894191,"Hippopotamyrus pappenheimi",15773.6103670901,1,1,0,NA,NA,NA,NA,NA,2,"LC",110
"5734",0,18957.59765625,45,0.513050021231174,3.10030003786087,303.0842918396,284.527621459961,0.00400000018998981,0.0109999999403954,"Eleotris melanosoma",268945.903140178,1,0,0,26,"minor commercial",1,NA,NA,1,"LC",3008
"5735",0,2591.02807617188,10.6,0.275,1.32840001583099,303.502014160156,293.330609130859,0.00300000002607703,0.00899999961256981,"Enteromius tiekoroi",62569.5191513008,1,0,0,NA,NA,NA,NA,NA,1,"NT",737
"5737",0.183099998533726,30925.5546875,2,0.316400000452995,1.15430001020432,301.375302124023,291.421502685547,0.0020000000949949,0.00600000005215406,"Aphyosemion mimbon",40352.5680346671,1,0,0,NA,NA,NA,NA,NA,1,"LC",469
"5738",0,47911.4375,42,0.174999997019768,2.79185003042221,309.687841796875,291.808990478516,0.0020000000949949,0.0140000004321337,"Auchenoglanis occidentalis",4809646.34630271,1,1,0,70,"commercial",0,2.9,"Carni.",1,"LC",36207
"5742",0,3012.11206054688,43,0.653999984264374,2.45274993777275,303.235507965088,286.137615203857,0.00600000005215406,0.0109999999403954,"Amphilius laticaudatus",60841.8651289638,1,0,0,NA,NA,NA,NA,NA,1,"LC",746
"5743",0.068000003695488,30925.5546875,15,0.213600000739098,1.92939999103546,301.6412109375,291.653991699219,0.0020000000949949,0.00600000005215406,"Labeobarbus progenys",208243.896912533,1,1,0,NA,NA,NA,NA,NA,1,"LC",2425
"5744",0,3274.53393554688,33,0.277999997138977,1.97417497634888,305.552127075195,289.913301086426,0.00400000018998981,0.00999999977648258,"Scriptaphyosemion geryi",161237.651460483,1,1,0,NA,NA,NA,NA,NA,1,"LC",1800
"5745",1631.27001953125,4861.49609375,0,0.386999994516373,0.386999994516373,297.130004882812,295.367004394531,0.0020000000949949,0.0020000000949949,"Haplochromis pitmani",70029.8147067808,0,1,1,5.5,NA,0,4.2,"Carni.",1,"DD",814
"5746",0,47222.84765625,42,0.182899998128414,2.74600005149841,309.62409362793,292.218893432617,0.0020000000949949,0.0140000004321337,"Lates niloticus",5374946.65463458,1,1,0,200,"highly commercial",0,3.95,"Carni.",1,"LC",41397
"5749",0,18957.59765625,44,0.310999989509583,2.8331999540329,303.826995849609,285.597799682617,0.0020000000949949,0.0130000002682209,"Enteromius radiatus",1811634.16907533,1,1,0,12,"commercial",0,2.76,"Omni.",1,"LC",15717
"5751",0,9131.9716796875,49,0.581799986958504,3.64164998531341,304.437797546387,287.734985351562,0.00499999988824129,0.0130000002682209,"Coptostomabarbus wittei",580320.763741808,1,1,0,4,"commercial",0,2.74,"Omni.",2,"LC",3179
"5753",0.0338750015944242,37493.1796875,17,0.218874996528029,1.87012501060963,301.584136962891,291.761867523193,0.0020000000949949,0.00600000005215406,"Labeo batesii",658991.146964341,NA,NA,0,NA,NA,NA,NA,NA,1,"LC",7636
"5757",0,37903.6640625,45,0.283725004643202,3.10227497816086,304.842555999756,284.070460510254,0.0020000000949949,0.0130000002682209,"Enteromius eutaenia",1291926.64404805,1,1,0,14," ",0,3.2,"Carni.",1,"LC",10390
"5763",0,37493.1796875,20.375,0.245000004768372,1.31462499499321,301.660621643066,291.820743560791,0.0020000000949949,0.00600000005215406,"Enteromius trispilomimus",161260.843188153,NA,NA,0,NA,NA,NA,NA,NA,1,"LC",1866
"5764",0,47545.85546875,39,0.173699994385242,2.61247491240501,300.795642852783,293.986999511719,0.0020000000949949,0.00499999988824129,"Leptoglanis bouilloni",24812.0094166946,1,1,0,NA,NA,NA,NA,NA,1,"DD",288
"5769",0,483.723999023438,24.35,0.37865000218153,1.64310002326965,301.041795349121,284.276593017578,0.00400000018998981,0.00700000021606684,"Mormyrus hildebrandti",31387.5126578873,NA,NA,0,NA,NA,NA,NA,NA,1,"DD",227
"5771",0,47222.84765625,42.0749999999998,0.197849998623133,2.65445004701614,301.871002197266,294.876942443848,0.0020000000949949,0.00499999988824129,"Stomatorhinus patrizii",312833.20117202,1,1,0,NA,NA,NA,NA,NA,1,"LC",3038
"5773",0,47952.2890625,42,0.232999995350838,2.61145002841949,301.734008789062,292.767750549316,0.0020000000949949,0.00499999988824129,"Distichodus fasciolatus",1045314.23513073,1,1,0,60,"of no interest",0,2,"Herbi.",1,"LC",10303
"5774",0.117100002989173,299.871002197266,10.6249999999999,0.11599999666214,0.675850018858909,299.440161132812,284.710317230225,0.0020000000949949,0.00300000002607703,"Haplochromis graueri",13410.5950132207,1,1,0,11.8000001907349,NA,0,NA,NA,1,"LC",148
"5776",0.0129750002641231,2100.81494140625,28,0.418424999713898,2.37405006885529,300.639861297607,293.6233253479,0.0020000000949949,0.00499999988824129,"Parauchenoglanis longiceps",34353.4866405254,NA,NA,0,NA,NA,NA,NA,NA,1,"EN",400
"5777",0,3777.22509765625,32,0.264724989235401,1.93377505242824,303.693639373779,290.155567169189,0.00400000018998981,0.00999999977648258,"Fundulopanchax filamentosus",80254.9878544287,1,1,0,5.5,"of no interest",0,3.38,"Carni.",1,"LC",910
"5778",0,3919.5419921875,44,0.845500016212463,3.45050008296966,302.935089111328,290.580908203125,0.00700000021606684,0.00969999972730875,"Protomelas insignis",4694.31397546243,0,1,1,20.2999992370605,"commercial",0,2.5,"Omni.",1,"LC",53
"5782",0.0753750028088689,3863.86206054688,16,0.225249994546175,1.49799998104572,300.756870269775,292.451251983643,0.00300000002607703,0.00499999988824129,"Chrysichthys longidorsalis",58778.2210037567,NA,NA,0,NA,NA,NA,NA,NA,1,"VU",686
"5785",0,11705.8701171875,40,0.159999996423721,2.16245000958442,300.398072052002,288.276756286621,0.0020000000949949,0.00499999988824129,"Brachypetersius cadwaladeri",127794.619397564,1,1,0,NA,NA,NA,NA,NA,1,"LC",1292
"5786",0,47952.2890625,42,0.189999997615814,2.57294995784759,301.734008789062,292.019462585449,0.0020000000949949,0.00499999988824129,"Bagrus ubangensis",478515.173829429,1,1,0,31.5,NA,0,4.2,"Carni.",1,"LC",4742
"5787",0,496.622985839844,35.975,0.229050002247095,2.20894996523857,302.266180419922,289.48843536377,0.00400000018998981,0.00600000005215406,"Atopochilus vogti",41062.9488874524,1,0,0,NA,NA,NA,NA,NA,1,"DD",322
"5788",0.0618249992839992,4347.6337890625,18.3499999999999,0.195999994874001,1.53047503829002,301.879389953613,292.546327972412,0.00300000002607703,0.00499999988824129,"Leptocypris crossensis",64657.5196117802,1,0,0,NA,NA,NA,NA,NA,1,"LC",754
"5791",0.00327500007115304,341.794006347656,39.725,0.760274986922741,2.91407492160797,308.048791503906,299.173952484131,0.00400000018998981,0.00600000005215406,"Nothobranchius bojiensis",3871.14467280826,1,1,0,NA,NA,NA,NA,NA,2,"VU",12
"5792",0,12825.298828125,34,0.164000004529953,2.04449996352196,307.846984863281,293.546127319336,0.00300000002607703,0.00999999977648258,"Rhabdalestes septentrionalis",1057444.17046925,1,0,0,NA,NA,NA,NA,NA,1,"LC",9786
"5793",0,12825.298828125,43,0.230000004172325,2.83659999370575,307.733001708984,292.122985839844,0.00300000002607703,0.0130000002682209,"Mastacembelus cryptacanthus",546281.853706693,1,1,0,NA,NA,NA,NA,NA,1,"LC",6069
"5794",0,12825.298828125,39,0.160999998450279,2.39810006022453,309.178277587891,293.389245605469,0.00400000018998981,0.0109999999403954,"Synodontis ocellifer",1452561.88637284,1,1,0,49,"commercial",0,3.12,"Carni.",1,"LC",11790
"5795",0,3964.35205078125,43.275,0.461625000834465,2.88987489938736,302.657228088379,285.052500915527,0.00600000005215406,0.00899999961256981,"Labeobarbus latirostris",54494.3727440174,1,1,0,NA,NA,NA,NA,NA,1,"DD",630
"5797",0,239.003997802734,41,0.269250005483627,2.4683749973774,300.386619567871,293.305881500244,0.0020000000949949,0.00300000002607703,"Atopochilus pachychilus",13979.7221303855,1,1,0,NA,NA,NA,NA,NA,1,"DD",136
"5798",0.564925015717745,2080.52099609375,0,0.232274993881583,0.715524981915951,302.693723297119,294.945046234131,0.00300000002607703,0.00600000005215406,"Fundulopanchax ndianus",4451.34875569239,1,1,0,NA,NA,NA,NA,NA,1,"LC",52
"5801",0,47303.76171875,31,0.261099992692471,1.91000001430511,301.955255126953,289.556901550293,0.0020000000949949,0.00800000037997961,"Pelmatolapia cabrae",195591.310869935,1,1,0,NA,NA,NA,NA,NA,1,"LC",2103
"5802",0,47952.2890625,42,0.246999993920326,2.62570003271103,301.739605712891,293.666297912598,0.0020000000949949,0.00499999988824129,"Chrysichthys habereri",528647.355475744,1,1,0,NA,NA,NA,NA,NA,1,"LC",5347
"5804",0,9131.9716796875,47,0.40352500602603,3.33500003814697,303.14295501709,287.359521484375,0.00300000002607703,0.0120000001043081,"Clarias stappersii",1282683.2991367,1,1,0,41,"subsistence fisheries",0,4.5,"Carni.",3,"LC",10062
"5805",0,36.859001159668,31.625,0.845125016570091,1.61940003335476,301.77975769043,290.432534790039,0.00700000021606684,0.00800000037997961,"Melanochromis loriae",1011.69384458268,0,1,1,11.3999996185303," ",0,NA,NA,1,"LC",12
"5806",0,47456.98828125,28,0.153999999165535,1.73199999332428,304.913806152344,292.547387695313,0.00300000002607703,0.00800000037997961,"Malapterurus beninensis",576362.979239863,1,1,0,NA,NA,NA,NA,NA,1,"LC",6529
"5814",0,14054.060546875,45,0.339624997228384,3.83612504601479,310.856994628906,284.953002929688,0.00499999988824129,0.0189999993890524,"Hemichromis letourneuxi",645669.922669749,0,1,1,NA,NA,NA,NA,NA,2,"LC",2346
"5815",0,12825.298828125,28,0.102249998599291,1.91475003957748,305.039756774902,292.583236694336,0.00300000002607703,0.00899999961256981,"Phago loricatus",141448.528378337,1,0,0,16.5,"of no interest",0,3.73,"Carni.",1,"LC",1571
"5819",0,3274.53393554688,23,0.165000006556511,1.38137499392032,304.482271575928,293.846439361572,0.00300000002607703,0.00700000021606684,"Heterobranchus isopterus",617121.091431355,1,1,0,NA,NA,NA,NA,NA,1,"LC",6710
"5823",0,1841.35400390625,45.2,0.242800000309944,3.30559992790223,301.056994628906,287.939404296875,0.00300000002607703,0.00700000021606684,"Labeo fuelleborni",157517.662148261,1,1,0,NA,NA,NA,NA,NA,1,"DD",1393
"5824",0.00300000002607703,13681.75,33.35,0.387200000137091,1.85635000169277,301.655059051514,293.28549041748,0.00300000002607703,0.00600000005215406,"Synodontis multimaculatus",22812.8474039613,1,1,0,NA,NA,NA,NA,NA,1,"DD",254
"5826",0,12825.298828125,29,0.387749999761581,2.24274998903275,303.028755187988,287.944511413574,0.00300000002607703,0.0109999999403954,"Fundulopanchax arnoldi",37109.8964136547,1,1,0,NA,NA,NA,NA,NA,1,"EN",431
"5828",0,540.5830078125,35,0.690249972045422,2.00762501358986,302.032382965088,281.115009307861,0.00800000037997961,0.0130000002682209,"Enteromius brevipinnis",25380.5319878395,1,0,0,4.5,"of no interest",0,3.5,"Carni.",3,"NT",236
"5829",0.0649499978870153,24176.982421875,18,0.214950003474951,1.90019997954369,301.209864807129,291.715788269043,0.00300000002607703,0.00499999988824129,"Labeobarbus micronema",161320.056342582,NA,NA,0,NA,NA,NA,NA,NA,1,"LC",1879
"5832",0.0423250000923872,352.269989013672,13.0499999999999,0.216650002077222,0.949599982798095,300.184745788574,291.130619812012,0.0020000000949949,0.00767500032670794,"Labeobarbus macroceps",13159.9108448775,1,1,0,NA,NA,NA,NA,NA,1,"DD",134
"5833",0,349.644989013672,32,0.326600007712841,1.89234997630119,304.67234954834,275.325961303711,0.0189999993890524,0.0270000007003546,"Luciobarbus setivimensis",129872.621575426,1,0,0,NA,NA,NA,NA,NA,3,"LC",1027
"5834",0.465049986541271,2427.31201171875,0,0.251450002938509,0.695550011098385,301.096851348877,293.776159667969,0.0020000000949949,0.00499999988824129,"Synodontis acanthoperca",15823.1942848622,NA,NA,0,NA,NA,NA,NA,NA,1,"DD",184
"5839",0,47303.76171875,30,0.237000003457069,1.79737503826618,304.292999267578,291.934879302979,0.00300000002607703,0.00800000037997961,"Periophthalmus barbarus",836276.701592398,1,1,0,14.6999998092651,"subsistence fisheries",1,3.36,"Carni.",1,"LC",8916
"5841",1631.27001953125,4861.49609375,0,0.386999994516373,0.386999994516373,297.130004882812,295.367004394531,0.0020000000949949,0.0020000000949949,"Haplochromis empodisma",70201.9485614657,0,1,1,11.6999998092651,NA,0,2.91,"Carni.",1,"DD",816
"5843",1631.27001953125,4861.49609375,0,0.386999994516373,0.386999994516373,297.130004882812,295.367004394531,0.0020000000949949,0.0020000000949949,"Haplochromis mento",70029.8147067808,0,1,1,17.7999992370605,NA,0,4.2,"Carni.",1,"DD",814
"5845",0,5240.89111328125,46.525,0.302324994653463,2.91509998440743,300.013349914551,293.923417663574,0.00100000004749745,0.00300000002607703,"Zaireichthys flavomaculatus",36712.049236337,1,1,0,NA,NA,NA,NA,NA,1,"DD",220
"5847",0,3274.53393554688,19.725,0.387824992090464,1.53442498445511,303.517051696777,290.874017333984,0.00400000018998981,0.00999999977648258,"Callopanchax toddi",34989.2062591415,1,0,0,NA,NA,NA,NA,NA,1,"LC",412
"5849",1631.27001953125,4861.49609375,0,0.386999994516373,0.386999994516373,297.130004882812,295.367004394531,0.0020000000949949,0.0020000000949949,"Haplochromis macrocephalus",75275.99539497,0,1,1,10.5900001525879,"of no interest",0,3.04,"Carni.",1,"VU",862
"5851",0,3919.5419921875,44.4,0.854500007629394,3.57200007438659,303.044107055664,290.102008056641,0.00600000005215406,0.00909999962896108,"Mylochromis formosus",6876.2660956166,0,1,1,12.6999998092651,"commercial",0,4.01,"Carni.",1,"LC",77
"5852",0,19961.58984375,48,0.179500003531575,3.09950007200241,300.797274017334,296.535179901123,0.0020000000949949,0.00300000002607703,"Mormyrops microstoma",14021.3301883608,1,1,0,NA,NA,NA,NA,NA,1,"DD",110
"5855",0,204.828002929688,35,0.530500009655952,2.20624995231628,301.638748168945,278.603744506836,0.00899999961256981,0.0179999992251396,"Enteromius pallidus",195273.619056564,1,1,0,NA,NA,NA,NA,NA,3,"LC",671
"5856",0,47748.6953125,44,0.24600000679493,2.75482508540154,301.734008789062,294.804992675781,0.00100000004749745,0.00499999988824129,"Synodontis nigriventris",463773.811779595,1,1,0,9.60000038146973,"of no interest",0,2.93,"Carni.",1,"LC",4528
"5857",0,46797.73046875,44,0.177600002288818,2.84689996242523,300.858001708984,292.060699462891,0.00100000004749745,0.00400000018998981,"Clariallabes heterocephalus",124921.221180124,1,1,0,NA,NA,NA,NA,NA,1,"LC",1277
"5859",0,47545.85546875,30.75,0.217899997532368,2.06155004501343,300.938589477539,294.416648864746,0.0020000000949949,0.00499999988824129,"Zaireichthys zonatus",9872.41774612641,1,1,0,2.5,"of no interest",0,NA,NA,1,"DD",115
"5860",0,555.129028320312,41.975,0.322074996680021,2.41005001068115,304.230237579346,282.870436096191,0.00300000002607703,0.00600000005215406,"Neobola fluviatilis",157727.21324899,1,0,0,NA,NA,NA,NA,NA,1,"CR",882
"5863",1631.27001953125,4861.49609375,0,0.386999994516373,0.386999994516373,297.130004882812,295.367004394531,0.0020000000949949,0.0020000000949949,"Haplochromis pachycephalus",70029.8147067808,0,1,1,23.2000007629395,NA,0,4.2,"Carni.",1,"DD",814
"5864",0,14054.060546875,45,0.234474998340011,3.22205000519752,309.049987792969,290.430549621582,0.00400000018998981,0.0179999992251396,"Marcusenius cyprinoides",1633725.4992821,1,1,0,33,"minor commercial",0,3.04,"Carni.",2,"LC",11380
"5865",0,1841.35400390625,49,0.248200005292892,4.08479986190796,301.572998046875,292.190002441406,0.00300000002607703,0.00559999998658895,"Dinotopterus cunningtoni",33354.7184506497,0,1,1,NA,NA,NA,NA,NA,1,"NT",257
"5866",0,12825.298828125,43,0.174999997019768,2.86077502369881,309.05756072998,292.42805557251,0.00300000002607703,0.0130000002682209,"Synodontis nigrita",1811026.66173088,0,1,1,NA,NA,NA,NA,NA,1,"LC",14250
"5870",0.0532499993219972,2515.99096679688,15,0.300674990564585,0.87322498857975,301.313845825195,293.940324401855,0.0020000000949949,0.00600000005215406,"Notoglanidium boutchangai",19074.257950646,1,0,0,NA,NA,NA,NA,NA,1,"LC",222
"5871",0,1841.35400390625,47,0.149125004187226,3.71862494945526,301.161010742188,286.897743225098,0.0020000000949949,0.00499999988824129,"Gnathochromis pfefferi",56107.7774082358,1,1,0,NA,NA,NA,NA,NA,1,"LC",486
"5872",0,3919.5419921875,44.4,0.854500007629394,3.57200007438659,303.044107055664,290.102008056641,0.00600000005215406,0.00909999962896108,"Taeniochromis holotaenia",6876.2660956166,0,1,1,22,"commercial",0,3.85,"Carni.",1,"LC",77
"5874",0.0301250000484288,1627.00903320312,35,0.133749997243285,2.26262500882149,307.001384735107,296.424873352051,0.00400000018998981,0.00800000037997961,"Synodontis macrophthalmus",17898.2112700631,1,0,0,NA,NA,NA,NA,NA,1,"CR",176
"5876",0,14054.060546875,46,0.332749988883734,4.36425000429153,310.856994628906,290.408126831055,0.00499999988824129,0.0189999993890524,"Thoracochromis wingatii",556561.07562341,0,1,1,NA,NA,NA,NA,NA,2,"DD",1736
"5877",0,3919.5419921875,44.4,0.854500007629394,3.57200007438659,303.044107055664,290.102008056641,0.00600000005215406,0.00909999962896108,"Hemitaeniochromis brachyrhynchus",6876.2660956166,0,1,1,123.599998474121,NA,0,NA,NA,1,"LC",77
"5879",0,47952.2890625,42,0.197999998927116,2.59112507104874,301.514007568359,291.629878997803,0.0020000000949949,0.00499999988824129,"Campylomormyrus elephas",616676.44532073,1,1,0,NA,NA,NA,NA,NA,1,"LC",6196
"5883",0,752.841979980469,42.4,0.37700001001358,3.10939989089966,304.583990478516,289.057800292969,0.00220000008121133,0.0110000001266599,"Gobioides africanus",4251.75915186019,1,0,0,NA,NA,NA,NA,NA,1,"LC",49
"5888",1631.27001953125,4861.49609375,0,0.386999994516373,0.386999994516373,297.130004882812,295.367004394531,0.0020000000949949,0.0020000000949949,"Marcusenius rheni",14622.6660140434,0,1,1,NA,NA,NA,NA,NA,1,"DD",170
"5889",0.0394749999977648,37493.1796875,12.5250000000001,0.230000004172325,1.20105003416538,301.602054595947,292.462019348145,0.0020000000949949,0.00600000005215406,"Doumea typica",291005.025730588,1,0,0,NA,NA,NA,NA,NA,1,"LC",3380
"5895",0,583.109008789062,33.1999999999999,0.270199996232986,1.99060006141662,301.791998291016,286.411187744141,0.00499999988824129,0.00600000005215406,"Oreochromis korogwe",37153.5322711074,1,1,0,16.1000003814697,NA,0,3.2,"Carni.",1,"LC",337
"5897",0,47222.84765625,44,0.246999993920326,2.86519999504089,300.821197509766,294.697998046875,0.0020000000949949,0.00400000018998981,"Clariallabes melas",375974.993294238,1,1,0,NA,NA,NA,NA,NA,1,"LC",3697
"5903",0,3912.49389648438,43.45,1.22380000352859,3.19979993104935,302.638389587402,291.053605651855,0.00800000037997961,0.0089499996509403,"Pseudotropheus brevis",250.328725129143,0,1,1,12," ",0,2.78,"Omni.",1,"EN",3
"5904",0.106900002807379,5102.72509765625,2,0.204799997806549,0.730600017309189,300.326205444336,291.988397216797,0.0020000000949949,0.00400000018998981,"Haplochromis nubilus",91106.9898678236,1,1,0,9.30000019073486,NA,0,3.35,"Carni.",1,"VU",997
"5905",0,1154.44897460938,44,0.688500016927719,3.44399988651276,309.28199005127,292.503257751465,0.00899999961256981,0.0149999996647239,"Petrocephalus keatingii",48560.6223641439,1,0,0,NA,NA,NA,NA,NA,2,"DD",131
"5908",0,3695.19409179688,45,0.358399998396635,2.91877490282059,300.386959838867,290.925387573242,0.00100000004749745,0.00499999988824129,"Parakneria vilhenae",21675.7151264177,1,1,0,NA,NA,NA,NA,NA,1,"DD",198
"5909",0,785.924987792969,30.1,0.268600001186132,1.67967501282692,299.721002960205,292.681436920166,0.0020000000949949,0.00400000018998981,"Parakneria ladigesi",7652.5934798573,1,1,0,NA,NA,NA,NA,NA,1,"DD",70
"5911",0,2.51900005340576,49,4.40899991989136,4.40899991989136,301.864990234375,293.075012207031,0.00800000037997961,0.00800000037997961,"Copadichromis verduyni",83.691823487896,0,1,1,NA,NA,NA,NA,NA,1,"LC",1
"5912",0,4969.48193359375,39,0.397575007379055,2.2418999671936,300.826711273193,287.523143768311,0.00400000018998981,0.00942499968223269,"Labeobarbus stappersii",82442.4619571692,1,1,0,NA,NA,NA,NA,NA,3,"LC",864
"5913",1631.27001953125,4861.49609375,0,0.386999994516373,0.386999994516373,297.130004882812,295.367004394531,0.0020000000949949,0.0020000000949949,"Haplochromis crassilabris",70201.9485614657,0,1,1,15,NA,0,3.2,"Carni.",1,"CR",816
"5920",0,14300.6025390625,42,0.177000001072884,2.90499997138977,309.721960449219,287.570082092285,0.00300000002607703,0.0160000007599592,"Oreochromis niloticus",7241370.2436649,1,1,0,60,"highly commercial",0,2.01999998092651,"Herbi.",2,"LC",44482
"5921",0.237800008058548,4468.94482421875,1.39999999999999,0.211799997091293,0.894799983501434,302.519610595703,290.527398681641,0.00300000002607703,0.00700000021606684,"Tetraodon pustulatus",8993.91732890428,1,0,0,NA,NA,NA,NA,NA,1,"EN",105
"5925",0.923199981451035,1384.73803710938,0,0.259800001978874,0.720800012350082,301.440505981445,294.760803222656,0.00300000002607703,0.00489999991841613,"Epiplatys ruhkopfi",10679.8956855712,1,1,0,NA,NA,NA,NA,NA,1,"EN",125
"5926",0,3274.53393554688,20,0.298324996978044,1.51490004658699,303.385056304932,289.46169128418,0.00300000002607703,0.0109999999403954,"Pelvicachromis roloffi",131983.434474988,1,0,0,NA,NA,NA,NA,NA,1,"LC",1552
"5927",0.0133250003214926,2100.81494140625,28,0.403474998474121,2.37302506566048,300.62169418335,293.634104919434,0.0020000000949949,0.00499999988824129,"Synodontis steindachneri",35554.7943649057,NA,NA,0,NA,NA,NA,NA,NA,1,"LC",414
"5929",0,6503.158203125,37.025,0.386999994516373,2.34677495956421,302.181211090088,285.898676300049,0.0020000000949949,0.0120000001043081,"Enteromius profundus",37629.1806746793,0,1,1,6.30000019073486,NA,0,3.2,"Carni.",1,"LC",400
"5935",0,12825.298828125,42,0.158999994397163,2.72099995613098,309.846008300781,293.088725280762,0.00400000018998981,0.0140000004321337,"Labeo senegalensis",2037017.30346614,1,1,0,NA,NA,NA,NA,NA,1,"LC",17024
"5938",0,17.0860004425049,27.8,1.24800004959106,1.55689997673035,301.806011962891,291.230209350586,0.00700000021606684,0.00790000036358833,"Mchenga flavimanus",421.950209173698,0,1,1,12,"commercial",0,3.4,"Carni.",1,"LC",5
"5941",0,583.109008789062,34.175,0.273600003123283,2.02077510356903,301.816028594971,286.46983795166,0.00499999988824129,0.00600000005215406,"Rhabdalestes tangensis",34234.7915694095,1,0,0,NA,NA,NA,NA,NA,1,"LC",314
"5944",0,22.7059993743896,40.625,1.15710002481937,3.11464999318123,301.474475097656,279.037827301025,0.0149999996647239,0.0179999992251396,"Pseudobarbus erubescens",4340.91402571341,1,0,0,NA,NA,NA,NA,NA,3,"CR",28
"5945",0,47911.4375,45,0.23199999332428,3.33699989318848,308.739990234375,289.609008789062,0.00300000002607703,0.0179999992251396,"Schilbe uranoscopus",964167.292310804,1,1,0,NA,NA,NA,NA,NA,2,"LC",7241
"5949",0.046000000089407,2610.23388671875,27,0.180000007152557,1.29744997024536,306.415545654297,294.963703918457,0.00300000002607703,0.00700000021606684,"Mastacembelus nigromarginatus",495942.99811593,1,0,0,NA,NA,NA,NA,NA,1,"LC",5179
"5950",0.0023250000202097,499.752014160156,32.45,0.10700000077486,1.61387501358986,306.951583862305,295.524925231934,0.00600000005215406,0.00899999961256981,"Synodontis arnoulti",13686.353558748,1,0,0,NA,NA,NA,NA,NA,1,"LC",112
"5951",0,3919.5419921875,46.5,1.18574997782707,4.15649989247322,302.660629272461,289.726379394531,0.00800000037997961,0.00962499971501529,"Mylochromis obtusus",1502.68297701508,0,1,1,NA,NA,NA,NA,NA,1,"LC",16
"5952",0,15332.720703125,40,0.218999996781349,2.60400009155273,301.764007568359,291.394989013672,0.0020000000949949,0.00499999988824129,"Oreochromis upembae",148110.89005621,1,1,0,21,NA,0,2.48000001907349,"Omni.",1,"LC",1401
"5955",0,1841.35400390625,49,0.247550004720688,4.08844985961914,301.572998046875,292.190002441406,0.00300000002607703,0.0056499999947846,"Triglachromis otostigma",33012.5919769452,0,1,1,12,"commercial",0,2.7,"Omni.",1,"LC",255
"5956",0,1841.35400390625,49,0.252425009012222,4.06107487678528,301.572998046875,292.097100067139,0.00300000002607703,0.00527499993331728,"Neolamprologus tetracanthus",34890.675799273,0,1,1,20,"commercial",0,3.76,"Carni.",1,"LC",270
"5958",0,3274.53393554688,23,0.307000011205673,1.67050002515316,303.73849105835,290.744869232178,0.00300000002607703,0.00999999977648258,"Coptodon louka",174549.00661418,1,1,0,25,NA,0,2,"Herbi.",1,"LC",2056
"5961",0,3935.47412109375,41.3,0.838100016117096,2.8529999256134,303.014389038086,290.992309570312,0.00690000019967556,0.00909999962896109,"Cyathochromis obliquidens",3184.27816742153,0,1,1,15,"commercial",0,2,"Herbi.",1,"LC",37
"5963",1.01585001051426,480.52099609375,0,0.0960750008001924,0.293874999880791,298.213696289063,284.710750579834,0.00100000004749745,0.0020000000949949,"Labeobarbus longidorsalis",7053.50585230253,1,1,0,NA,NA,NA,NA,NA,1,"DD",82
"5964",0,12825.298828125,35,0.210875000804663,1.9923750013113,306.513492584229,291.588626861572,0.00300000002607703,0.00800000037997961,"Clarias macromystax",184370.560172541,1,1,0,NA,NA,NA,NA,NA,1,"LC",2066
"5965",0.0413750009611249,37493.1796875,13.875,0.224125005304813,1.18187503516674,301.5830078125,292.652507781982,0.0020000000949949,0.00600000005215406,"Labeobarbus compiniei",315067.96969478,NA,NA,0,NA,NA,NA,NA,NA,1,"LC",3646
"5966",0,1841.35400390625,49,0.248200005292892,4.08479986190796,301.572998046875,292.190002441406,0.00300000002607703,0.00559999998658895,"Bathybagrus graueri",33354.7184506497,1,0,0,36,"commercial",0,4.25,"Carni.",1,NA,257
"5969",0,3919.5419921875,44.4,0.854500007629394,3.57200007438659,303.044107055664,290.102008056641,0.00600000005215406,0.00909999962896108,"Mylochromis ericotaenia",6876.2660956166,0,1,1,20.6000003814697,"commercial",0,3.5,"Carni.",1,"LC",77
"5971",0,18957.59765625,46,0.36599999666214,3.23447493314743,303.289414978027,287.463525390625,0.0020000000949949,0.0120000001043081,"Ctenopoma multispine",1679905.81751045,1,1,0,13.5,"commercial",0,3.78,"Carni.",1,"LC",14582
"5973",0,5558.05322265625,43.275,0.563624998927116,2.64925009608269,302.908996582031,288.438903045654,0.00400000018998981,0.00600000005215406,"Synodontis matthesi",87241.110269446,1,0,0,NA,NA,NA,NA,NA,1,"LC",670
"5974",0,12825.298828125,31,0.150999993085861,1.69087499380112,306.971862792969,292.985736846924,0.00300000002607703,0.00899999961256981,"Chromidotilapia guntheri",1071426.94710856,1,0,0,18,"commercial",0,NA,NA,1,"LC",10886
"5981",1.24124994874001,2111.02099609375,0,0.329999998211861,0.778999999165535,301.099243164062,293.105003356934,0.00300000002607703,0.00600000005215406,"Coptodon coffea",4357.95002914575,1,0,0,NA,NA,NA,NA,NA,1,"CR",51
"5983",0.0120000001043081,7051.2841796875,36.075,0.248849997669458,1.59507502317429,300.638451385498,295.525989532471,0.00100000004749745,0.0020000000949949,"Bathyaethiops breuseghemi",61230.7247971928,1,1,0,NA,NA,NA,NA,NA,1,"LC",438
"5985",0,3935.47412109375,44,0.847375014424324,3.43862507939339,302.903465270996,290.605032348633,0.00700000021606684,0.00957499970681965,"Dimidiochromis compressiceps",5110.68811328686,0,1,1,23,"commercial",0,4.2,"Carni.",1,"LC",58
"5986",0,14054.060546875,42,0.17577499859035,2.76999998092651,309.778461456299,292.648986816406,0.00300000002607703,0.0149999996647239,"Brycinus nurse",3338886.49489203,1,1,0,25,"minor commercial",0,2.80999994277954,"Carni.",1,NA,23272
"5989",1631.27001953125,4861.49609375,0,0.386999994516373,0.386999994516373,297.130004882812,295.367004394531,0.0020000000949949,0.0020000000949949,"Haplochromis gilberti",70201.9485614657,0,1,1,15,NA,0,3.95,"Carni.",1,"DD",816
"5990",0.288500003516674,1139.9580078125,1.25,0.315499998629093,0.929749995470047,300.70849609375,293.400497436523,0.0020000000949949,0.00325000006705523,"Aphyosemion etsamense",9550.76582664521,1,0,0,3.24000000953674,NA,0,NA,NA,1,"DD",111
"5993",0,37493.1796875,15,0.255800008773804,1.25119996070862,301.998992919922,291.582214355469,0.0020000000949949,0.00620000008493666,"Aphyosemion splendopleure",92192.951339222,1,1,0,NA,NA,NA,NA,NA,1,"LC",1073
"5994",0,1841.35400390625,49,0.247550004720688,4.08844985961914,301.572998046875,292.190002441406,0.00300000002607703,0.0056499999947846,"Xenotilapia longispinis",33012.5919769452,0,1,1,16.2999992370605,"commercial",0,3.1,"Carni.",1,"LC",255
"5997",0.0313749995548278,4861.49609375,15.45,0.0850999990478158,0.830874982476235,299.411602020264,285.577193450928,0.0020000000949949,0.00300000002607703,"Lacustricola vitschumbaensis",51287.859706395,NA,NA,0,NA,NA,NA,NA,NA,1,NA,532
"5998",0,4273.27783203125,46,0.383650004118681,3.1798249065876,300.282689666748,290.382479095459,0.0017250000819331,0.00499999988824129,"Opsaridium maculicauda",19217.5685711306,1,1,0,NA,NA,NA,NA,NA,1,"DD",190
"6000",0,17.1760005950928,24,1.60199999809265,1.60199999809265,301.429992675781,292.802001953125,0.00800000037997961,0.00800000037997961,"Pseudotropheus perileucos",84.1614107759323,0,1,1,8,NA,0,2,"Herbi.",1,"LC",1
"6002",0,1735.05200195312,16.375,0.407875008136034,1.09822496473789,302.512827301025,286.024466705322,0.0020000000949949,0.0160000007599592,"Benitochromis nigrodorsalis",6691.72811940764,1,0,0,NA,NA,NA,NA,NA,1,"EN",78
"6004",1631.27001953125,4861.49609375,0,0.386999994516373,0.386999994516373,297.130004882812,295.367004394531,0.0020000000949949,0.0020000000949949,"Haplochromis luteus",70029.8147067808,0,1,1,13.25,NA,0,2.59,"Omni.",1,"VU",814
"6006",0,1841.35400390625,49,0.248200005292892,4.08479986190796,301.572998046875,292.190002441406,0.00300000002607703,0.00559999998658895,"Cardiopharynx schoutedeni",33354.7184506497,0,1,1,15,"commercial",0,3.4,"Carni.",1,"LC",257
"6010",0,1841.35400390625,49,0.252425009012222,4.06107487678528,301.572998046875,292.097100067139,0.00300000002607703,0.00527499993331728,"Ophthalmotilapia boops",34890.675799273,0,1,1,15,NA,0,3.4,"Carni.",1,"LC",270
"6014",0.0168750009033829,6717.47314453125,14.125,0.254749994724989,1.0653750449419,301.900245666504,293.792373657227,0.0020000000949949,0.00600000005215406,"Labeobarbus axelrodi",71851.8673630999,NA,NA,0,NA,NA,NA,NA,NA,1,"LC",836
"6019",0,3912.49389648438,48.2,0.894399988651276,4.42899990081787,302.745593261719,289.583807373047,0.00680000018328428,0.00919999964535237,"Alticorpus mentale",6457.11530378825,0,1,1,NA,NA,NA,NA,NA,1,"LC",73
"6020",0,240.039001464844,41.525,0.418375006318092,2.15767502784729,304.82759552002,274.758324432373,0.0130000002682209,0.0199999995529652,"Labeobarbus kimberleyensis",270106.823082477,1,0,0,82.5,NA,0,3.59,"Carni.",2,"NT",700
"6025",0,2951.19799804688,33,0.533700013160706,1.50750002861023,301.517114257812,289.711596679688,0.00300000002607703,0.00499999988824129,"Labeobarbus iphthimostoma",7223.3756629481,1,1,0,NA,NA,NA,NA,NA,1,"DD",77
"6026",0,3919.5419921875,44.4,0.854500007629394,3.57200007438659,303.044107055664,290.102008056641,0.00600000005215406,0.00909999962896108,"Mchenga eucinostomus",6876.2660956166,0,1,1,14,"commercial",0,3.02,"Carni.",1,"LC",77
"6030",0.901000022888184,8.04399967193604,0,0.822000026702881,0.822000026702881,299.631988525391,293.747985839844,0.00499999988824129,0.00499999988824129,"Nothobranchius seegersi",1112.67895981963,1,1,0,6.19999980926514,NA,0,NA,NA,1,"VU",1
"6033",0,4468.94482421875,30,0.154174999520183,1.75582503378391,305.654998779297,293.436396789551,0.00300000002607703,0.00800000037997961,"Schilbe micropogon",287439.211640768,1,1,0,21,NA,0,2.91,"Carni.",1,"LC",3128
"6034",0,320.860992431641,31,0.260949994623661,1.63514994978905,298.954495239258,287.460549926758,0.00300000002607703,0.00700000021606684,"Chiloglanis sardinhai",23588.4096063629,1,1,0,NA,NA,NA,NA,NA,2,"LC",195
"6037",0,900.072021484375,29,0.0938999969512224,1.72984997630119,301.627349853516,288.084561157227,0.0020000000949949,0.00400000018998981,"Enteromius trinotatus",45766.072289061,1,1,0,NA,NA,NA,NA,NA,1,"LC",439
"6038",1.00569997429848,1131.64001464844,0,0.328800010681152,0.768800014257431,301.270101928711,294.898788452148,0.00300000002607703,0.00400000018998981,"Malapterurus thysi",22995.980909832,NA,NA,0,NA,NA,NA,NA,NA,1,NA,269
"6043",1631.27001953125,4861.49609375,0,0.386999994516373,0.386999994516373,297.130004882812,295.367004394531,0.0020000000949949,0.0020000000949949,"Haplochromis nigrescens",70029.8147067808,0,1,1,11.5,NA,0,4.2,"Carni.",1,"DD",814
"6045",0,15332.720703125,40,0.103000000119209,2.60849997997284,300.547903442383,287.435601806641,0.0020000000949949,0.00300000002607703,"Chromidotilapia schoutedeni",81543.0559350744,1,1,0,NA,NA,NA,NA,NA,1,"LC",925
"6047",0,18957.59765625,45,0.501149985194206,2.87442504167557,303.531005859375,282.491873931885,0.00400000018998981,0.0130000002682209,"Terapon jarbua",483907.829173388,1,1,0,36,"minor commercial",1,3.75,"Carni.",1,"LC",4504
"6049",0,1924.72497558594,35.5749999999999,0.224275001138449,2.02477508187294,303.576129150391,287.407948303223,0.00300000002607703,0.00700000021606684,"Synodontis punctulatus",87010.314062201,1,0,0,NA,NA,NA,NA,NA,2,"DD",618
"6051",0,3919.5419921875,46.4,1.18579998016357,4.12119989395142,302.660003662109,289.734204101563,0.00800000037997961,0.00959999971091748,"Mylochromis ensatus",1669.68035153938,0,1,1,20.7099990844727,NA,0,NA,NA,1,"LC",17
"6054",0.326999992132187,11712.7255859375,0,0.409999996423721,1.51699995994568,300.470001220703,292.299011230469,0.00300000002607703,0.00499999988824129,"Aphyosemion cyanostictum",62033.1924296034,1,1,0,NA,NA,NA,NA,NA,1,"LC",721
"6056",0,47545.85546875,40,0.211199995875359,2.39040002822876,301.894989013672,288.936395263672,0.0020000000949949,0.00800000037997961,"Alestes macrophthalmus",1798994.06286275,1,1,0,60,"commercial",0,2,"Herbi.",1,"LC",18729
"6057",0.000450000003911556,333.165985107422,12.85,0.0704500000923872,0.966699999570845,300.552296447754,284.961637878418,0.0020000000949949,0.00300000002607703,"Haplochromis labiatus",16177.5782462457,1,1,0,10.8999996185303,NA,0,NA,NA,1,"NT",167
"6058",0,47911.4375,40.475,0.152500002458692,3.07270001769065,300.792948913574,293.0145362854,0.0020000000949949,0.00600000005215406,"Labeo sorex",27540.42950978,1,0,0,NA,NA,NA,NA,NA,1,"DD",302
"6061",0,3905.416015625,49,0.88239997625351,4.49359998703003,302.447399902344,285.893988037109,0.00700000021606684,0.0109999999403954,"Rhamphochromis ferox",25431.1252954917,0,1,1,45,"commercial",0,4.2,"Carni.",1,"DD",289
"6064",0,47545.85546875,37.3499999999995,0.181999996304512,2.4637499332428,301.159046936035,292.196450805664,0.0020000000949949,0.00600000005215406,"Enteromius jae",592688.333683363,1,1,0,NA,NA,NA,NA,NA,1,"LC",6467
"6076",0,16388.71484375,40,0.114000000059605,2.57300001382828,300.734252929688,291.221504211426,0.0020000000949949,0.00400000018998981,"Hypsopanchax platysternus",194981.335214902,1,0,0,NA,NA,NA,NA,NA,1,"LC",2071
"6078",0,1567.5419921875,41.75,0.756999984383583,2.6332500576973,303.196006774902,280.0732421875,0.00800000037997961,0.0149999996647239,"Enteromius viviparus",303513.671344833,1,1,0,7,"commercial",0,2.87,"Carni.",3,"LC",2491
"6080",0,47952.2890625,41,0.172000005841255,2.63800001144409,300.839996337891,293.640014648438,0.0020000000949949,0.00600000005215406,"Stomatorhinus puncticulatus",168560.400230846,1,1,0,NA,NA,NA,NA,NA,1,"LC",1601
"6084",0,3402.68701171875,44,0.333299997448921,2.23810007572174,308.147186279297,297.639199829102,0.00400000018998981,0.00600000005215406,"Pardiglanis tarabinii",34657.757757397,1,0,0,NA,NA,NA,NA,NA,2,"DD",173
"6085",0.337524998188019,11712.7255859375,0,0.336025005578995,1.27699995040894,300.415980529785,290.476498413086,0.00267500004847534,0.00732500026933848,"Channallabes teugelsi",12730.7759018319,NA,NA,0,NA,NA,NA,NA,NA,1,"DD",148
"6088",0,5558.05322265625,40,0.572124987840652,2.3220000565052,303.018005371094,287.308990478516,0.00400000018998981,0.00700000021606684,"Synodontis rufigiensis",193147.630324083,1,0,0,NA,NA,NA,NA,NA,1,"LC",1616
"6090",0,7920.0517578125,42,0.319999992847443,2.70499992370605,309.506011962891,291.367004394531,0.00400000018998981,0.00899999961256981,"Chiloglanis niloticus",130536.02841751,1,0,0,NA,NA,NA,NA,NA,1,"DD",1041
"6092",0,12825.298828125,30,0.160999998450279,2.00750005245209,304.463012695312,292.974502563477,0.00300000002607703,0.00899999961256981,"Synodontis melanopterus",140032.073234052,1,0,0,NA,NA,NA,NA,NA,1,"NT",1581
"6097",0,5070.841796875,37,0.274550007283688,2.45300006866455,300.973335266113,292.811940002441,0.0020000000949949,0.00499999988824129,"Epiplatys sangmelinensis",136268.381700666,1,1,0,NA,NA,NA,NA,NA,1,"LC",1515
"6099",0,1841.35400390625,49,0.252425009012222,4.06107487678528,301.572998046875,292.097100067139,0.00300000002607703,0.00527499993331728,"Plecodus straeleni",34890.675799273,0,1,1,16,NA,0,4.3,"Carni.",1,"LC",270
"6100",0,3919.5419921875,44.3,0.854875007271767,3.54875007867813,303.044081878662,290.107008361816,0.00600000005215406,0.00907499962486327,"Chilotilapia rhoadesii",6960.42750639254,0,1,1,22.5,"commercial",0,3.37,"Carni.",1,"LC",78
"6102",0,1841.35400390625,49,0.248200005292892,4.08479986190796,301.572998046875,292.190002441406,0.00300000002607703,0.00559999998658895,"Bathybagrus stappersii",33354.7184506497,0,0,0,45,"subsistence fisheries",0,3.31,"Carni.",1,NA,257
"6103",0,47545.85546875,42,0.180000007152557,2.67874990701675,300.803886413574,294.795413208008,0.0020000000949949,0.00400000018998981,"Micralestes lualabae",225980.721403361,1,1,0,NA,NA,NA,NA,NA,1,"LC",2323
"6106",0,1841.35400390625,49,0.252425009012222,4.06107487678528,301.572998046875,292.097100067139,0.00300000002607703,0.00527499993331728,"Synodontis petricola",34890.675799273,0,1,1,NA,NA,NA,NA,NA,1,"LC",270
"6112",0,866.481018066406,27.6,0.400800007581711,1.66020002365112,302.628009033203,286.390203857422,0.00400000018998981,0.00700000021606684,"Chiloglanis modjensis",29610.2230909149,1,0,0,NA,NA,NA,NA,NA,2,"DD",185
"6113",0,3919.5419921875,41.675,0.834475010633469,2.92674994468689,303.018642425537,290.95393371582,0.00677500017918646,0.00922499964945018,"Lethrinops leptodon",2767.9040295971,0,1,1,NA,NA,NA,NA,NA,1,"LC",32
"6115",0,3745.29907226562,46.8,1.01750000119209,4.26239988803863,302.72409362793,290.791110229492,0.00800000037997961,0.00869999984279275,"Maylandia barlowi",1086.75510037489,0,0,0,8.10000038146973,"commercial",0,3.4,"Carni.",1,NA,13
"6120",0,14720.73046875,39,0.296700005233288,2.3528000831604,301.429048156738,288.077105712891,0.0020000000949949,0.00899999961256981,"Chrysichthys sharpii",265520.534017291,1,1,0,NA,NA,NA,NA,NA,1,"LC",2655
"6121",0.163799998164177,2067.5380859375,0.200000000000003,0.433199995756149,1.03279995918274,301.021795654297,293.740789794922,0.00300000002607703,0.00519999992102385,"Monopterus boueti",6242.56542960019,1,0,0,NA,NA,NA,NA,NA,1,"DD",73
"6123",0,18957.59765625,46,0.524999976158142,3.1123500585556,303.243241882324,285.328392028809,0.00400000018998981,0.0109999999403954,"Hippichthys spicifer",171433.717756554,1,0,0,18,"of no interest",1,NA,NA,1,"LC",1527
"6124",0,1484.27197265625,42,0.824999988079071,2.73399996757507,303.519012451172,281.471984863281,0.00999999977648258,0.0160000007599592,"Chetia flaviventris",239893.674183575,1,1,0,20,NA,0,3.98,"Carni.",2,"LC",1041
"6132",0,2515.99096679688,23.425,0.331999987363815,1.34862502813339,301.336972808838,294.523927307129,0.00400000018998981,0.00600000005215406,"Chromidotilapia elongata",12359.8985363744,NA,NA,0,NA,NA,NA,NA,NA,1,"DD",144
"6135",0,47545.85546875,42,0.215800005197525,2.60999989509583,301.558599853516,294.418804931641,0.0020000000949949,0.00499999988824129,"Mormyrus ovis",467171.968872675,1,1,0,NA,NA,NA,NA,NA,1,"LC",4673
"6136",0,47952.2890625,38.3249999999999,0.133675002679229,2.24797498583794,301.011273956299,293.193478393555,0.0020000000949949,0.00700000021606684,"Mormyrops curtus",92411.9593714248,1,1,0,NA,NA,NA,NA,NA,1,"LC",948
"6138",0,3402.68701171875,38.525,0.578275002539158,2.62517499923706,306.112051391602,297.496800994873,0.00300000002607703,0.00499999988824129,"Nothobranchius patrizii",13595.7663817762,1,1,0,NA,NA,NA,NA,NA,2,"LC",74
"6140",0,230.542007446289,39,0.180549995601177,2.09150002002716,299.840946960449,291.55023651123,0.0020000000949949,0.00499999988824129,"Aphyosemion labarrei",14199.8553158297,1,0,0,NA,NA,NA,NA,NA,1,"LC",155
"6145",0,47911.4375,42,0.232974995300174,2.61309992074966,301.635986328125,293.72797164917,0.0020000000949949,0.00499999988824129,"Tetraodon miurus",629793.147417992,1,1,0,NA,NA,NA,NA,NA,1,"LC",6240
"6150",0,1841.35400390625,49,0.248200005292892,4.08479986190796,301.572998046875,292.190002441406,0.00300000002607703,0.00559999998658895,"Bathybates leo",33354.7184506497,0,1,1,26,"commercial",0,4.2,"Carni.",1,"LC",257
"6153",1631.27001953125,4861.49609375,0,0.386999994516373,0.386999994516373,297.130004882812,295.367004394531,0.0020000000949949,0.0020000000949949,"Haplochromis eutaenia",70201.9485614657,0,1,1,10.5,NA,0,3.6,"Carni.",1,"DD",816
"6154",0.0295249995775521,47748.6953125,36.825,0.380250000208616,2.86424991488457,300.483587646484,292.342266845703,0.00400000018998981,0.00600000005215406,"Thoracochromis bakongo",9163.81452361991,NA,NA,0,NA,NA,NA,NA,NA,1,NA,88
"6155",0,47952.2890625,33.5249999999996,0.140475001558661,2.01025010943412,304.905527496338,293.497850799561,0.00300000002607703,0.00700000021606684,"Pollimyrus adspersus",388923.089103819,1,1,0,9.80000019073486,NA,0,NA,NA,1,"LC",4380
"6159",0,1841.35400390625,49,0.247550004720688,4.08844985961914,301.572998046875,292.190002441406,0.00300000002607703,0.0056499999947846,"Trematocara macrostoma",33012.5919769452,0,1,1,NA,NA,NA,NA,NA,1,"LC",255
"6162",0.150149999558926,2222.06201171875,0.849999999999994,0.339299987256527,1.054399985075,301.143190002441,293.20499420166,0.00300000002607703,0.00600000005215406,"Paramphilius firestonei",10857.0831660411,1,0,0,NA,NA,NA,NA,NA,1,"EN",127
"6166",0,518.599975585938,34.4,0.737000000476837,2.27859997749329,304.715588378906,298.877990722656,0.00400000018998981,0.00499999988824129,"Nothobranchius fasciatus",1979.04407113932,1,1,0,NA,NA,NA,NA,NA,2,"VU",9
"6169",0,1882.01098632812,47,0.409525002539158,3.21932506561279,300.600419616699,287.373714447021,0.00499999988824129,0.00999999977648258,"Kneria polli",93319.2031365077,1,0,0,NA,NA,NA,NA,NA,3,"LC",1022
"6177",1631.27001953125,4861.49609375,0,0.386999994516373,0.386999994516373,297.130004882812,295.367004394531,0.0020000000949949,0.0020000000949949,"Haplochromis lacrimosus",70201.9485614657,0,1,1,9.69999980926514,NA,0,2.82,"Carni.",1,"DD",816
"6179",0,456.35400390625,46.475,1.05072497427464,3.08264994621277,299.777027893066,290.234909057617,0.0020000000949949,0.00499999988824129,"Enteromius petchkovskyi",9925.6940387259,1,1,0,NA,NA,NA,NA,NA,1,"DD",102
"6180",1631.27001953125,4861.49609375,0,0.386999994516373,0.386999994516373,297.130004882812,295.367004394531,0.0020000000949949,0.0020000000949949,"Haplochromis rufocaudalis",75275.99539497,0,1,1,10.039999961853,NA,0,2,"Herbi.",1,"LC",862
"6181",0,3919.5419921875,47.3,0.954275022447109,4.24624994993209,302.670989990234,289.956999206543,0.00800000037997961,0.00899999961256981,"Ctenopharynx intermedius",4430.89726985364,0,1,1,21,"commercial",0,3.4,"Carni.",1,"LC",48
"6188",0,490.212005615234,39,0.239874998107553,2.19200006127357,299.022510528564,287.39599609375,0.00300000002607703,0.00700000021606684,"Labeobarbus ensifer",11614.5570844204,1,1,0,NA,NA,NA,NA,NA,2,"LC",116
"6195",0,3919.5419921875,44.4,0.854500007629394,3.57200007438659,303.044107055664,290.102008056641,0.00600000005215406,0.00909999962896108,"Aulonocara rostratum",6876.2660956166,0,1,1,18," ",0,3.5,"Carni.",1,"LC",77
"6198",0,687.552001953125,39,0.573450008034706,2.42327507734299,301.718994140625,279.36515045166,0.00800000037997961,0.0149999996647239,"Gilchristella aestuaria",219959.867682369,0,1,1,9,"subsistence fisheries",1,NA,NA,3,"LC",1710
"6202",2.25604999065399,2427.31201171875,0,0.268650010228157,0.577900019288063,301.106245422363,293.867961120605,0.0020000000949949,0.00499999988824129,"Aphyosemion joergenscheeli",13329.6769053178,1,0,0,NA,NA,NA,NA,NA,1,"LC",155
"6204",0,4098.27099609375,41.075,0.497924996912479,2.29119994044304,303.13415145874,285.513473510742,0.00700000021606684,0.00899999961256981,"Oreochromis shiranus",106667.864334303,1,1,0,39,"commercial",0,2,"Herbi.",3,"LC",1198
"6205",0,3935.47412109375,44,0.857250006496906,3.47662509083748,303.043180847168,290.122583770752,0.00602500005625188,0.00899999961256981,"Protomelas triaenodon",7292.64023344102,1,1,0,NA,NA,NA,NA,NA,1,"LC",82
"6206",0,914.56298828125,43,0.403524995595217,2.11925005316734,300.962313079834,287.208399963379,0.00400000018998981,0.00700000021606684,"Oreochromis rukwaensis",76901.168550577,1,1,0,33,"commercial",0,NA,NA,1,"VU",728
"6209",0,12825.298828125,28.3,0.302699992060661,2.18309996128082,303.098400878906,293.071697998047,0.00300000002607703,0.00800000037997961,"Ctenopoma nebulosum",33515.2714954844,1,1,0,NA,NA,NA,NA,NA,1,"EN",389
"6211",0,179.875,46.1,0.982175020873547,4.1126749753952,302.716667938232,291.952355957031,0.00800000037997961,0.00800000037997961,"Melanochromis heterochromis",1839.07485538097,0,1,1,NA,NA,NA,NA,NA,1,"LC",20
"6225",0,5558.05322265625,40,0.535000026226044,2.28500008583069,302.989892578125,287.41608581543,0.00400000018998981,0.00700000021606684,"Hydrocynus tanzaniae",241587.415150908,1,0,0,NA,NA,NA,NA,NA,1,"LC",2005
"6226",0.00300000002607703,57.1699981689453,32.85,0.199725002422929,1.65352503061295,302.588394927979,296.176443481445,0.00400000018998981,0.00499999988824129,"Nannocharax pteron",5479.05339432017,1,1,0,NA,NA,NA,NA,NA,1,"DD",64
"6227",0.900375016033649,6371.3427734375,0,0.260875005275011,0.955250009894371,301.241512298584,291.579364776611,0.0020000000949949,0.00700000021606684,"Benitochromis riomuniensis",16848.3477680479,NA,NA,0,NA,NA,NA,NA,NA,1,"EN",196
"6228",0,18957.59765625,46,0.164000004529953,3.14845002293587,303.936231231689,287.063138580322,0.0020000000949949,0.0130000002682209,"Clarias ngamensis",658179.348128394,1,1,0,73,"commercial",0,3.16,"Carni.",2,"LC",4792
"6235",0,3919.5419921875,44.4,0.854500007629394,3.57200007438659,303.044107055664,290.102008056641,0.00600000005215406,0.00909999962896108,"Tramitichromis lituris",6876.2660956166,0,1,1,16.7999992370605,"commercial",0,3.35,"Carni.",1,"LC",77
"6236",0.0415999993681908,5070.841796875,22.2,0.280000001192093,2.24159994125366,300.532006835938,292.66279296875,0.0020000000949949,0.00499999988824129,"Aphyosemion exiguum",140382.344229405,1,1,0,NA,NA,NA,NA,NA,1,"LC",1633
"6240",0,18957.59765625,45,0.383399993181229,3.08020005226135,305.0248046875,285.530194091797,0.00300000002607703,0.0130000002682209,"Labeo congoro",982035.677589175,1,0,0,NA,NA,NA,NA,NA,1,"LC",8417
"6243",0,7572.171875,43,0.782000005245209,2.69739995598793,301.752990722656,288.528232574463,0.00800000037997961,0.0109999999403954,"Sargochromis mortimeri",5056.92783509344,1,1,0,27.7000007629395,"subsistence fisheries",0,2.95,"Carni.",3,"LC",42
"6247",0,47222.84765625,36.6,0.120600003004074,2.20240006446838,300.795989990234,293.986999511719,0.0020000000949949,0.00499999988824129,"Poropanchax myersi",19066.182021758,1,0,0,NA,NA,NA,NA,NA,1,"EN",217
"6248",0,557.197998046875,39,0.604699993133545,3.192799949646,308.279797363281,292.027200317383,0.00300000002607703,0.0120000001043081,"Lutjanus ehrenbergii",11304.8489336624,1,0,0,35,"minor commercial",1,3.62,"Carni.",2,"LC",69
"6250",0,602.565002441406,36.15,0.669175025075674,2.26297503709793,298.654376983643,286.86354598999,0.00700000021606684,0.00999999977648258,"Kneria maydelli",15367.6910670631,1,0,0,NA,NA,NA,NA,NA,2,"LC",38
"6254",1.06752500534058,1158.28894042969,0,0.223075005039573,0.613974995911121,302.398783111572,290.49642868042,0.00300000002607703,0.00400000018998981,"Fundulopanchax mirabilis",7193.91699219597,1,0,0,NA,NA,NA,NA,NA,1,"DD",84
"6255",0.188199999183416,1188.11096191406,1.67500000000001,0.0979499999433756,0.493375010788441,299.538094329834,288.119602966309,0.0020000000949949,0.0020000000949949,"Labeobarbus pellegrini",29059.2244136128,1,1,0,NA,NA,NA,NA,NA,1,"DD",334
"6258",0,47222.84765625,44,0.246999993920326,2.84200000762939,301.532054138184,294.879702758789,0.0020000000949949,0.00400000018998981,"Ctenopoma weeksii",451224.983291743,1,1,0,NA,NA,NA,NA,NA,1,"LC",4475
"6259",0,10816.138671875,33,0.226999998092651,1.76580003499985,305.687789916992,292.360794067383,0.00300000002607703,0.00899999961256981,"Fundulopanchax gardneri",394052.977758498,1,1,0,NA,NA,NA,NA,NA,1,"LC",4605
"6265",0.543375015258789,11712.7255859375,0,0.478750001639128,1.38900005817413,300.491497039795,292.165489196777,0.00300000002607703,0.00499999988824129,"Aphyosemion georgiae",54724.1783338969,1,1,0,NA,NA,NA,NA,NA,1,"LC",636
"6267",0,37903.6640625,41,0.247999995946884,2.55664994716644,301.907949829102,294.440042114258,0.0020000000949949,0.00499999988824129,"Nannocharax taenia",524039.899108042,1,1,0,NA,NA,NA,NA,NA,1,"LC",5455
"6268",0,508.868011474609,35.325,0.837150010466576,2.49452500343323,302.212265777588,292.617802429199,0.00407500016735867,0.00869999963324517,"Eugnathogobius indicus",336.365348668221,1,0,0,2.70000004768372,NA,1,NA,NA,1,"DD",4
"6270",0,1841.35400390625,49,0.252425009012222,4.06107487678528,301.572998046875,292.097100067139,0.00300000002607703,0.00527499993331728,"Phyllonemus typus",34890.675799273,0,1,1,8.80000019073486,"of potential interest",0,4.04,"Carni.",1,"LC",270
"6275",0,4098.27099609375,40.55,0.513249975442886,2.14849996566772,304.169006347656,285.860052490234,0.00700000021606684,0.00999999977648258,"Opsaridium tweddleorum",95375.3214377634,1,0,0,NA,NA,NA,NA,NA,3,"DD",1099
"6276",0,3935.47412109375,44,0.857250006496906,3.47662509083748,303.043180847168,290.122583770752,0.00602500005625188,0.00899999961256981,"Copadichromis chrysonotus",7292.64023344102,0,1,1,16.2999992370605," ",0,3.4,"Carni.",1,"LC",82
"6281",0.364699994027615,5070.841796875,0,0.866149976849556,1.49530001878738,299.44783782959,291.833108520508,0.0020000000949949,0.00600000005215406,"Microsynodontis nannoculus",8168.8037403307,NA,NA,0,NA,NA,NA,NA,NA,1,"DD",95
"6286",0.188299994170666,24176.982421875,1,0.376149989664555,1.72120003700256,300.580801391602,291.680909729004,0.0020000000949949,0.00600000005215406,"Synodontis albolineatus",103819.86241539,NA,NA,0,NA,NA,NA,NA,NA,1,"LC",1207
"6287",0,47911.4375,42,0.174499996006489,2.6654999256134,300.820007324219,294.156997680664,0.0020000000949949,0.00499999988824129,"Cyphomyrus macrops",199532.299828003,1,1,0,NA,NA,NA,NA,NA,1,"LC",2021
"6290",0.22112499922514,3142.125,6.25,0.373749997466803,1.49862498044968,299.413131713867,293.59049987793,0.00300000002607703,0.00400000018998981,"Aphyosemion seegersi",15141.067566227,1,0,0,NA,NA,NA,NA,NA,1,"DD",176
"6291",0,3402.68701171875,35,0.607575006783009,2.57972501516342,304.918978881836,296.978646850586,0.00300000002607703,0.00499999988824129,"Nothobranchius jubbi",24426.1284068667,1,1,0,6,"commercial",0,3.2,"Carni.",2,"LC",128
"6292",0,47952.2890625,41,0.229000002145767,2.51495002508163,301.871656799316,293.237249755859,0.0020000000949949,0.00499999988824129,"Myomyrus macrops",716704.041552227,1,1,0,NA,NA,NA,NA,NA,1,"LC",7055
"6293",0,1841.35400390625,45,0.0839999988675117,3.44400000572205,301.161010742188,285.730010986328,0.0020000000949949,0.00600000005215406,"Enteromius pellegrini",102233.392459424,1,1,0,NA,NA,NA,NA,NA,1,"LC",1001
"6296",0,1841.35400390625,49,0.248200005292892,4.08479986190796,301.572998046875,292.190002441406,0.00300000002607703,0.00559999998658895,"Bathybates graueri",33354.7184506497,0,1,1,30,"commercial",0,4.2,"Carni.",1,"LC",257
"6297",0,47952.2890625,36.5,0.142500005662441,2.22699999809265,300.820999145508,293.63850402832,0.0020000000949949,0.00600000005215406,"Nanochromis parilus",105699.472167524,1,1,0,4.40000009536743," ",0,3.26,"Carni.",1,"LC",1141
"6299",0,6024.1708984375,39,0.180999994277954,1.9219250112772,301.888327789307,289.019996643066,0.0020000000949949,0.00600000005215406,"Brycinus sadleri",163887.953004972,1,1,0,13.8000001907349,"minor commercial",0,3.2,"Carni.",1,NA,1348
"6300",0,824.745971679688,30,0.57520000115037,1.65674996972084,301.554698181152,286.511428070068,0.00300000002607703,0.0082250002073124,"Lacustricola omoculatus",10224.3042612132,NA,NA,0,NA,NA,NA,NA,NA,3,NA,72
"6302",0,113.355003356934,47.95,1.82359996438026,4.16674991846085,302.550090026856,290.960696411133,0.00800000037997961,0.00884999972768128,"Copadichromis atripinnis",668.234386224091,0,1,1,NA,NA,NA,NA,NA,1,"LC",7
"6304",0.0107250001979992,38.5369987487793,29,0.156149998307228,1.20844997465611,299.010529327393,289.445624542236,0.00300000002607703,0.00400000018998981,"Orthochromis mosoensis",7555.69951292548,1,0,0,7.75,NA,0,2,"Herbi.",1,"EN",68
"6310",0,10668.279296875,46,0.180200004577637,3.43539996147156,301.161010742188,287.957800292969,0.0020000000949949,0.00700000021606684,"Enteromius oligogrammus",132152.72755436,1,1,0,NA,NA,NA,NA,NA,1,"LC",1209
"6312",0,12825.298828125,30,0.224999994039536,2.01387509703636,303.742784881592,291.920281219482,0.00300000002607703,0.00899999961256981,"Pareutropius buffei",131311.599770142,1,0,0,NA,NA,NA,NA,NA,1,"LC",1524
"6313",0,3274.53393554688,31,0.23060000538826,1.84920001029968,305.654998779297,292.508190917969,0.00300000002607703,0.00899999961256981,"Clarias buettikoferi",314688.855466472,1,0,0,NA,NA,NA,NA,NA,1,"LC",3465
"6318",0,222.705993652344,36,0.350475011020899,2.42304989695549,301.403688049316,291.305519866943,0.00392500017769635,0.00700000021606684,"Heteromormyrus pauciradiatus",11307.5057651653,1,1,0,NA,NA,NA,NA,NA,1,"DD",78
"6321",0,188.253005981445,40,0.861050000786781,1.96920002698898,300.49250793457,284.180043029785,0.00700000021606684,0.00899999961256981,"Enteromius seymouri",12993.9327866065,1,0,0,NA,NA,NA,NA,NA,3,"VU",123
"6323",0,17.1760005950928,24,1.60199999809265,1.60199999809265,301.429992675781,292.802001953125,0.00800000037997961,0.00800000037997961,"Labidochromis gigas",84.1614107759323,0,1,1,NA,NA,NA,NA,NA,1,"LC",1
"6330",0,3274.53393554688,26,0.291199994087219,1.73740000724792,305.188208007812,291.075592041016,0.00300000002607703,0.00999999977648258,"Marcusenius thomasi",212607.397957221,1,0,0,20,NA,0,2.52,"Omni.",1,"LC",2505
"6331",0,18957.59765625,45,0.504000008106232,2.98740004301071,303.518005371094,286.115837097168,0.00400000018998981,0.0109999999403954,"Ophiocara porocephala",354911.657140354,1,0,0,34,"of no interest",1,3.26,"Carni.",1,NA,3694
"6333",0.0109999999403954,47952.2890625,40,0.261000007390976,3.19019994735718,301.010809326172,292.731994628906,0.00300000002607703,0.00700000021606684,"Teleogramma gracile",23546.3852951022,1,1,0,NA,NA,NA,NA,NA,1,"VU",217
"6334",0,37903.6640625,42,0.199275001510978,2.57399988174438,301.543083190918,294.008303070068,0.0020000000949949,0.00400000018998981,"Clariallabes laticeps",457483.512886823,1,1,0,NA,NA,NA,NA,NA,1,"LC",4572
"6335",0.0876250001601875,6717.47314453125,3,0.238125000149012,0.94462501257658,301.829242706299,293.608001708984,0.0020000000949949,0.00499999988824129,"Chromidotilapia melaniae",32327.2680069337,NA,NA,0,NA,NA,NA,NA,NA,1,"LC",376
"6336",0,4320.30712890625,39.675,0.309574995189905,2.88742502331734,308.975050354004,293.77667388916,0.00800000037997961,0.0130000002682209,"Marcusenius deboensis",2104.47731040303,1,1,0,NA,NA,NA,NA,NA,1,"DD",24
"6338",0,1841.35400390625,49,0.247550004720688,4.08844985961914,301.572998046875,292.190002441406,0.00300000002607703,0.0056499999947846,"Xenotilapia bathyphila",33012.5919769452,0,0,0,10.3000001907349,"commercial",0,3.3,"Carni.",1,NA,255
"6342",0,2475.02709960938,43.7,0.561749976873398,3.05114996433258,301.994088745117,295.585345458984,0.00300000002607703,0.00499999988824129,"Phenacogrammus taeniatus",3609.61878869438,1,1,0,NA,NA,NA,NA,NA,1,"DD",27
"6343",0,1569.18994140625,19.375,0.345375005155802,1.4338750243187,303.545616149902,290.782127380371,0.00300000002607703,0.0103749998379499,"Leptocypris taiaensis",19215.3380823162,1,0,0,NA,NA,NA,NA,NA,1,"EN",226
"6344",0,14054.060546875,42,0.163250003010035,2.911749958992,309.529998779297,292.085243225098,0.00400000018998981,0.0149999996647239,"Raiamas senegalensis",2643808.5913625,1,1,0,NA,NA,NA,NA,NA,1,"LC",20331
"6345",0,18957.59765625,44,0.222000002861023,2.93514994978905,308.393088531494,283.487931060791,0.00400000018998981,0.0199999995529652,"Planiliza macrolepis",569140.299182761,1,0,0,60,"commercial",1,2.8,"Carni.",2,"LC",3278
"6347",0.00400000018998981,5301.97900390625,30,0.180000007152557,1.50007500350475,300.553652191162,286.497689056396,0.0020000000949949,0.00499999988824129,"Marcusenius victoriae",185802.345285775,1,1,0,26,NA,0,3.35,"Carni.",1,"LC",1638
"6350",0.0131750007160008,2515.99096679688,20.675,0.332775000482798,1.03374999463558,301.32756729126,294.560778045654,0.00400000018998981,0.00600000005215406,"Amphilius dimonikensis",9615.48767481276,1,0,0,NA,NA,NA,NA,NA,1,"VU",112
"6353",0,78.8560028076172,41.7,0.808700001239777,3.02780001163482,302.047900390625,279.051306152344,0.0131000002846122,0.0179999992251396,"Pseudobarbus serra",15507.3845234729,1,0,0,NA,NA,NA,NA,NA,2,"NT",85
"6355",0,3919.5419921875,42.625,1.19437500834465,3.08849993348122,302.628490447998,291.041881561279,0.00800000037997961,0.00899999961256981,"Tropheops kumwera",500.47264827935,0,1,1,NA,NA,NA,NA,NA,1,"NT",6
"6360",0,1106.91394042969,43,0.762499995529652,2.6611250936985,303.320873260498,281.182628631592,0.00800000037997961,0.0160000007599592,"Chiloglanis swierstrai",265430.301905307,1,0,0,7,"of no interest",0,3.5,"Carni.",2,"LC",1666
"6361",0,4969.48193359375,38,0.377875003963709,2.17375001311302,300.625881195068,287.666110992432,0.00499999988824129,0.00899999961256981,"Amphilius cryptobullatus",126794.704370458,1,1,0,NA,NA,NA,NA,NA,3,"LC",1406
"6362",0,5479.73779296875,24.75,0.942900007963181,1.81779997348785,303.174104309082,294.208094787598,0.00499999988824129,0.00700000021606684,"Nothobranchius lourensi",1789.40078213029,1,1,0,NA,NA,NA,NA,NA,1,"NT",19
"6363",0,3274.53393554688,18,0.272000014781952,1.42992495298386,303.291468048096,290.135483551025,0.00300000002607703,0.00999999977648258,"Malapterurus barbatus",143364.873871612,1,1,0,NA,NA,NA,NA,NA,1,"LC",1684
"6368",0,3919.5419921875,44.4,0.854500007629394,3.57200007438659,303.044107055664,290.102008056641,0.00600000005215406,0.00909999962896108,"Tyrannochromis nigriventer",6876.2660956166,0,1,1,17,NA,0,4.2,"Carni.",1,"LC",77
"6374",0.00889999961946159,47952.2890625,40,0.200425004959106,2.12064993381501,301.117554473877,292.968125915527,0.0020000000949949,0.00700000021606684,"Labeo rectipinnis",16020.7491401204,1,1,0,NA,NA,NA,NA,NA,1,"VU",160
"6375",0,3403.34204101562,43.55,0.445350001752377,2.78979991674423,309.377299499512,294.925205993652,0.00400000018998981,0.00700000021606684,"Parailia somalensis",92943.722652395,1,0,0,NA,NA,NA,NA,NA,1,"DD",379
"6377",0,47952.2890625,38.3,0.181850000470877,2.52070007324219,300.889051818848,292.962205505371,0.0020000000949949,0.00700000021606684,"Steatocranus casuarius",47396.5961047682,1,1,0,NA,NA,NA,NA,NA,1,"LC",495
"6378",0,1413.92102050781,28.8,0.331999987363815,1.72999994754791,307.420794677734,287.146008300781,0.00400000018998981,0.00899999961256981,"Labeobarbus nedgia",70770.8022766259,1,1,0,70.6999969482422,NA,0,3.34999990463257,"Carni.",1,"LC",769
"6381",0,9276.0888671875,42,0.119499998167157,3.07849997282028,305.701507568359,277.563751220703,0.0120000001043081,0.0240000002086163,"Atherina boyeri",235398.116908706,1,1,0,20,"commercial",1,3.22,"Carni.",2,"LC",1711
"6382",0,15332.720703125,44,0.349299992620945,2.90284998416901,300.580993652344,296.459439086914,0.0020000000949949,0.00300000002607703,"Trachyglanis ineac",35451.0104026981,1,1,0,NA,NA,NA,NA,NA,1,"LC",387
"6389",0,1567.5419921875,43,0.82235002219677,2.95455002784729,303.280995178223,284.473712158203,0.00700000021606684,0.0126500002108514,"Serranochromis meridianus",53662.3976598763,1,1,0,37,NA,0,3.76,"Carni.",1,"EN",535
"6390",0.0270000007003546,1074.28796386719,26.75,0.220249999314547,1.71850004792213,300.352493286133,294.082260131836,0.0020000000949949,0.00400000018998981,"Labeobarbus iturii",32333.7642344272,1,1,0,NA,NA,NA,NA,NA,1,"DD",371
"6391",0,3274.53393554688,27,0.247999995946884,1.71862497925758,305.251510620117,293.14875793457,0.00300000002607703,0.00800000037997961,"Tylochromis intermedius",410927.205162109,1,0,0,NA,NA,NA,NA,NA,1,"LC",4566
"6394",1631.27001953125,4861.49609375,0,0.386999994516373,0.386999994516373,297.130004882812,295.367004394531,0.0020000000949949,0.0020000000949949,"Haplochromis cryptogramma",70201.9485614657,0,1,1,9.39999961853027,NA,0,3.39,"Carni.",1,"DD",816
"6395",0,1841.35400390625,49,0.247550004720688,4.08844985961914,301.572998046875,292.190002441406,0.00300000002607703,0.0056499999947846,"Xenotilapia ochrogenys",33012.5919769452,0,1,1,11,"commercial",0,3.16000008583069,"Carni.",1,"LC",255
"6397",0,717.818969726562,48.7,0.708999997377396,4.92569990158081,305.479104614258,299.452597045898,0.00300000002607703,0.00400000018998981,"Haplochromis macconneli",8500.82980217615,0,1,1,NA,NA,NA,NA,NA,2,"LC",53
"6399",0,3919.5419921875,44.4,0.854500007629394,3.57200007438659,303.044107055664,290.102008056641,0.00600000005215406,0.00909999962896108,"Otopharynx selenurus",6876.2660956166,0,1,1,17.5,"commercial",0,2.82,"Carni.",1,"DD",77
"6403",0,5031.69580078125,39,0.377000004053116,2.22904997467995,300.697190856934,287.63380279541,0.00400000018998981,0.00899999961256981,"Synodontis katangae",140617.240239759,1,1,0,NA,NA,NA,NA,NA,3,"LC",1540
"6404",0,37511.4140625,38,0.238100004196167,2.25200009346008,306.491802978516,292.764407348633,0.0020000000949949,0.00700000021606684,"Nannaethiops unitaeniatus",703298.735540553,1,1,0,6.19999980926514," ",0,3,"Carni.",1,"LC",7205
"6405",0,47222.84765625,43,0.197649998217821,2.79289999008179,301.546096801758,294.733949279785,0.0020000000949949,0.00400000018998981,"Mastacembelus traversi",169625.143566109,1,1,0,NA,NA,NA,NA,NA,1,"LC",1623
"6412",0,47222.84765625,42,0.185000002384186,2.70000004768372,300.802001953125,294.759002685547,0.0020000000949949,0.00400000018998981,"Nannocharax schoutedeni",170004.378970202,1,1,0,NA,NA,NA,NA,NA,1,"LC",1801
"6416",0,13379.673828125,46,0.222750004380941,3.45649993419647,310.427490234375,288.477005004883,0.00400000018998981,0.0179999992251396,"Tetraodon lineatus",1326536.64402753,1,1,0,43,"of no interest",0,3.6,"Carni.",2,"LC",7031
"6417",0.0621750003658235,36454.14453125,17,0.266724993288517,2.07627495527267,301.340365600586,291.417722320557,0.0020000000949949,0.00600000005215406,"Brycinus opisthotaenia",222747.327153547,NA,NA,0,NA,NA,NA,NA,NA,1,NA,2590
"6421",0,834.591003417969,44.1,0.475300005078316,2.5624000787735,299.882913208008,287.407989501953,0.00499999988824129,0.00999999977648258,"Chetia gracilis",28915.1063645223,1,1,0,NA,NA,NA,NA,NA,2,"LC",197
"6425",0,37903.6640625,45,0.210200004279613,2.69650001525879,300.799603271484,291.454293823242,0.00100000004749745,0.00499999988824129,"Campylomormyrus tshokwe",126556.134311038,1,1,0,NA,NA,NA,NA,NA,1,"LC",1093
"6432",0,47952.2890625,44,0.18502500243485,2.93997505307198,307.917948913574,293.055999755859,0.0020000000949949,0.0109999999403954,"Xenomystus nigri",1311687.3061764,1,1,0,30,"of no interest",0,3.27999997138977,"Carni.",1,"LC",13162
"6434",0.0606500018388033,2100.81494140625,11.7,0.312250001728535,2.17505005598068,300.884448242187,293.462139892578,0.0020000000949949,0.00600000005215406,"Schilbe nyongensis",12627.2063201743,1,0,0,NA,NA,NA,NA,NA,1,"DD",147
"6435",0,31.7889995574951,13.5,0.25874999910593,1.39750003814697,299.271751403809,287.016761779785,0.00499999988824129,0.00600000005215406,"Oreochromis hunteri",1288.63189016193,0,1,1,30,NA,0,2,"Herbi.",1,"CR",11
"6438",0,758.56201171875,43,0.764749997854233,2.72465006113052,303.347840881348,281.171891784668,0.00899999961256981,0.0140000004321337,"Opsaridium peringueyi",181055.237366055,1,0,0,NA,NA,NA,NA,NA,2,"LC",1367
"6439",0.034250000026077,97.4069976806641,25,0.113500002771616,1.02412500977516,296.638751983643,285.644374847412,0.00100000004749745,0.00300000002607703,"Labeobarbus ruandae",11430.4591425988,1,0,0,26.2000007629395,NA,0,NA,NA,3,"NT",116
"6444",0,1841.35400390625,49,0.248200005292892,4.08479986190796,301.572998046875,292.190002441406,0.00300000002607703,0.00559999998658895,"Bathybates minor",33354.7184506497,1,1,0,20.5,"commercial",0,4.2,"Carni.",1,"LC",257
"6447",0.0322499992325902,4861.49609375,33.75,0.145624997094274,1.55599999427795,300.591259002686,292.732250213623,0.0020000000949949,0.00400000018998981,"Nothobranchius robustus",20390.0574150033,1,1,0,NA,NA,NA,NA,NA,1,"LC",186
"6449",0.0414000011980534,4274.748046875,27,0.142200003564358,1.27610001564026,308.068490600586,293.967108154297,0.00400000018998981,0.00999999977648258,"Gobiocichla wonderi",52634.4107147176,1,0,0,6.19999980926514,NA,0,2,"Herbi.",1,"NT",565
"6452",0.0521000010892749,49.6380004882812,27.95,0.282250013947487,1.88174996972084,307.345007324219,295.415658569336,0.00800000037997961,0.00999999977648258,"Micropanchax ehrichi",10918.8701089015,1,0,0,NA,NA,NA,NA,NA,1,"LC",83
"6455",0,1841.35400390625,49,0.248200005292892,4.08479986190796,301.572998046875,292.190002441406,0.00300000002607703,0.00559999998658895,"Cyathopharynx furcifer",33354.7184506497,0,1,1,21,"commercial",0,3.4,"Carni.",1,"LC",257
"6460",0,47545.85546875,43.725,0.263999998569489,2.89045003056526,300.714134979248,294.74962387085,0.0020000000949949,0.00499999988824129,"Labeo alticentralis",4555.57698691516,1,1,0,NA,NA,NA,NA,NA,1,"DD",52
"6468",0,12825.298828125,27,0.324299997091293,2.04355003833771,303.396701049805,289.679656982422,0.00300000002607703,0.00999999977648258,"Micropanchax scheeli",112189.300658365,NA,NA,0,NA,NA,NA,NA,NA,1,NA,1307
"6470",0,18957.59765625,43,0.270175008475781,2.74282504320145,303.833662414551,282.011338806152,0.0020000000949949,0.0149999996647239,"Enteromius paludinosus",2863986.23931184,1,1,0,15,"commercial",0,2.94000005722046,"Carni.",1,"LC",21208
"6471",0,18957.59765625,44,0.209874996542931,2.87222496271133,308.072532653809,282.145758056641,0.00400000018998981,0.0130000002682209,"Hippichthys cyanospilos",550827.114611998,1,0,0,16,"of no interest",1,NA,NA,1,"LC",4832
"6475",0,37376.35546875,33,0.23199999332428,1.98750001192093,305.152008056641,292.993011474609,0.00300000002607703,0.00899999961256981,"Laeviscutella dekimpei",683729.573223092,1,1,0,5.48999977111816,"subsistence fisheries",0,NA,NA,1,"LC",7011
"6476",0.011049999948591,47952.2890625,40,0.261075007170439,3.20680001378059,300.86349029541,292.7760597229,0.00300000002607703,0.00700000021606684,"Mastacembelus crassus",13108.336064017,1,0,0,NA,NA,NA,NA,NA,1,"VU",122
"6478",0,31016.556640625,42,0.238374996185303,2.57832504510879,301.922969055176,294.232069396973,0.0020000000949949,0.00499999988824129,"Pollimyrus pulverulentus",246692.45435431,1,1,0,NA,NA,NA,NA,NA,1,"LC",2468
"6480",0,37376.35546875,37,0.196349995583296,2.17155003547668,301.573129272461,291.077695465088,0.0020000000949949,0.00700000021606684,"Grasseichthys gabonensis",50166.7437441208,1,0,0,NA,NA,NA,NA,NA,1,"VU",568
"6483",0,37903.6640625,46,0.259999990463257,3.12400007247925,306.998931884766,288.334014892578,0.0020000000949949,0.0120000001043081,"Micropanchax hutereaui",2220949.12558909,1,1,0,NA,NA,NA,NA,NA,1,"LC",19394
"6486",0,1841.35400390625,49,0.252425009012222,4.06107487678528,301.572998046875,292.097100067139,0.00300000002607703,0.00527499993331728,"Neolamprologus fasciatus",34890.675799273,0,1,1,15,"commercial",0,NA,NA,1,"LC",270
"6487",0,47302.59765625,42.025,0.301900001615286,3.08839989304543,304.529615783691,289.798828125,0.00232500007259659,0.0103750001406297,"Gerres nigri",4934.95646794702,1,1,0,20,"commercial",1,3.19,"Carni.",1,"LC",54
"6488",0,3919.5419921875,46.4,0.975200021266937,4.03699998855591,302.670989990234,290.002001953125,0.00700000021606684,0.00899999961256981,"Mylochromis sphaerodon",5187.31596095994,0,1,1,NA,NA,NA,NA,NA,1,"LC",57
"6494",0,18957.59765625,45,0.0509999990463257,2.9767499923706,309.314273834229,291.46957321167,0.00400000018998981,0.0130000002682209,"Ellochelon vaigiensis",379228.730529227,1,1,0,63,"commercial",1,2.39,"Omni.",2,"LC",2262
"6496",0,22.6959991455078,47.5,1.69255004525185,4.55584987401962,302.484538269043,292.410054016113,0.00705000022426248,0.00800000037997961,"Petrotilapia chrysos",334.614419555878,0,1,1,NA,NA,NA,NA,NA,1,"LC",3
"6501",0,2951.19799804688,39.2,0.522200012207031,2.52039999961853,301.495599365234,289.22939453125,0.00300000002607703,0.00600000005215406,"Chiloglanis microps",14188.0283371883,1,1,0,NA,NA,NA,NA,NA,1,"LC",137
"6502",0,15.4919996261597,35,2.09899997711182,2.09899997711182,301.221984863281,293.444000244141,0.00700000021606684,0.00700000021606684,"Stigmatochromis pleurospilus",84.7367086763954,0,1,1,NA,NA,NA,NA,NA,1,"DD",1
"6508",0,4.68599987030029,44,3.2739999294281,3.2739999294281,302.513000488281,292.794006347656,0.00800000037997961,0.00800000037997961,"Placidochromis trewavasae",83.453119406147,0,1,1,NA,NA,NA,NA,NA,1,"LC",1
"6510",0,5558.05322265625,47,0.659950025379658,3.15302502512932,302.908996582031,290.960405731201,0.00499999988824129,0.00600000005215406,"Lacustricola lacustris",30655.3189010202,NA,NA,0,NA,NA,NA,NA,NA,1,NA,280
"6511",0,1841.35400390625,49,0.247550004720688,4.08844985961914,301.572998046875,292.190002441406,0.00300000002607703,0.0056499999947846,"Telmatochromis bifrenatus",33012.5919769452,0,1,1,9,"commercial",0,NA,NA,1,"LC",255
"6514",0,47911.4375,42,0.243000000715256,2.58072504401207,301.658451080322,288.449005126953,0.0020000000949949,0.00899999961256981,"Congoglanis alula",792554.969754918,1,1,0,14.1000003814697,NA,0,NA,NA,1,"LC",7972
"6519",0.0247500003315508,2515.99096679688,26,0.245350005477667,1.1636499941349,301.316291809082,293.631796264648,0.00300000002607703,0.00600000005215406,"Enteromius kuiluensis",39256.2265044729,NA,NA,0,NA,NA,NA,NA,NA,1,"DD",455
"6520",0,12825.298828125,28,0.225349994748831,1.91175001859665,303.985992431641,292.076501464844,0.0020000000949949,0.00800000037997961,"Gymnallabes typus",145395.378193268,1,1,0,NA,NA,NA,NA,NA,1,"LC",1695
"6523",0,1841.35400390625,49,0.252425009012222,4.06107487678528,301.572998046875,292.097100067139,0.00300000002607703,0.00527499993331728,"Lepidiolamprologus hecqui",34890.675799273,NA,NA,0,NA,NA,NA,NA,NA,1,NA,270
"6531",0.269699996709824,2017.58801269531,2,0.141000002622604,0.828400003910065,304.25,293.848211669922,0.00400000018998981,0.00700000021606684,"Labeobarbus petitjeani",34996.6883887186,1,0,0,NA,NA,NA,NA,NA,1,"LC",413
"6532",0.0711500020697713,37493.1796875,9,0.215075003728271,1.67392502129078,301.469850158691,290.996302032471,0.0020000000949949,0.00700000021606684,"Clarias submarginatus",337924.555074879,1,1,0,16,NA,0,NA,NA,1,"VU",3844
"6533",0.0326249997597188,191.22900390625,5,0.0633500009775162,0.638174991309643,299.37869644165,283.941947174072,0.0020000000949949,0.00300000002607703,"Haplochromis oregosoma",14026.4132505725,1,1,0,NA,NA,NA,NA,NA,1,"NT",142
"6535",0,36.859001159668,44.875,0.84662501513958,3.53674992918968,301.848499298096,290.471633911133,0.00700000021606684,0.00800000037997961,"Aulonocara stuartgranti",1348.00153362188,0,1,1,11.8000001907349,"commercial",0,3.5,"Carni.",1,"LC",16
"6542",0.020574999647215,2334.09692382812,23.425,0.191149999946356,1.32679997086525,303.799426269531,296.264826965332,0.00499999988824129,0.00600000005215406,"Labeobarbus lagensis",22927.4559305958,1,1,0,NA,NA,NA,NA,NA,1,"DD",264
"6544",0,1841.35400390625,49,0.248200005292892,4.08479986190796,301.572998046875,292.190002441406,0.00300000002607703,0.00559999998658895,"Ectodus descampsii",33354.7184506497,0,1,1,10.3999996185303,"commercial",0,2.48,"Omni.",1,NA,257
"6561",0.00300000002607703,5301.97900390625,30,0.180000007152557,1.47899997234344,301.013000488281,285.950988769531,0.0020000000949949,0.00499999988824129,"Hippopotamyrus grahami",163443.130968277,1,1,0,NA,NA,NA,NA,NA,1,"LC",1401
"6566",0.819800019264221,2067.5380859375,0,0.295800000429153,0.805800020694732,301.311602783203,294.146002197266,0.00300000002607703,0.00499999988824129,"Coptodon walteri",47270.3537671093,1,0,0,NA,NA,NA,NA,NA,1,"EN",553
"6570",0,3919.5419921875,44.4,0.854500007629394,3.57200007438659,303.044107055664,290.102008056641,0.00600000005215406,0.00909999962896108,"Lethrinops parvidens",6876.2660956166,0,1,1,14,"commercial",0,3.35,"Carni.",1,"LC",77
"6574",0,497.122009277344,39.1,0.778374978899956,3.61170003414154,302.741179656982,292.176552581787,0.00400000018998981,0.00899999961256981,"Osteomugil engeli",2040.66446390629,1,0,0,47.7000007629395,"commercial",1,NA,NA,1,"LC",24
"6577",0,19961.58984375,42,0.237499997019768,2.68099999427795,300.796005249023,296.262496948242,0.0020000000949949,0.00300000002607703,"Congocharax olbrechtsi",97645.3993975246,1,1,0,NA,NA,NA,NA,NA,1,"LC",1021
"6579",0,1841.35400390625,49,0.252425009012222,4.06107487678528,301.572998046875,292.097100067139,0.00300000002607703,0.00527499993331728,"Petrochromis fasciolatus",34890.675799273,0,1,1,15,"commercial",0,2,"Herbi.",1,"LC",270
"6583",0,47952.2890625,42,0.259999990463257,2.69574995040893,300.805445861816,291.178088378906,0.0020000000949949,0.00600000005215406,"Labeo macrostoma",177563.248477852,1,1,0,NA,NA,NA,NA,NA,1,"LC",1915
"6584",0,109.133003234863,30.975,0.984600026905537,2.1045499175787,298.399131011963,281.000909423828,0.0109999999403954,0.0149999996647239,"Pseudobarbus burchelli",8764.35483617861,1,0,0,13.5,NA,0,2.88,"Carni.",2,"CR",42
"6588",465.83874844238,47302.59765625,0,0.278724994510412,0.914274994283915,301.783695220947,295.330881500244,0.00407500019064173,0.00692500021541491,"Microdesmus africanus",171.167115442809,1,0,0,NA,NA,NA,NA,NA,1,"DD",2
"6590",0,18957.59765625,43,0.246999993920326,2.74300003051758,304.264511108398,284.584503173828,0.0020000000949949,0.0130000002682209,"Microphis fluviatilis",3234277.94614694,1,0,0,21,"subsistence fisheries",1,3.4,"Carni.",1,"DD",28061
"6597",0,5235.05908203125,43.55,0.0399000009521842,2.87010000944138,309.581663513184,283.95259552002,0.00400000018998981,0.0130000002682209,"Elops machnata",274138.102205221,1,0,0,118,"commercial",1,3.86,"Carni.",2,"LC",1819
"6598",0,37493.1796875,27,0.252000004053116,1.90600001811981,306.539202880859,292.161401367188,0.00300000002607703,0.00899999961256981,"Kribia kribensis",609366.00959065,1,1,0,NA,NA,NA,NA,NA,1,"LC",6785
"6599",0.0136250003706664,25.1000003814697,40,0.387625008821487,2.00724998116493,303.105495452881,295.340370178223,0.00400000018998981,0.00499999988824129,"Distichodus langi",16569.7623388055,1,1,0,NA,NA,NA,NA,NA,1,"DD",106
"6603",0,10669.1220703125,26,0.224000006914139,1.53390000462532,304.055999755859,292.69338684082,0.00300000002607703,0.00700000021606684,"Schilbe brevianalis",113617.444952944,1,1,0,NA,NA,NA,NA,NA,1,"LC",1327
"6604",0.0782000005245209,12.7200002670288,17.2,0.578600001335144,1.75750002861023,307.253009033203,297.854107666016,0.00300000002607703,0.00499999988824129,"Squalius cephalus",1710.21962065149,1,1,0,60,"minor commercial",0,3.60999989509583,"Carni.",2,"LC",13
"6605",0.00909999962896109,47952.2890625,40,0.181650002300739,3.14369988441468,300.861990356445,292.898739624023,0.0020000000949949,0.00700000021606684,"Lamprologus tigripictilis",12426.2987407599,1,1,0,NA,NA,NA,NA,NA,1,"VU",123
"6607",0,3919.5419921875,44.4,0.854500007629394,3.57200007438659,303.044107055664,290.102008056641,0.00600000005215406,0.00909999962896108,"Taeniolethrinops cyrtonotus",6876.2660956166,0,1,1,11.1999998092651,"of no interest",0,NA,NA,1,"LC",77
"6610",0,1841.35400390625,49,0.247550004720688,4.08844985961914,301.572998046875,292.190002441406,0.00300000002607703,0.0056499999947846,"Xenotilapia tenuidentata",33012.5919769452,0,1,1,NA,NA,NA,NA,NA,1,"LC",255
"6611",0,8198.4365234375,42,0.35172498896718,2.55569998025894,301.503997802734,288.088012695312,0.00300000002607703,0.00899999961256981,"Nannocharax luapulae",171420.682620118,1,1,0,NA,NA,NA,NA,NA,3,"LC",1784
"6614",0,47222.84765625,44,0.273499995470047,2.99049997329712,304.898986816406,284.986511230469,0.0020000000949949,0.0130000002682209,"Coptodon rendalli",1913676.66454161,1,1,0,45,"commercial",0,2.13,"Herbi.",1,"LC",15101
"6617",0,47952.2890625,42.3249999999998,0.248674997314811,2.63032509088516,302.719966125488,289.163381958008,0.0020000000949949,0.00700000021606684,"Citharinus congicus",642585.482712291,1,1,0,NA,NA,NA,NA,NA,1,"LC",5828
"6618",0.00712500021327287,37376.35546875,15.975,0.218049994856119,1.63359994590282,301.600988006592,291.107569885254,0.0020000000949949,0.00597500004805624,"Microsynodontis notata",17382.4440157521,NA,NA,0,NA,NA,NA,NA,NA,1,"DD",202
"6620",0,1841.35400390625,49,0.247550004720688,4.08844985961914,301.572998046875,292.190002441406,0.00300000002607703,0.0056499999947846,"Lophiobagrus aquilus",33012.5919769452,0,1,1,NA,NA,NA,NA,NA,1,"LC",255
"6622",0,3919.5419921875,44,0.845500016212463,3.45050008296966,302.935089111328,290.580908203125,0.00700000021606684,0.00969999972730875,"Lethrinops altus",4694.31397546243,0,1,1,15.8000001907349,"commercial",0,3.5,"Carni.",1,"LC",53
"6626",0,37903.6640625,42,0.190999999642372,2.70422505140305,300.840650939941,296.099098968506,0.0020000000949949,0.00300000002607703,"Marcusenius kutuensis",117840.112692563,1,1,0,NA,NA,NA,NA,NA,1,"LC",1188
"6627",0,47952.2890625,40,0.232799999415875,2.35700011253357,301.622393798828,293.410006713867,0.0020000000949949,0.00600000005215406,"Lamprologus congoensis",124079.242332423,1,1,0,NA,NA,NA,NA,NA,1,"LC",1309
"6631",0,47748.6953125,42,0.246999993920326,2.61917494535446,301.388000488281,288.83948135376,0.0020000000949949,0.00899999961256981,"Labeo chariensis",789090.519947853,1,1,0,NA,NA,NA,NA,NA,1,"LC",7732
"6633",0,7714.2119140625,39,0.165999993681908,1.99399995803833,302.130886077881,287.135883331299,0.0020000000949949,0.00899999961256981,"Petrocephalus catostoma",813268.166890199,1,1,0,15,"subsistence fisheries",0,3.36,"Carni.",1,"LC",7766
"6634",0,1841.35400390625,49,0.248200005292892,4.08479986190796,301.572998046875,292.190002441406,0.00300000002607703,0.00559999998658895,"Chalinochromis brichardi",33354.7184506497,0,1,1,12," ",0,3.5,"Carni.",1,"LC",257
"6635",0,47545.85546875,44,0.223025004938245,2.71087496876717,302.931931304932,293.272927856445,0.00100000004749745,0.00600000005215406,"Ctenopoma ocellatum",375153.616925748,1,1,0,NA,NA,NA,NA,NA,1,"LC",3522
"6636",0.916499984264374,1158.28894042969,0,0.225800006091595,0.902799981832504,302.280703735352,290.509701538086,0.00300000002607703,0.00570000000298022,"Fundulopanchax cinnamomeus",11396.463565698,1,0,0,NA,NA,NA,NA,NA,1,"EN",133
"6637",0,47952.2890625,42,0.203999996185303,2.75195008516312,308.636993408203,288.674160766602,0.0020000000949949,0.0130000002682209,"Heterobranchus longifilis",3187240.56100869,1,1,0,150,"minor commercial",0,3.72,"Carni.",1,"LC",26723
"6642",0,1841.35400390625,49,0.252425009012222,4.06107487678528,301.572998046875,292.097100067139,0.00300000002607703,0.00527499993331728,"Phyllonemus filinemus",34890.675799273,0,1,1,NA,NA,NA,NA,NA,1,"LC",270
"6643",0.0230000000447035,37376.35546875,14,0.250999987125397,1.71299996376038,302.444995117187,291.570202636719,0.0020000000949949,0.00600000005215406,"Epiplatys sexfasciatus",155087.05321602,1,1,0,10,"commercial",0,3.58,"Carni.",1,"LC",1785
"6645",0,2591.02807617188,15,0.423824988305569,1.4032999932766,303.869776916504,293.282495117188,0.00400000018998981,0.00899999961256981,"Epiplatys guineensis",25200.4774688789,1,0,0,NA,NA,NA,NA,NA,1,"VU",298
"6647",0.0195999994874001,1937.2099609375,32.2,0.245800006389618,1.45280001163483,301.174005126953,293.541595458984,0.00300000002607703,0.00600000005215406,"Aphyosemion thysi",27145.8013582102,1,0,0,NA,NA,NA,NA,NA,1,"VU",313
"6648",0,628.018005371094,35,0.363825003057718,2.04572492241859,304.281718444824,275.340811157227,0.0140000004321337,0.0260000005364418,"Salaria fluviatilis",170726.812205341,NA,NA,0,NA,NA,NA,NA,NA,3,NA,1618
"6650",0.0781000018119812,921.364990234375,15.3999999999999,0.236600002646446,0.928699994087218,299.696801757813,291.859405517578,0.00300000002607703,0.00400000018998981,"Serranochromis janus",6427.30734592015,1,1,0,NA,NA,NA,NA,NA,1,"DD",53
"6655",0,3935.47412109375,44,0.857250006496906,3.47662509083748,303.043180847168,290.122583770752,0.00602500005625188,0.00899999961256981,"Cyrtocara moorii",7292.64023344102,0,1,1,NA,NA,NA,NA,NA,1,"VU",82
"6656",0,3935.47412109375,49,0.826374997198582,4.4703498840332,302.670989990234,285.971044158936,0.00700000021606684,0.0109999999403954,"Eclectochromis ornatus",30205.312827778,NA,NA,0,NA,NA,NA,NA,NA,1,NA,344
"6658",0,5.54199981689453,38.7,0.738100016117096,2.38380000591278,302.408996582031,285.617294311523,0.0130000002682209,0.0137000003829598,"Clarias cavernicola",5436.50288585932,1,0,0,16.1000003814697,"of no interest",0,2.77,"Omni.",2,"CR",13
"6663",0,3919.5419921875,44.4,0.854500007629394,3.57200007438659,303.044107055664,290.102008056641,0.00600000005215406,0.00909999962896108,"Nyassachromis prostoma",6876.2660956166,0,1,1,NA,NA,NA,NA,NA,1,"LC",77
"6665",0,47748.6953125,40,0.234624998643994,2.43974992632866,301.924987792969,291.990379333496,0.0020000000949949,0.00600000005215406,"Enteromius atromaculatus",530370.20060695,1,1,0,NA,NA,NA,NA,NA,1,"LC",5506
"6668",0,3912.49389648438,49,0.866499990224838,4.50699996948242,302.513000488281,285.931488037109,0.00700000021606684,0.0109999999403954,"Bathyclarias euryodon",26520.5883195937,NA,NA,0,NA,NA,NA,NA,NA,1,NA,301
"6669",0,914.56298828125,43,0.40494999140501,2.05169993638992,300.863848876953,287.151445007324,0.00400000018998981,0.00700000021606684,"Chiloglanis mbozi",70071.9901963928,0,1,1,NA,NA,NA,NA,NA,1,"VU",667
"6675",0,7051.2841796875,37.925,0.209999993443489,1.77270000576973,300.420690155029,288.707524871826,0.00100000004749745,0.00800000037997961,"Hypsopanchax jubbi",134968.660521924,1,0,0,5,"commercial",0,NA,NA,1,"LC",1244
"6676",1.01199996471405,971.463989257812,0,0.32600000500679,0.767000019550323,301.407989501953,294.644989013672,0.00300000002607703,0.00499999988824129,"Chiloglanis normani",10341.3766921154,0,1,1,NA,NA,NA,NA,NA,1,"EN",121
"6683",0,47222.84765625,41.4000000000001,0.142600005865097,2.6014000415802,301.190209960938,291.911993408203,0.0020000000949949,0.00400000018998981,"Malapterurus melanochir",353361.229209645,1,1,0,NA,NA,NA,NA,NA,1,"LC",3625
"6684",0.00957500033546239,2515.99096679688,20,0.271924994885921,1.23479999899864,301.315042114258,291.823021697998,0.00300000002607703,0.00600000005215406,"Labeobarbus lucius",12162.261510879,1,1,0,NA,NA,NA,NA,NA,1,"DD",134
"6689",0,46797.73046875,42,0.246999993920326,2.5029500246048,301.80383605957,294.365141296387,0.0020000000949949,0.00499999988824129,"Nannocharax elongatus",393524.198367668,1,1,0,NA,NA,NA,NA,NA,1,"LC",3923
"6690",0,3919.5419921875,44,0.845500016212463,3.45050008296966,302.935089111328,290.580908203125,0.00700000021606684,0.00969999972730875,"Cheilochromis euchilus",4694.31397546243,0,1,1,35,"commercial",0,3.2,"Carni.",1,NA,53
"6701",0,509.673004150391,25.1,0.380900011956692,1.73805003762245,302.176745605469,285.099263000488,0.00400000018998981,0.00700000021606684,"Mormyrus tenuirostris",39810.8315001295,1,0,0,NA,NA,NA,NA,NA,1,"LC",279
"6703",0,4321.921875,46,0.295999996364117,2.89200001955032,300.406745910645,294.013496398926,0.00100000004749745,0.00300000002607703,"Marcusenius intermedius",31443.2242383216,1,1,0,NA,NA,NA,NA,NA,1,"DD",271
"6711",0.123100000992417,3863.86206054688,8.64999999999998,0.230049999058247,1.05615002512932,300.772348022461,290.049057006836,0.00300000002607703,0.00499999988824129,"Marcusenius sanagaensis",38959.4809446952,NA,NA,0,NA,NA,NA,NA,NA,1,"VU",455
"6712",0,9036.9833984375,48,0.430550008267164,3.34852505326271,303.371794128418,286.026647186279,0.00300000002607703,0.0160000007599592,"Pollimyrus castelnaui",785789.277368237,1,1,0,7,"of no interest",0,3.2,"Carni.",2,"LC",2012
"6723",0.0987999990582466,36454.14453125,17,0.288000005483627,1.44599997997284,302.902606201172,292.501397705078,0.0020000000949949,0.00499999988824129,"Pollimyrus eburneensis",60264.2993284164,0,1,1,NA,NA,NA,NA,NA,1,"LC",673
"6725",0,5479.73779296875,32.5,0.898499995470047,2.07200002670288,302.92350769043,295.629501342773,0.00499999988824129,0.00600000005215406,"Nothobranchius annectens",1876.07411599132,1,1,0,NA,NA,NA,NA,NA,1,"NT",21
"6731",0,439.285003662109,24.45,0.225299999862909,1.70924999117851,300.324841308594,279.327648925781,0.00400000018998981,0.00600000005215406,"Labeobarbus pagenstecheri",22946.4350745418,1,0,0,NA,NA,NA,NA,NA,1,"DD",223
"6734",0.866100001335144,1131.64001464844,0,0.325099989771843,0.7757000207901,301.383499145508,294.854385375977,0.00300000002607703,0.00400000018998981,"Micralestes eburneensis",24364.8971539244,1,0,0,NA,NA,NA,NA,NA,1,"EN",285
"6735",0.270750001072884,242.580001831055,0,0.126499995589256,0.522499993443489,295.157012939453,289.435249328613,0.0020000000949949,0.00250000011874363,"Haplochromis nigroides",2837.93065776997,0,1,1,7.5,NA,0,NA,NA,3,"LC",31
"6736",0,717.818969726562,48.75,0.737500011920929,4.95024991035461,305.47925567627,299.488258361816,0.00300000002607703,0.00400000018998981,"Lates longispinis",8070.49323122656,0,1,1,NA,NA,NA,NA,NA,2,"DD",51
"6742",0,555.129028320312,36,0.457000005245209,2.5768000125885,304.388598632812,282.350402832031,0.00300000002607703,0.00660000015050169,"Synodontis zanzibaricus",85832.2889729009,1,0,0,NA,NA,NA,NA,NA,1,"DD",377
"6743",1631.27001953125,4861.49609375,0,0.386999994516373,0.386999994516373,297.130004882812,295.367004394531,0.0020000000949949,0.0020000000949949,"Enteromius viktorianus",1893.16897295765,0,1,1,NA,NA,NA,NA,NA,1,"DD",22
"6744",0.000450000003911556,333.165985107422,12.85,0.0704500000923872,0.966699999570845,300.552296447754,284.961637878418,0.0020000000949949,0.00300000002607703,"Haplochromis schubotzi",16177.5782462457,1,1,0,12.5,NA,0,3.2,"Carni.",1,"LC",167
"6745",0,3935.47412109375,44,0.847375014424324,3.43862507939339,302.903465270996,290.605032348633,0.00700000021606684,0.00957499970681965,"Mylochromis labidodon",5110.68811328686,0,1,1,NA,NA,NA,NA,NA,1,"LC",58
"6746",0,557.197998046875,39,0.597599995136261,3.21839995384216,308.301397705078,292.014599609375,0.00400000018998981,0.0120000001043081,"Gobiodon rivulatus",9282.55673507178,1,1,0,6.40000009536743,"commercial",1,NA,NA,1,"LC",65
"6747",0,47952.2890625,42,0.207800003886223,2.7243999838829,301.21526184082,293.055999755859,0.0020000000949949,0.00700000021606684,"Chrysichthys dendrophorus",127752.047756568,1,1,0,NA,NA,NA,NA,NA,1,"VU",1319
"6749",0,47303.76171875,21,0.244450003653765,1.5306999862194,301.754296875,292.638499450684,0.0020000000949949,0.00700000021606684,"Epiplatys singa",162918.553286492,1,1,0,NA,NA,NA,NA,NA,1,"LC",1859
"6751",0.606400001049042,675.557983398438,0,0.201299995183945,0.527500021457672,300.984808349609,294.146597290039,0.00300000002607703,0.00499999988824129,"Epiplatys hildegardae",16107.9010849751,1,0,0,NA,NA,NA,NA,NA,1,"LC",189
"6757",0,47952.2890625,38,0.162000000476837,2.30342494249344,301.59341506958,291.364746856689,0.0020000000949949,0.00600000005215406,"Opsaridium ubangiense",1458841.34256041,1,1,0,NA,NA,NA,NA,NA,1,"LC",15264
"6758",0,24.9270000457764,41.5,1.82319995760918,2.74564991593361,301.48755645752,292.36340637207,0.00800000037997961,0.00800000037997961,"Maylandia xanstomachus",250.547819787209,0,0,0,12.5,"commercial",0,2,"Herbi.",1,NA,3
"6759",0,12825.298828125,25.3,0.22039999961853,1.86879999637604,302.745196533203,291.02819519043,0.00300000002607703,0.00800000037997961,"Procatopus similis",91838.7540033009,1,0,0,6," ",0,NA,NA,1,"LC",1069
"6760",0,47222.84765625,43,0.246999993920326,2.68090000152588,301.514007568359,291.82795715332,0.0020000000949949,0.00499999988824129,"Pollimyrus tumifrons",501419.632253774,1,1,0,NA,NA,NA,NA,NA,1,"LC",4983
"6762",0,1841.35400390625,49,0.247550004720688,4.08844985961914,301.572998046875,292.190002441406,0.00300000002607703,0.0056499999947846,"Limnochromis auritus",33012.5919769452,1,1,0,NA,NA,NA,NA,NA,1,"LC",255
"6765",0,18957.59765625,45,0.227099998295307,2.97512508630752,309.142944335938,291.109654998779,0.00300000002607703,0.0120000001043081,"Aurigequula fasciata",161270.293598639,1,0,0,21,"minor commercial",1,3.43,"Carni.",1,"LC",1212
"6768",0,4439.783203125,40,0.144699995219708,2.64650001525879,309.895806884766,293.40671081543,0.00499999988824129,0.0140000004321337,"Synodontis gobroni",368074.768396838,1,1,0,NA,NA,NA,NA,NA,2,"LC",2429
"6772",0.357200002670288,2538.36596679688,1,0.285000002384186,0.992200005054474,302.7080078125,294.12041015625,0.00300000002607703,0.00600000005215406,"Enteromius bigornei",63716.4741735006,1,0,0,NA,NA,NA,NA,NA,1,"LC",745
"6773",0,3935.47412109375,44,0.857250006496906,3.47662509083748,303.043180847168,290.122583770752,0.00602500005625188,0.00899999961256981,"Trematocranus placodon",7292.64023344102,0,1,1,25,"commercial",0,3.37,"Carni.",1,"LC",82
"6774",0.061774999089539,213.606994628906,22.15,0.238774993270636,1.45427495539188,300.953495025635,295.165171813965,0.00300000002607703,0.00400000018998981,"Notoglanidium depierrei",6684.90853342311,NA,NA,0,NA,NA,NA,NA,NA,1,"DD",78
"6778",0,3274.53393554688,31,0.266999989748001,1.81400001049042,307.1669921875,293.043905639648,0.00300000002607703,0.00899999961256981,"Chrysichthys johnelsi",425571.776087799,1,0,0,NA,NA,NA,NA,NA,1,"LC",4579
"6781",0,47194.4140625,39,0.378874998539686,2.28100007772446,301.01012802124,287.740371704102,0.0020000000949949,0.00899999961256981,"Tylochromis bangwelensis",164907.448336593,1,1,0,27.5,NA,0,3.2,"Carni.",3,"LC",1826
"6783",0,14660.6708984375,48,0.400000005960464,3.35199999809265,304.824996948242,287.381256103516,0.00400000018998981,0.0130000002682209,"Enteromius fasciolatus",861526.211173282,1,1,0,6,"minor commercial",0,2.97,"Carni.",3,"LC",6371
"6785",0,37903.6640625,45,0.225950001180172,2.8874499797821,300.807359313965,296.04326171875,0.0020000000949949,0.00300000002607703,"Brachypetersius huloti",224565.72939201,1,1,0,NA,NA,NA,NA,NA,1,"LC",2227
"6787",0,47911.4375,41,0.181999996304512,2.55299997329712,301.804312896729,293.256343841553,0.0020000000949949,0.00499999988824129,"Synodontis greshoffi",1112090.26737979,1,1,0,NA,NA,NA,NA,NA,1,"LC",11028
"6793",0,606.921020507812,41.425,0.73525001257658,2.85845007300376,302.455470275879,286.81219329834,0.00600000005215406,0.0120000001043081,"Thoracochromis albolabris",56344.474753082,1,1,0,15.1000003814697,NA,0,NA,NA,2,"LC",184
"6799",0,9268.0712890625,36.6,0.329799997806549,2.28639998435974,308.512591552734,285.901196289063,0.00700000002980232,0.0168000008910894,"Lagocephalus sceleratus",7880.78893689901,0,0,0,110,"of no interest",1,4.01,"Carni.",2,"LC",9
"6801",0.163850005716085,2080.52099609375,1,0.22845000103116,0.919200000166893,302.858757781982,292.129683685303,0.00300000002607703,0.00600000005215406,"Doumea thysi",24839.723492607,1,0,0,NA,NA,NA,NA,NA,1,"LC",290
"6804",0,2951.19799804688,33,0.533700013160706,1.50750002861023,301.517114257812,289.711596679688,0.00300000002607703,0.00499999988824129,"Kneria katangae",7223.3756629481,1,1,0,NA,NA,NA,NA,NA,1,"LC",77
"6806",0.0864000026136637,0.163000002503395,44,0.431150007247925,0.547049987316132,309.061701965332,289.752256774902,0.0189999993890524,0.0189999993890524,"Enteromius deserti",464026.405006106,1,0,0,NA,NA,NA,NA,NA,2,"NT",3
"6807",0,9.72799968719482,27.9,1.23550004959106,1.54330005049706,301.813513183594,291.148309326172,0.00700000021606684,0.00795000037178397,"Melanochromis mpoto",253.549496086174,0,1,1,9.10999965667725,NA,0,NA,NA,1,"LC",3
"6808",0,628.018005371094,35,0.545649990439415,2.02189989089966,303.209463500977,274.670390319824,0.0130000002682209,0.025000000372529,"Cobitis maroccana",58731.277087897,1,0,0,NA,NA,NA,NA,NA,3,"LC",675
"6812",0,422.101013183594,33.525,0.775449992716312,2.09824993014336,299.676966094971,278.199841308594,0.00899999961256981,0.0160000007599592,"Labeo rubromaculatus",33541.0579382899,1,0,0,50,"of potential interest",0,2,"Herbi.",3,"VU",300
"6813",0,1841.35400390625,49,0.247550004720688,4.08844985961914,301.572998046875,292.190002441406,0.00300000002607703,0.0056499999947846,"Lepidiolamprologus elongatus",33012.5919769452,0,1,1,32.5,"commercial",0,4.2,"Carni.",1,"LC",255
"6814",0,1841.35400390625,49,0.252425009012222,4.06107487678528,301.572998046875,292.097100067139,0.00300000002607703,0.00527499993331728,"Lepidiolamprologus boulengeri",34890.675799273,NA,NA,0,NA,NA,NA,NA,NA,1,NA,270
"6820",0,12825.298828125,45,0.209000006318092,3.24967502355575,310.119995117188,291.09919128418,0.00400000018998981,0.017000000923872,"Bagrus bajad",1984919.92852277,1,1,0,112,"commercial",0,3.39,"Carni.",2,"LC",12334
"6821",0,31016.556640625,42,0.239999994635582,2.61232491135597,301.635986328125,293.269369506836,0.0020000000949949,0.00499999988824129,"Enteromius lukusiensis",354330.585883143,1,1,0,NA,NA,NA,NA,NA,1,"LC",3530
"6823",0,13379.4765625,43,0.183024998381734,3.34137500524521,309.047904205322,292.421815490723,0.00300000002607703,0.0179999992251396,"Chelaethiops bibie",539743.699188087,1,1,0,5.5,NA,0,2.25,"Omni.",2,"LC",3482
"6828",0,18600.291015625,43,0.188924995437264,2.67615010738373,303.243011474609,282.911010742188,0.0020000000949949,0.0140000004321337,"Amphilius uranoscopus",1537816.96003083,1,1,0,19.5,"of potential interest",0,2.86,"Carni.",1,"LC",13638
"6829",0,1841.35400390625,47.8,0.170400002598763,3.87099995613098,301.259399414062,286.901794433594,0.0020000000949949,0.00499999988824129,"Bathybagrus sianenna",49066.4198224221,1,0,0,23,"subsistence fisheries",0,3.72,"Carni.",1,NA,409
"6834",0,1841.35400390625,49,0.252425009012222,4.06107487678528,301.572998046875,292.097100067139,0.00300000002607703,0.00527499993331728,"Stolothrissa tanganicae",34890.675799273,0,1,1,10,"highly commercial",0,2.74,"Omni.",1,"LC",270
"6835",0,1841.35400390625,49,0.252425009012222,4.06107487678528,301.572998046875,292.097100067139,0.00300000002607703,0.00527499993331728,"Neolamprologus caudopunctatus",34890.675799273,0,1,1,6.5,"commercial",0,3.4,"Carni.",1,"LC",270
"6838",0,1841.35400390625,49,0.247550004720688,4.08844985961914,301.572998046875,292.190002441406,0.00300000002607703,0.0056499999947846,"Trematocara unimaculatum",33012.5919769452,NA,NA,0,NA,NA,NA,NA,NA,1,"LC",255
"6839",NA,NA,NA,NA,NA,NA,NA,NA,NA,"Kuhlia rupestris",1258.47175939897,1,0,0,45,"commercial",1,3.22,"Carni.",2,"LC",0
"6844",0,9277.15625,45.725,0.418999999761581,3.81617490649223,305.316652679443,280.319508361816,0.0130000002682209,0.0189999993890524,"Alosa fallax",79688.3603135942,1,0,0,60,"minor commercial",1,3.58999991416931,"Carni.",2,"LC",292
"6845",0,47303.76171875,33,0.250999987125397,2.01470009088516,305.297396850586,292.993157958984,0.00300000002607703,0.00899999961256981,"Ethmalosa fimbriata",845171.620528088,1,1,0,46,"highly commercial",1,2.52,"Omni.",1,"LC",7487
"6846",0,47911.4375,41,0.212999999523163,2.5728000164032,301.598193359375,292.764813232422,0.0020000000949949,0.00600000005215406,"Labeo greenii",394623.312404397,1,1,0,NA,NA,NA,NA,NA,1,"LC",4113
"6848",0,557.197998046875,40,0.712449978291988,2.72222490310669,308.085524749756,282.725025177002,0.00400000018998981,0.0120000001043081,"Acanthopagrus berda",14333.3347533228,1,1,0,90,"commercial",1,3.5,"Carni.",3,"LC",128
"6853",0,1841.35400390625,49,0.247550004720688,4.08844985961914,301.572998046875,292.190002441406,0.00300000002607703,0.0056499999947846,"Lamprologus finalimus",33012.5919769452,0,1,1,NA,NA,NA,NA,NA,1,"DD",255
"6854",0,8350.2724609375,38,0.441849993169308,1.61129997372627,301.545805358887,290.308392333984,0.00300000002607703,0.00499999988824129,"Labeo lualabaensis",48957.3938943103,1,1,0,NA,NA,NA,NA,NA,1,"LC",423
"6857",0.473025000840426,2214.14306640625,1,0.178000003099442,0.641725006699562,303.619995117188,293.974737548828,0.00300000002607703,0.00700000021606684,"Archiaphyosemion guineense",113346.488050807,1,1,0,NA,NA,NA,NA,NA,1,"LC",1332
"6859",0,47952.2890625,40,0.245000004768372,2.52999997138977,303.282989501953,290.557136535645,0.0020000000949949,0.00800000037997961,"Micralestes humilis",1257031.82471367,1,1,0,NA,NA,NA,NA,NA,1,"LC",12996
"6863",0,47222.84765625,43,0.210050001740456,2.62769998311996,300.924948120117,294.910395812988,0.00100000004749745,0.00400000018998981,"Synodontis flavitaeniatus",252882.486223023,1,1,0,NA,NA,NA,NA,NA,1,"LC",2299
"6864",0,10727.208984375,38,0.435199993848801,1.85799996852875,301.634802246094,290.821594238281,0.0020000000949949,0.00499999988824129,"Enteromius kamolondoensis",91716.7989891188,1,1,0,NA,NA,NA,NA,NA,1,"LC",833
"6866",0,3973.373046875,46.025,0.792100028693676,3.48492509126663,302.673165130615,289.777923583984,0.00700000021606684,0.00899999961256981,"Bagrus meridionalis",10524.9355532001,1,1,0,150,"commercial",0,3.93,"Carni.",1,"CR",120
"6867",0,47222.84765625,42,0.240524995699525,2.6516000688076,301.680071258545,294.441009521484,0.0020000000949949,0.00499999988824129,"Leptoglanis xenognathus",212356.263004326,1,1,0,NA,NA,NA,NA,NA,1,"LC",2142
"6871",0,47222.84765625,44,0.246999993920326,2.7412500679493,301.692123413086,294.183757781982,0.0020000000949949,0.00499999988824129,"Schilbe marmoratus",748730.384056873,1,1,0,21.7000007629395," ",0,NA,NA,1,"LC",7296
"6874",0,557.197998046875,40.375,0.678499981760979,2.87787491083145,308.142498016357,285.351993560791,0.00362500012852252,0.0113750000018626,"Arothron immaculatus",12214.2594487646,1,0,0,37.5,"minor commercial",1,3.32,"Carni.",2,"LC",106
"6876",0.0267999998293817,582.596984863281,23.55,0.190899999439716,1.32749999761581,303.799548339844,296.654751586914,0.00499999988824129,0.00600000005215406,"Labeo brachypoma",22499.9210925591,1,1,0,NA,NA,NA,NA,NA,1,"DD",259
"6883",0.00300000002607703,16182.1865234375,33,0.331474988907576,1.78209998607635,301.986168670654,293.987732696533,0.00300000002607703,0.00517499991692598,"Ctenochromis oligacanthus",77722.0993881901,NA,NA,0,NA,NA,NA,NA,NA,1,NA,834
"6884",0,12825.298828125,31.6500000000001,0.152349995821714,1.83175001740456,305.373992919922,294.171060180664,0.00300000002607703,0.00700000021606684,"Clarias agboyiensis",314712.742405057,1,1,0,29,NA,0,NA,NA,1,"LC",3335
"6885",0,1841.35400390625,49,0.247550004720688,4.08844985961914,301.572998046875,292.190002441406,0.00300000002607703,0.0056499999947846,"Trematocara zebra",33012.5919769452,0,1,1,NA,NA,NA,NA,NA,1,"DD",255
"6887",1631.27001953125,4861.49609375,0,0.386999994516373,0.386999994516373,297.130004882812,295.367004394531,0.0020000000949949,0.0020000000949949,"Haplochromis piceatus",70029.8147067808,0,1,1,9,NA,0,3.3,"Carni.",1,"VU",814
"6891",0,47952.2890625,40,0.24099999666214,2.5239000082016,301.631988525391,292.521810913086,0.0020000000949949,0.00600000005215406,"Enteromius holotaenia",960032.253630135,1,1,0,12," ",0,2.83,"Carni.",1,"LC",9989
"6893",0,1841.35400390625,49,0.252425009012222,4.06107487678528,301.572998046875,292.097100067139,0.00300000002607703,0.00527499993331728,"Neolamprologus obscurus",34890.675799273,0,1,1,NA,NA,NA,NA,NA,1,"LC",270
"6897",NA,NA,NA,NA,NA,NA,NA,NA,NA,"Eubleekeria splendens",1114.05117998469,1,0,0,23,"commercial",1,2.94,"Carni.",2,"LC",0
"6903",0,212.606994628906,37.2,0.354800003767014,2.3731999874115,305.036401367187,273.285607910156,0.017000000923872,0.0280000008642673,"Luciobarbus nasus",57278.3991666798,1,0,0,NA,NA,NA,NA,NA,3,"EX",513
"6904",0,47952.2890625,42,0.234124997630715,2.65350005030632,301.591987609863,293.342620849609,0.0020000000949949,0.00499999988824129,"Petrocephalus balayi",349546.36198424,1,1,0,NA,NA,NA,NA,NA,1,"LC",3566
"6906",0,13379.4765625,40,0.149000003933907,2.45420000553131,308.497985839844,291.566787719727,0.00400000018998981,0.0120000001043081,"Synodontis sorex",1461676.68229292,1,1,0,NA,NA,NA,NA,NA,1,"LC",12637
"6910",0,606.921020507812,40,0.243250001221895,2.74200010299683,301.499549865723,287.262892150879,0.00300000002607703,0.0120000001043081,"Orthochromis machadoi",96570.3630208986,1,1,0,NA,NA,NA,NA,NA,2,"LC",499
"6911",0,3919.5419921875,44.4,0.854500007629394,3.57200007438659,303.044107055664,290.102008056641,0.00600000005215406,0.00909999962896108,"Stigmatochromis macrorhynchos",6876.2660956166,0,1,1,12.8199996948242,NA,0,NA,NA,1,"LC",77
"6915",0,3274.53393554688,22,0.298174997419119,1.55109997093677,303.331270599365,288.668167877197,0.00300000002607703,0.0109999999403954,"Callopanchax occidentalis",97886.7201497319,1,1,0,8,"commercial",0,3.27,"Carni.",1,"LC",1150
"6919",0,4969.48193359375,33,0.168474998697639,1.70952499508858,300.714611816406,289.038539123535,0.0020000000949949,0.00700000021606684,"Lacustricola matthesi",49936.8104944644,1,1,0,NA,NA,NA,NA,NA,1,"EN",514
"6920",0,3012.11206054688,43,0.653999984264374,2.45274993777275,303.235507965088,286.137615203857,0.00600000005215406,0.0109999999403954,"Parakneria mossambica",60841.8651289638,1,0,0,NA,NA,NA,NA,NA,1,"LC",746
"6926",0,3919.5419921875,44.4,0.854500007629394,3.57200007438659,303.044107055664,290.102008056641,0.00600000005215406,0.00909999962896108,"Dimidiochromis dimidiatus",6876.2660956166,0,1,1,20,"commercial",0,4.02,"Carni.",1,"LC",77
"6927",0,47952.2890625,42,0.197999998927116,2.58389993309975,301.452668762207,288.860546112061,0.0020000000949949,0.00899999961256981,"Brycinus grandisquamis",991036.214479273,1,1,0,NA,NA,NA,NA,NA,1,"LC",10112
"6928",0.193150003999472,37493.1796875,1,0.240574995800853,1.496850040555,301.563823699951,291.672727203369,0.0020000000949949,0.00600000005215406,"Labeobarbus malacanthus",325498.538426579,NA,NA,0,NA,NA,NA,NA,NA,1,"LC",3784
"6931",0,10362.2666015625,41,0.174999997019768,2.4909999370575,308.023402404785,292.888000488281,0.00300000002607703,0.0109999999403954,"Poropanchax normani",1781498.95621996,1,1,0,4.5," ",0,3.35,"Carni.",1,"LC",15474
"6935",0,3935.47412109375,44,0.857250006496906,3.47662509083748,303.043180847168,290.122583770752,0.00602500005625188,0.00899999961256981,"Protomelas similis",7292.64023344102,0,1,1,18,"commercial",0,2,"Herbi.",1,"LC",82
"6938",0.000650000013411046,451.5419921875,34.45,1.20845004320145,2.28669992089272,301.257705688477,287.018707275391,0.00705000022426248,0.0089499996509403,"Placidochromis platyrhynchos",253.221815116524,0,1,1,NA,NA,NA,NA,NA,3,"LC",3
"6941",0.0556250010617077,441.305999755859,30,0.263999998569489,1.2144000262022,303.632376098633,296.081448364258,0.00300000002607703,0.00499999988824129,"Lepidarchus adonis",49560.4478377206,1,1,0,NA,NA,NA,NA,NA,1,"VU",494
"6944",0,6.875,33,1.78999996185303,1.78999996185303,302.644989013672,293.221008300781,0.00800000037997961,0.00800000037997961,"Mchenga cyclicos",83.4531194061356,0,1,1,12.1199998855591,NA,0,3.4,"Carni.",1,"NT",1
"6946",0,4861.49609375,39,0.386999994516373,2.70065002441406,303.217755126953,288.239990234375,0.0020000000949949,0.0130000002682209,"Sargochromis greenwoodi",155713.757194414,1,1,0,30,"subsistence fisheries",0,3.66,"Carni.",2,"LC",1067
"6951",0,9276.0888671875,42,0.114000000059605,3.02765011191368,305.699961853027,277.313888549805,0.0160000007599592,0.0240000002086163,"Syngnathus abaster",185020.381288097,1,0,0,22.1000003814697,NA,1,3.2,"Carni.",2,"LC",1402
"6953",0,1841.35400390625,49,0.252425009012222,4.06107487678528,301.572998046875,292.097100067139,0.00300000002607703,0.00527499993331728,"Neolamprologus mustax",34890.675799273,0,1,1,9,"commercial",0,3.45,"Carni.",1,"LC",270
"6956",0.360249999910593,30651.318359375,0.125,0.252875007688999,0.963500000536442,301.213005065918,292.4313621521,0.0020000000949949,0.00499999988824129,"Plataplochilus terveri",20299.5145962227,1,0,0,NA,NA,NA,NA,NA,1,"EN",236
"6963",0,2538.38403320312,34.4499999999999,0.265824991464615,1.7678499996662,301.593141174316,293.48563079834,0.00400000018998981,0.00672500017099079,"Neolebias spilotaenia",36124.5379653059,NA,NA,0,NA,NA,NA,NA,NA,1,"VU",412
"6964",0.00899999961256981,37155.578125,32,0.232999995350838,2.16272502541542,301.385181427002,292.018354034424,0.0020000000949949,0.00600000005215406,"Enteromius guirali",571471.506092947,1,1,0,NA,NA,NA,NA,NA,1,"LC",6338
"6965",0.290500000119209,2610.23388671875,2,0.342000007629395,0.988000005483627,301.429992675781,293.837997436523,0.00300000002607703,0.00499999988824129,"Brycinus derhami",22538.5429524676,NA,NA,0,NA,NA,NA,NA,NA,1,NA,261
"6970",0.00162499994039535,3893.02392578125,48.025,1.26559994220734,4.32839992046356,301.855565643311,290.218239593506,0.00802500036079437,0.00897499963175506,"Taeniolethrinops furcicauda",167.265709256645,0,1,1,21,"commercial",0,2.84,"Carni.",1,"LC",2
"6971",0,4861.49609375,45,0.172000005841255,3.20860004425048,300.973999023438,288.207995605469,0.0020000000949949,0.00600000005215406,"Astatotilapia burtoni",156083.444582371,1,1,0,15,"subsistence fisheries",0,3.05,"Carni.",1,"LC",1457
"6972",0,3935.47412109375,41.375,0.83737501502037,2.8677499294281,303.015239715576,290.984634399414,0.00687500019557774,0.00912499963305891,"Protomelas kirkii",3100.1167566456,1,1,0,18,"commercial",0,3.41,"Carni.",1,"LC",36
"6973",1631.27001953125,4861.49609375,0,0.386999994516373,0.386999994516373,297.130004882812,295.367004394531,0.0020000000949949,0.0020000000949949,"Haplochromis rubripinnis",70029.8147067808,0,1,1,10.4300003051758,NA,0,3.3,"Carni.",1,"LC",814
"6974",0,47222.84765625,42,0.238000005483627,2.58980002403259,301.790600585938,294.697998046875,0.00100000004749745,0.00499999988824129,"Ctenopoma acutirostre",547395.289669964,1,1,0,NA,NA,NA,NA,NA,1,"LC",5385
"6980",0.451999992132187,11712.7255859375,0,0.338799994438887,1.45742503404617,300.856733703613,291.525292205811,0.00300000002607703,0.00700000021606684,"Paramormyrops hopkinsi",33553.9553165159,NA,NA,0,NA,NA,NA,NA,NA,1,"VU",390
"6982",0,1841.35400390625,49,0.252425009012222,4.06107487678528,301.572998046875,292.097100067139,0.00300000002607703,0.00527499993331728,"Ophthalmotilapia ventralis",34890.675799273,0,1,1,15,"commercial",0,NA,NA,1,"LC",270
"6984",0,12825.298828125,42,0.165999993681908,2.65000009536743,309.772302246094,292.894390869141,0.00400000018998981,0.0149999996647239,"Nannocharax occidentalis",711921.255520663,1,0,0,NA,NA,NA,NA,NA,1,"LC",5997
"6985",0,47545.85546875,35,0.161925004795194,2.06410005688667,300.800869750977,293.986999511719,0.0020000000949949,0.00499999988824129,"Synodontis pulcher",19563.3098176113,1,1,0,NA,NA,NA,NA,NA,1,"DD",228
"6987",0,13181.5615234375,45,0.146999999880791,3.21389999389648,309.480288696289,291.972406005859,0.00400000018998981,0.0160000007599592,"Citharinus latus",1084170.70417811,1,1,0,84,"commercial",0,2.19,"Herbi.",1,"LC",7485
"6991",0,3919.5419921875,44.4,0.854500007629394,3.57200007438659,303.044107055664,290.102008056641,0.00600000005215406,0.00909999962896108,"Lethrinops furcifer",6876.2660956166,0,1,1,19.5,"commercial",0,3.2,"Carni.",1,"LC",77
"6994",0,47545.85546875,45,0.202225006371737,2.21007508039474,300.847243499756,293.390314483643,0.00100000004749745,0.00499999988824129,"Aphyosemion cognatum",144314.383311562,1,1,0,NA,NA,NA,NA,NA,1,"LC",1324
"6997",0,1841.35400390625,49,0.247550004720688,4.08844985961914,301.572998046875,292.190002441406,0.00300000002607703,0.0056499999947846,"Mastacembelus tanganicae",33012.5919769452,0,1,1,NA,NA,NA,NA,NA,1,"LC",255
"6998",0,3935.47412109375,34.875,0.972875021398067,2.01312497258186,302.661239624023,291.665512084961,0.00800000037997961,0.00899999961256981,"Lethrinops lethrinus",1417.67928565678,1,1,0,20,"commercial",0,3.5,"Carni.",1,"LC",16
"7003",0,1841.35400390625,49,0.252425009012222,4.06107487678528,301.572998046875,292.097100067139,0.00300000002607703,0.00527499993331728,"Neolamprologus toae",34890.675799273,0,1,1,12,"commercial",0,NA,NA,1,"LC",270
"7009",0.0774500027298927,191.22900390625,2,0.0589750012382865,0.517949996888638,299.28927230835,283.867579650879,0.0020000000949949,0.00300000002607703,"Labeobarbus alluaudi",8175.00422496109,1,0,0,NA,NA,NA,NA,NA,1,"DD",88
"7013",0,557.197998046875,39.35,0.542550006508827,3.15699994564056,308.436099243164,296.412957763672,0.00300000002607703,0.0120000001043081,"Thryssa baelama",6827.03909215362,1,0,0,NA,NA,NA,NA,NA,2,"LC",39
"7014",0,1841.35400390625,49,0.252425009012222,4.06107487678528,301.572998046875,292.097100067139,0.00300000002607703,0.00527499993331728,"Neolamprologus longior",34890.675799273,0,1,1,NA,NA,NA,NA,NA,1,"LC",270
"7015",0,47952.2890625,38,0.166999995708466,2.25500011444092,303.924987792969,291.733001708984,0.0020000000949949,0.00600000005215406,"Clarias camerunensis",2135907.99296742,1,1,0,46.5999984741211,NA,0,3.5,"Carni.",1,"LC",22761
"7021",0,3274.53393554688,21,0.280000001192093,1.60399997234344,305.25,291.828002929688,0.00300000002607703,0.00899999961256981,"Mastacembelus liberiensis",241646.037606345,1,0,0,NA,NA,NA,NA,NA,1,"LC",2841
"7024",0,46797.73046875,41,0.211999997496605,2.55637499690056,301.288120269775,292.43563079834,0.0020000000949949,0.00499999988824129,"Neolebias trewavasae",770453.284549513,1,1,0,4.09999990463257,NA,0,2.8,"Carni.",1,"LC",8236
"7025",0,4650.77490234375,32.575,0.432924994081259,1.50087502300739,300.915570068359,290.09822769165,0.00499999988824129,0.00700000021606684,"Chiloglanis macropterus",12962.3962091838,1,1,0,NA,NA,NA,NA,NA,1,"VU",138
"7030",0,27.2019996643066,22.625,0.842125019431114,1.33610001504421,301.180125427246,290.855353546143,0.00700000021606684,0.00700000021606684,"Petrotilapia flaviventris",336.923168481876,0,1,1,11.1199998855591,NA,0,NA,NA,1,"LC",4
"7031",0,18957.59765625,46,0.485600000619888,3.13899993896484,304.521209716797,285.409802246094,0.00600000005215406,0.0120000001043081,"Oreochromis placidus",372510.946301358,1,1,0,35.5,"commercial",0,NA,NA,1,"LC",3993
"7034",0.151625001430511,37376.35546875,2,0.293525005877018,1.78237496912479,301.455464935303,291.642811584473,0.00300000002607703,0.00600000005215406,"Paramormyrops curvifrons",115440.728850404,1,0,0,NA,NA,NA,NA,NA,1,"LC",1342
"7039",0.0241249996470287,1735.05200195312,5.54999999999998,0.300000011920929,1.05975003838539,302.181387329102,289.295975494385,0.00300000002607703,0.0128249999834224,"Chiloglanis disneyi",9430.13310669835,1,0,0,NA,NA,NA,NA,NA,1,"LC",110
"7045",0.430125007033348,30925.5546875,0,0.174024995043874,1.3648500084877,301.320789337158,291.635034179688,0.0020000000949949,0.00697500021196893,"Parananochromis brevirostris",134383.463189557,NA,NA,0,NA,NA,NA,NA,NA,1,"VU",1562
"7047",0,401.691986083984,35.225,0.330925010144711,1.94582502245903,307.383135986328,285.614446258545,0.00400000018998981,0.00899999961256981,"Garra ignestii",52174.0558149675,1,0,0,NA,NA,NA,NA,NA,2,"LC",432
"7048",0,1841.35400390625,49,0.247550004720688,4.08844985961914,301.572998046875,292.190002441406,0.00300000002607703,0.0056499999947846,"Xenotilapia melanogenys",33012.5919769452,NA,NA,0,NA,NA,NA,NA,NA,1,"DD",255
"7049",0,3973.373046875,47,0.478250000625849,3.77162507176399,302.510131835938,285.372131347656,0.00600000005215406,0.00999999977648258,"Enteromius litamba",121907.96370466,1,1,0,35,"commercial",0,3.98,"Carni.",1,"DD",1396
"7052",0.00300000002607703,47952.2890625,23.2750000000001,0.238000005483627,1.95292496681213,301.569000244141,291.749723052979,0.0020000000949949,0.00700000021606684,"Oreochromis schwebischi",358958.125540098,1,1,0,30,NA,0,2,"Herbi.",1,"LC",4030
"7054",0,3274.53393554688,22.0499999999997,0.296000003814697,1.56329996585846,303.814395141602,291.690400695801,0.00300000002607703,0.00899999961256981,"Synodontis waterloti",222351.979532161,1,0,0,14.1000003814697,"minor commercial",0,2.48,"Omni.",1,"LC",2519
"7055",1.08462498188019,11712.7255859375,0,0.776425014436245,1.27969999611378,300.435549926758,290.314505004883,0.00300000002607703,0.00800000037997961,"Microsynodontis laevigata",8088.98952207439,1,0,0,8.5,NA,0,NA,NA,1,"DD",94
"7083",0.599400019645691,890.078002929688,0,0.342199999094009,0.992999970912933,302.022601318359,293.459606933594,0.00300000002607703,0.00819999966770409,"Sarotherodon linnellii",4202.50772882648,0,1,1,18.5,NA,0,2.57,"Omni.",1,"CR",49
"7088",0.402149999141693,1328.81005859375,0,0.231574998795986,1.00364998281002,302.150657653809,291.027443695068,0.00300000002607703,0.00669999977108084,"Fundulopanchax traudeae",12348.5941419661,NA,NA,0,NA,NA,NA,NA,NA,1,"DD",144
"7090",0,47952.2890625,41,0.220400004461408,2.54832507371902,301.437631225586,293.139107513428,0.0020000000949949,0.00600000005215406,"Myomyrus macrodon",210308.858025728,1,1,0,NA,NA,NA,NA,NA,1,"LC",1948
"7091",1631.27001953125,4861.49609375,0,0.386999994516373,0.386999994516373,297.130004882812,295.367004394531,0.0020000000949949,0.0020000000949949,"Haplochromis melanopus",70029.8147067808,0,1,1,NA,NA,NA,NA,NA,1,"DD",814
"7093",0.00300000002607703,4439.783203125,33,0.109749998897314,1.58524999022484,306.860740661621,295.988990783691,0.00400000018998981,0.00800000037997961,"Synodontis velifer",224493.076432026,1,0,0,NA,NA,NA,NA,NA,1,"LC",2111
"7096",0,47911.4375,45,0.27700001001358,3.02877506017685,304.80188293457,285.41266708374,0.0020000000949949,0.0130000002682209,"Micralestes acutidens",3696315.34440966,1,1,0,9,"of no interest",0,2.88,"Carni.",1,"LC",31010
"7098",0,109.133003234863,40,0.677999973297119,2.55955007076263,301.725560760498,279.400443267822,0.00899999961256981,0.0179999992251396,"Galaxias zebratus",93496.9205909836,1,1,0,7.5,"of no interest",0,3.5,"Carni.",2,"DD",494
"7105",0,5558.05322265625,45,0.558424991369247,2.64365000128746,302.892248535156,289.444827270508,0.00400000018998981,0.00700000021606684,"Distichodus rufigiensis",195602.701195824,1,0,0,NA,NA,NA,NA,NA,1,"LC",1780
"7112",0,281.787994384766,39.925,0.546649993956089,2.133850055933,299.811560821533,283.783209228516,0.00600000005215406,0.00899999961256981,"Parakneria tanzaniae",12758.8470885378,NA,NA,0,NA,NA,NA,NA,NA,3,"VU",124
"7115",0.240850002318621,44.5379981994629,7.70000000000001,0.194149996340275,0.667000007629395,299.180700683594,295.502490234375,0.0020000000949949,0.0020000000949949,"Brycinus fwaensis",1627.35588483788,NA,NA,0,NA,NA,NA,NA,NA,1,NA,19
"7116",0,47746.8515625,38.925,0.176149999350309,2.06637499928474,300.607701873779,291.651095581055,0.0020000000949949,0.00499999988824129,"Labeobarbus robertsi",18400.9350931071,1,0,0,NA,NA,NA,NA,NA,1,"DD",204
"7120",0,12825.298828125,42,0.17399999499321,2.88299989700317,310.051817321777,292.209722900391,0.00300000002607703,0.0149999996647239,"Leptocypris niloticus",1859442.02542006,1,1,0,NA,NA,NA,NA,NA,1,"LC",12710
"7123",0.0399999991059303,5070.841796875,23,0.24099999666214,2.28682501912117,300.639812469482,292.490325927734,0.0020000000949949,0.00499999988824129,"Nannocharax intermedius",101632.32647855,1,1,0,NA,NA,NA,NA,NA,1,"LC",1184
"7128",0,47222.84765625,42,0.192600002884865,2.62279992103577,300.805395507812,295.142407226563,0.0020000000949949,0.00300000002607703,"Monostichodus mesmaekersi",197404.38675872,NA,NA,0,NA,NA,NA,NA,NA,1,NA,1913
"7133",0.0055249999742955,5290.1201171875,26,0.189049995690584,1.39847502410412,300.308013916016,287.775095367432,0.0020000000949949,0.00499999988824129,"Oreochromis esculentus",216239.751186848,0,1,1,50,"commercial",0,2.49,"Omni.",1,"NT",2102
"7134",0,3919.5419921875,44.4,0.854500007629394,3.57200007438659,303.044107055664,290.102008056641,0.00600000005215406,0.00909999962896108,"Lethrinops longimanus",6876.2660956166,0,1,1,15.3000001907349,"commercial",0,3.2,"Carni.",1,"LC",77
"7135",0,3919.5419921875,44,0.845500016212463,3.45050008296966,302.935089111328,290.580908203125,0.00700000021606684,0.00969999972730875,"Hemitaeniochromis urotaenia",4694.31397546243,0,1,1,NA,NA,NA,NA,NA,1,"LC",53
"7139",0.0856000021100044,4347.6337890625,14,0.186200004816055,1.34340000152588,301.020397949219,291.700396728516,0.00300000002607703,0.00499999988824129,"Nannocharax rubrolabiatus",87833.6178064122,NA,NA,0,NA,NA,NA,NA,NA,1,"VU",1025
"7140",0,14054.060546875,43,0.124549999088049,3.05520000457763,310.284150695801,288.104557800293,0.0020000000949949,0.0179999992251396,"Enteromius perince",1453576.17308581,1,1,0,NA,NA,NA,NA,NA,2,"LC",7903
"7141",0,37903.6640625,45.3,0.360799995064735,2.52660000324249,300.939199829102,294.522494506836,0.00100000004749745,0.0023000000743195,"Amphilius maesii",61870.7912866157,1,1,0,NA,NA,NA,NA,NA,1,"DD",589
"7144",0,12825.298828125,28,0.224475000798702,1.90277497470379,303.683990478516,291.927080535889,0.00300000002607703,0.00899999961256981,"Aphyosemion calliurum",170556.183351155,1,1,0,NA,NA,NA,NA,NA,1,"LC",1980
"7149",0.370949998497963,4414.875,2,0.27919999808073,0.868899986147881,300.794499206543,293.530345153809,0.0020000000949949,0.00499999988824129,"Aphyosemion coeleste",36365.6736950262,1,1,0,NA,NA,NA,NA,NA,1,"VU",423
"7151",0,3912.49389648438,48.2,0.894399988651276,4.42899990081787,302.745593261719,289.583807373047,0.00680000018328428,0.00919999964535237,"Diplotaxodon argenteus",6457.11530378825,0,1,1,20.3999996185303,"commercial",0,4.2,"Carni.",1,"LC",73
"7152",0,9276.7919921875,45.55,0.29629999101162,3.78609998226166,304.944003295898,279.204794311523,0.00600000005215406,0.0235500001348555,"Anguilla anguilla",49681.8741437571,1,1,0,121.5,"commercial",1,3.67,"Carni.",2,"CR",339
"7153",140.481994628906,464.053009033203,0,0.331999987363815,0.331999987363815,297.548004150391,291.723999023438,0.00600000005215406,0.00600000005215406,"Garra tana",2946.00893117719,0,1,1,10.8299999237061,"of no interest",0,NA,NA,1,"VU",35
"7158",1631.27001953125,4861.49609375,0,0.386999994516373,0.386999994516373,297.130004882812,295.367004394531,0.0020000000949949,0.0020000000949949,"Haplochromis tyrianthinus",70029.8147067808,0,1,1,10.5,NA,0,3.5,"Carni.",1,"DD",814
"7159",0,12825.298828125,26,0.239650000631809,1.80245001316071,303.838150024414,291.875856018066,0.00300000002607703,0.00899999961256981,"Brienomyrus longianalis",280324.321182551,1,1,0,16,NA,0,NA,NA,1,"LC",3143
"7160",0,539.843017578125,33.9,0.603650006651878,2.13314999341965,303.119593811035,286.771838378906,0.00400000018998981,0.00700000021606684,"Kneria ruaha",20793.7313529124,1,0,0,57.5,NA,0,2,"Herbi.",1,"VU",183
"7162",0.716699987649918,2610.23388671875,0,0.259299999475479,0.947100007534027,301.724099731445,293.858288574219,0.00300000002607703,0.00499999988824129,"Malapterurus punctatus",117387.543076774,1,1,0,NA,NA,NA,NA,NA,1,"VU",1373
"7163",0,602.565002441406,25.1499999999999,0.324650002270937,1.98784998357296,298.646341705322,287.292826843262,0.00300000002607703,0.00922499964945018,"Sargochromis coulteri",15533.693313817,1,1,0,NA,NA,NA,NA,NA,2,"LC",72
"7164",0,4145.64013671875,41,0.197999998927116,2.76999998092651,309.664794921875,294.342987060547,0.00400000018998981,0.0120000001043081,"Nothobranchius thierryi",491994.618628739,NA,NA,0,NA,NA,NA,NA,NA,2,NA,2705
"7166",0.0861499989405274,30925.5546875,10,0.273725009709597,1.8936999887228,301.13597869873,291.799723815918,0.0020000000949949,0.00600000005215406,"Aphyosemion cameronense",222154.01556441,1,1,0,NA,NA,NA,NA,NA,1,"LC",2584
"7167",0,1841.35400390625,49,0.247550004720688,4.08844985961914,301.572998046875,292.190002441406,0.00300000002607703,0.0056499999947846,"Lamprologus kungweensis",33012.5919769452,0,1,1,NA,NA,NA,NA,NA,1,"CR",255
"7174",0,1500.12097167969,42,0.377750001847744,2.62925007939339,300.607749938965,297.173881530762,0.0020000000949949,0.0020000000949949,"Paraphago rostratus",4213.91385635794,1,1,0,NA,NA,NA,NA,NA,1,"DD",46
"7177",0,1841.35400390625,49,0.252425009012222,4.06107487678528,301.572998046875,292.097100067139,0.00300000002607703,0.00527499993331728,"Synodontis multipunctatus",34890.675799273,0,1,1,27.5,"minor commercial",0,3.39,"Carni.",1,"LC",270
"7178",0.028999999165535,37493.1796875,18,0.219074996933341,1.85177499651909,301.602996826172,291.359008789062,0.0020000000949949,0.00600000005215406,"Labeobarbus steindachneri",674376.045045363,1,1,0,NA,NA,NA,NA,NA,1,"LC",7804
"7180",0,47911.4375,42,0.239999994635582,2.53922503590583,301.55308380127,292.714771270752,0.0020000000949949,0.00499999988824129,"Leptocypris weynsii",572652.538888066,1,1,0,NA,NA,NA,NA,NA,1,"LC",5560
"7182",0,288.881988525391,33.025,0.643074993789196,1.81359994709492,305.001007080078,283.08890914917,0.00400000018998981,0.00499999988824129,"Alcolapia ndalalani",3697.32339608599,NA,NA,0,NA,NA,NA,NA,NA,1,NA,40
"7183",0.59799998998642,2961.51196289062,0,0.320350008457899,1.21729998290539,301.082949829102,291.426382446289,0.0020000000949949,0.00499999988824129,"Aphyosemion maculatum",36821.5770304098,1,0,0,NA,NA,NA,NA,NA,1,"LC",428
"7185",0.0397749992087483,3449.27587890625,27.075,0.143574996292591,1.14782502949238,306.92054901123,295.581411743164,0.00685000019147992,0.00899999961256981,"Mormyrops oudoti",9328.07297180285,1,0,0,NA,NA,NA,NA,NA,1,"EN",78
"7186",0,3919.5419921875,44.4,0.854500007629394,3.57200007438659,303.044107055664,290.102008056641,0.00600000005215406,0.00909999962896108,"Mylochromis melanotaenia",6876.2660956166,0,1,1,NA,NA,NA,NA,NA,1,"LC",77
"7187",NA,NA,NA,NA,NA,NA,NA,NA,NA,"Nothobranchius torgashevi",171.206004342381,1,1,0,4.30999994277954,NA,0,NA,NA,1,"VU",0
"7188",0,9.72799968719482,27.9,1.23550004959106,1.54330005049706,301.813513183594,291.148309326172,0.00700000021606684,0.00795000037178397,"Tropheops gracilior",253.549496086174,0,1,1,11.1999998092651,NA,0,NA,NA,1,"LC",3
"7190",0,47952.2890625,27,0.197499997913837,1.63749998807907,301.825752258301,291.658737182617,0.0020000000949949,0.00700000021606684,"Coptodon tholloni",260048.526089736,1,1,0,NA,NA,NA,NA,NA,1,"LC",2911
"7191",0,47222.84765625,43,0.24600000679493,2.70459995269775,301.384387207031,293.049200439453,0.0020000000949949,0.00499999988824129,"Mormyrops zanclirostris",723125.07742082,1,1,0,NA,NA,NA,NA,NA,1,"LC",7577
"7193",0.00300000002607703,16182.1865234375,36,0.349649998545647,1.93704999685287,302.002848815918,291.718054199219,0.00300000002607703,0.00600000005215406,"Tetracamphilius notatus",155014.308606813,1,1,0,NA,NA,NA,NA,NA,1,"LC",1627
"7194",0,5503.81201171875,47,0.711500003933907,3.28700006008148,302.95824432373,291.428741455078,0.00499999988824129,0.00600000005215406,"Nothobranchius janpapi",20731.1272084704,1,1,0,NA,NA,NA,NA,NA,1,"LC",191
"7195",0,47222.84765625,28,0.187000006437302,2.05437498688698,304.036474609375,292.37799911499,0.00300000002607703,0.00800000037997961,"Synodontis obesus",202561.673813187,1,1,0,NA,NA,NA,NA,NA,1,"LC",2222
"7197",0,1284.30895996094,37,0.263999998569489,1.57477502822876,300.035619354248,295.063188934326,0.00100000004749745,0.0020000000949949,"Thoracochromis callichromus",12494.2914183932,1,1,0,NA,NA,NA,NA,NA,1,"LC",132
"7199",0,1226.93505859375,42,0.788724999129772,2.68032504320145,303.390659332275,281.039720916748,0.00800000037997961,0.0160000007599592,"Marcusenius pongolensis",400106.897714012,1,1,0,NA,NA,0,NA,NA,2,"LC",2268
"7200",0,36.859001159668,45.425,0.845875015854836,3.6530499279499,301.8506980896,290.452084350586,0.00700000021606684,0.00800000037997961,"Aulonocara gertrudae",1179.06952985245,0,1,1,NA,NA,NA,NA,NA,1,"LC",14
"7204",1631.27001953125,4861.49609375,0,0.386999994516373,0.386999994516373,297.130004882812,295.367004394531,0.0020000000949949,0.0020000000949949,"Haplochromis nyererei",75275.99539497,0,1,1,7.69999980926514,NA,0,2.49,"Omni.",1,"LC",862
"7207",0,628.018005371094,36,0.359475010633469,2.21134998202324,303.863935089111,276.004518127441,0.0130000002682209,0.0240000002086163,"Carasobarbus fritschii",112496.484362306,1,0,0,18,NA,0,NA,NA,3,"LC",1034
"7208",0,47952.2890625,41,0.168250003829598,2.65574997663498,300.976760864258,293.257244110107,0.0020000000949949,0.00700000021606684,"Schilbe congensis",32599.7524344048,1,1,0,NA,NA,NA,NA,NA,1,"LC",346
"7209",0,1284.30895996094,37,0.263999998569489,1.57477502822876,300.035619354248,295.063188934326,0.00100000004749745,0.0020000000949949,"Thoracochromis brauschi",12494.2914183932,1,1,0,NA,NA,NA,NA,NA,1,"LC",132
"7211",0,37511.4140625,39,0.190999999642372,2.37100005149841,300.774389648438,295.409185791016,0.0020000000949949,0.00300000002607703,"Alestopetersius bifasciatus",122005.85263996,1,1,0,NA,NA,NA,NA,NA,1,"LC",1145
"7215",0,37903.6640625,41.4749999999995,0.24600000679493,2.51090003848076,301.493953704834,294.471014404297,0.00100000004749745,0.00400000018998981,"Microstomatichthyoborus bashforddeani",450350.615345091,1,1,0,NA,NA,NA,NA,NA,1,"LC",4462
"7217",0.00899999961256981,9036.9833984375,21,0.200000002980232,2.00817505717278,302.425994873047,291.110546875,0.00300000002607703,0.00600000005215406,"Coptodon cameronensis",195496.666413857,NA,NA,0,NA,NA,NA,NA,NA,1,"LC",2252
"7219",0.599400019645691,890.078002929688,0,0.342199999094009,0.992999970912933,302.022601318359,293.459606933594,0.00300000002607703,0.00819999966770409,"Benitochromis conjunctus",4202.50772882648,NA,NA,0,NA,NA,NA,NA,NA,1,"EN",49
"7220",0,5503.81201171875,41.375,0.482499994337559,2.27662506699562,303.019378662109,287.277492523193,0.00499999988824129,0.00899999961256981,"Enteromius atkinsoni",156594.702210268,1,0,0,NA,NA,NA,NA,NA,1,"LC",1586
"7221",0,663.908996582031,16.6,0.496199989318848,1.3791999578476,302.303009033203,288.798388671875,0.00380000015720725,0.0124000001698732,"Ladigesia roloffi",2811.33616284653,1,0,0,NA,NA,NA,NA,NA,1,"CR",33
"7231",1631.27001953125,4861.49609375,0,0.386999994516373,0.386999994516373,297.130004882812,295.367004394531,0.0020000000949949,0.0020000000949949,"Haplochromis heusinkveldi",70288.0256271077,0,1,1,7.59999990463257,NA,0,3.4,"Carni.",1,"CR",817
"7235",0,7761.1591796875,45,0.249524999037385,2.95547500252724,300.619432067871,290.538394165039,0.00100000004749745,0.00499999988824129,"Enteromius chiumbeensis",213545.649351056,1,1,0,NA,NA,NA,NA,NA,1,"LC",1982
"7237",0,3919.5419921875,44.4,0.854500007629394,3.57200007438659,303.044107055664,290.102008056641,0.00600000005215406,0.00909999962896108,"Placidochromis johnstoni",6876.2660956166,1,1,0,20,"commercial",0,3.5,"Carni.",1,"LC",77
"7238",0.74524998664856,37376.35546875,0,0.229000002145767,0.847000017762184,301.687507629395,291.259490966797,0.0020000000949949,0.00600000005215406,"Plataplochilus chalcopyrus",30202.6033386125,1,0,0,NA,NA,NA,NA,NA,1,"EN",351
"7243",0,422.101013183594,38,0.566949972510338,2.29782493114471,301.126007080078,279.20891418457,0.00800000037997961,0.0149999996647239,"Pseudomyxus capensis",177994.995466358,1,1,0,45,"commercial",1,2.77,"Omni.",3,NA,1480
"7251",0,565.142028808594,42.825,0.526525016129017,2.77582503557205,300.200012207031,296.688455963135,0.0020000000949949,0.0020000000949949,"Neolebias gracilis",7658.19266963391,1,1,0,3.90000009536743,NA,0,NA,NA,1,"DD",88
"7254",0,2084.70092773438,36.45,0.277549996227026,2.43714991211891,301.504843139648,291.402408599854,0.00300000002607703,0.00800000037997961,"Schilbe bocagii",26257.0774351011,1,1,0,NA,NA,NA,NA,NA,2,"LC",192
"7257",80.5920028686523,5479.73779296875,0,1.01999998092651,1.01999998092651,302.225006103516,296.592987060547,0.00499999988824129,0.00499999988824129,"Nothobranchius fuscotaeniatus",85.2087687557068,1,0,0,NA,NA,NA,NA,NA,1,"CR",1
"7264",0,47952.2890625,27,0.213475000485778,1.73199999332428,305.31568069458,291.934384155273,0.0020000000949949,0.00899999961256981,"Brienomyrus brachyistius",856679.562874934,1,1,0,20,NA,0,2.8,"Carni.",1,"LC",9540
"7266",0,9478.6494140625,45,0.36599999666214,3.01099991798401,303.391998291016,281.703994750977,0.0020000000949949,0.0160000007599592,"Tilapia sparrmanii",1971673.67389433,1,1,0,23.5,"subsistence fisheries",0,2.68,"Omni.",2,"LC",14621
"7267",0,834.591003417969,44.8,0.486600005626678,2.59320001602173,299.625,287.407989501953,0.00499999988824129,0.00999999977648258,"Parakneria fortuita",16756.4364070844,1,0,0,5.69999980926514,NA,0,2,"Herbi.",2,"DD",169
"7270",0,47952.2890625,40,0.246599999070168,2.51060004234314,301.846008300781,293.768804931641,0.0020000000949949,0.00499999988824129,"Cyphomyrus wilverthi",337941.759545615,1,1,0,NA,NA,NA,NA,NA,1,"LC",3465
"7274",0,1841.35400390625,49,0.248200005292892,4.08479986190796,301.572998046875,292.190002441406,0.00300000002607703,0.00559999998658895,"Bathybagrus grandis",33354.7184506497,0,0,0,63,"minor commercial",0,4.5,"Carni.",1,NA,257
"7277",7.50000006519255e-05,2.65599989891052,17,1.24929995536804,1.26070003509521,295.721770477295,281.379789733887,0.0110249999444932,0.0119750001002103,"Salmo trutta",375.114375753807,1,1,0,140,"commercial",1,3.79999995231628,"Carni.",3,"LC",2
"7280",1.06987500190735,1158.28894042969,0,0.223125005140901,0.612624995410442,302.65926361084,290.499378204346,0.00300000002607703,0.00400000018998981,"Etia nguti",7365.08427734965,1,0,0,13.3100004196167,NA,0,2.38,"Omni.",1,"DD",86
"7281",0,4.65999984741211,20,1.22300004959106,1.22300004959106,299.536010742188,291.023010253906,0.00800000037997961,0.00800000037997961,"Petrotilapia microgalana",84.413622389473,0,1,1,NA,NA,NA,NA,NA,3,"LC",1
"7290",0,5301.97900390625,40,0.172000005841255,1.88322495222091,301.080993652344,288.076248931885,0.0020000000949949,0.00700000021606684,"Lacustricola centralis",288745.815088547,NA,NA,0,NA,NA,NA,NA,NA,1,NA,2348
"7296",0,7.99599981307983,38,2.28074997067451,2.3092499434948,302.144012451172,293.549011230469,0.00800000037997961,0.00800000037997961,"Placidochromis longirostris",167.754756607819,0,1,1,NA,NA,NA,NA,NA,1,"LC",2
"7297",0,37511.4140625,39,0.252999991178513,2.47889993190765,301.455313873291,292.108946228027,0.0020000000949949,0.00600000005215406,"Synodontis batesii",461616.778571081,1,1,0,NA,NA,NA,NA,NA,1,"LC",4908
"7301",0,9473.2900390625,47,0.592450001835823,3.42339998483658,305.129344177246,286.901000976562,0.00499999988824129,0.0130000002682209,"Sargochromis giardi",383382.60761096,1,1,0,48,"commercial",0,3.49,"Carni.",2,"LC",1899
"7303",0,3012.11206054688,43,0.653999984264374,2.45274993777275,303.235507965088,286.137615203857,0.00600000005215406,0.0109999999403954,"Enteromius manicensis",60841.8651289638,1,0,0,NA,NA,NA,NA,NA,1,"LC",746
"7312",0.000450000003911556,333.165985107422,12.85,0.0704500000923872,0.966699999570845,300.552296447754,284.961637878418,0.0020000000949949,0.00300000002607703,"Haplochromis eduardianus",16177.5782462457,1,1,0,NA,NA,NA,NA,NA,1,"LC",167
"7323",0,1841.35400390625,49,0.252425009012222,4.06107487678528,301.572998046875,292.097100067139,0.00300000002607703,0.00527499993331728,"Lepidiolamprologus meeli",34890.675799273,NA,NA,0,NA,NA,NA,NA,NA,1,NA,270
"7325",0,47911.4375,42,0.246999993920326,2.46227497458458,301.924987792969,293.648210144043,0.0020000000949949,0.00499999988824129,"Microthrissa minuta",278015.540051003,1,1,0,4.30000019073486,"subsistence fisheries",0,NA,NA,1,"VU",2662
"7326",0,490.212005615234,39,0.230524995550513,2.20080007910728,297.519671630859,287.39599609375,0.00300000002607703,0.00700000021606684,"Synodontis laessoei",9067.78324835414,1,1,0,NA,NA,NA,NA,NA,2,"DD",94
"7331",0,3912.49389648438,49,0.866499990224838,4.50699996948242,302.513000488281,285.931488037109,0.00700000021606684,0.0109999999403954,"Bathyclarias foveolatus",26520.5883195937,0,1,1,NA,NA,NA,NA,NA,1,"LC",301
"7337",0,3.03500008583069,48,4.68599987030029,4.68599987030029,301.488006591797,292.380004882812,0.00800000037997961,0.00800000037997961,"Aulonocara maylandi",83.5738857687531,0,1,1,15,"commercial",0,3.5,"Carni.",1,"CR",1
"7338",0,3919.5419921875,44.4,0.854500007629394,3.57200007438659,303.044107055664,290.102008056641,0.00600000005215406,0.00909999962896108,"Mylochromis balteatus",6876.2660956166,0,1,1,16.2000007629395,"commercial",0,3.5,"Carni.",1,"LC",77
"7341",1631.27001953125,4861.49609375,0,0.386999994516373,0.386999994516373,297.130004882812,295.367004394531,0.0020000000949949,0.0020000000949949,"Haplochromis harpakteridion",70201.9485614657,0,1,1,8.05000019073486,NA,0,4.2,"Carni.",1,"DD",816
"7342",1631.27001953125,4861.49609375,0,0.386999994516373,0.386999994516373,297.130004882812,295.367004394531,0.0020000000949949,0.0020000000949949,"Haplochromis vanoijeni",70029.8147067808,0,1,1,8.88000011444092,NA,0,NA,NA,1,"VU",814
"7343",0,3935.47412109375,41.3,0.838100016117096,2.8529999256134,303.014389038086,290.992309570312,0.00690000019967556,0.00909999962896109,"Hemitilapia oxyrhyncha",3184.27816742153,NA,NA,0,NA,NA,NA,NA,NA,1,NA,37
"7349",0,47545.85546875,45,0.263000011444092,2.83899993896484,300.852008056641,291.034808349609,0.0020000000949949,0.00499999988824129,"Euchilichthys astatodon",95708.829439706,1,1,0,NA,NA,NA,NA,NA,1,"LC",985
"7351",0,1841.35400390625,49,0.252425009012222,4.06107487678528,301.572998046875,292.097100067139,0.00300000002607703,0.00527499993331728,"Neolamprologus savoryi",34890.675799273,0,1,1,8,"commercial",0,3.4,"Carni.",1,"LC",270
"7352",0.0599999986588955,2094.96606445312,27,0.185000002384186,1.17999994754791,303.847991943359,296.605010986328,0.00300000002607703,0.00499999988824129,"Fundulopanchax walkeri",172221.267199696,1,1,0,NA,NA,NA,NA,NA,1,"LC",1721
"7355",0.120424998179078,345.597991943359,3,0.320575004816055,1.02692501544952,304.814769744873,293.741777038574,0.00499999988824129,0.00700000021606684,"Chiloglanis waterloti",11168.7532731683,1,0,0,4.80000019073486,"of no interest",0,NA,NA,1,"LC",132
"7358",NA,NA,NA,NA,NA,NA,NA,NA,NA,"Nothobranchius milvertzi",85.1004658905659,1,1,0,3.69000005722046,NA,0,NA,NA,1,"EN",0
"7363",0,54.0169982910156,36.45,0.433850006759167,1.92740004062653,299.234742736816,289.757109069824,0.00300000002607703,0.00400000018998981,"Orthochromis rugufuensis",4452.60140825887,0,1,1,NA,NA,NA,NA,NA,1,"VU",35
"7367",0,3919.5419921875,44,0.845500016212463,3.45050008296966,302.935089111328,290.580908203125,0.00700000021606684,0.00969999972730875,"Labeotropheus trewavasae",4694.31397546243,0,1,1,NA,NA,NA,NA,NA,1,"LC",53
"7369",0.0112499999813736,3274.53393554688,9,0.266999989748001,1.2682000041008,303.275648498535,293.172503662109,0.00300000002607703,0.00755000030621859,"Petrocephalus pellegrini",274834.488038501,1,1,0,NA,NA,NA,NA,NA,1,"LC",3219
"7370",0,47952.2890625,41,0.190999999642372,2.52397500872612,301.545658111572,293.616384887695,0.0020000000949949,0.00499999988824129,"Distichodus affinis",682464.76319877,1,1,0,NA,NA,NA,NA,NA,1,"LC",6868
"7371",0,47952.2890625,42,0.246999993920326,2.52500002384185,301.885888671875,293.638000488281,0.0020000000949949,0.00499999988824129,"Chrysichthys duttoni",547543.416138071,1,1,0,NA,NA,NA,NA,NA,1,"LC",5165
"7373",0,36.859001159668,46.8,0.854000020027161,3.94379992485047,301.782794189453,290.408612060547,0.00700000021606684,0.00800000037997961,"Placidochromis electra",756.8407201366,0,1,1,12,"commercial",0,2.79,"Omni.",1,"LC",9
"7374",0,47862.3828125,41.875,0.190999999642372,2.6336250603199,301.313877105713,292.594501495361,0.0020000000949949,0.00499999988824129,"Stomatorhinus kununguensis",256116.101924128,1,1,0,NA,NA,NA,NA,NA,1,"LC",2606
"7376",0,5558.05322265625,44.6749999999997,0.350324999541044,3.10442501306532,302.741777038574,287.74330368042,0.00300000002607703,0.00700000021606684,"Synodontis rukwaensis",290660.379667807,1,0,0,NA,NA,NA,NA,NA,1,"LC",2294
"7378",0,1011.35400390625,46.6,1.05919998884201,2.79389996528626,302.370606994629,290.65570526123,0.00805000034160912,0.00899999961256981,"Nothobranchius boklundi",251.829624340832,1,1,0,4.38000011444092,NA,0,NA,NA,1,"VU",3
"7379",0.454100003838539,1943.49499511719,0,0.782999992370605,1.21712502837181,300.910227966309,292.425675964355,0.00307500003837049,0.00600000005215406,"Raiamas ansorgii",848.065929931639,1,1,0,NA,NA,NA,NA,NA,1,"DD",4
"7380",0,3919.5419921875,44,0.845500016212463,3.45050008296966,302.935089111328,290.580908203125,0.00700000021606684,0.00969999972730875,"Copadichromis jacksoni",4694.31397546243,0,1,1,18.2999992370605,"commercial",0,3.4,"Carni.",1,"LC",53
"7381",0,468.727996826172,37.6,0.285500001907349,2.07279999256134,307.273107910156,288.488790893555,0.00400000018998981,0.00899999961256981,"Garra geba",31448.1904440207,1,1,0,8.64000034332275,"of no interest",0,NA,NA,2,"LC",269
"7384",0.299225011467934,1724.67797851562,0,0.309400002658367,0.732024993002415,299.697368621826,293.772187042236,0.0020000000949949,0.00400000018998981,"Aphyosemion buytaerti",6877.58190717646,NA,NA,0,NA,NA,NA,NA,NA,1,"LC",80
"7385",0.912000000476837,1999.19604492188,0,0.287200000882149,0.778700014948844,301.27724609375,294.6121925354,0.00300000002607703,0.00499999988824129,"Enteromius inaequalis",40337.8949825811,1,0,0,NA,NA,NA,NA,NA,1,"LC",472
"7386",0,1841.35400390625,49,0.252425009012222,4.06107487678528,301.572998046875,292.097100067139,0.00300000002607703,0.00527499993331728,"Neolamprologus splendens",34890.675799273,0,1,1,NA,NA,NA,NA,NA,1,"LC",270
"7387",0,47222.84765625,42,0.180000007152557,2.6340000629425,300.811785125732,294.81641998291,0.0020000000949949,0.00400000018998981,"Mormyrops furcidens",225226.211484785,1,1,0,NA,NA,NA,NA,NA,1,"LC",2210
"7388",0,4269.42919921875,34.15,0.137249997258186,1.87630004286766,307.090147399902,295.944802856445,0.00499999988824129,0.00800000037997961,"Chiloglanis voltae",104419.253930049,1,0,0,NA,NA,NA,NA,NA,1,"LC",955
"7392",0,37903.6640625,43,0.234999999403954,2.59912505745888,301.349124908447,288.091510772705,0.00100000004749745,0.00800000037997961,"Enteromius kessleri",464029.268627253,1,1,0,NA,NA,NA,NA,NA,1,"LC",4356
"7395",0,47911.4375,40,0.143999993801117,2.40899991989136,305.282989501953,292.080708312988,0.0020000000949949,0.00800000037997961,"Chiloglanis batesii",843257.193101432,1,1,0,NA,NA,NA,NA,NA,1,"LC",8630
"7397",1.06389998346567,1131.64001464844,0,0.334374997019768,0.766550023853779,301.177033996582,295.35036315918,0.00300000002607703,0.00400000018998981,"Brycinus nigricauda",12654.7482631372,NA,NA,0,NA,NA,NA,NA,NA,1,NA,148
"7398",0.0416249998379499,1680.22094726562,33.25,0.148499993607402,1.2012500166893,307.355487823486,295.622241973877,0.00675000017508864,0.00800000037997961,"Bagrus filamentosus",5520.27975902388,1,1,0,NA,NA,NA,NA,NA,1,"DD",36
"7404",0,1284.30895996094,37,0.263999998569489,1.57477502822876,300.035619354248,295.063188934326,0.00100000004749745,0.0020000000949949,"Cyclopharynx schwetzi",12494.2914183932,1,1,0,NA,NA,NA,NA,NA,1,"LC",132
"7413",0,1.2150000333786,34,1.86699998378754,1.86699998378754,309,298.473999023438,0.00899999961256981,0.00899999961256981,"Nothobranchius bellemansi",84.5332377147465,1,1,0,4.57000017166138,NA,0,NA,NA,2,"EN",1
"7415",0,3919.5419921875,44.4,0.854500007629394,3.57200007438659,303.044107055664,290.102008056641,0.00600000005215406,0.00909999962896108,"Tramitichromis brevis",6876.2660956166,0,1,1,16.2999992370605,"commercial",0,3.2,"Carni.",1,"LC",77
"7416",0.0209249996580184,61.9259986877441,32.95,0.432450006902218,2.09944999217987,302.400602722168,295.170631408691,0.00499999988824129,0.00499999988824129,"Spratellomorpha bianalis",3777.48811845475,1,0,0,4.5,"subsistence fisheries",0,NA,NA,1,"DD",28
"7417",0,47545.85546875,40,0.185550003498793,2.43989993333816,301.025900268555,288.375654602051,0.0020000000949949,0.00800000037997961,"Chelaethiops congicus",448883.318050179,1,1,0,NA,NA,NA,NA,NA,1,"LC",4423
"7427",0.114000000059605,4347.6337890625,9,0.194999992847443,1.15400004386902,300.872009277344,291.263000488281,0.00300000002607703,0.00499999988824129,"Labeobarbus fimbriatus",133670.963197998,NA,NA,0,NA,NA,NA,NA,NA,1,"LC",1561
"7429",0.00300000002607703,57.1699981689453,32.85,0.199725002422929,1.65352503061295,302.588394927979,296.176443481445,0.00400000018998981,0.00499999988824129,"Brycinus abeli",5479.05339432017,NA,NA,0,NA,NA,NA,NA,NA,1,NA,64
"7430",0.0106999999377877,47911.4375,40,0.263999998569489,3.43879994153976,300.689660644531,292.773010253906,0.00300000002607703,0.00600000005215406,"Chrysichthys helicophagus",8309.25010304236,1,1,0,18,NA,0,3.37,"Carni.",1,"VU",79
"7432",0.0168000007979572,47303.34765625,14.75,0.232500006258488,1.45117500424385,301.176309204102,293.87244720459,0.00400000018998981,0.00700000021606684,"Tylochromis praecox",2139.52135836836,1,1,0,13,NA,0,2.59,"Omni.",1,"DD",22
"7440",0,342.053985595703,40,0.629000015556812,2.74175000190735,306.752246856689,281.978881835938,0.00300000002607703,0.00700000021606684,"Labeo percivali",52315.2018020943,1,0,0,NA,NA,NA,NA,NA,1,"LC",256
"7441",0,349.644989013672,33,0.426750000566244,1.89262498915195,304.615119934082,275.367988586426,0.0189999993890524,0.0270000007003546,"Salmo macrostigma",130947.729877612,1,0,0,60,NA,1,3.48,"Carni.",3,"DD",1096
"7442",0,47222.84765625,43,0.212999999523163,2.66199994087219,301.254797363281,291.142810058594,0.0020000000949949,0.00499999988824129,"Clarias platycephalus",1119547.50358184,1,1,0,37.5999984741211,NA,0,4.2,"Carni.",1,"LC",11737
"7444",0.0450000017881393,37493.1796875,21,0.270000010728836,2.06200003623962,301.503997802734,291.816986083984,0.0020000000949949,0.00600000005215406,"Schilbe multitaeniatus",327440.518272085,1,1,0,NA,NA,NA,NA,NA,1,"LC",3761
"7449",0,756.513977050781,38,0.446100007742643,2.25002496242523,307.523529815674,295.214434051514,0.00499999988824129,0.00899999961256981,"Malapterurus occidentalis",24465.4603340677,1,0,0,NA,NA,NA,NA,NA,1,"LC",182
"7450",0.00300000002607703,18.2110004425049,19.8,0.786000001430512,1.2808000087738,297.860205078125,283.167596435547,0.0101999998092651,0.0109999999403954,"Pseudobarbus trevelyani",795.667899049454,1,0,0,NA,NA,NA,NA,NA,3,"EN",9
"7460",0,47911.4375,42,0.203999996185303,2.61782504320145,301.716095733643,290.171350860596,0.0020000000949949,0.00600000005215406,"Polypterus ornatipinnis",1040584.81256911,1,1,0,60,"of no interest",0,3.69,"Carni.",1,"LC",10390
"7461",0,47952.2890625,36.8499999999999,0.245150005072355,2.4782500743866,305.318849182129,291.523458862305,0.00300000002607703,0.00899999961256981,"Odaxothrissa ansorgii",181470.068675669,1,1,0,15.2799997329712,"subsistence fisheries",0,NA,NA,1,"LC",1807
"7463",1631.27001953125,4861.49609375,0,0.386999994516373,0.386999994516373,297.130004882812,295.367004394531,0.0020000000949949,0.0020000000949949,"Haplochromis kujunjui",70201.9485614657,0,1,1,10.2799997329712,NA,0,4.2,"Carni.",1,"DD",816
"7464",140.481994628906,464.053009033203,0,0.331999987363815,0.331999987363815,297.548004150391,291.723999023438,0.00600000005215406,0.00600000005215406,"Labeobarbus longissimus",2946.00893117719,0,1,1,54.7999992370605,NA,0,4.5,"Carni.",1,"DD",35
"7469",0,47952.2890625,40,0.24099999666214,2.45587499737739,301.8162940979,293.492826843262,0.0020000000949949,0.00499999988824129,"Malapterurus microstoma",605514.73239018,1,1,0,NA,NA,NA,NA,NA,1,"LC",6178
"7470",0,3274.53393554688,18,0.272925002872944,1.4243750244379,303.277607727051,290.494384002686,0.00300000002607703,0.00999999977648258,"Malapterurus stiassnyae",149700.532953759,1,1,0,NA,NA,NA,NA,NA,1,"LC",1758
"7472",0,3274.53393554688,23,0.306099995970726,1.65659999847412,303.160589599609,289.064709472656,0.00300000002607703,0.0109999999403954,"Epiplatys annulatus",112720.141893523,1,1,0,NA,NA,NA,NA,NA,1,"LC",1325
"7474",0,47952.2890625,43,0.223000004887581,2.66322509050369,300.943444061279,294.102097320557,0.0020000000949949,0.00499999988824129,"Polypterus polli",339534.443160451,1,1,0,32.0999984741211,NA,0,3.2,"Carni.",1,"LC",3198
"7475",0,47222.84765625,42,0.145549999177456,2.42574996948242,301.13140411377,294.441009521484,0.0020000000949949,0.00499999988824129,"Aphyosemion polli",108834.488360262,1,1,0,NA,NA,NA,NA,NA,1,"LC",1075
"7479",0,4861.49609375,33.425,0.386999994516373,1.98994998931884,302.303107452393,292.257403564453,0.0020000000949949,0.00800000037997961,"Buccochromis lepturus",82568.635628411,0,1,1,41.7000007629395,"commercial",0,4.2,"Carni.",1,"LC",944
"7482",0,15332.720703125,46,0.407699996232986,3.45820000171661,300.580993652344,296.695303344727,0.0020000000949949,0.00300000002607703,"Gephyroglanis gymnorhynchus",28138.6760177435,1,1,0,NA,NA,NA,NA,NA,1,"DD",309
"7484",0,430.498992919922,49,0.627999997138977,3.73445003032684,301.330404663086,294.096148681641,0.00499999988824129,0.00544999996200204,"Chelaethiops rukwaensis",2046.16714217607,0,1,1,NA,NA,NA,NA,NA,1,"VU",23
"7492",0,3935.47412109375,44,0.857250006496906,3.47662509083748,303.043180847168,290.122583770752,0.00602500005625188,0.00899999961256981,"Fossorochromis rostratus",7292.64023344102,0,1,1,24.3999996185303,"commercial",0,3.36,"Carni.",1,"LC",82
"7494",0,1841.35400390625,49,0.247550004720688,4.08844985961914,301.572998046875,292.190002441406,0.00300000002607703,0.0056499999947846,"Mastacembelus micropectus",33012.5919769452,0,1,1,NA,NA,NA,NA,NA,1,"LC",255
"7497",0,1106.91394042969,37,0.500999987125397,2.23432494401932,303.749020385742,277.203520202637,0.00899999961256981,0.0209999997168779,"Enteromius anoplus",927161.976896078,1,1,0,10,"subsistence fisheries",0,2.69,"Omni.",2,"LC",4108
"7498",1631.27001953125,4861.49609375,0,0.386999994516373,0.386999994516373,297.130004882812,295.367004394531,0.0020000000949949,0.0020000000949949,"Bagrus degeni",3526.91605417237,0,1,1,55,"commercial",0,4.2,"Carni.",1,"DD",41
"7501",0,240.039001464844,38.1,0.445699995756149,2.10940010547638,304.754507446289,274.921911621094,0.0130000002682209,0.0199999995529652,"Austroglanis sclateri",301443.25360887,1,0,0,30,NA,0,3.5,"Carni.",2,"LC",877
"7503",0,18957.59765625,42,0.303200000524521,2.68639998435974,304.482403564453,281.862194824219,0.00300000002607703,0.0179999992251396,"Crenimugil crenilabis",452934.583133363,1,0,0,60,"minor commercial",1,2.34,"Omni.",1,"LC",3969
"7504",0,3905.416015625,46.5,0.905000001192093,3.9099999666214,302.857498168945,289.546005249023,0.00650000013411045,0.0094999996945262,"Pallidochromis tokolosh",5367.43921908237,0,1,1,NA,NA,NA,NA,NA,1,"LC",61
"7505",0,13379.4765625,45,0.155000001192093,3.35934994220734,308.834991455078,292.831750488281,0.00400000018998981,0.0130000002682209,"Hippopotamyrus pictus",664756.241580041,1,1,0,NA,NA,NA,NA,NA,1,"LC",5427
"7506",0,47748.6953125,43,0.201900006830692,2.76360001564026,301.640213012695,289.416793823242,0.0020000000949949,0.00600000005215406,"Raiamas salmolucius",682757.1987135,1,1,0,16.3700008392334,NA,0,NA,NA,1,"LC",6717
"7509",0,5298.56591796875,45,0.324674992263317,2.87364993691444,300.707167816162,288.207006072998,0.00100000004749745,0.00899999961256981,"Thoracochromis stigmatogenys",120063.87305578,NA,NA,0,NA,NA,NA,NA,NA,1,NA,988
"7510",0.0997000008821487,37376.35546875,4.15000000000001,0.21969999819994,0.962150010466576,301.600157165527,291.126553344727,0.0020000000949949,0.00514999991282821,"Plataplochilus miltotaenia",20221.176443196,1,1,0,NA,NA,NA,NA,NA,1,"VU",235
"7514",0,47302.59765625,13.1,0.297625003010035,1.71689999997616,302.798846435547,295.050983428955,0.00300000002607703,0.00700000021606684,"Lutjanus endecacanthus",1802.30010328259,1,0,0,NA,NA,NA,NA,NA,1,"DD",20
"7515",0,1841.35400390625,49,0.247550004720688,4.08844985961914,301.572998046875,292.190002441406,0.00300000002607703,0.0056499999947846,"Mastacembelus plagiostomus",33012.5919769452,0,1,1,NA,NA,NA,NA,NA,1,"LC",255
"7520",0,3919.5419921875,44.4,0.854500007629394,3.57200007438659,303.044107055664,290.102008056641,0.00600000005215406,0.00909999962896108,"Lethrinops macracanthus",6876.2660956166,0,1,1,20,"commercial",0,2.75,"Omni.",1,"DD",77
"7521",0,1567.5419921875,43,0.820999979972839,2.95105004310608,303.524409484863,281.855749511719,0.00800000037997961,0.0149999996647239,"Petrocephalus wesselsi",325916.323814032,1,0,0,NA,NA,NA,NA,NA,2,"LC",1835
"7522",1631.27001953125,4861.49609375,0,0.386999994516373,0.386999994516373,297.130004882812,295.367004394531,0.0020000000949949,0.0020000000949949,"Haplochromis saxicola",70029.8147067808,0,1,1,12.3000001907349,NA,0,3.42,"Carni.",1,"DD",814
"7523",0,3919.5419921875,44.4,0.854500007629394,3.57200007438659,303.044107055664,290.102008056641,0.00600000005215406,0.00909999962896108,"Mylochromis guentheri",6876.2660956166,0,1,1,NA,NA,NA,NA,NA,1,"LC",77
"7525",0,18957.59765625,42,0.519749991595745,2.74200001358986,309.147487640381,288.55037689209,0.00300000002607703,0.0120000001043081,"Pellona ditchela",93751.1606147623,1,0,0,16,"commercial",1,NA,NA,1,"LC",806
"7526",0,10.5369997024536,36,2.33512503504753,2.33987491726875,301.46195526123,292.353047180176,0.00800000037997961,0.00800000037997961,"Placidochromis obscurus",250.535202487244,0,1,1,NA,NA,NA,NA,NA,1,"LC",2
"7539",0,47222.84765625,42,0.173299993574619,2.47270004749298,301.44870300293,294.764807128906,0.0020000000949949,0.00400000018998981,"Mormyrops boulengeri",201468.825826095,1,1,0,NA,NA,NA,NA,NA,1,"LC",1893
"7540",0,37903.6640625,45,0.277999997138977,2.54717509150505,300.853747558594,294.373147583008,0.00100000004749745,0.00300000002607703,"Hypsopanchax jobaerti",123858.094895995,1,0,0,NA,NA,NA,NA,NA,1,"LC",1058
"7541",0,1841.35400390625,49,0.247550004720688,4.08844985961914,301.572998046875,292.190002441406,0.00300000002607703,0.0056499999947846,"Lepidiolamprologus attenuatus",33012.5919769452,0,1,1,15," ",0,4.05,"Carni.",1,"NT",255
"7546",0.123600003123283,1188.11096191406,4.59999999999991,0.10419999808073,0.634800016880035,299.553601074219,284.742993164063,0.0020000000949949,0.00300000002607703,"Enteromius lufukiensis",40831.4686286251,1,0,0,NA,NA,NA,NA,NA,1,"NT",465
"7547",0,7747.39599609375,42.65,1.05470003187656,2.83729991316795,306.342430114746,288.002014160156,0.00999999977648258,0.0130000002682209,"Nothobranchius capriviensis",8199.37263696242,0,1,1,4.96999979019165,NA,0,NA,NA,2,"EN",30
"7553",0,4273.27783203125,45,0.446124997735024,2.89470004439354,300.861107635498,289.658996582031,0.0020000000949949,0.00600000005215406,"Lacustricola mediolateralis",119480.608496082,NA,NA,0,NA,NA,NA,NA,NA,1,NA,1274
"7561",0,9478.6494140625,49,0.563624975085258,3.63935007452965,305.260366821289,287.474971008301,0.00800000037997961,0.0149999996647239,"Sargochromis carlottae",530743.785937833,1,1,0,34.5,"commercial",0,3.58,"Carni.",2,"LC",2334
"7563",0,18957.59765625,45,0.476000010967255,2.96579996347427,303.426179504395,291.264469146729,0.00499999988824129,0.00999999977648258,"Stenogobius kenyae",302136.273117128,1,1,0,NA,NA,NA,NA,NA,1,"LC",3372
"7565",0,3919.5419921875,44.4,0.854500007629394,3.57200007438659,303.044107055664,290.102008056641,0.00600000005215406,0.00909999962896108,"Gephyrochromis moorii",6876.2660956166,0,1,1,NA,NA,NA,NA,NA,1,"LC",77
"7567",0.0139500007033348,16.4729995727539,20.475,0.859950019419193,1.58004997819662,301.149625396728,291.545568847656,0.00700000021606684,0.00700000021606684,"Maylandia glaucos",168.348787735016,NA,NA,0,NA,NA,NA,NA,NA,1,NA,2
"7577",0,434.773010253906,39,0.349999990314245,1.89449997246265,300.549488067627,289.036758422852,0.00512499990873039,0.00800000037997961,"Oreochromis salinicola",5408.31979371577,1,1,0,NA,NA,NA,NA,NA,3,"VU",46
"7583",0,37903.6640625,41,0.153449998050928,2.52674999237061,301.261201477051,293.040299987793,0.0020000000949949,0.00499999988824129,"Amphilius brevis",676933.007317942,1,1,0,NA,NA,NA,NA,NA,1,"LC",7179
"7584",0.0329999998211861,2802.52490234375,23,0.203999996185303,2.32037496566772,300.775375366211,292.781497955322,0.00300000002607703,0.00499999988824129,"Enteromius aspilus",90610.6888527633,1,1,0,NA,NA,NA,NA,NA,1,"LC",1056
"7587",0,1098.11401367188,22.125,0.593999981880188,1.51312498748302,302.851749420166,294.20775604248,0.00400000018998981,0.00899999961256981,"Synodontis dekimpei",3047.07470202873,1,0,0,NA,NA,NA,NA,NA,1,"CR",36
"7590",0,344.56298828125,29.75,0.193149995058775,1.42344999313354,303.863700866699,296.030107116699,0.00400000018998981,0.00600000005215406,"Micropanchax keilhacki",18366.5452705516,1,0,0,NA,NA,NA,NA,NA,1,"LC",187
"7592",0,37376.35546875,23,0.224999994039536,1.45832498669624,303.605767822266,292.086605834961,0.0020000000949949,0.00700000021606684,"Thysochromis ansorgii",376394.355120889,1,0,0,NA,NA,NA,NA,NA,1,"LC",4250
"7603",0.0232500000856817,30925.5546875,18.875,0.354125000536442,1.78087501227856,301.111248016357,291.610134124756,0.0020000000949949,0.00600000005215406,"Parananochromis longirostris",184695.498667499,NA,NA,0,NA,NA,NA,NA,NA,1,"LC",2046
"7618",0.818800014257431,565.710021972656,11.05,0.297550002485514,1.2249500349164,300.570643615723,293.897417449951,0.00357500012032688,0.00400000018998981,"Chiloglanis loffabrevum",2043.28073775009,1,0,0,3.78999996185303,"of no interest",0,NA,NA,1,"EN",24
"7619",0,15332.720703125,39,0.114000000059605,2.21890009641647,301.640892028809,287.610836791992,0.0020000000949949,0.00700000021606684,"Enteromius apleurogramma",1139535.02357334,1,1,0,5.40000009536743,NA,0,2.9,"Carni.",1,"LC",10203
"7620",0.871799993515015,61.6549987792969,0,0.185400000214577,0.418999987840653,300.780401611328,295.232208251953,0.00400000018998981,0.00400000018998981,"Chiloglanis nzerekore",767.128278529762,1,0,0,4.51999998092651,"of no interest",0,NA,NA,1,"EN",9
"7621",1631.27001953125,4861.49609375,0,0.386999994516373,0.386999994516373,297.130004882812,295.367004394531,0.0020000000949949,0.0020000000949949,"Haplochromis victoriae",75275.99539497,0,1,1,NA,NA,NA,NA,NA,1,"DD",862
"7622",1.20049996674061,371.378997802734,0,0.274650001525879,0.52145000398159,301.073460388184,295.212910461426,0.00300000002607703,0.00400000018998981,"Chiloglanis tweddlei",2303.24413531137,1,0,0,5.59999990463257,"of no interest",0,NA,NA,1,"EN",27
"7623",0.308749994635582,37.7830009460449,4.6,0.472549992799759,0.738299998641014,303.494255065918,295.236152648926,0.00534999994561076,0.00600000005215406,"Enteromius foutensis",1270.65838562942,1,0,0,NA,NA,NA,NA,NA,1,"EN",15
"7627",0,18957.59765625,44,0.477999985218048,2.78590002059937,303.975811767578,283.935797119141,0.00400000018998981,0.0140000004321337,"Enteromius toppini",2092813.11564752,1,1,0,4,"commercial",0,2.78,"Omni.",1,"LC",16605
"7629",0,3274.53393554688,26,0.394725006073713,1.75499999523163,304.056553649902,289.041660308838,0.00400000018998981,0.0109999999403954,"Petrocephalus levequei",111020.035112019,1,0,0,NA,NA,NA,NA,NA,1,"LC",1310
"7633",0.029200000083074,701.091979980469,15,0.0839999988675117,0.991274990141392,300.088704681397,287.061470031738,0.0020000000949949,0.00400000018998981,"Platypanchax modestus",57301.1100925434,1,1,0,NA,NA,NA,NA,NA,1,"LC",582
"7634",0,24.0690002441406,42.95,1.3877249866724,3.08019993305206,300.858650970459,279.250507354736,0.0140000004321337,0.0160000007599592,"Austroglanis barnardi",2902.065894164,1,0,0,NA,NA,NA,NA,NA,2,"EN",22
"7637",0,47222.84765625,38,0.125374999642372,2.25399994850159,300.899231719971,294.865061950684,0.0020000000949949,0.0039250001776963,"Monostichodus lootensi",68281.9663890697,NA,NA,0,NA,NA,NA,NA,NA,1,NA,724
"7640",0,47222.84765625,44,0.201975006982684,2.83322494626045,300.824030303955,295.782989501953,0.0020000000949949,0.00300000002607703,"Enteromius hulstaerti",182178.264560516,1,1,0,NA,NA,NA,NA,NA,1,"LC",1880
"7642",0,954.385986328125,40.6,0.444799989461899,2.59080007076263,300.669705200195,295.577911376953,0.0020000000949949,0.0031000000424683,"Paradoxoglanis cryptus",10144.348642258,1,1,0,NA,NA,NA,NA,NA,1,"DD",117
"7652",0.0602749992161989,30925.5546875,17.7249999999999,0.343549995869398,2.03517500758171,300.842156219482,291.705570983887,0.0020000000949949,0.00600000005215406,"Aphyosemion batesii",176466.006894867,1,0,0,NA,NA,NA,NA,NA,1,"LC",2052
"7655",0,47952.2890625,42,0.246999993920326,2.57827504873276,301.579555511475,293.692623901367,0.0020000000949949,0.00600000005215406,"Ctenopoma nigropannosum",490009.261409807,1,1,0,NA,NA,NA,NA,NA,1,"LC",4950
"7659",0.0148500005714595,921.364990234375,29,0.167099998146296,1.35037495195866,299.906756591797,290.288398742676,0.00300000002607703,0.00499999988824129,"Clariallabes mutsindoziensis",32235.6566794038,1,0,0,11.8000001907349,NA,0,3.2,"Carni.",1,"EN",298
"7660",0,47222.84765625,39,0.172999992966652,2.51307501196861,300.605060577393,291.006988525391,0.0020000000949949,0.00700000021606684,"Chrysichthys macropterus",88324.9185676015,1,1,0,NA,NA,NA,NA,NA,1,"DD",1000
"7665",0,2084.70092773438,38.975,0.253374991565943,2.21525009870529,301.417274475098,291.556011199951,0.0020000000949949,0.00700000021606684,"Labeobarbus stenostoma",27606.6525786309,1,1,0,NA,NA,NA,NA,NA,1,"DD",242
"7671",0,3919.5419921875,44,0.842125019431114,3.47187508940697,302.992012023926,290.734453582764,0.00700000021606684,0.00899999961256981,"Bathyclarias worthingtoni",3857.7974301287,0,1,1,80,"commercial",0,4.01,"Carni.",1,"LC",44
"7673",0,47222.84765625,42,0.245000004768372,2.54900002479553,301.739148712158,293.678172302246,0.00100000004749745,0.00499999988824129,"Mormyrops attenuatus",549035.183148606,1,1,0,NA,NA,NA,NA,NA,1,"LC",5420
"7680",0,47312.2109375,32,0.250999987125397,1.99530003964901,304.2919921875,290.62032623291,0.00300000002607703,0.00800000037997961,"Enneacampus ansorgii",639305.909394421,1,1,0,NA,NA,NA,NA,NA,1,"LC",6888
"7682",0,12825.298828125,29.25,0.405000001192093,2.28199994564056,303.060249328613,292.950752258301,0.00300000002607703,0.00825000018812716,"Neolebias powelli",23403.1449294849,1,0,0,NA,NA,NA,NA,NA,1,"EN",271
"7687",0,47303.34765625,24.125,0.255875010043383,1.70987498760223,302.29651260376,291.814987182617,0.0020000000949949,0.00700000021606684,"Parailia occidentalis",135335.373696101,1,1,0,NA,NA,NA,NA,NA,1,"LC",1516
"7692",0,12825.298828125,29,0.230000004172325,1.98319997787475,303.683648681641,291.194595336914,0.00300000002607703,0.00899999961256981,"Fundulopanchax sjostedti",145889.053095582,1,1,0,NA,NA,NA,NA,NA,1,"EN",1695
"7695",0,3.05299997329712,49,4.50899982452393,4.50899982452393,300.908996582031,292.876007080078,0.00700000021606684,0.00700000021606684,"Placidochromis lukomae",84.3398314721336,0,1,1,NA,NA,NA,NA,NA,1,"LC",1
"7697",0.00300000002607703,4.74200010299683,33,3.37199997901917,3.37199997901917,301.851989746094,292.527008056641,0.00899999961256981,0.00899999961256981,"Gobius bontii",159.624076587397,NA,NA,0,NA,NA,NA,NA,NA,1,NA,1
"7701",0,3912.97900390625,48.5,0.84850001335144,4.54749989509583,302.791000366211,290.022003173828,0.00700000021606684,0.00999999977648258,"Trematocranus microstoma",1928.803753792,0,1,1,23.2000007629395,"commercial",0,3.36,"Carni.",1,"EN",21
"7705",0.0304499994963408,47862.3828125,35,0.263999998569489,1.86104999780655,300.685098266602,292.991390991211,0.00300000002607703,0.00600000005215406,"Mastacembelus latens",3772.62325065123,1,0,0,NA,NA,NA,NA,NA,1,"VU",39
"7707",140.481994628906,464.053009033203,0,0.331999987363815,0.331999987363815,297.548004150391,291.723999023438,0.00600000005215406,0.00600000005215406,"Labeobarbus gorguari",2946.00893117719,0,1,1,53.2000007629395,NA,0,3.26,"Carni.",1,"VU",35
"7708",0.0285499999299645,548.260009765625,31.9,0.188850001990795,1.75540000796318,305.659503173828,296.049942016602,0.00499999988824129,0.00700000021606684,"Micralestes comoensis",52279.2606537983,1,0,0,NA,NA,NA,NA,NA,1,"EN",503
"7709",0.0211999997496605,812.387023925781,25.8,0.311399990320206,1.76859998703003,300.307806396484,293.97880859375,0.00300000002607703,0.00400000018998981,"Aphyosemion schoutedeni",21839.8444105747,1,1,0,NA,NA,NA,NA,NA,1,"DD",249
"7712",1631.27001953125,4861.49609375,0,0.386999994516373,0.386999994516373,297.130004882812,295.367004394531,0.0020000000949949,0.0020000000949949,"Haplochromis maisomei",70029.8147067808,0,1,1,9.8100004196167,NA,0,4.2,"Carni.",1,"DD",814
"7713",2.26750001311302,107.46199798584,0,0.275499999523163,0.445875000208616,301.220500946045,296.161754608154,0.0023750000691507,0.00300000002607703,"Phenacogrammus stigmatura",1375.13496628521,NA,NA,0,NA,NA,NA,NA,NA,1,"DD",16
"7716",0,834.591003417969,44.525,0.423475001752377,2.77612506151199,299.849764251709,287.409424591064,0.00300000002607703,0.00999999977648258,"Chetia welwitschi",38181.9799903925,1,1,0,14.6999998092651,NA,0,NA,NA,2,"DD",340
"7718",0,7986.2919921875,32,0.189949997514486,1.82639997601509,306.83669128418,287.517512512207,0.0020000000949949,0.00700000021606684,"Pseudocrenilabrus multicolor",274315.014236621,1,1,0,8," ",0,3.04,"Carni.",1,"LC",2399
"7720",0,8007.33984375,42,0.319624993950129,2.93824997544289,310.306755065918,291.958118438721,0.00499999988824129,0.0160000007599592,"Neobola nilotica",92826.5826183264,1,0,0,NA,NA,NA,NA,NA,2,"DD",476
"7721",0,1841.35400390625,48.95,0.165250006318092,3.90499997138977,301.476849365234,286.74469909668,0.0020000000949949,0.00499999988824129,"Aulonocranus dewindti",42979.5135057856,1,1,0,NA,NA,NA,NA,NA,1,"LC",363
"7723",0.00999999977648258,5298.56591796875,35,0.30437498986721,1.64064998328686,300.331133270264,295.359985351562,0.00100000004749745,0.0020000000949949,"Opsaridium boweni",25798.8540730715,1,1,0,NA,NA,NA,NA,NA,1,"DD",164
"7724",0.587850020825863,37376.35546875,0,0.197549998015165,1.27467502653599,301.544232940674,291.518578338623,0.0020000000949949,0.00600000005215406,"Monostichodus elongatus",167945.799861871,NA,NA,0,NA,NA,NA,NA,NA,1,NA,1952
"7725",0,26.9829998016357,34,0.569025012850761,2.18907499909401,306.792998504639,280.273141479492,0.0230000000447035,0.0240000002086163,"Scatophagus argus",2124.29038371251,1,0,0,45,"minor commercial",1,2.99,"Carni.",2,"LC",22
"7727",0,3035.248046875,40.35,0.492899987101555,2.75109989643097,307.819850158691,283.277389526367,0.00400000018998981,0.0130000002682209,"Caranx sexfasciatus",39500.2471061998,1,0,0,120,"commercial",1,3.67,"Carni.",3,"LC",347
"7731",0,37903.6640625,43,0.247999995946884,2.77705003023147,300.788346862793,295.939649963379,0.0020000000949949,0.00300000002607703,"Clariallabes centralis",541246.204024954,1,1,0,NA,NA,NA,NA,NA,1,"LC",5667
"7735",0,15543.33984375,42,0.512550003826618,2.37989993691444,304.962451934814,285.37054901123,0.00700000021606684,0.0120000001043081,"Zaireichthys monomotapa",645569.598084449,1,0,0,3.76999998092651,NA,0,NA,NA,3,"LC",5792
"7738",0,31016.556640625,36,0.158999994397163,2.28220006227493,300.519061279297,294.764907836914,0.0020000000949949,0.00305000003427263,"Microthrissa congica",59796.6846335508,1,1,0,7,"of no interest",0,3.1,"Carni.",1,NA,679
"7739",0,47194.4140625,41,0.261000007390976,2.59312497973442,301.783216094971,288.858109283447,0.0020000000949949,0.00899999961256981,"Tylochromis variabilis",865419.545310091,1,1,0,27.6000003814697,NA,0,2.6,"Omni.",1,"LC",8752
"7745",0,18957.59765625,44,0.483999997377396,2.92137494683266,304.463996887207,291.734882354736,0.00400000018998981,0.00899999961256981,"Fibramia lateralis",268303.717977934,0,0,0,11,NA,1,3.98,"Carni.",1,NA,2466
"7749",1631.27001953125,4861.49609375,0,0.386999994516373,0.386999994516373,297.130004882812,295.367004394531,0.0020000000949949,0.0020000000949949,"Haplochromis humilior",70201.9485614657,0,1,1,9,NA,0,2.61,"Omni.",1,"DD",816
"7750",0.330175002664328,37376.35546875,0,0.224999994039536,1.24000000953674,301.635832214355,291.808251953125,0.0020000000949949,0.00600000005215406,"Enteromius diamouanganai",257168.159557253,NA,NA,0,NA,NA,NA,NA,NA,1,"LC",2990
"7754",1631.27001953125,4861.49609375,0,0.386999994516373,0.386999994516373,297.130004882812,295.367004394531,0.0020000000949949,0.0020000000949949,"Haplochromis melanopterus",70029.8147067808,0,1,1,12.6999998092651,NA,0,4,"Carni.",1,"VU",814
"7757",0,47312.2109375,38,0.193600004911423,2.45919995307922,305.058990478516,278.907800292969,0.00300000002607703,0.0230000000447035,"Chelon saliens",609376.297722545,1,1,0,40,"minor commercial",1,2.94,"Carni.",2,"LC",4905
"7758",0,834.591003417969,44.475,0.402100010216236,2.57890004515648,299.742658996582,287.407989501953,0.00499999988824129,0.00999999977648258,"Nannocharax monardi",23488.4611959883,NA,NA,0,NA,NA,NA,NA,NA,2,NA,222
"7760",0,133.354995727539,46.65,0.716050016880035,3.24359993934631,302.718299865723,292.79464263916,0.00400000018998981,0.00730000026524067,"Nothobranchius palmqvisti",1457.73510411917,1,1,0,NA,NA,NA,NA,NA,1,"VU",15
"7763",0,47545.85546875,35,0.161925004795194,2.06410005688667,300.800869750977,293.986999511719,0.0020000000949949,0.00499999988824129,"Tetraodon schoutedeni",19563.3098176113,1,1,0,9,"of no interest",0,3.23,"Carni.",1,"DD",228
"7764",0,252.341003417969,33.9,0.675199991464615,2.20260007381439,298.707202148438,278.05998840332,0.00800000037997961,0.0149999996647239,"Pseudobarbus quathlambae",16011.4208592123,1,0,0,13,NA,0,3.2,"Carni.",3,"EN",165
"7766",0,3919.5419921875,48.525,1.18594998717308,4.60192484855652,302.658126831055,289.757678222656,0.00700000021606684,0.00952499969862401,"Placidochromis ecclesi",1838.1216274523,0,1,1,NA,NA,NA,NA,NA,1,"LC",20
"7767",0,47952.2890625,43,0.192850003391504,2.74222508668899,303.078002929688,293.67240447998,0.0020000000949949,0.00700000021606684,"Hemichromis lifalili",209376.658645999,1,1,0,NA,NA,NA,NA,NA,1,"LC",2158
"7768",0.10157500077039,37493.1796875,3,0.245525005832314,1.11099994182587,301.796383666992,291.28257598877,0.0020000000949949,0.00600000005215406,"Chrysichthys thysi",132809.360935604,NA,NA,0,NA,NA,NA,NA,NA,1,"LC",1542
"7771",0,3919.5419921875,47.4,1.05410000681877,4.26949994564056,302.670989990234,289.951998901367,0.00800000037997961,0.00899999961256981,"Placidochromis polli",4346.97807272884,0,1,1,NA,NA,NA,NA,NA,1,"LC",47
"7777",1631.27001953125,4861.49609375,0,0.386999994516373,0.386999994516373,297.130004882812,295.367004394531,0.0020000000949949,0.0020000000949949,"Haplochromis serranus",70029.8147067808,0,1,1,20.5,NA,0,4.2,"Carni.",1,"DD",814
"7779",0.0127500002272427,37376.35546875,26,0.279750004410744,2.30199998617172,302.074256896973,291.405990600586,0.0020000000949949,0.00700000021606684,"Coptodon nyongana",100984.552707874,NA,NA,0,NA,NA,NA,NA,NA,1,NA,1151
"7780",0,18957.59765625,47,0.474150006473064,3.34274994134903,303.723249816895,288.745945739746,0.00504999989643693,0.0109999999403954,"Mugilogobius mertoni",151733.795036389,1,0,0,6,NA,1,NA,NA,1,"LC",1803
"7781",0.0552500005811453,11705.8701171875,2.39999999999999,0.235600008815527,0.682999992370605,300.221153259277,295.872952270508,0.0020000000949949,0.0020000000949949,"Ctenopoma ashbysmithi",2320.49267972552,1,1,0,NA,NA,NA,NA,NA,1,"DD",27
"7785",0,37493.1796875,15,0.255800008773804,1.25119996070862,301.998992919922,291.582214355469,0.0020000000949949,0.00620000008493666,"Poropanchax stigmatopygus",92192.951339222,1,0,0,NA,NA,NA,NA,NA,1,"LC",1073
"7786",0,7658.69384765625,42,0.0890000015497208,3.25587495565414,308.393904876709,288.350522613525,0.0020000000949949,0.0109999999403954,"Labeo forskalii",350362.729506883,1,1,0,36,NA,0,2.5,"Omni.",1,"LC",2478
"7787",0,11.5419998168945,27.95,1.47670004963875,1.54794998168945,301.813513183594,293.422592163086,0.00700000021606684,0.00700000021606684,"Pseudotropheus elegans",253.828575154537,0,1,1,13.1999998092651," ",0,NA,NA,1,"LC",3
"7788",0,3912.49389648438,49,0.866499990224838,4.50699996948242,302.513000488281,285.931488037109,0.00700000021606684,0.0109999999403954,"Lethrinops argenteus",26520.5883195937,0,1,1,NA,NA,NA,NA,NA,1,"LC",301
"7789",0.0644999984651804,2610.23388671875,28,0.263999998569489,1.23225000500679,303.518508911133,295.63500213623,0.00300000002607703,0.00499999988824129,"Poropanchax rancureli",119502.215113986,1,0,0,5," ",0,NA,NA,1,"LC",1231
"7796",0.176449999958277,24259.546875,1,0.453999996185303,1.71760001182556,301.057107543945,291.577807617187,0.0020000000949949,0.00655000014230604,"Phenacogrammus urotaenia",98036.0672717549,NA,NA,0,NA,NA,NA,NA,NA,1,"LC",1139
"7800",0.257350000739098,11712.7255859375,1,0.415650002658367,1.6561999797821,300.487744140625,292.059049987793,0.00300000002607703,0.00499999988824129,"Aphyosemion abacinum",47059.6958720071,1,0,0,NA,NA,NA,NA,NA,1,"VU",547
"7801",0,12825.298828125,38,0.171625005081296,2.31300002336502,308.598495483398,293.911994934082,0.00300000002607703,0.0120000001043081,"Synodontis budgetti",252668.081040189,0,1,1,NA,NA,NA,NA,NA,1,"LC",1836
"7803",0,5103.18017578125,21.75,0.36599999666214,1.24702495634556,300.613362121582,295.276947784424,0.00300000002607703,0.00400000018998981,"Haplochromis worthingtoni",1806.56266658786,0,1,1,NA,NA,NA,NA,NA,1,"DD",14
"7807",0,1841.35400390625,49,0.252425009012222,4.06107487678528,301.572998046875,292.097100067139,0.00300000002607703,0.00527499993331728,"Synodontis dhonti",34890.675799273,0,1,1,NA,NA,NA,NA,NA,1,"LC",270
"7810",0,628.018005371094,38,0.164000004529953,2.73592504858971,307.157989501953,273.628997802734,0.0140000004321337,0.0280000008642673,"Labeobarbus maroccanus",371448.021249303,NA,NA,0,NA,NA,NA,NA,NA,2,NA,2684
"7811",0,12825.298828125,39,0.165600003302097,2.07539994716644,308.014108276367,292.854196166992,0.00400000018998981,0.0109999999403954,"Malapterurus minjiriya",611223.15076837,1,1,0,NA,NA,NA,NA,NA,1,"LC",5693
"7817",0,1841.35400390625,49,0.247550004720688,4.08844985961914,301.572998046875,292.190002441406,0.00300000002607703,0.0056499999947846,"Xenotilapia nasus",33012.5919769452,0,1,1,NA,NA,NA,NA,NA,1,"DD",255
"7818",0,17.1760005950928,24,1.60199999809265,1.60199999809265,301.429992675781,292.802001953125,0.00800000037997961,0.00800000037997961,"Copadichromis diplostigma",84.1614107759323,0,1,1,NA,NA,NA,NA,NA,1,"NT",1
"7823",0,1841.35400390625,49,0.248200005292892,4.08479986190796,301.572998046875,292.190002441406,0.00300000002607703,0.00559999998658895,"Eretmodus cyanostictus",33354.7184506497,0,1,1,9," ",0,2,"Herbi.",1,"NT",257
"7824",0,37903.6640625,43,0.24600000679493,2.63712507486343,301.601261138916,292.01838684082,0.0020000000949949,0.00600000005215406,"Labeo lukulae",723956.094256947,1,1,0,NA,NA,NA,NA,NA,1,"LC",7236
"7826",0,2951.19799804688,41.6,0.478999996185303,2.37400002479553,301.299401855469,288.27060546875,0.00300000002607703,0.00800000037997961,"Orthochromis torrenticola",33225.1814485428,1,1,0,NA,NA,NA,NA,NA,1,"LC",297
"7830",0,12825.298828125,29,0.233349996060133,1.98730000257492,303.684997558594,292.114859008789,0.00300000002607703,0.00899999961256981,"Foerschichthys flavipinnis",139402.477338659,1,1,0,NA,NA,NA,NA,NA,1,"LC",1575
"7832",0,31016.556640625,43,0.227399998903275,2.71860003471374,301.674792480469,293.208605957031,0.0020000000949949,0.00499999988824129,"Synodontis smiti",264735.924855909,1,1,0,NA,NA,NA,NA,NA,1,"LC",2569
"7837",0,47545.85546875,43,0.226249996572733,2.67975002527237,301.635986328125,289.162750244141,0.0020000000949949,0.00700000021606684,"Labeo kirkii",377947.967455749,1,1,0,NA,NA,NA,NA,NA,1,"LC",3811
"7839",0.146999997645617,47862.3828125,18.2,0.263999998569489,1.57399998903274,300.684906005859,294.053997802734,0.00300000002607703,0.00600000005215406,"Enteromius lamani",1371.51312668317,1,1,0,NA,NA,NA,NA,NA,1,"DD",13
"7842",0,3274.53393554688,23,0.29899999499321,1.54999995231628,303.054992675781,288.095001220703,0.00300000002607703,0.0120000001043081,"Scriptaphyosemion roloffi",78434.9708571734,1,1,0,NA,NA,NA,NA,NA,1,"LC",921
"7843",0.0628000006079674,4314.3271484375,24,0.194999992847443,1.18740003108978,305.100207519531,294.620587158203,0.00300000002607703,0.00700000021606684,"Schilbe mandibularis",465519.230119741,1,0,0,50,NA,0,3.44,"Carni.",1,"LC",4993
"7850",0,37903.6640625,43,0.258125004172325,1.59517501592636,300.883708190918,295.55689163208,0.00100000004749745,0.0020000000949949,"Aphyosemion ferranti",78171.3317341863,1,0,0,NA,NA,NA,NA,NA,1,"LC",634
"7855",0,1841.35400390625,49,0.252425009012222,4.06107487678528,301.572998046875,292.097100067139,0.00300000002607703,0.00527499993331728,"Perissodus microlepis",34890.675799273,0,1,1,11,"commercial",0,4.16,"Carni.",1,"LC",270
"7858",0,12761.8916015625,29,0.203849996626377,1.66850000619888,303.93546295166,294.054292297363,0.00300000002607703,0.00700000021606684,"Synodontis robbianus",23864.602128196,1,0,0,NA,NA,NA,NA,NA,1,"DD",279
"7859",0,55.9720001220703,42.9,0.999000012874603,3.13989998102188,302.465455627441,279.035450744629,0.0140000004321337,0.0179999992251396,"Austroglanis gilli",10389.0733702298,1,0,0,13.7299995422363,NA,0,3.3,"Carni.",2,"NT",63
"7861",0,14054.060546875,41,0.238000005483627,2.90665004849434,309.278468322754,284.68069229126,0.0020000000949949,0.0179999992251396,"Garra dembeensis",1222410.99839771,1,1,0,11,"of no interest",0,2,"Herbi.",1,"LC",8928
"7870",0,3919.5419921875,44.4,0.854500007629394,3.57200007438659,303.044107055664,290.102008056641,0.00600000005215406,0.00909999962896108,"Mylochromis lateristriga",6876.2660956166,0,1,1,20.7000007629395,"commercial",0,3.5,"Carni.",1,"LC",77
"7871",0.94454999268055,1131.64001464844,0,0.281950004398823,0.767300018668175,301.333486938477,294.495909118652,0.00300000002607703,0.00499999988824129,"Labeo alluaudi",34110.8564510712,1,0,0,NA,NA,NA,NA,NA,1,"LC",399
"7873",0,37903.6640625,46,0.282050005346537,2.87197505831718,300.856642150879,291.473416900635,0.00100000004749745,0.00499999988824129,"Clariallabes variabilis",137699.59681208,1,1,0,NA,NA,NA,NA,NA,1,"LC",1108
"7874",0,9276.0888671875,42,0.112999998033047,3.14765000343323,305.634002685547,277.580152130127,0.0120000001043081,0.0240000002086163,"Chelon ramada",254542.553190533,1,1,0,70,"commercial",1,2.34,"Omni.",2,"LC",1582
"7884",0,1841.35400390625,49,0.247550004720688,4.08844985961914,301.572998046875,292.190002441406,0.00300000002607703,0.0056499999947846,"Tanganikallabes mortiauxi",33012.5919769452,0,1,1,32.5,NA,0,NA,NA,1,"LC",255
"7887",0,9276.892578125,40,0.104999996721745,2.79032498598098,306.135050964355,276.592938232422,0.0160000007599592,0.025000000372529,"Aphanius fasciatus",348831.862492934,0,1,1,6.80000019073486,"of no interest",1,2.66,"Omni.",2,"LC",2298
"7890",0,9036.9833984375,41.2249999999999,0.454875001311302,2.46679994463921,303.150220489502,284.918434143066,0.00600000005215406,0.0109999999403954,"Serranochromis robustus",122339.286636862,1,1,0,56,"commercial",0,4.14,"Carni.",3,"CR",1352
"7891",0,496.622985839844,42,0.242050003260374,2.22809997797012,302.381513977051,289.659535217285,0.00400000018998981,0.00600000005215406,"Enteromius laticeps",48769.6246395356,1,0,0,NA,NA,NA,NA,NA,1,"VU",395
"7895",0.0178000006359071,501.798004150391,6.77499999999999,0.511500024795532,1.09569999873638,304.321437072754,293.70170211792,0.00499999988824129,0.00800000037997961,"Enteromius guineensis",7596.63953184163,1,0,0,NA,NA,NA,NA,NA,1,"VU",90
"7896",0,3935.47412109375,44,0.857250006496906,3.47662509083748,303.043180847168,290.122583770752,0.00602500005625188,0.00899999961256981,"Nimbochromis livingstonii",7292.64023344102,0,1,1,25,"commercial",0,4.2,"Carni.",1,"LC",82
"7897",0.270750001072884,242.580001831055,0,0.126499995589256,0.522499993443489,295.157012939453,289.435249328613,0.0020000000949949,0.00250000011874363,"Haplochromis vittatus",2837.93065776997,0,1,1,19.1000003814697,NA,0,NA,NA,3,"LC",31
"7898",0.0203749997308478,937.736022949219,4.69999999999999,0.353825005888939,1.02020000070333,302.017346954346,287.005114746094,0.00257500005536713,0.0102749998215586,"Aphyosemion celiae",5489.33618452605,1,1,0,NA,NA,NA,NA,NA,1,"LC",64
"7901",0,18957.59765625,46,0.520750015974045,3.11450004577637,304.462493896484,282.300239562988,0.00600000005215406,0.0140000004321337,"Enteromius afrohamiltoni",581550.652297176,1,1,0,17.5,NA,0,3.2,"Carni.",2,"LC",4831
"7902",0,47952.2890625,39,0.174299995601177,2.57597507238388,300.802066802979,293.023782348633,0.0020000000949949,0.00600000005215406,"Synodontis brichardi",38245.0644525414,1,0,0,15,NA,0,2,"Herbi.",1,"VU",414
"7903",0.45522501245141,1391.18701171875,1,0.198874997347593,0.578699995577335,303.56880569458,294.925210571289,0.00400000018998981,0.00700000021606684,"Brycinus carolinae",20694.5745368024,NA,NA,0,NA,NA,NA,NA,NA,1,NA,244
"7904",0,3919.5419921875,44.4,0.854500007629394,3.57200007438659,303.044107055664,290.102008056641,0.00600000005215406,0.00909999962896108,"Sciaenochromis psammophilus",6876.2660956166,0,1,1,11.6000003814697,NA,0,3.85,"Carni.",1,"LC",77
"7907",1.60899996757507,451.5419921875,0,1.20500004291534,1.20500004291534,297.360992431641,289.483001708984,0.00700000021606684,0.00700000021606684,"Placidochromis ordinarius",84.8644268633423,0,1,1,NA,NA,NA,NA,NA,3,"LC",1
"7911",0.0147499998565763,937.736022949219,6.3,0.346850001811981,1.03460001647472,302.074194335937,291.333804321289,0.00300000002607703,0.0109499999321997,"Konia eisentrauti",4717.56909834871,0,1,1,9.30000019073486,NA,0,3.61,"Carni.",1,"CR",55
"7912",0,168.035003662109,47,1.162399995327,3.26859996318817,299.854891967773,290.20245513916,0.00300000002607703,0.00514999991282821,"Enteromius caudosignatus",3387.52918408759,1,1,0,NA,NA,NA,NA,NA,1,"DD",35
"7913",0,430.459014892578,18.15,0.736700004339218,1.28229995965958,300.232858276367,296.638452148438,0.0020000000949949,0.00300000002607703,"Enteromius syntrechalepis",6453.81877094843,1,1,0,NA,NA,NA,NA,NA,1,"DD",75
"7916",0,3919.5419921875,44.4,0.854500007629394,3.57200007438659,303.044107055664,290.102008056641,0.00600000005215406,0.00909999962896108,"Mylochromis melanonotus",6876.2660956166,0,1,1,26,"commercial",0,3.61,"Carni.",1,"LC",77
"7920",0.0753750000149012,137.886993408203,21.75,0.312125008553267,1.27087499201298,300.43049621582,294.686130523682,0.00400000018998981,0.00499999988824129,"Aphyosemion zygaima",1373.26785930822,NA,NA,0,NA,NA,NA,NA,NA,1,"DD",16
"7922",0,4969.48193359375,44,0.435000002384186,2.770174908638,301.571716308594,288.16467666626,0.00300000002607703,0.00800000037997961,"Labeobarbus trachypterus",116773.463031994,1,1,0,NA,NA,NA,NA,NA,1,"LC",1122
"7925",140.481994628906,464.053009033203,0,0.331999987363815,0.331999987363815,297.548004150391,291.723999023438,0.00600000005215406,0.00600000005215406,"Enteromius tanapelagius",2946.00893117719,0,1,1,NA,NA,NA,NA,NA,1,"LC",35
"7926",0.00909999962896109,47952.2890625,40,0.261000007390976,3.42359994649887,300.933410644531,292.779109191895,0.00300000002607703,0.00700000021606684,"Nanochromis consortus",9335.71281336562,1,1,0,NA,NA,NA,NA,NA,1,"VU",83
"7927",0,1841.35400390625,49,0.247550004720688,4.08844985961914,301.572998046875,292.190002441406,0.00300000002607703,0.0056499999947846,"Julidochromis marlieri",33183.4448681446,0,1,1,13,"commercial",0,2.49,"Omni.",1,"LC",255
"7928",0,2677.01098632812,39,0.380674993991852,2.32867493629456,299.814817810059,288.07887878418,0.00499999988824129,0.00800000037997961,"Enteromius owenae",57145.1898308107,1,1,0,NA,NA,NA,NA,NA,3,"DD",670
"7929",0.0661500017158687,16.3759994506836,24.05,0.504749988019466,1.94280006289482,299.328190612793,288.890091705322,0.00422500019194558,0.00700000021606684,"Nothobranchius malaissei",423.307006593002,1,1,0,NA,NA,NA,NA,NA,1,"VU",4
"7930",0,47911.4375,42,0.18299999833107,2.63699996471405,301.75,288.790985107422,0.0020000000949949,0.00899999961256981,"Alestes liebrechtsii",1076869.76392602,1,1,0,NA,NA,NA,NA,NA,1,"LC",10741
"7933",0,6354.18017578125,20.4499999999998,0.246549999713898,1.70099997520447,303.156498718262,290.805601501465,0.00300000002607703,0.00899999961256981,"Mormyrus tapirus",288732.05787649,1,0,0,NA,NA,NA,NA,NA,1,"LC",3383
"7938",140.481994628906,464.053009033203,0,0.331999987363815,0.331999987363815,297.548004150391,291.723999023438,0.00600000005215406,0.00600000005215406,"Labeobarbus crassibarbis",2946.00893117719,0,1,1,50.5,NA,0,2.91,"Carni.",1,"DD",35
"7941",0.00529999989084899,47911.4375,40,0.263999998569489,3.50719991922379,300.737091064453,292.773010253906,0.00300000002607703,0.00600000005215406,"Nanochromis minor",4369.8999964696,1,1,0,NA,NA,NA,NA,NA,1,"VU",43
"7944",0.440000008046627,43.0340003967285,0,0.0606499996036291,0.403899998962879,292.755046081543,285.328141784668,0.00100000004749745,0.0020000000949949,"Labeobarbus platystomus",1978.59369783675,1,0,0,NA,NA,NA,NA,NA,3,"CR",23
"7945",0,47222.84765625,45,0.112375004775822,2.98627498149872,300.795345306396,293.553887939453,0.0020000000949949,0.00499999988824129,"Caecobarbus geertsii",18001.9605270755,1,0,0,12,"of no interest",0,3.5,"Carni.",1,"VU",174
"7947",0,1841.35400390625,49,0.252425009012222,4.06107487678528,301.572998046875,292.097100067139,0.00300000002607703,0.00527499993331728,"Neolamprologus pulcher",34890.675799273,0,1,1,7.19999980926514,"of no interest",0,NA,NA,1,"LC",270
"7961",0,47911.4375,41,0.224624998867512,2.50200009346008,301.639499664307,293.345367431641,0.0020000000949949,0.00499999988824129,"Synodontis decorus",649034.811046184,1,1,0,NA,NA,NA,NA,NA,1,"LC",6386
"7963",0,1040.21301269531,29.725,0.182324999570847,2.19032494425774,304.219846343994,293.07886428833,0.00300000002607703,0.0087249998236075,"Enteromius sylvaticus",18418.7509935407,1,0,0,1.89999997615814,NA,0,2.81,"Carni.",1,"VU",212
"7967",1631.27001953125,4861.49609375,0,0.386999994516373,0.386999994516373,297.130004882812,295.367004394531,0.0020000000949949,0.0020000000949949,"Haplochromis bartoni",70201.9485614657,0,1,1,19.5,NA,0,4.2,"Carni.",1,"DD",816
"7968",0,333.165985107422,21.5,0.187999998033047,1.25609999895096,301.49040222168,292.515994262695,0.0020000000949949,0.00300000002607703,"Haplochromis limax",2495.60453550203,1,1,0,8.39999961853027,NA,0,2.68,"Omni.",1,"LC",29
"7970",0.499350009858608,28.9190006256104,0,0.536400005221367,0.65040000975132,299.573207092285,293.584199523926,0.00400000018998981,0.00400000018998981,"Nothobranchius ivanovae",342.014327531136,1,1,0,NA,NA,NA,NA,NA,1,"VU",3
"7973",0,37900.1640625,43,0.24600000679493,2.64599990844727,301.549011230469,294.368011474609,0.0020000000949949,0.00400000018998981,"Heterochromis multidens",380314.669031675,1,1,0,29.5,NA,0,2.83,"Carni.",1,"LC",3761
"7975",0,47194.4140625,41,0.168999999761581,2.68700003623962,309.308013916016,293.166438293457,0.00300000002607703,0.0130000002682209,"Hemichromis fasciatus",2160651.83762535,1,1,0,21,"subsistence fisheries",0,3.18,"Carni.",1,"LC",19379
"7976",0,1841.35400390625,49,0.247550004720688,4.08844985961914,301.572998046875,292.190002441406,0.00300000002607703,0.0056499999947846,"Julidochromis transcriptus",33183.4448681446,0,1,1,7,"commercial",0,3.5,"Carni.",1,"LC",255
"7983",0,78.8560028076172,40.05,0.778050012886524,2.65044993162155,301.986123657227,279.297842407227,0.0123250001575798,0.017000000923872,"Pseudobarbus phlegethon",10878.2676920418,1,0,0,7.09999990463257,NA,0,2.61,"Omni.",2,"EN",54
"7984",0.000450000003911556,333.165985107422,12.85,0.0704500000923872,0.966699999570845,300.552296447754,284.961637878418,0.0020000000949949,0.00300000002607703,"Haplochromis nigripinnis",16177.5782462457,1,1,0,6.80000019073486,NA,0,2,"Herbi.",1,"LC",167
"7988",0,18957.59765625,47,0.474250011146069,3.15275001525879,303.52099609375,291.547256469727,0.00400000018998981,0.00899999961256981,"Neopomacentrus taeniurus",164372.390630572,1,0,0,10,"minor commercial",1,3.4,"Carni.",1,"DD",1711
"7991",0.599400019645691,890.078002929688,0,0.342199999094009,0.992999970912933,302.022601318359,293.459606933594,0.00300000002607703,0.00819999966770409,"Myaka myaka",4202.50772882648,0,1,1,6.65000009536743,NA,0,2.63,"Omni.",1,"CR",49
"7997",0,47222.84765625,42,0.20280000269413,2.69320006370544,301.724200439453,294.539996337891,0.0020000000949949,0.00499999988824129,"Zaireichthys mandevillei",191727.61054325,1,1,0,2.63000011444092,NA,0,NA,NA,1,"DD",1897
"8005",0.310400003194809,2067.5380859375,1,0.217999994754791,0.776900011301041,302.947444152832,294.094287109375,0.00300000002607703,0.00600000005215406,"Epiplatys maeseni",101024.484681223,1,1,0,NA,NA,NA,NA,NA,1,"LC",1183
"8006",0,1841.35400390625,49,0.252425009012222,4.06107487678528,301.572998046875,292.097100067139,0.00300000002607703,0.00527499993331728,"Neolamprologus buescheri",34890.675799273,0,1,1,NA,NA,NA,NA,NA,1,"DD",270
"8008",0,12761.8916015625,40,0.2682000041008,2.57439994812012,308.831390380859,293.8919921875,0.00300000002607703,0.0120000001043081,"Citharidium ansorgii",129417.037360892,1,0,0,NA,NA,NA,NA,NA,1,"DD",929
"8009",0,47222.84765625,44,0.19200000166893,2.90450000762939,300.797500610352,295.900985717773,0.0020000000949949,0.00400000018998981,"Synodontis aterrimus",127668.806181711,1,1,0,NA,NA,NA,NA,NA,1,"LC",1341
"8012",2.26909997463226,10035.203125,0,0.277299997210503,0.839299988746643,301.435488891602,293.872311401367,0.0020000000949949,0.00499999988824129,"Aphyosemion hofmanni",20384.9283250247,1,1,0,NA,NA,NA,NA,NA,1,"LC",237
"8013",0,37903.6640625,42,0.223000004887581,2.39504997730255,300.799146270752,295.857472991943,0.0020000000949949,0.00300000002607703,"Paradoxoglanis caudivittatus",178688.484819773,1,1,0,NA,NA,NA,NA,NA,1,"LC",1820
"8017",0.0175499992910773,13457.255859375,22,0.397700001299381,1.97474997639656,300.89659576416,293.013743591309,0.00300000002607703,0.00499999988824129,"Enteromius citrinus",58415.0079829905,1,1,0,NA,NA,NA,NA,NA,1,"DD",675
"8020",0,12825.298828125,45.4249999999997,0.12157500050962,3.25,308.703838348389,292.002990722656,0.00300000002607703,0.0130000002682209,"Enteromius nigeriensis",472810.177045528,1,0,0,NA,NA,NA,NA,NA,1,"LC",4024
"8022",0,1841.35400390625,49,0.247550004720688,4.08844985961914,301.572998046875,292.190002441406,0.00300000002607703,0.0056499999947846,"Trematocara nigrifrons",33012.5919769452,0,1,1,NA,NA,NA,NA,NA,1,"LC",255
"8023",0.0129749997518957,2802.52490234375,14.225,0.267649997770786,2.16235002279282,301.583019256592,292.30110244751,0.0020000000949949,0.00600000005215406,"Labeobarbus rocadasi",21090.5550865112,1,1,0,NA,NA,NA,NA,NA,1,"DD",232
"8037",0.0586000021547079,464.053009033203,2.3,0.331999987363815,1.33449995517731,298.501007080078,286.152606201172,0.00499999988824129,0.00700000021606684,"Labeobarbus truttiformis",9173.3194613352,1,1,0,44.2000007629395,NA,0,3.87,"Carni.",3,"LC",109
"8040",0,1841.35400390625,49,0.247550004720688,4.08844985961914,301.572998046875,292.190002441406,0.00300000002607703,0.0056499999947846,"Xenotilapia flavipinnis",33012.5919769452,0,1,1,9.19999980926514,"commercial",0,3.5,"Carni.",1,"LC",255
"8041",0.0612999988719821,4145.64013671875,25.3499999999999,0.232649994641542,1.12804998159409,303.867643737793,294.342292785645,0.00300000002607703,0.00635000010952344,"Mastacembelus praensis",196358.40694074,1,1,0,NA,NA,NA,NA,NA,1,"LC",1947
"8045",0,4.78900003433228,38,2.08299994468689,2.08299994468689,301.454010009766,292.980987548828,0.00700000021606684,0.00700000021606684,"Copadichromis parvus",83.9468206076889,0,1,1,NA,NA,NA,NA,NA,1,"LC",1
"8050",0,15332.720703125,40,0.172999992966652,2.55507506132126,300.551070404053,294.907540893555,0.0020000000949949,0.00300000002607703,"Brachypetersius pseudonummifer",139052.896278615,1,1,0,NA,NA,NA,NA,NA,1,"LC",1518
"8052",0,18957.59765625,45,0.349000006914139,2.91412502527237,303.620121002197,281.498756408691,0.00300000002607703,0.0130000002682209,"Microphis brachyurus",1094271.91385975,1,0,0,22,"of no interest",1,3.3199999332428,"Carni.",1,"LC",10356
"8053",0.768400013446808,242.128997802734,13.3,0.687550002336502,1.44755001366138,299.403085327148,295.686408996582,0.00300000002607703,0.00300000002607703,"Scardinius elmaliensis",258.146720563579,0,1,1,NA,NA,NA,NA,NA,1,"EN",3
"8057",0.00400000018998981,4.54500007629395,47,1.64300000667572,2.18699994683266,306.401741027832,291.534492492676,0.00999999977648258,0.0109999999403954,"Maccullochella peelii",712.678682581108,1,1,0,180,"commercial",0,4.15000009536743,"Carni.",1,"LC",6
"8059",0,1841.35400390625,49,0.248200005292892,4.08479986190796,301.572998046875,292.190002441406,0.00300000002607703,0.00559999998658895,"Callochromis pleurospilus",33354.7184506497,1,1,0,10,"commercial",0,3.5,"Carni.",1,"LC",257
"8061",0.0241250002291054,1074.28796386719,27,0.217700002714992,1.72587504684925,300.364041900635,294.096434020996,0.0020000000949949,0.00400000018998981,"Enteromius tetraspilus",29495.4441866122,NA,NA,0,NA,NA,NA,NA,NA,1,NA,338
"8062",0,13959.6728515625,42,0.185000002384186,2.83734995126724,309.739990234375,292.311659240723,0.00400000018998981,0.0140000004321337,"Alestes baremoze",4028842.74539439,1,1,0,43,"highly commercial",0,3.05,"Carni.",1,"LC",30227
"8064",0.420700014382601,37493.1796875,0,0.252574996650219,1.182000041008,301.745423126221,291.480677032471,0.0020000000949949,0.00600000005215406,"Chrysichthys ogooensis",170670.466003925,NA,NA,0,NA,NA,NA,NA,NA,1,"LC",1984
"8065",2.80179991722107,10035.203125,0,0.317599999904633,0.836799991130829,301.820794677734,294.308990478516,0.0020000000949949,0.00400000018998981,"Aphyosemion aureum",24864.8419029658,1,0,0,NA,NA,NA,NA,NA,1,"VU",289
"8068",0.38050000667572,37493.1796875,0,0.227199998497963,1.38900005817413,301.573400878906,291.681896972656,0.0020000000949949,0.00499999988824129,"Synodontis polyodon",217915.257928732,NA,NA,0,NA,NA,NA,NA,NA,1,"LC",2533
"8072",0,47312.2109375,32,0.247999995946884,1.97845003008842,304.009153747559,292.166357421875,0.00300000002607703,0.00899999961256981,"Dalophis boulengeri",746501.024161581,1,1,0,NA,NA,NA,NA,NA,1,"LC",7675
"8073",0,1841.35400390625,46,0.172574998438358,3.52054990530014,301.159852600098,287.541979217529,0.0020000000949949,0.00499999988824129,"Lacustricola pumilus",90926.0443794576,1,1,0,NA,NA,NA,NA,NA,1,"LC",824
"8074",1631.27001953125,4861.49609375,0,0.386999994516373,0.386999994516373,297.130004882812,295.367004394531,0.0020000000949949,0.0020000000949949,"Haplochromis megalops",70029.8147067808,0,1,1,8.10000038146973,NA,0,3.3,"Carni.",1,"VU",814
"8075",0,9.72799968719482,27.9,1.23550004959106,1.54330005049706,301.813513183594,291.148309326172,0.00700000021606684,0.00795000037178397,"Nyassachromis serenus",253.549496086174,0,1,1,25,"commercial",0,3.4,"Carni.",1,"LC",3
"8076",0.0431750001385808,1320.34997558594,27.275,0.310900004208088,1.61387498676777,300.773079681396,293.247717285156,0.00300000002607703,0.00499999988824129,"Chrysichthys uniformis",26811.3264813827,1,1,0,NA,NA,NA,NA,NA,1,"DD",310
"8078",0,2515.99096679688,36,0.261199992895126,1.82679997682571,301.237893676758,293.486505126953,0.00400000018998981,0.00600000005215406,"Enteromius collarti",36553.7036067332,NA,NA,0,NA,NA,NA,NA,NA,1,"VU",413
"8081",0.559825005382299,14.2580003738403,0,0.422725009173155,0.682225015759468,299.753688812256,289.433283233643,0.00300000002607703,0.00700000021606684,"Nothobranchius chochamandai",929.866930707308,1,1,0,3.51999998092651,NA,0,NA,NA,3,"VU",8
"8082",0.00300000002607703,5301.97900390625,30,0.147275000438094,1.51835000216961,301.13116607666,287.05944519043,0.0020000000949949,0.00499999988824129,"Pollimyrus nigricans",307497.35837663,1,1,0,10,NA,0,3.4,"Carni.",1,"LC",2572
"8083",0,892.906005859375,44,0.54389999806881,2.61374990940094,300.079986572266,295.826347351074,0.0020000000949949,0.00300000002607703,"Aphyosemion chauchei",7572.84835309406,1,1,0,NA,NA,NA,NA,NA,1,"DD",59
"8084",0,47545.85546875,42,0.223000004887581,2.67907491326332,301.723143005371,294.374924468994,0.0020000000949949,0.00499999988824129,"Lamprologus mocquardi",567992.199397377,1,1,0,NA,NA,NA,NA,NA,1,"LC",5798
"8085",0.222000002861023,37376.35546875,1,0.183925000205636,0.967075006663799,301.751007080078,291.748768615723,0.0020000000949949,0.00600000005215406,"Stomatorhinus walkeri",164967.566108446,1,0,0,NA,NA,NA,NA,NA,1,"LC",1918
"8088",0,24.5750007629395,26.6,1.29450002908707,1.90529998540878,302.14208984375,275.624200439453,0.00400000018998981,0.0392000013031066,"Nothobranchius krammeri",422.540178602676,1,1,0,NA,NA,NA,NA,NA,1,"VU",5
"8092",0,47952.2890625,42,0.194699994474649,2.62400007247925,301.412138366699,291.680999755859,0.0020000000949949,0.00499999988824129,"Bryconaethiops macrops",773822.995464427,1,1,0,NA,NA,NA,NA,NA,1,"LC",7835
"8094",0,268.838989257812,39.625,0.991500034928322,2.24799996614456,299.818878173828,283.824005126953,0.00600000005215406,0.00762500031851232,"Lacustricola usanguensis",5957.41113146643,NA,NA,0,NA,NA,NA,NA,NA,3,NA,56
"8102",0,37903.6640625,45,0.24600000679493,2.87385006546974,300.828002929688,295.663445281982,0.0020000000949949,0.00300000002607703,"Belonophago hutsebouti",346716.536540347,1,1,0,NA,NA,NA,NA,NA,1,"LC",3244
"8105",0,7177.71484375,44,0.175374997779727,2.95762497186661,309.932006835938,292.993125915527,0.00400000018998981,0.0140000004321337,"Mormyrus hasselquistii",1213703.92932338,1,1,0,NA,NA,NA,NA,NA,2,"LC",7856
"8106",0.118799997121096,73.4250030517578,2.475,1.39437498152256,1.68270000815392,302.249954986572,296.695447540283,0.00499999988824129,0.00499999988824129,"Nothobranchius albimarginatus",682.965727103012,1,1,0,NA,NA,NA,NA,NA,1,"EN",8
"8108",1.50299998521805,1147.47998046875,0,0.268649990856647,0.534249991178512,301.135653686523,294.147143554687,0.00300000002607703,0.00400000018998981,"Enteromius huguenyi",7414.34212318004,1,0,0,NA,NA,NA,NA,NA,1,"VU",87
"8109",0.0326750003732741,3452.9189453125,28,0.181999996304512,1.413974994421,307.646323394775,294.601345062256,0.00300000002607703,0.00999999977648258,"Enteromius punctitaeniatus",319611.547048015,1,1,0,NA,NA,NA,NA,NA,1,"LC",3228
"8111",0,1841.35400390625,49,0.252425009012222,4.06107487678528,301.572998046875,292.097100067139,0.00300000002607703,0.00527499993331728,"Synodontis tanganyicae",34890.675799273,0,1,1,NA,NA,NA,NA,NA,1,"LC",270
"8119",0.204999998211861,30925.5546875,1,0.328999996185303,1.63699996471405,301.289001464844,291.670989990234,0.0020000000949949,0.00600000005215406,"Aphyosemion herzogi",103320.81648775,1,0,0,NA,NA,NA,NA,NA,1,"LC",1201
"8120",0.0691250031813979,2100.81494140625,10.625,0.315500002354383,2.16475003957748,300.834739685059,293.504875183105,0.0020000000949949,0.00562499999068677,"Prolabeops nyongensis",15118.873624094,NA,NA,0,NA,NA,NA,NA,NA,1,"DD",176
"8123",0,47222.84765625,37,0.137399998307228,2.24620003700256,301.014801025391,293.825793457031,0.0020000000949949,0.00600000005215406,"Dolichallabes microphthalmus",92323.2937040349,1,1,0,NA,NA,NA,NA,NA,1,"LC",993
"8124",0.0962999990209937,3863.86206054688,9,0.196999996900558,1.70967502295971,301.259580230713,291.346040344238,0.00300000002607703,0.00499999988824129,"Aphyosemion elberti",155386.147238198,1,1,0,NA,NA,NA,NA,NA,1,"LC",1814
"8127",0,5.75500011444092,35,2.06500005722046,2.06500005722046,302.158996582031,293.325012207031,0.00800000037997961,0.00800000037997961,"Aulonocara koningsi",83.6918234878922,0,1,1,NA,NA,NA,NA,NA,1,"LC",1
"8129",0.0834749978035688,2610.23388671875,17,0.179000005125999,1.05900001525879,304.187524414063,294.616689300537,0.00300000002607703,0.00600000005215406,"Rhexipanchax schioetzi",293482.544880137,1,1,0,NA,NA,NA,NA,NA,1,"LC",3180
"8132",0.0379749988205731,5070.841796875,23,0.328949996083975,2.29220005273819,300.482019805908,291.993813323975,0.0020000000949949,0.00499999988824129,"Micropanchax camerunensis",103134.466328399,1,1,0,NA,NA,NA,NA,NA,1,"LC",1200
"8135",0,47222.84765625,42,0.19295000359416,2.63507499098778,300.799160766602,293.358308410645,0.0020000000949949,0.00499999988824129,"Nannocharax ocellicauda",181070.813186764,NA,NA,0,NA,NA,NA,NA,NA,1,NA,1800
"8137",NA,NA,NA,NA,NA,NA,NA,NA,NA,"Coptodon ismailiaensis",3716.18967140879,NA,NA,0,NA,NA,NA,NA,NA,2,"DD",0
"8145",0.0630500011146069,3863.86206054688,19.9,0.211099995672703,1.69780004024505,300.896658325195,292.954588317871,0.00300000002607703,0.00499999988824129,"Labeobarbus mbami",34535.6222635313,NA,NA,0,NA,NA,NA,NA,NA,1,"EN",403
"8146",1.30859997272491,381.43701171875,0,0.300000011920929,0.606399977207184,301.815991210938,293.542413330078,0.00300000002607703,0.00580000020563603,"Coptodon gutturosa",1456.6482365492,NA,NA,0,NA,NA,NA,NA,NA,1,NA,17
"8152",0,531.820007324219,33.975,0.521325026452541,2.01267501115799,305.149993896484,293.044324493408,0.00400000018998981,0.00800000037997961,"Ophisternon afrum",13623.2137383396,1,1,0,NA,NA,NA,NA,NA,1,"EN",162
"8157",0,47952.2890625,44,0.177050001174211,3.23480005264282,300.804542541504,293.072099304199,0.0020000000949949,0.00600000005215406,"Stomatorhinus microps",38372.0013336324,1,1,0,NA,NA,NA,NA,NA,1,"VU",403
"8160",0.00774999987334013,25.7970008850098,35.5,0.451999999582767,2.56949996948242,302.286254882812,296.466255187988,0.00499999988824129,0.00499999988824129,"Zenarchopterus dispar",1459.60357669425,1,1,0,19,"commercial",1,NA,NA,1,"LC",11
"8163",0,207.350006103516,38,0.515275007486343,1.96444998979568,304.198313140869,276.143097686768,0.0199999995529652,0.0260000005364418,"Pseudophoxinus punicus",35039.0914289151,NA,NA,0,NA,NA,NA,NA,NA,3,NA,378
"8164",0,29.7450008392334,34,0.558400017023087,2.18565000295639,306.790998840332,280.280291748047,0.0230000000447035,0.0240000002086163,"Rhinogobius giurinus",3971.45018668671,1,1,0,12.1000003814697,"subsistence fisheries",1,3.21,"Carni.",2,"LC",23
"8170",0.0397749991156161,1328.81005859375,3.05000000000001,0.234949999302626,1.04432502985001,302.270289611816,287.954461669922,0.00300000002607703,0.00904999962076546,"Enteromius thysi",20584.0915433641,NA,NA,0,NA,NA,NA,NA,NA,1,"EN",240
"8171",0,47222.84765625,42,0.220174999162555,2.55377507209778,301.285134887695,294.133393096924,0.0020000000949949,0.00499999988824129,"Genyomyrus donnyi",154315.18803443,1,1,0,NA,NA,NA,NA,NA,1,"LC",1568
"8177",1631.27001953125,4861.49609375,0,0.386999994516373,0.386999994516373,297.130004882812,295.367004394531,0.0020000000949949,0.0020000000949949,"Haplochromis obtusidens",70029.8147067808,0,1,1,11.3999996185303,NA,0,3.13,"Carni.",1,"DD",814
"8182",0,12825.298828125,30,0.243475001677871,2.05462498068809,303.701995849609,291.332353210449,0.00300000002607703,0.00899999961256981,"Fundulopanchax gularis",122320.146902054,1,1,0,NA,NA,NA,NA,NA,1,"EN",1420
"8191",0.00372500014491379,1032.44604492188,28.65,0.263950006663799,1.43692502379417,298.730987548828,295.306083679199,0.0020000000949949,0.0020000000949949,"Euchilichthys boulengeri",2824.44411094468,1,1,0,NA,NA,NA,NA,NA,1,"DD",30
"8192",0,628.018005371094,38,0.227975000068545,2.54832509756088,304.911110687256,274.233783721924,0.0120000001043081,0.0260000005364418,"Cyprinus carpio",407333.024746879,1,1,0,120,"highly commercial",0,3.05,"Carni.",3,"VU",3400
"8193",1631.27001953125,4861.49609375,0,0.386999994516373,0.386999994516373,297.130004882812,295.367004394531,0.0020000000949949,0.0020000000949949,"Haplochromis squamulatus",70029.8147067808,0,1,1,19.7999992370605,NA,0,4.2,"Carni.",1,"DD",814
"8195",0,47862.3828125,42,0.181999996304512,2.5789999961853,301.742004394531,288.927001953125,0.0020000000949949,0.00899999961256981,"Bryconaethiops boulengeri",1286637.95734767,1,1,0,NA,NA,NA,NA,NA,1,"LC",13096
"8196",1631.27001953125,4861.49609375,0,0.386999994516373,0.386999994516373,297.130004882812,295.367004394531,0.0020000000949949,0.0020000000949949,"Haplochromis simotes",75275.99539497,1,1,0,NA,NA,NA,NA,NA,1,"DD",862
"8198",0,3935.47412109375,44,0.857250006496906,3.47662509083748,303.043180847168,290.122583770752,0.00602500005625188,0.00899999961256981,"Tramitichromis variabilis",7292.64023344102,0,1,1,17.2999992370605,"commercial",0,3.2,"Carni.",1,"LC",82
"8210",0,4273.27783203125,46,0.383650004118681,3.1798249065876,300.282689666748,290.382479095459,0.0017250000819331,0.00499999988824129,"Dundocharax bidentatus",19217.5685711306,1,1,0,NA,NA,NA,NA,NA,1,"DD",190
"8212",0.454100003838539,1943.49499511719,0,0.782999992370605,1.21712502837181,300.910227966309,292.425675964355,0.00307500003837049,0.00600000005215406,"Labeobarbus gulielmi",848.065929931639,1,1,0,NA,NA,NA,NA,NA,1,"DD",4
"8213",0,1943.49499511719,35.9,0.351375010609627,2.41447489261627,301.40266494751,291.319170379639,0.00302500003017485,0.00700000021606684,"Enteromius musumbi",12155.571695097,1,1,0,NA,NA,NA,NA,NA,1,"LC",82
"8215",0,47222.84765625,43,0.203200004994869,2.7179000377655,300.818395996094,294.441009521484,0.00100000004749745,0.00400000018998981,"Gnathonemus echidnorhynchus",253698.104926713,1,1,0,NA,NA,NA,NA,NA,1,"LC",2413
"8217",0,1841.35400390625,49,0.252425009012222,4.06107487678528,301.572998046875,292.097100067139,0.00300000002607703,0.00527499993331728,"Neolamprologus brevis",34890.675799273,0,1,1,5.5,"commercial",0,3.4,"Carni.",1,"LC",270
"8219",0,4347.6337890625,25.6,0.219600000977516,1.71749999523163,301.946990966797,292.332897949219,0.00300000002607703,0.00830000014975667,"Aphyosemion edeanum",9358.12563848356,1,1,0,NA,NA,NA,NA,NA,1,"VU",109
"8220",0,37900.1640625,41,0.179000005125999,2.56299996376038,309.135609436035,292.729859924316,0.00300000002607703,0.0130000002682209,"Neolebias unifasciatus",3884734.48469934,1,1,0,NA,NA,NA,NA,NA,1,"LC",34595
"8221",0,18957.59765625,47,0.388999998569489,3.24600005149841,304.795001220703,286.534802246094,0.0020000000949949,0.0120000001043081,"Opsaridium zambezense",1710576.5456882,1,1,0,12,"minor commercial",0,3.38,"Carni.",1,"LC",13785
"8223",1631.27001953125,4861.49609375,0,0.386999994516373,0.386999994516373,297.130004882812,295.367004394531,0.0020000000949949,0.0020000000949949,"Haplochromis azureus",75275.99539497,0,1,1,9.55000019073486,NA,0,3.4,"Carni.",1,"VU",862
"8224",0.613999998569489,6354.18017578125,0,0.25699999332428,0.963800013065338,301.126995849609,291.567797851562,0.00300000002607703,0.00700000021606684,"Aphyosemion lugens",4901.80614005101,1,0,0,NA,NA,NA,NA,NA,1,"EN",57
"8226",0,1106.91394042969,44,0.844999992847443,3.08619999885559,303.494799804687,281.595397949219,0.00899999961256981,0.0149999996647239,"Labeo ruddi",207661.669732331,1,1,0,NA,NA,NA,NA,NA,2,"DD",1217
"8227",0,3035.248046875,44,0.391199994087219,2.99080004692078,304.253802490234,289.7,0.00559999998658896,0.00999999977648258,"Nothobranchius rachovii",5387.80111441974,1,1,0,6," ",0,NA,NA,1,"LC",65
"8228",0,3973.373046875,47.325,0.670699992775917,3.37917503118515,302.47091293335,287.304965209961,0.00800000037997961,0.00899999961256981,"Nothobranchius wattersi",9420.48670866113,1,1,0,5.34000015258789,NA,0,NA,NA,1,"NT",108
"8229",0,1841.35400390625,49,0.252425009012222,4.06107487678528,301.572998046875,292.097100067139,0.00300000002607703,0.00527499993331728,"Neolamprologus falcicula",34890.675799273,0,1,1,NA,NA,NA,NA,NA,1,"LC",270
"8233",0.28899999819696,137.001998901367,1.325,0.533999979496002,0.837850019335747,303.637648010254,293.859046173096,0.00499999988824129,0.00632500010542571,"Enteromius cadenati",2365.66444361928,1,0,0,NA,NA,NA,NA,NA,1,"VU",28
"8236",3.62787507176399,3435.68994140625,0,0.271699999272823,0.757000029087067,301.934621429443,294.545064544678,0.0020000000949949,0.00499999988824129,"Aphyosemion citrineipinnis",24776.0511952304,1,0,0,NA,NA,NA,NA,NA,1,"LC",288
"8240",0.00300000002607703,13681.75,33.35,0.387200000137091,1.85635000169277,301.655059051514,293.28549041748,0.00300000002607703,0.00600000005215406,"Raiamas longirostris",22812.8474039613,1,1,0,NA,NA,NA,NA,NA,1,"DD",254
"8241",NA,NA,NA,NA,NA,NA,NA,NA,NA,"Vanmanenia striata",4822.47970313661,1,0,0,NA,NA,NA,NA,NA,2,"DD",0
"8243",0.000300000002607703,8.3129997253418,26.4,0.608499997854233,1.82709995508194,301.252990722656,297.21741027832,0.00400000018998981,0.00400000018998981,"Nothobranchius korthausae",511.477030425373,1,1,0,NA,NA,NA,NA,NA,1,"EN",5
"8244",0,15332.720703125,39,0.34400001168251,2.42432498335838,300.642644500732,288.035456848145,0.0020000000949949,0.00899999961256981,"Micralestes sardina",173957.283446429,1,1,0,NA,NA,NA,NA,NA,3,"LC",1870
"8245",0.0965000009164214,6371.3427734375,4.5,0.261750008910894,0.880249992012978,301.386005401611,293.59888458252,0.0020000000949949,0.00400000018998981,"Awaous bustamantei",4815.76752107956,NA,NA,0,NA,NA,NA,NA,NA,1,"VU",56
"8250",0,309.535003662109,43,0.298900005221367,2.50810005664825,300.002191162109,294.078799438477,0.00100000004749745,0.00300000002607703,"Enteromius machadoi",6566.70754914024,1,1,0,NA,NA,NA,NA,NA,1,"DD",53
"8251",0,47748.6953125,44,0.195024992898107,2.66360003352165,300.953910064697,291.644911956787,0.00100000004749745,0.00499999988824129,"Synodontis depauwi",151712.661453987,1,1,0,NA,NA,NA,NA,NA,1,"LC",1362
"8254",0.00300000002607703,57.1699981689453,32.85,0.199725002422929,1.65352503061295,302.588394927979,296.176443481445,0.00400000018998981,0.00499999988824129,"Nannocharax hollyi",5479.05339432017,1,0,0,NA,NA,NA,NA,NA,1,"DD",64
"8256",0,47746.8515625,42,0.224999994039536,2.53159990906715,301.734008789062,293.109536743164,0.0020000000949949,0.00499999988824129,"Synodontis pleurops",884177.4285201,1,1,0,NA,NA,NA,NA,NA,1,"LC",8718
"8259",0,1841.35400390625,49,0.252425009012222,4.06107487678528,301.572998046875,292.097100067139,0.00300000002607703,0.00527499993331728,"Interochromis loocki",34890.675799273,0,1,1,10.5,NA,0,2,"Herbi.",1,NA,270
"8260",0.612500011920929,11712.7255859375,0,0.798250004649162,1.34549996256828,300.410758972168,290.552253723145,0.00300000002607703,0.00700000021606684,"Channallabes longicaudatus",14714.735843746,NA,NA,0,NA,NA,NA,NA,NA,1,"DD",171
"8262",0.499350009858608,28.9190006256104,0,0.536400005221367,0.65040000975132,299.573207092285,293.584199523926,0.00400000018998981,0.00400000018998981,"Nothobranchius kardashevi",342.014327531136,1,1,0,NA,NA,NA,NA,NA,1,"VU",3
"8263",0,47302.59765625,43.075,0.335700011998415,3.14477488994598,304.670989990234,287.686645507812,0.00297500002779998,0.00907499962486324,"Mugil curema",8091.84202788275,1,0,0,91,"commercial",1,2.42,"Omni.",1,"LC",80
"8266",1.30859997272491,381.43701171875,0,0.300000011920929,0.606399977207184,301.815991210938,293.542413330078,0.00300000002607703,0.00580000020563603,"Coptodon bythobates",1456.6482365492,0,1,1,NA,NA,NA,NA,NA,1,"CR",17
"8270",0,1087.25500488281,39,0.196824996545911,2.27687500119209,299.679755401611,292.571291351318,0.00100000004749745,0.00300000002607703,"Marcusenius cuangoanus",42720.1280666759,1,1,0,NA,NA,NA,NA,NA,1,"VU",394
"8276",0,1841.35400390625,49,0.248200005292892,4.08479986190796,301.572998046875,292.190002441406,0.00300000002607703,0.00559999998658895,"Trematochromis benthicola",33354.7184506497,0,1,1,21.5,NA,0,3.4,"Carni.",1,NA,257
"8281",0,1841.35400390625,49,0.252425009012222,4.06107487678528,301.572998046875,292.097100067139,0.00300000002607703,0.00527499993331728,"Ophthalmotilapia heterodonta",34890.675799273,0,1,1,NA,NA,NA,NA,NA,1,"LC",270
"8282",1631.27001953125,4861.49609375,0,0.386999994516373,0.386999994516373,297.130004882812,295.367004394531,0.0020000000949949,0.0020000000949949,"Haplochromis howesi",70201.9485614657,0,1,1,16.3299999237061,NA,0,3.5,"Carni.",1,"VU",816
"8284",0,47911.4375,40,0.240624995902181,2.46137493848801,301.820007324219,292.769634246826,0.0020000000949949,0.00600000005215406,"Chelaethiops elongatus",665103.788905225,1,1,0,NA,NA,NA,NA,NA,1,"LC",6546
"8288",0,47303.76171875,40,0.232299999892712,2.2389999628067,301.813102722168,293.78404083252,0.00400000018998981,0.00700000021606684,"Brycinus carmesinus",6507.29666420911,1,1,0,NA,NA,NA,NA,NA,1,"DD",59
"8289",0,47302.59765625,40.975,0.267224989831448,2.80594992637634,304.670989990234,289.894454956055,0.00300000002607703,0.00700000021606684,"Eucinostomus melanopterus",19740.7339136576,1,0,0,30,"minor commercial",1,3.24,"Carni.",1,"LC",202
"8296",0,6051.951171875,36,0.140000000596046,1.98715002834796,301.548421478272,287.140246582031,0.0020000000949949,0.00499999988824129,"Oreochromis leucostictus",422730.311830573,1,1,0,36.2999992370605," ",0,2.25,"Omni.",1,"LC",3814
"8307",0.883050011098385,6354.18017578125,0,0.303999999910593,0.986475011706352,301.309997558594,291.581539154053,0.0020000000949949,0.00700000021606684,"Fundulopanchax avichang",12901.6427174132,1,1,0,NA,NA,NA,NA,NA,1,"DD",150
"8309",0.00737500016111881,7.04099988937378,13.625,0.931374996900558,1.29549999535084,297.48649597168,280.395740509033,0.0120000001043081,0.0138750004116446,"Pseudobarbus skeltoni",428.907356768496,1,0,0,NA,NA,NA,NA,NA,3,"EN",6
"8312",140.481994628906,464.053009033203,0,0.331999987363815,0.331999987363815,297.548004150391,291.723999023438,0.00600000005215406,0.00600000005215406,"Labeobarbus platydorsus",2946.00893117719,0,1,1,63.5,NA,0,3.39,"Carni.",1,"VU",35
"8313",0.114000000059605,4347.6337890625,9,0.194999992847443,1.15400004386902,300.872009277344,291.263000488281,0.00300000002607703,0.00499999988824129,"Synodontis rebeli",133670.963197998,NA,NA,0,NA,NA,NA,NA,NA,1,"DD",1561
"8316",0,1841.35400390625,49,0.252425009012222,4.06107487678528,301.572998046875,292.097100067139,0.00300000002607703,0.00527499993331728,"Neolamprologus tretocephalus",34890.675799273,0,1,1,15," ",0,NA,NA,1,"LC",270
"8317",0,7177.71484375,48,0.532000005245209,4.3980001449585,309.266998291016,291.732397460937,0.00700000021606684,0.0140000004321337,"Mochokus brevis",81010.6138577082,1,1,0,NA,NA,NA,NA,NA,2,"DD",537
"8325",0,231.335998535156,16,0.283799999952316,1.13379999399185,301.450158691406,284.753604125977,0.00300000002607703,0.00825000037439166,"Micropanchax antinorii",7423.25394584424,NA,NA,0,NA,NA,NA,NA,NA,3,NA,79
"8326",0,37493.1796875,20,0.226999998092651,1.30599999427795,301.638000488281,291.816986083984,0.0020000000949949,0.00700000021606684,"Nannopetersius ansorgii",282699.632428104,NA,NA,0,NA,NA,NA,NA,NA,1,NA,3201
"8327",0,4.78900003433228,38,2.08299994468689,2.08299994468689,301.454010009766,292.980987548828,0.00700000021606684,0.00700000021606684,"Copadichromis cyanocephalus",83.9468206076889,0,1,1,NA,NA,NA,NA,NA,1,"NT",1
"8329",0.0705999979749322,590.184020996094,3,0.331999987363815,1.30454995632172,298.501007080078,285.577143096924,0.00499999988824129,0.00700000021606684,"Labeobarbus acutirostris",12968.8578893625,1,1,0,41,NA,0,3.5699999332428,"Carni.",3,"VU",154
"8330",0,9036.9833984375,41.45,1.09617499113083,2.78689989447594,306.683995056152,288.273986816406,0.00999999977648258,0.0130750002805144,"Hippopotamyrus szaboi",11888.5804674385,1,0,0,NA,NA,NA,NA,NA,2,"LC",38
"8331",0.117674998007715,331.695007324219,3,0.512000013887882,1.44289996922016,300.443843841553,295.736288452148,0.00300000002607703,0.00300000002607703,"Mormyrops intermedius",4984.12990326737,1,1,0,NA,NA,NA,NA,NA,1,"DD",58
"8336",0.0959999978542328,912.090026855469,15.4,0.220600000023842,0.767799997329712,299.960400390625,294.794409179687,0.0020000000949949,0.00300000002607703,"Labeobarbus mirabilis",1548.36935982559,1,1,0,NA,NA,NA,NA,NA,1,"DD",9
"8341",0,2591.02807617188,21,0.170000001788139,1.53109995722771,306.017552185059,293.811796569824,0.00400000018998981,0.00899999961256981,"Scriptaphyosemion nigrifluvi",245797.207537894,1,1,0,4.5,NA,0,NA,NA,1,"VU",2899
"8348",0,69.4089965820312,47.625,0.941875003278255,4.22974985837936,302.683120727539,291.869636535645,0.00700000021606684,0.00800000037997961,"Placidochromis macrognathus",503.41312283178,0,1,1,NA,NA,NA,NA,NA,1,"LC",6
"8353",1.7968249797821,83.4599990844727,0,0.246074996143579,0.507199990004301,301.027132415771,294.746676635742,0.00372500014491379,0.00499999988824129,"Aphyosemion hanneloreae",2579.48170553945,1,1,0,NA,NA,NA,NA,NA,1,"LC",30
"8356",0,4439.783203125,42.15,0.265850000083447,2.85225001573562,308.85131072998,294.286689758301,0.00700000021606684,0.0120000001043081,"Synodontis vermiculatus",46473.3090567214,1,1,0,NA,NA,NA,NA,NA,2,"LC",275
"8358",0,47222.84765625,42,0.131599999032915,2.77225007414818,300.804623413086,293.986999511719,0.0020000000949949,0.00499999988824129,"Labeo nigricans",15882.4774877295,1,1,0,NA,NA,NA,NA,NA,1,"DD",178
"8362",1631.27001953125,4861.49609375,0,0.386999994516373,0.386999994516373,297.130004882812,295.367004394531,0.0020000000949949,0.0020000000949949,"Haplochromis niloticus",70029.8147067808,1,0,0,NA,NA,NA,NA,NA,1,"DD",814
"8367",0,37903.6640625,45,0.273274997621775,2.23872494697571,300.830701446533,294.762255859375,0.00100000004749745,0.00300000002607703,"Aphyosemion lujae",114883.440289062,1,0,0,NA,NA,NA,NA,NA,1,"LC",854
"8369",0,3919.5419921875,41.75,0.833750009536743,2.94149994850159,303.019493103027,290.946258544922,0.00675000017508864,0.009249999653548,"Copadichromis pleurostigma",2683.74261882117,0,1,1,NA,NA,NA,NA,NA,1,"LC",31
"8370",0,47911.4375,43,0.171000003814697,2.6804000377655,301.635986328125,293.595196533203,0.0020000000949949,0.00499999988824129,"Leptocypris lujae",594318.609688382,1,1,0,NA,NA,NA,NA,NA,1,"LC",5745
"8371",0.0217499993741512,11.7629995346069,17.625,0.262750001624227,1.18224996328354,297.620624542236,286.564998626709,0.00600000005215406,0.00800000037997961,"Kneria sjolandersi",1576.06132624964,1,0,0,NA,NA,NA,NA,NA,2,"DD",6
"8372",0,47783.9375,43,0.161024998500943,2.62692509293556,301.279949188232,288.088012695312,0.0020000000949949,0.00800000037997961,"Clarias dumerilii",841115.523835488,1,1,0,NA,NA,NA,NA,NA,1,"LC",8362
"8375",0,2590.998046875,13.6999999999999,0.287974997609854,1.35530000329018,302.38274307251,292.592449951172,0.00300000002607703,0.00800000037997961,"Kribia leonensis",21634.2997240965,1,0,0,NA,NA,NA,NA,NA,1,"DD",254
"8377",0.203975001722574,645.844970703125,0.424999999999997,0.226474994793534,0.851324993371963,299.795710754395,289.575288391113,0.00300000002607703,0.00600000005215406,"Aphyosemion bamilekorum",8908.46338478698,1,0,0,NA,NA,NA,NA,NA,1,"EN",104
"8385",0,297.511993408203,37.4,0.642500001192093,2.26860001087189,308.307009887695,296.472296142578,0.00499999988824129,0.00869999984279275,"Nothobranchius virgatus",14395.68229476,1,1,0,5.5,NA,0,3.31,"Carni.",2,"LC",53
"8395",0,47952.2890625,42,0.200250003486872,2.57150000333786,301.668510437012,291.974998474121,0.0020000000949949,0.00499999988824129,"Schilbe grenfelli",1363186.30757454,1,1,0,NA,NA,NA,NA,NA,1,"LC",13931
"8396",1631.27001953125,4861.49609375,0,0.386999994516373,0.386999994516373,297.130004882812,295.367004394531,0.0020000000949949,0.0020000000949949,"Haplochromis igneopinnis",75275.99539497,0,1,1,10.7700004577637,NA,0,2,"Herbi.",1,"EN",862
"8400",0.00620000017806888,5113.72998046875,11.8,0.211600002646446,0.891799986362458,299.999194335937,294.598803710937,0.0020000000949949,0.00300000002607703,"Clariallabes petricola",7916.24962444401,1,1,0,NA,NA,NA,NA,NA,1,"DD",73
"8402",0,47952.2890625,43,0.229000002145767,2.72549992799759,301.635986328125,293.590377807617,0.0020000000949949,0.00600000005215406,"Mormyrops mariae",300588.959210717,1,1,0,NA,NA,NA,NA,NA,1,"LC",2876
"8406",0.103874997235835,546.89599609375,12.375,0.218999998643994,1.03037497401237,307.075988769531,294.334133148193,0.00499999988824129,0.00800000037997961,"Enteromius dialonensis",25903.2366405924,1,0,0,NA,NA,NA,NA,NA,1,"LC",306
"8411",0.912000000476837,2067.5380859375,0,0.223000004887581,0.727999985218048,301.204986572266,294.140991210938,0.00300000002607703,0.00499999988824129,"Nimbapanchax viridis",30818.7538180108,1,1,0,NA,NA,NA,NA,NA,1,"NT",361
"8413",0,6066.537109375,39.75,0.126250002533197,2.34250003099442,302.451995849609,286.942008972168,0.0020000000949949,0.00499999988824129,"Clarias werneri",363794.655912118,1,1,0,23,NA,0,3.08999991416931,"Carni.",1,"LC",2811
"8416",0.114000000059605,4347.6337890625,9,0.194999992847443,1.15400004386902,300.872009277344,291.263000488281,0.00300000002607703,0.00499999988824129,"Mastacembelus seiteri",133670.963197998,1,0,0,NA,NA,NA,NA,NA,1,"LC",1561
"8418",0,18600.291015625,46,0.251900002360344,3.20040004253388,303.656304931641,286.522286987305,0.0020000000949949,0.0120000001043081,"Enteromius kerstenii",1633607.30675626,1,1,0,9," ",0,2.97,"Carni.",3,"LC",13037
"8420",0,47952.2890625,42,0.233124995604157,2.72275003790855,301.544136047363,294.062503814697,0.0020000000949949,0.00499999988824129,"Papyrocranus congoensis",375369.268928167,1,1,0,NA,NA,NA,NA,NA,1,"LC",3846
"8422",0,18957.59765625,47,0.505624987185001,3.15100002288818,303.309867858887,291.095874786377,0.00400000018998981,0.00999999977648258,"Osteomugil perusii",132661.740816278,1,0,0,25,NA,1,NA,NA,1,"LC",1426
"8423",0,13932.0546875,42,0.275000005960464,2.62750005722046,304.442001342773,284.829498291016,0.00300000002607703,0.0130000002682209,"Enteromius lineomaculatus",806815.893165571,1,0,0,8.60000038146973,"minor commercial",0,NA,NA,2,"LC",6661
"8424",7.33599996566772,15.7639999389648,0,0.165999993681908,0.165999993681908,295.644012451172,292.902008056641,0.0020000000949949,0.0020000000949949,"Haplochromis commutabilis",86.0512011034069,0,1,1,NA,NA,NA,NA,NA,1,"VU",1
"8427",0,7761.1591796875,45,0.244125002995133,2.96000003814697,300.621002197266,290.455993652344,0.00100000004749745,0.00499999988824129,"Enteromius chicapaensis",191526.46609008,1,1,0,NA,NA,NA,NA,NA,1,"LC",1766
"8428",0,685.648010253906,34,0.258199989795685,1.54860002994537,306.584991455078,297.142205810547,0.00600000005215406,0.00700000021606684,"Micropanchax bracheti",15528.4777732469,1,0,0,4," ",0,NA,NA,1,"EN",169
"8429",0.00210000001825392,333.165985107422,13.3,0.0720999993383884,0.967100006341933,300.256399536133,286.265689086914,0.0020000000949949,0.00300000002607703,"Haplochromis squamipinnis",18500.9860647022,1,1,0,20.2000007629395,NA,0,3.2,"Carni.",1,"LC",189
"8433",0.815424981713295,11.0979995727539,0,0.265524998307228,0.323474988341332,298.399464416504,294.318090820313,0.00300000002607703,0.00300000002607703,"Haplochromis katonga",172.108368246124,1,1,0,6.86999988555908,NA,0,NA,NA,1,"DD",2
"8436",0,557.197998046875,39,0.592274996638298,3.23759995698929,308.317597961426,286.657348632812,0.00400000018998981,0.0120000001043081,"Gerres filamentosus",8020.54715067571,1,1,0,39,"minor commercial",1,3.46,"Carni.",1,"LC",62
"8443",0,1841.35400390625,49,0.252425009012222,4.06107487678528,301.572998046875,292.097100067139,0.00300000002607703,0.00527499993331728,"Reganochromis calliurus",34890.675799273,0,1,1,15,"commercial",0,3.6,"Carni.",1,"LC",270
"8447",0.0436750003136694,334.653991699219,31,0.28340000808239,1.19260002374649,303.648304748535,296.7210105896,0.00300000002607703,0.00499999988824129,"Enteromius walkeri",51420.1725506785,1,1,0,NA,NA,NA,NA,NA,1,"LC",468
"8450",0,1841.35400390625,49,0.247550004720688,4.08844985961914,301.572998046875,292.190002441406,0.00300000002607703,0.0056499999947846,"Tangachromis dhanisi",33012.5919769452,0,1,1,8.5,"commercial",0,3,"Carni.",1,"LC",255
"8453",0,47222.84765625,43,0.246999993920326,2.70002504587173,301.463112640381,294.697998046875,0.0020000000949949,0.00400000018998981,"Polypterus retropinnis",476072.049728017,1,1,0,34,"of no interest",0,2.58,"Omni.",1,"LC",4920
"8454",0,12825.298828125,44,0.183199998736382,2.91600003242492,310.034405517578,292.535400390625,0.00400000018998981,0.0140000004321337,"Synodontis membranaceus",1678193.61593405,1,1,0,46,"commercial",0,3.11,"Carni.",1,"LC",12089
"8458",0,3919.5419921875,41.675,0.834475010633469,2.92674994468689,303.018642425537,290.95393371582,0.00677500017918646,0.00922499964945018,"Nimbochromis polystigma",2767.9040295971,0,1,1,23,"of no interest",0,4.2,"Carni.",1,"LC",32
"8459",1.55799999833107,37376.35546875,0,0.245125005021691,0.807125024497509,301.813747406006,291.417869567871,0.0020000000949949,0.00600000005215406,"Brycinus bartoni",45251.0339362509,NA,NA,0,NA,NA,NA,NA,NA,1,NA,526
"8465",1631.27001953125,4861.49609375,0,0.386999994516373,0.386999994516373,297.130004882812,295.367004394531,0.0020000000949949,0.0020000000949949,"Haplochromis arcanus",70201.9485614657,0,1,1,14.1999998092651,NA,0,4.2,"Carni.",1,"DD",816
"8469",0,4969.48193359375,33.3,0.470399993658066,2.26360001564026,301.357006835938,290.822695922852,0.00400000018998981,0.00499999988824129,"Enteromius brachygramma",8504.33688082917,1,1,0,NA,NA,NA,NA,NA,1,"DD",69
"8470",0,3919.5419921875,44.4,0.854500007629394,3.57200007438659,303.044107055664,290.102008056641,0.00600000005215406,0.00909999962896108,"Otopharynx argyrosoma",6876.2660956166,1,1,0,15.1999998092651,"commercial",0,3.45,"Carni.",1,"LC",77
"8479",0,5558.05322265625,40,0.571299982070923,2.32640006542206,303.018005371094,287.308990478516,0.00400000018998981,0.00700000021606684,"Petersius conserialis",192131.874728065,1,0,0,14.5,NA,0,NA,NA,1,"LC",1605
"8484",0,13930.021484375,41,0.537999987602234,2.55669991970062,304.898986816406,281.1796875,0.00800000037997961,0.0160000007599592,"Labeo molybdinus",889335.921425644,1,0,0,NA,NA,NA,NA,NA,2,"LC",5845
"8485",0,107.040000915527,37.2,0.512700009346008,1.89930000305176,301.383590698242,290.80119934082,0.00300000002607703,0.00499999988824129,"Labeobarbus gestetneri",7918.78563274845,1,1,0,NA,NA,NA,NA,NA,1,"DD",77
"8490",0,7572.171875,43,0.580399996042252,3.22349989414215,305.346408081055,287.755499267578,0.00700000021606684,0.0149999996647239,"Synodontis thamalakanensis",57469.1339861094,1,0,0,17.5,NA,0,NA,NA,2,"LC",165
"8492",0.00662500003818423,1735.05200195312,6.94999999999999,0.233049995452166,1.06682502925396,302.113613128662,288.372589111328,0.00300000002607703,0.0119750001002103,"Chromidotilapia linkei",17323.7171112522,NA,NA,0,NA,NA,NA,NA,NA,1,"EN",202
"8493",0,1841.35400390625,49,0.247550004720688,4.08844985961914,301.572998046875,292.190002441406,0.00300000002607703,0.0056499999947846,"Telmatochromis brachygnathus",33012.5919769452,0,1,1,NA,NA,NA,NA,NA,1,"LC",255
"8495",0,726.742004394531,46.15,1.04464999437332,3.07809996604919,299.757846069336,290.246612548828,0.0020000000949949,0.00499999988824129,"Nannocharax lineostriatus",11118.4695083476,NA,NA,0,NA,NA,NA,NA,NA,1,NA,115
"8497",0,14720.73046875,37,0.196750000864267,2.15615010261536,303.470695495605,291.106994628906,0.0020000000949949,0.00600000005215406,"Labeo luluae",34578.4524670955,1,1,0,NA,NA,NA,NA,NA,1,"DD",395
"8499",0,47911.4375,40,0.234999999403954,2.47312495112419,301.678985595703,291.033256530762,0.0020000000949949,0.00600000005215406,"Petrocephalus simus",1433336.87285292,1,1,0,NA,NA,NA,NA,NA,1,"LC",14896
"8500",0,47952.2890625,42,0.251624997705221,2.61337497830391,301.775371551514,293.734001159668,0.0020000000949949,0.00499999988824129,"Chrysichthys ornatus",625897.693309828,1,1,0,NA,NA,NA,NA,NA,1,"LC",6266
"8506",0,2084.70092773438,38,0.401199994236231,2.50879992842674,301.484893035889,293.649702453613,0.00427500010700896,0.00800000037997961,"Petrocephalus cunganus",7047.10245379478,1,1,0,NA,NA,NA,NA,NA,2,"DD",52
"8508",0.00700000021606684,47194.4140625,37,0.17399999499321,2.15600004196167,302.168200683594,293.4751953125,0.0020000000949949,0.00600000005215406,"Tylochromis microdon",17096.1077448442,0,1,1,15.1999998092651,NA,0,2.83,"Carni.",1,"EN",185
"8510",0,18600.291015625,39,0.550800013542175,2.23120002746582,304.134197998047,288.691796875,0.00600000005215406,0.00999999977648258,"Enteromius choloensis",66868.121749535,1,0,0,NA,NA,NA,NA,NA,1,"DD",785
"8513",0.0480000004172325,6371.3427734375,20,0.262725006788969,1.16445004045963,303.297866821289,291.945452880859,0.00300000002607703,0.00600000005215406,"Sicydium crenilabrum",67955.6947741632,1,0,0,NA,NA,NA,NA,NA,1,"LC",750
"8514",0,47222.84765625,42,0.224125005304813,2.5867500603199,300.807888031006,294.843364715576,0.00100000004749745,0.00400000018998981,"Synodontis contractus",328356.210099501,1,1,0,9.69999980926514,"of no interest",0,2,"Herbi.",1,"LC",3126
"8523",0,1841.35400390625,49,0.252425009012222,4.06107487678528,301.572998046875,292.097100067139,0.00300000002607703,0.00527499993331728,"Variabilichromis moorii",34890.675799273,0,1,1,10.3000001907349,"commercial",0,NA,NA,1,NA,270
"8527",0,1943.49499511719,35.9,0.351375010609627,2.41447489261627,301.40266494751,291.319170379639,0.00302500003017485,0.00700000021606684,"Chrysichthys ansorgii",12155.571695097,1,1,0,NA,NA,NA,NA,NA,1,"LC",82
"8533",0,3919.5419921875,44,0.845125016570091,3.45287508368492,302.941413879395,290.576083374023,0.00700000021606684,0.00972499973140657,"Copadichromis borleyi",4610.1525646865,0,1,1,14,"commercial",0,3.4,"Carni.",1,"LC",52
"8535",0.270750001072884,242.580001831055,0,0.126499995589256,0.522499993443489,295.157012939453,289.435249328613,0.0020000000949949,0.00250000011874363,"Haplochromis crebridens",2837.93065776997,0,1,1,NA,NA,NA,NA,NA,3,"LC",31
"8537",0,866.481018066406,41,0.360549992322922,2.82852501869202,307.291216278076,290.092743682861,0.00300000002607703,0.00707500022836028,"Synodontis geledensis",51066.463141525,1,0,0,NA,NA,NA,NA,NA,2,"LC",198
"8539",0,18957.59765625,46,0.529699975252152,3.0592000246048,303.518005371094,290.810089111328,0.00400000018998981,0.00999999977648258,"Arius africanus",266752.290463722,1,0,0,45,"commercial",0,3.8,"Carni.",1,"DD",2677
"8542",0,10727.208984375,41.225,0.419724996387959,2.2514750123024,301.76715927124,291.583039093018,0.0020000000949949,0.00499999988824129,"Lacustricola lualabaensis",23773.5624767194,1,0,0,NA,NA,NA,NA,NA,1,"LC",232
"8545",0,47222.84765625,42,0.245000004768372,2.6816249191761,300.790985107422,294.935123443604,0.0020000000949949,0.00400000018998981,"Alestopetersius hilgendorfi",343846.351868557,1,1,0,NA,NA,NA,NA,NA,1,"LC",3486
"8546",1631.27001953125,4861.49609375,0,0.386999994516373,0.386999994516373,297.130004882812,295.367004394531,0.0020000000949949,0.0020000000949949,"Haplochromis pyrrhocephalus",70029.8147067808,0,1,1,NA,NA,NA,NA,NA,1,"LC",814
"8550",0,7051.2841796875,45,0.252350004762411,2.82095001935959,300.491259765625,291.329055023193,0.00100000004749745,0.00499999988824129,"Labeobarbus nanningsi",96320.2634595666,1,1,0,NA,NA,NA,NA,NA,1,"DD",808
"8552",0,3935.47412109375,41.375,0.83737501502037,2.8677499294281,303.015239715576,290.984634399414,0.00687500019557774,0.00912499963305891,"Otopharynx tetrastigma",3100.1167566456,1,1,0,16,"commercial",0,3.39,"Carni.",1,"LC",36
"8554",0.25,2610.23388671875,2,0.232999995350838,0.90030001103878,303.343994140625,294.346458435059,0.00300000002607703,0.00499999988824129,"Epiplatys olbrechtsi",161206.12859917,1,1,0,NA,NA,NA,NA,NA,1,"LC",1855
"8555",0,47222.84765625,42,0.247999995946884,2.6203999042511,301.606588745117,293.496786499023,0.0020000000949949,0.00499999988824129,"Phago intermedius",458651.759501281,1,1,0,NA,NA,NA,NA,NA,1,"LC",4517
"8558",0,1841.35400390625,48.95,0.165250006318092,3.90499997138977,301.476849365234,286.74469909668,0.0020000000949949,0.00499999988824129,"Labeobarbus leleupanus",42810.3486646984,1,1,0,NA,NA,NA,NA,NA,1,"VU",363
"8559",0,12825.298828125,33.0250000000001,0.141000002622604,2.07105009555817,308.20237121582,293.445989227295,0.00300000002607703,0.0109999999403954,"Petrocephalus ansorgii",245125.032405204,1,1,0,NA,NA,NA,NA,NA,1,"LC",2480
"8562",0,37903.6640625,43,0.175999999046326,2.80090005993843,300.809720611572,295.799019622803,0.0020000000949949,0.00300000002607703,"Alestopetersius leopoldianus",181069.581682094,1,1,0,NA,NA,NA,NA,NA,1,"LC",1852
"8564",0,47222.84765625,40,0.229000002145767,2.50200009346008,301.591003417969,294.338793945312,0.0020000000949949,0.00499999988824129,"Mormyrops sirenoides",355012.490029748,1,1,0,NA,NA,NA,NA,NA,1,"LC",3749
"8566",0,9131.9716796875,48,0.432000011205673,3.43894989490509,303.383877563477,287.25,0.00499999988824129,0.0130000002682209,"Mormyrus lacerda",1176546.43231618,1,1,0,50,"commercial",0,3.69,"Carni.",2,"LC",7642
"8571",0,464.053009033203,21.65,0.331999987363815,1.52992497682571,308.025775146484,286.007701873779,0.00499999988824129,0.00899999961256981,"Garra dembecha",21878.8435643578,1,1,0,NA,NA,NA,NA,NA,1,"LC",250
"8583",0.835250020027161,1895.25805664062,0,0.302749998867512,0.867250010371208,301.28450012207,294.64274597168,0.00300000002607703,0.00499999988824129,"Chrysichthys teugelsi",31729.6211114049,1,0,0,NA,NA,NA,NA,NA,1,"LC",371
"8585",1631.27001953125,4861.49609375,0,0.386999994516373,0.386999994516373,297.130004882812,295.367004394531,0.0020000000949949,0.0020000000949949,"Haplochromis melichrous",70029.8147067808,0,1,1,10.6999998092651,NA,0,3.4,"Carni.",1,"DD",814
"8592",0,7714.2119140625,22,0.194999992847443,1.40409998297691,307.483109283447,289.352669525146,0.00300000002607703,0.00899999961256981,"Amphilius platychir",420999.24096347,1,0,0,NA,NA,NA,NA,NA,1,"LC",4850
"8593",1631.27001953125,4861.49609375,0,0.386999994516373,0.386999994516373,297.130004882812,295.367004394531,0.0020000000949949,0.0020000000949949,"Haplochromis degeni",75275.99539497,0,1,1,15.3999996185303,NA,0,3.24000000953674,"Carni.",1,"LC",862
"8599",0,441.505004882812,34,0.705999970436096,1.95000004768372,299.968994140625,283.773010253906,0.00600000005215406,0.00899999961256981,"Nothobranchius usanguensis",3997.96811973291,1,1,0,NA,NA,NA,NA,NA,3,"VU",41
"8603",1631.27001953125,4861.49609375,0,0.386999994516373,0.386999994516373,297.130004882812,295.367004394531,0.0020000000949949,0.0020000000949949,"Haplochromis cryptodon",70201.9485614657,0,1,1,13,NA,0,4,"Carni.",1,"DD",816
"8609",0.0397749991156161,1328.81005859375,3.05000000000001,0.234949999302626,1.04432502985001,302.270289611816,287.954461669922,0.00300000002607703,0.00904999962076546,"Sarotherodon lohbergeri",20584.0915433641,1,1,0,16.2000007629395,NA,0,2.23,"Omni.",1,"CR",240
"8610",0,422.101013183594,39,0.74924997985363,2.40750008821487,301.266502380371,279.031494140625,0.00800000037997961,0.0160000007599592,"Labeobarbus natalensis",94752.3160662423,1,0,0,63.7999992370605,NA,0,2.96,"Carni.",3,"LC",931
"8612",0,5031.69580078125,43,0.43972500115633,2.66620000600815,300.740997314453,287.953601837158,0.00400000018998981,0.00899999961256981,"Rhabdalestes rhodesiensis",140140.411575678,1,1,0,NA,NA,NA,NA,NA,3,"LC",1550
"8615",0,12825.298828125,42,0.154450000077486,2.62209997177124,308.524101257324,293.080993652344,0.00300000002607703,0.0120000001043081,"Enteromius macrops",1861040.17497827,1,1,0,16.8999996185303,"of no interest",0,3.04,"Carni.",1,"LC",15459
"8616",0,540.5830078125,38.95,0.678049975633621,1.93169996738434,301.732901000977,280.903614807129,0.00805000034160912,0.0120000001043081,"Chiloglanis bifurcus",21634.8022808089,1,0,0,6.80000019073486,"of no interest",0,3.25,"Carni.",3,"CR",203
"8619",0,18957.59765625,47,0.486000001430511,3.12990010976792,304.398986816406,280.669456481934,0.00499999988824129,0.017000000923872,"Pseudocrenilabrus philander",4144650.51897436,1,1,0,13,"minor commercial",0,3.74,"Carni.",2,"LC",27923
"8621",1631.27001953125,4861.49609375,0,0.386999994516373,0.386999994516373,297.130004882812,295.367004394531,0.0020000000949949,0.0020000000949949,"Haplochromis pallidus",70029.8147067808,0,1,1,7.40000009536743,NA,0,2.57,"Omni.",1,"DD",814
"8623",0.000750000006519258,64.9520034790039,20.25,0.619249999523163,1.60199999809265,301.862503051758,294.992012023926,0.00400000018998981,0.00575000001117587,"Nothobranchius guentheri",940.998496237259,1,1,0,3.5,"of no interest",0,NA,NA,1,"EN",11
"8628",0.0959999978542328,912.090026855469,15.4,0.220600000023842,0.767799997329712,299.960400390625,294.794409179687,0.0020000000949949,0.00300000002607703,"Synodontis iturii",1548.36935982559,1,1,0,NA,NA,NA,NA,NA,1,"DD",9
"8630",0.390450006723404,37376.35546875,0.350000000000023,0.245650006085634,0.868349987268448,301.639360046387,291.42155456543,0.0020000000949949,0.00600000005215406,"Chromidotilapia mrac",50506.7896629138,NA,NA,0,NA,NA,NA,NA,NA,1,"LC",587
"8631",0,9.72799968719482,27.9,1.23550004959106,1.54330005049706,301.813513183594,291.148309326172,0.00700000021606684,0.00795000037178397,"Tropheops lucerna",253.549496086174,0,1,1,13.5,"commercial",0,2,"Herbi.",1,NA,3
"8633",0,1841.35400390625,49,0.248200005292892,4.08479986190796,301.572998046875,292.190002441406,0.00300000002607703,0.00559999998658895,"Greenwoodochromis christyi",33354.7184506497,0,1,1,NA,NA,NA,NA,NA,1,"LC",257
"8634",0,2390.44091796875,36.8,0.946849992871284,3.22329994440079,303.345791625977,290.862637329102,0.00600000005215406,0.00700000021606684,"Nothobranchius kilomberoensis",3744.98603884148,1,1,0,NA,NA,NA,NA,NA,1,"VU",43
"8645",0,1841.35400390625,49,0.252425009012222,4.06107487678528,301.572998046875,292.097100067139,0.00300000002607703,0.00527499993331728,"Plecodus multidentatus",34890.675799273,0,1,1,12,NA,0,4.4,"Carni.",1,"LC",270
"8647",0,415.886993408203,39,0.26800000667572,2.03399991989136,299.792999267578,287.191986083984,0.00300000002607703,0.00899999961256981,"Schilbe zairensis",24772.2537837868,1,1,0,NA,NA,NA,NA,NA,1,"DD",281
"8648",1.30859997272491,381.43701171875,0,0.300000011920929,0.606399977207184,301.815991210938,293.542413330078,0.00300000002607703,0.00580000020563603,"Coptodon bakossiorum",1456.6482365492,0,1,1,NA,NA,NA,NA,NA,1,"CR",17
"8650",0,47222.84765625,42,0.1925999969244,2.64960007667541,300.807611083984,295.058807373047,0.0020000000949949,0.00360000012442461,"Acanthocleithron chapini",139756.576744249,1,1,0,NA,NA,NA,NA,NA,1,"LC",1457
"8656",0,18957.59765625,43,0.561274985969067,2.80834993124008,303.148441314697,281.115697479248,0.00499999988824129,0.0149999996647239,"Osteomugil robustus",319405.489295486,0,1,1,30,"commercial",1,2,"Herbi.",1,NA,3132
"8657",0.0947500003501773,4347.6337890625,12,0.200000002980232,1.30120002925396,301.03466796875,291.289793395996,0.00300000002607703,0.00499999988824129,"Labeobarbus brevispinis",98036.808555231,NA,NA,0,NA,NA,NA,NA,NA,1,"LC",1144
"8659",0,47545.85546875,35,0.100900003314018,2.03980004787445,300.794204711914,293.986999511719,0.0020000000949949,0.00499999988824129,"Teleogramma brichardi",27200.7754504355,1,1,0,NA,NA,NA,NA,NA,1,"CR",317
"8662",0,12825.298828125,33,0.246999993920326,2.05300002098083,305.579211425781,290.694592285156,0.00300000002607703,0.00999999977648258,"Gobioides sagitta",331471.246987334,1,1,0,NA,NA,NA,NA,NA,1,"LC",3433
"8663",1.30859997272491,381.43701171875,0,0.300000011920929,0.606399977207184,301.815991210938,293.542413330078,0.00300000002607703,0.00580000020563603,"Coptodon snyderae",1456.6482365492,0,1,1,NA,NA,NA,NA,NA,1,"CR",17
"8666",0,6.875,33,1.78999996185303,1.78999996185303,302.644989013672,293.221008300781,0.00800000037997961,0.00800000037997961,"Maylandia benetos",83.4531194061356,NA,NA,0,NA,NA,NA,NA,NA,1,NA,1
"8667",7.33599996566772,15.7639999389648,0,0.165999993681908,0.165999993681908,295.644012451172,292.902008056641,0.0020000000949949,0.0020000000949949,"Haplochromis ampullarostratus",86.0512011034069,0,1,1,NA,NA,NA,NA,NA,1,"VU",1
"8670",0,27.2019996643066,37.475,0.843625018000603,2.07984996438026,302.035623931885,291.041153717041,0.00700000021606684,0.00800000037997961,"Cynotilapia afra",672.778704442478,0,1,1,10.1000003814697," ",0,3.4,"Carni.",1,"LC",8
"8671",0,333.165985107422,21.5,0.187999998033047,1.25609999895096,301.49040222168,292.515994262695,0.0020000000949949,0.00300000002607703,"Haplochromis angustifrons",2495.60453550203,1,1,0,9,NA,0,3.2,"Carni.",1,"LC",29
"8678",0,47952.2890625,37.55,0.177725002542138,2.33297493457794,300.795989990234,292.911864471436,0.0020000000949949,0.00600000005215406,"Garra congoensis",44611.1403535403,1,0,0,NA,NA,NA,NA,NA,1,"LC",470
"8680",0,47222.84765625,45,0.200000002980232,3.07999992370605,309.463111877441,291.811860656738,0.00400000018998981,0.0160000007599592,"Auchenoglanis biscutatus",2273526.4667836,1,1,0,54,"commercial",0,3.08,"Carni.",2,"LC",15919
"8681",0,1841.35400390625,49,0.252425009012222,4.06107487678528,301.572998046875,292.097100067139,0.00300000002607703,0.00527499993331728,"Paracyprichromis brieni",34890.675799273,0,1,1,11,"commercial",0,3.4,"Carni.",1,"LC",270
"8684",0,9312.2099609375,35.65,0.180649997293949,1.56369999051094,308.636993408203,292.909701538086,0.00300000002607703,0.0179999992251396,"Salmo dentex",16104.5247275604,1,1,0,NA,NA,NA,NA,NA,1,"DD",135
"8685",0,14366.2666015625,36,0.117675000056624,1.98362499177456,301.382315826416,290.761499023438,0.0020000000949949,0.00400000018998981,"Chiloglanis pojeri",204347.853445555,1,1,0,NA,NA,NA,NA,NA,1,"LC",2028
"8690",0.0936500001698732,464.053009033203,4,0.331999987363815,1.31529995799065,303.615548706055,285.680155944824,0.00499999988824129,0.00700000021606684,"Labeobarbus tsanensis",17511.475810345,1,1,0,39.4000015258789,NA,0,3.15000009536743,"Carni.",1,"LC",207
"8692",0,12825.298828125,32,0.1385000012815,1.90425002574921,305.616500854492,291.887001037598,0.00300000002607703,0.00800000037997961,"Odaxothrissa mento",199564.203634553,1,1,0,14,"subsistence fisheries",0,4.29,"Carni.",1,"LC",2111
"8694",0,18957.59765625,43,0.252000004053116,2.71099996566772,304.865789794922,281.114990234375,0.0020000000949949,0.0140000004321337,"Anguilla mossambica",3431417.70100801,1,1,0,150,"commercial",1,3.3,"Carni.",1,"NT",28833
"8702",0,1841.35400390625,49,0.247550004720688,4.08844985961914,301.572998046875,292.190002441406,0.00300000002607703,0.0056499999947846,"Lates stappersii",33012.5919769452,0,1,1,45,"highly commercial",0,4.09,"Carni.",1,"LC",255
"8703",0,3274.53393554688,22,0.28079999089241,1.63839998245239,303.612805175781,291.546997070312,0.00300000002607703,0.00999999977648258,"Sarotherodon caudomarginatus",213609.923100829,1,0,0,NA,NA,NA,NA,NA,1,"LC",2513
"8712",0,349.644989013672,36,0.400374995917082,2.04424993395805,304.754634094238,276.275578308105,0.0160000007599592,0.025000000372529,"Alosa algeriensis",87603.022759779,1,1,0,43.5,"commercial",1,NA,NA,3,"EN",932
"8716",0,3919.5419921875,44,0.843625018000603,3.46237508654594,302.670989990234,290.556784057617,0.00700000021606684,0.00899999961256981,"Aulonocara jacobfreibergi",4271.16405338392,0,1,1,NA,NA,NA,NA,NA,1,"LC",48
"8717",0.484600023925304,890.078002929688,0,0.358475008606911,1.00702498704195,302.523026275635,292.256964874268,0.00300000002607703,0.0060999998124316,"Clarias maclareni",6003.81507451964,0,1,1,36,NA,0,4.2,"Carni.",1,"CR",70
"8720",0.649999988079071,30925.5546875,0,0.323799994587898,1.19700000286102,301.302496337891,291.426507568359,0.0020000000949949,0.00600000005215406,"Aphyosemion callipteron",47235.2158044028,NA,NA,0,NA,NA,NA,NA,NA,1,"LC",549
"8726",0,47952.2890625,42,0.180000007152557,2.63877495527267,301.634002685547,288.800214385986,0.0020000000949949,0.00899999961256981,"Mastacembelus congicus",1432789.55429533,1,1,0,NA,NA,NA,NA,NA,1,"LC",14490
"8731",0,12825.298828125,45,0.230000004172325,3.11227496862411,309.751745605469,292.751614379883,0.00400000018998981,0.0140000004321337,"Paradistichodus dimidiatus",701180.71148693,1,1,0,NA,NA,NA,NA,NA,2,"LC",5230
"8736",0.0750000000000001,63.5779991149902,13.3,1.12610004544258,1.22109995484352,299.508088684082,283.12209777832,0.0149999996647239,0.0159500007051975,"Micropterus dolomieu",387.865927449787,1,1,0,69,"commercial",0,4.09,"Carni.",3,"LC",3
"8739",1631.27001953125,4870.52197265625,0,0.386999994516373,0.386999994516373,297.260494995117,295.367004394531,0.0020000000949949,0.0020000000949949,"Haplochromis sauvagei",74761.211721527,0,1,1,10.5,NA,0,2.71,"Omni.",1,"VU",845
"8742",0,181.992004394531,43.625,0.90337497740984,3.31025004386902,302.683120727539,293.297130584717,0.00800000037997961,0.00800000037997961,"Lethrinops macrophthalmus",502.608113158455,0,1,1,12,"commercial",0,2.75,"Omni.",1,"LC",6
"8744",0,1841.35400390625,49,0.252425009012222,4.06107487678528,301.572998046875,292.097100067139,0.00300000002607703,0.00527499993331728,"Plecodus elaviae",34890.675799273,0,1,1,32,NA,0,4.4,"Carni.",1,"LC",270
"8749",0,18957.59765625,43,0.564225007593632,2.72784993648529,305.002615356445,282.180667877197,0.00700000021606684,0.0149999996647239,"Labeobarbus marequensis",1060495.9770587,1,1,0,47,NA,0,3.17,"Carni.",2,"LC",7684
"8752",0,47303.76171875,32,0.247999995946884,1.96900002658367,304.892238616943,292.225879669189,0.00300000002607703,0.00899999961256981,"Yongeichthys thomasi",657892.058733777,1,1,0,NA,NA,NA,NA,NA,1,"LC",6846
"8756",0,47952.2890625,42,0.230200004577637,2.60999989509583,301.792199707031,293.268994140625,0.0020000000949949,0.00600000005215406,"Chrysichthys longipinnis",284813.244977072,1,1,0,70,"commercial",0,3.061,"Carni.",1,"LC",2889
"8762",0,320.860992431641,31.975,0.252075003832579,2.03074994087219,299.653498840332,287.463173675537,0.00300000002607703,0.00700000021606684,"Thoracochromis lucullae",23678.2747411668,NA,NA,0,NA,NA,NA,NA,NA,2,NA,202
"8763",0,2758.09301757812,45,0.195999994874001,2.74825009703636,300.477619171143,290.073490142822,0.00100000004749745,0.00499999988824129,"Synodontis cuangoanus",76288.4234379031,1,1,0,NA,NA,NA,NA,NA,1,"VU",736
"8765",0.186875002458692,11326.7802734375,1,0.266999989748001,1.26537500321865,302.689750671387,292.440116882324,0.0020000000949949,0.00700000021606684,"Enteromius liberiensis",80785.5398431862,1,1,0,10,NA,0,2.45,"Omni.",1,"EN",946
"8766",0,3912.49389648438,44.7,1.18665001988411,3.69022505283355,302.670989990234,289.867224121094,0.00800000037997961,0.00917499964125454,"Lethrinops microdon",3175.96853015725,0,1,1,13.1000003814697,NA,0,2,"Herbi.",1,"DD",34
"8769",0.00350000010803342,20.136999130249,17.5,0.314000010490417,1.23100000619888,299.961486816406,291.167495727539,0.00300000002607703,0.00350000010803342,"Orthochromis luichensis",2744.13438791017,1,0,0,9.07999992370605,NA,0,2,"Herbi.",1,"VU",21
"8771",0,179.875,43,0.84850001335144,3.13650000095367,302.714492797852,291.24250793457,0.00700000021606684,0.00800000037997961,"Melanochromis melanopterus",1925.34410864112,0,1,1,NA,NA,NA,NA,NA,1,"LC",21
"8772",1631.27001953125,4861.49609375,0,0.386999994516373,0.386999994516373,297.130004882812,295.367004394531,0.0020000000949949,0.0020000000949949,"Haplochromis mandibularis",70029.8147067808,0,1,1,17.3999996185303,NA,0,4.2,"Carni.",1,"DD",814
"8774",0,1841.35400390625,47,0.149075004085898,3.71957495212555,301.161010742188,286.895042419434,0.0020000000949949,0.00499999988824129,"Tylochromis polylepis",55765.6911455812,1,1,0,43.5," ",0,2.97,"Carni.",1,"LC",484
"8776",0,47545.85546875,32.5,0.0880000032484531,2.13750004768372,300.862487792969,294.413497924805,0.0020000000949949,0.00499999988824129,"Clariallabes teugelsi",12104.3292663728,1,1,0,NA,NA,NA,NA,NA,1,"VU",141
"8778",1.66550005078316,3193.81298828125,0,0.24099999666214,0.598149991035461,301.906692504883,294.173594665527,0.0020000000949949,0.00499999988824129,"Chromidotilapia nana",17103.6122905664,NA,NA,0,NA,NA,NA,NA,NA,1,"DD",199
"8779",0,12825.298828125,27,0.233999997377396,2.05135004520416,303.671997070312,289.284959411621,0.00300000002607703,0.00999999977648258,"Pelvicachromis taeniatus",103587.403330799,1,0,0,NA,NA,NA,NA,NA,1,"LC",1203
"8780",0,1841.35400390625,49,0.252425009012222,4.06107487678528,301.572998046875,292.097100067139,0.00300000002607703,0.00527499993331728,"Neolamprologus prochilus",34890.675799273,0,1,1,NA,NA,NA,NA,NA,1,"LC",270
"8785",0,12825.298828125,30,0.199950002878904,1.89704995751381,307.075988769531,292.118113708496,0.00300000002607703,0.00899999961256981,"Marcusenius mento",484516.983014783,1,0,0,36.0999984741211,NA,0,2.46,"Omni.",1,"LC",5200
"8791",0,47952.2890625,42,0.2194499976933,2.61027494072914,301.734008789062,293.500453186035,0.0020000000949949,0.00600000005215406,"Eugnathichthys macroterolepis",846106.498592946,1,1,0,14.5,NA,0,4.2,"Carni.",1,"LC",8430
"8795",0.599400019645691,890.078002929688,0,0.342199999094009,0.992999970912933,302.022601318359,293.459606933594,0.00300000002607703,0.00819999966770409,"Stomatepia mongo",4202.50772882648,0,1,1,NA,NA,NA,NA,NA,1,"CR",49
"8797",0,3919.5419921875,44.4,0.854500007629394,3.57200007438659,303.044107055664,290.102008056641,0.00600000005215406,0.00909999962896108,"Protomelas marginatus",6876.2660956166,0,1,1,16.6000003814697,"commercial",0,2,"Herbi.",1,"LC",77
"8798",0.48199999332428,1645.57104492188,0,0.096000000834465,0.293999999761581,299.906005859375,287.385009765625,0.00100000004749745,0.0020000000949949,"Parakneria kissi",20731.6170950713,1,1,0,NA,NA,NA,NA,NA,1,"DD",241
"8799",0.259500007331371,101.339996337891,8.35,0.232599999755621,0.453649994730949,301.054095458984,294.417796325684,0.00300000002607703,0.00499999988824129,"Phractura gladysae",2319.88878745258,NA,NA,0,NA,NA,NA,NA,NA,1,"DD",27
"8800",0,7177.71484375,47,0.560075001418591,4.28240005970001,311.004149627686,292.704653930664,0.00700000021606684,0.0109999999403954,"Clarias engelseni",22958.6809010881,1,0,0,NA,NA,NA,NA,NA,2,"DD",204
"8802",0,3919.5419921875,44,1.09620001316071,3.39700002670288,302.670989990234,290.813800048828,0.00800000037997961,0.00899999961256981,"Otopharynx brooksi",1669.01296424583,0,1,1,15,"commercial",0,4.2,"Carni.",1,"LC",17
"8803",0,1330.56298828125,42,0.466900008171797,2.80632497668266,302.423123931885,286.374720001221,0.00400000018998981,0.00999999977648258,"Ambassis ambassis",9394.12460363548,1,1,0,15,NA,1,3.65,"Carni.",1,"LC",114
"8804",1.08462498188019,11712.7255859375,0,0.776425014436245,1.27969999611378,300.435549926758,290.314505004883,0.00300000002607703,0.00800000037997961,"Microsynodontis armatus",8088.98952207439,1,0,0,2.74000000953674,NA,0,NA,NA,1,"DD",94
"8805",0,914.56298828125,43,0.386699993908405,2.10674996376038,301.082344055176,287.557440185547,0.00400000018998981,0.00700000021606684,"Kneria rukwaensis",36481.935104467,1,0,0,6.19000005722046,NA,0,NA,NA,1,"LC",355
"8811",0,47456.98828125,40,0.158999994397163,2.29100006818771,300.930488586426,294.594741821289,0.00100000004749745,0.00499999988824129,"Alestopetersius tumbensis",122996.991572374,1,1,0,NA,NA,NA,NA,NA,1,"LC",1271
"8812",0,606.921020507812,41.05,0.259424990788102,3.10535008907318,303.130072784424,286.101654052734,0.00499999988824129,0.00999999977648258,"Enteromius breviceps",28372.1038872477,1,1,0,NA,NA,NA,NA,NA,2,"LC",160
"8813",0,3935.47412109375,44,0.857250006496906,3.47662509083748,303.043180847168,290.122583770752,0.00602500005625188,0.00899999961256981,"Copadichromis virginalis",7292.64023344102,0,1,1,13.1999998092651,"commercial",0,3,"Carni.",1,"NT",82
"8814",0,13681.75,47,0.340999990701675,3.81009994149208,309.051347351074,291.902335357666,0.00300000002607703,0.0140000004321337,"Clarias albopunctatus",151199.42333506,1,1,0,NA,NA,NA,NA,NA,1,"LC",1374
"8820",0.00650000013411045,2835.63500976562,16.5,0.330499991774559,1.09200000762939,302.346496582031,286.889495849609,0.00300000002607703,0.00600000005215406,"Enteromius arambourgi",34799.2042568961,NA,NA,0,NA,NA,NA,NA,NA,1,NA,381
"8827",0,1841.35400390625,49,0.248200005292892,4.08479986190796,301.572998046875,292.190002441406,0.00300000002607703,0.00559999998658895,"Bathybates vittatus",33354.7184506497,0,1,1,42,"commercial",0,4.2,"Carni.",1,"LC",257
"8828",0.00800000037997961,14403.857421875,36,0.328899997472763,1.891100025177,302.021389770508,293.492288208008,0.00300000002607703,0.00499999988824129,"Synodontis ornatissimus",141230.04638626,1,1,0,NA,NA,NA,NA,NA,1,"LC",1517
"8834",0,3919.5419921875,44.4,0.854500007629394,3.57200007438659,303.044107055664,290.102008056641,0.00600000005215406,0.00909999962896108,"Stigmatochromis pholidophorus",6876.2660956166,0,1,1,10.8000001907349,"of no interest",0,3.5,"Carni.",1,"LC",77
"8838",0,47222.84765625,39,0.158999994397163,2.36220006942749,300.795989990234,294.697998046875,0.0020000000949949,0.00400000018998981,"Marcusenius friteli",140099.14279323,1,1,0,NA,NA,NA,NA,NA,1,"LC",1353
"8842",1631.27001953125,4861.49609375,0,0.386999994516373,0.386999994516373,297.130004882812,295.367004394531,0.0020000000949949,0.0020000000949949,"Haplochromis retrodens",75275.99539497,0,1,1,14.3999996185303,NA,0,3.34,"Carni.",1,"VU",862
"8843",0.243850005790591,2538.36596679688,1,0.28947499319911,1.0560750067234,302.985129547119,293.422922515869,0.00300000002607703,0.00899999961256981,"Prolabeo batesi",30094.3821517638,1,0,0,NA,NA,NA,NA,NA,1,"DD",354
"8847",0,13995.2548828125,46,0.196999996900558,3.54739999771118,309.832208251953,288.132806396484,0.00400000018998981,0.0179999992251396,"Synodontis clarias",1261089.66007064,1,0,0,36,NA,0,2.96,"Carni.",2,"LC",6265
"8848",0,4969.48193359375,34.6,0.745250014960766,2.7447999715805,301.364386749268,292.944022369385,0.00400000018998981,0.00499999988824129,"Thoracochromis moeruensis",5099.84750716768,NA,NA,0,NA,NA,NA,NA,NA,1,NA,38
"8849",0,47748.6953125,39,0.431699994206429,2.11809995174408,301.635801696777,290.821098327637,0.0020000000949949,0.00600000005215406,"Enteromius luluae",89939.1171872257,1,1,0,NA,NA,NA,NA,NA,1,"LC",823
"8857",0.000450000003911555,47302.59765625,7.85,0.318849991261959,1.16084998250008,302.410800170898,295.450254821777,0.00300000002607703,0.00655000021215528,"Microdesmus aethiopicus",600.201202739842,1,0,0,NA,NA,NA,NA,NA,1,"LC",7
"8858",0,3919.5419921875,40.75,1.18765002787113,2.9151999771595,302.661880493164,289.710729980469,0.00800000037997961,0.00967499972321093,"Aulonocara nyassae",1335.53520547754,0,1,1,8,"of no interest",0,3.5,"Carni.",1,"NT",14
"8862",0,3919.5419921875,44.3,1.0240250185132,3.5695250749588,302.677515411377,289.898522949219,0.00800000037997961,0.00907499962486326,"Stigmatochromis melanchros",3591.59762948301,0,1,1,NA,NA,NA,NA,NA,1,"LC",38
"8865",0,47911.4375,40,0.227799999713898,2.52499995231628,301.847802734375,294.000207519531,0.0020000000949949,0.00499999988824129,"Stomatorhinus polylepis",324983.535863129,1,1,0,NA,NA,NA,NA,NA,1,"LC",3337
"8867",0.768400013446808,242.128997802734,13.3,0.687550002336502,1.44755001366138,299.403085327148,295.686408996582,0.00300000002607703,0.00300000002607703,"Scardinius hesperidicus",258.146720563579,1,1,0,NA,NA,NA,NA,NA,1,"LC",3
"8869",0,490.212005615234,39,0.230524995550513,2.20080007910728,297.519671630859,287.39599609375,0.00300000002607703,0.00700000021606684,"Parakneria marmorata",9067.78324835414,1,0,0,NA,NA,NA,NA,NA,2,"DD",94
"8871",0,758.56201171875,42.3499999999999,0.78844997882843,2.59554997682571,303.32325592041,281.283251953125,0.00899999961256981,0.0160000007599592,"Chiloglanis pretoriae",263906.532976443,1,0,0,6.5,"of potential interest",0,3.2,"Carni.",2,"LC",1307
"8872",2.32119990587235,3435.68994140625,0,0.271699999272823,0.578100007772446,301.946699523926,293.931851196289,0.0020000000949949,0.00499999988824129,"Epiplatys huberi",18833.3547078156,1,0,0,NA,NA,NA,NA,NA,1,"LC",219
"8874",0.599400019645691,890.078002929688,0,0.342199999094009,0.992999970912933,302.022601318359,293.459606933594,0.00300000002607703,0.00819999966770409,"Stomatepia pindu",4202.50772882648,0,1,1,NA,NA,NA,NA,NA,1,"CR",49
"8876",0,47952.2890625,44,0.189999997615814,2.92300009727478,307.923193359375,285.719409179687,0.0020000000949949,0.0130000002682209,"Schilbe intermedius",3352900.60258946,1,1,0,50,"commercial",0,3.6,"Carni.",1,"LC",26905
"8881",1.06752500534058,1158.28894042969,0,0.223075005039573,0.613974995911121,302.398783111572,290.49642868042,0.00300000002607703,0.00400000018998981,"Fundulopanchax moensis",7193.91699219597,NA,NA,0,NA,NA,NA,NA,NA,1,"DD",84
"8887",0,12825.298828125,27,0.148000001907349,1.72910003066063,304.578103637695,293.119946289063,0.00300000002607703,0.00700000021606684,"Pelmatolapia mariae",436816.66040668,1,1,0,NA,NA,NA,NA,NA,1,"LC",4779
"8888",0,47862.3828125,40,0.237250003963709,2.43874990940094,301.77424621582,293.577247619629,0.0020000000949949,0.00499999988824129,"Belonoglanis tenuis",728740.533973273,1,1,0,NA,NA,NA,NA,NA,1,"LC",7211
"8889",0,3244.68701171875,27,0.32090000808239,1.80960001945496,305.37350769043,293.745202636719,0.00300000002607703,0.00700000021606684,"Doumea chappuisi",105560.37285108,1,0,0,NA,NA,NA,NA,NA,1,"LC",1237
"8890",0,6371.3427734375,30,0.239000000059605,1.59149998426437,303.582504272461,295.470993041992,0.00300000002607703,0.00600000005215406,"Pollimyrus guttatus",25750.7116181049,NA,NA,0,NA,NA,NA,NA,NA,1,"DD",301
"8891",0,3274.53393554688,18,0.272000014781952,1.44839999675751,303.243389892578,290.862188720703,0.00300000002607703,0.00999999977648258,"Wallaceochromis humilis",171038.717704078,NA,NA,0,NA,NA,NA,NA,NA,1,NA,2009
"8897",0,1841.35400390625,49,0.248200005292892,4.08479986190796,301.572998046875,292.190002441406,0.00300000002607703,0.00559999998658895,"Cyprichromis microlepidotus",33354.7184506497,0,1,1,11," ",0,3.5,"Carni.",1,"DD",257
"8898",0.0130000002682209,4861.49609375,36,0.271249998360872,2.07424992322922,299.506114959717,285.102615356445,0.0020000000949949,0.00499999988824129,"Chiloglanis somereni",47871.6714861076,1,1,0,NA,NA,NA,NA,NA,1,"LC",486
"8900",0,2951.19799804688,33,0.533700013160706,1.50750002861023,301.517114257812,289.711596679688,0.00300000002607703,0.00499999988824129,"Chiloglanis lufirae",7223.3756629481,1,0,0,NA,NA,NA,NA,NA,1,"DD",77
"8903",0,8007.33984375,40,0.136899995803833,2.59329993724823,307.851412963867,287.176303100586,0.0020000000949949,0.00899999961256981,"Ctenopoma muriei",606871.558496667,1,1,0,6,NA,0,3.02,"Carni.",1,"LC",4637
"8906",0,47222.84765625,39.825,0.0675750002264977,2.6476500928402,300.913065338135,294.493338012695,0.0020000000949949,0.00499999988824129,"Psammphiletria delicata",7551.67107053,1,1,0,NA,NA,NA,NA,NA,1,"DD",88
"8909",0.892450007796288,971.463989257812,0,0.225100003927946,0.765950012207031,301.407647705078,294.482707214355,0.00300000002607703,0.00499999988824129,"Chromidotilapia cavalliensis",11535.1593338878,1,0,0,NA,NA,NA,NA,NA,1,"EN",135
"8913",0.268500006198883,869.711975097656,0.699999999999989,0.201700001955032,0.799300009012222,300.296298217773,289.690893554687,0.00300000002607703,0.00600000005215406,"Enteromius bourdariei",11393.7811737461,1,1,0,NA,NA,NA,NA,NA,1,"EN",133
"8914",0,4969.48193359375,38.35,0.435000002384186,2.36985002160072,300.939878845215,290.006420135498,0.00382500016130507,0.00700000021606684,"Coptostomabarbus bellcrossi",23652.3627847997,1,1,0,NA,NA,NA,NA,NA,1,"DD",234
"8922",0,47222.84765625,41,0.13400000333786,2.61712503433228,300.922611236572,294.571884155273,0.0020000000949949,0.00499999988824129,"Schilbe tumbanus",89159.7844692941,1,1,0,NA,NA,NA,NA,NA,1,"LC",936
"8929",0,14720.73046875,43.125,0.306875009089708,2.81725004315376,300.274993896484,296.052875518799,0.0020000000949949,0.00300000002607703,"Congochromis pugnatus",6712.12073293616,1,1,0,NA,NA,NA,NA,NA,1,"DD",76
"8930",0,3919.5419921875,44,0.845500016212463,3.45050008296966,302.935089111328,290.580908203125,0.00700000021606684,0.00969999972730875,"Copadichromis quadrimaculatus",4694.31397546243,0,1,1,20,"commercial",0,2.64,"Omni.",1,"LC",53
"8931",0,14720.73046875,43,0.440750014036894,2.81150004267693,301.364635467529,291.481628417969,0.0020000000949949,0.00499999988824129,"Campylomormyrus orycteropus",13149.6714800879,1,1,0,NA,NA,NA,NA,NA,1,"DD",116
"8932",0,47952.2890625,43,0.20100000500679,2.71744990348816,300.813098144531,293.531198120117,0.0020000000949949,0.00600000005215406,"Stomatorhinus corneti",208117.872432728,1,1,0,NA,NA,NA,NA,NA,1,"LC",1987
"8940",0.0641000006347895,3193.81298828125,11.5999999999999,0.246050001680851,0.862950015068054,301.901303100586,294.207051086426,0.00300000002607703,0.00600000005215406,"Chrysichthys dageti",25342.1243900042,NA,NA,0,NA,NA,NA,NA,NA,1,"VU",295
"8942",0.0026250000228174,14403.857421875,34.125,0.184000000357628,1.71499997377396,301.959125518799,295.309627532959,0.00300000002607703,0.00499999988824129,"Tetracamphilius clandestinus",6519.22319489193,1,1,0,NA,NA,NA,NA,NA,1,"DD",76
"8944",0,18957.59765625,46.4,0.477399998903275,3.15759997367859,304.429388427734,288.723400878906,0.00800000037997961,0.00999999977648258,"Alestes stuhlmannii",33024.874576588,1,0,0,NA,NA,NA,NA,NA,1,"LC",385
"8948",0.270750001072884,242.580001831055,0,0.126499995589256,0.522499993443489,295.157012939453,289.435249328613,0.0020000000949949,0.00250000011874363,"Haplochromis kamiranzovu",2837.93065776997,0,1,1,9.39999961853027,NA,0,NA,NA,3,"LC",31
"8952",0.0573749993927777,2133.49194335938,26,0.175374997779727,1.26737499237061,305.175754547119,294.917377471924,0.00300000002607703,0.00700000021606684,"Marcusenius furcidens",319254.897601425,1,1,0,NA,NA,NA,NA,NA,1,"LC",3376
"8953",0,18957.59765625,42,0.24600000679493,2.90962499380112,308.535511016846,281.777629852295,0.00300000002607703,0.0189999993890524,"Gazza minuta",569993.096814894,1,0,0,21,"commercial",1,4,"Carni.",2,"LC",3436
"8961",1631.27001953125,4861.49609375,0,0.386999994516373,0.386999994516373,297.130004882812,295.367004394531,0.0020000000949949,0.0020000000949949,"Haplochromis xenognathus",70029.8147067808,0,1,1,11.3000001907349,NA,0,2.91,"Carni.",1,"LC",814
"8964",0,557.197998046875,39.175,0.295674994215369,3.12212495207787,308.119298553467,285.607679748535,0.00382500016130507,0.0111749999690801,"Arothron hispidus",18781.0161247329,1,1,0,50,"minor commercial",1,3.09999990463257,"Carni.",2,"LC",114
"8967",0,47952.2890625,42,0.245000004768372,2.5789999961853,301.447142028809,292.435556030273,0.0020000000949949,0.00600000005215406,"Marcusenius moorii",1276771.44351042,1,1,0,NA,NA,NA,NA,NA,1,"LC",13475
"8971",0,18957.59765625,45,0.476649997383356,2.91832497119903,305.152355194092,287.758126831055,0.00700000021606684,0.0109999999403954,"Distichodus schenga",286960.111159352,1,0,0,NA,NA,NA,NA,NA,1,"LC",2954
"8973",0,14720.73046875,40,0.142000004649162,2.51272493004799,301.169178771973,292.539847564697,0.0020000000949949,0.00499999988824129,"Orthochromis polyacanthus",137769.364732511,1,1,0,NA,NA,NA,NA,NA,1,"LC",1352
"8975",1631.27001953125,4861.49609375,0,0.386999994516373,0.386999994516373,297.130004882812,295.367004394531,0.0020000000949949,0.0020000000949949,"Haplochromis thuragnathus",70029.8147067808,0,1,1,20,NA,0,4.2,"Carni.",1,"DD",814
"8976",0.270750001072884,242.580001831055,0,0.126499995589256,0.522499993443489,295.157012939453,289.435249328613,0.0020000000949949,0.00250000011874363,"Haplochromis rubescens",2837.93065776997,0,1,1,11.3999996185303,NA,0,NA,NA,3,"LC",31
"8978",0,4098.27099609375,47,0.483749993145466,3.81975001096725,303.080757141113,285.389251708984,0.00600000005215406,0.00999999977648258,"Opsaridium microcephalum",119576.379315641,1,1,0,34,"minor commercial",0,NA,NA,1,"LC",1371
"8979",0,47222.84765625,40,0.181999996304512,2.54372506737709,301.734008789062,294.407755279541,0.0020000000949949,0.00400000018998981,"Potamothrissa obtusirostris",447757.195644796,1,1,0,6,"subsistence fisheries",0,3.2,"Carni.",1,"LC",4540
"8980",0,13473.775390625,45,0.128000006079674,3.49469988942146,310.027939605713,292.123361206055,0.00499999988824129,0.0179999992251396,"Hydrocynus brevis",1345221.30646299,1,1,0,86,"commercial",0,3.4,"Carni.",2,"LC",7564
"8981",0,3919.5419921875,44,0.845500016212463,3.45050008296966,302.935089111328,290.580908203125,0.00700000021606684,0.00969999972730875,"Copadichromis likomae",4694.31397546243,0,1,1,14,"commercial",0,3.4,"Carni.",1,"LC",53
"8992",0,3919.5419921875,44.4,0.854500007629394,3.57200007438659,303.044107055664,290.102008056641,0.00600000005215406,0.00909999962896108,"Buccochromis spectabilis",6876.2660956166,0,1,1,NA,NA,NA,NA,NA,1,"LC",77
"8993",0,10816.138671875,33,0.224000006914139,1.74714998006821,305.47233581543,293.309904479981,0.00400000018998981,0.00700000021606684,"Procatopus aberrans",294293.838795608,1,0,0,5.5," ",0,NA,NA,1,"LC",3439
"8994",0.176899993047118,90.3789978027344,0,0.975774990022182,1.26462504863739,299.327512359619,291.207289886475,0.00507499990053475,0.00700000021606684,"Zaireichthys compactus",338.858890381027,1,0,0,NA,NA,NA,NA,NA,1,"DD",4
"8995",0,37493.1796875,23,0.237000003457069,1.50244998335838,301.731649780273,293.456840515137,0.0020000000949949,0.00600000005215406,"Pelvicachromis subocellatus",68395.6978236996,1,0,0,NA,NA,NA,NA,NA,1,"LC",787
"8998",0,18957.59765625,42,0.504274995625019,2.72915008664131,309.047312927246,284.350487518311,0.00400000018998981,0.0130000002682209,"Monodactylus falciformis",104586.686860098,1,0,0,31,"minor commercial",1,NA,NA,1,"LC",880
"9001",0,5380.90283203125,47,0.447499990463257,3.24950003623962,308.283508300781,293.1669921875,0.00849999999627471,0.0120000001043081,"Garra lancrenonensis",44000.3718422956,1,0,0,NA,NA,NA,NA,NA,2,"DD",221
"9002",0,921.364990234375,37,0.164400005340576,1.72755001783371,300.067895507813,286.936904907227,0.0020000000949949,0.00499999988824129,"Astatoreochromis vanderhorsti",53251.1128433794,1,0,0,NA,NA,NA,NA,NA,1,"LC",515
"9011",0,6515.658203125,29.8249999999999,0.181449999287724,1.54799997210502,300.663494873047,293.088166809082,0.00100000004749745,0.00300000002607703,"Labeobarbus ansorgii",45207.148354124,1,1,0,NA,NA,NA,NA,NA,1,"VU",430
"9012",0.0983750019222498,37376.35546875,9,0.197999998927116,1.16087503731251,301.580364227295,291.742626190186,0.0020000000949949,0.00600000005215406,"Enteromius brichardi",230799.08101615,NA,NA,0,NA,NA,NA,NA,NA,1,"LC",2666
"9013",0.0835999980568886,2094.96606445312,17,0.174999997019768,1.07740001678467,304.204992675781,294.591790771484,0.00300000002607703,0.00600000005215406,"Synodontis punctifer",146982.090557851,1,0,0,NA,NA,NA,NA,NA,1,"LC",1665
"9014",0,37155.578125,45,0.310699991136789,2.99622505307198,300.754972839356,292.985168457031,0.0020000000949949,0.00499999988824129,"Aphyosemion wildekampi",272598.843471974,1,1,0,NA,NA,NA,NA,NA,1,"VU",2638
"9023",0,18957.59765625,46,0.395000010728836,3.24409995079041,303.296997070312,286.844500732422,0.0020000000949949,0.0130000002682209,"Clarias theodorae",879762.18863227,1,1,0,35,"subsistence fisheries",0,3.46,"Carni.",1,"LC",6939
"9025",0,12825.298828125,30,0.108075002394617,1.93125004172325,307.534403991699,294.240480804443,0.00300000002607703,0.00999999977648258,"Petrocephalus pallidomaculatus",237631.075332959,1,1,0,NA,NA,NA,NA,NA,1,"LC",2364
"9026",0.0149999996647239,5240.89111328125,46.625,0.381124995648861,2.00175003707409,299.890129089355,295.10961151123,0.0020000000949949,0.0020000000949949,"Ctenochromis luluae",9586.47270933658,NA,NA,0,NA,NA,NA,NA,NA,1,NA,46
"9029",0,181.992004394531,45,0.90650001168251,3.78075003623962,302.692741394043,291.334999084473,0.00700000021606684,0.00800000037997961,"Protomelas spilonotus",2764.92651108758,0,1,1,16.7000007629395,"commercial",0,3.36,"Carni.",1,"LC",31
"9031",1631.27001953125,4861.49609375,0,0.386999994516373,0.386999994516373,297.130004882812,295.367004394531,0.0020000000949949,0.0020000000949949,"Haplochromis paraguiarti",70029.8147067808,0,1,1,15.6000003814697,NA,0,3.16,"Carni.",1,"DD",814
"9032",0.00909999962896109,47952.2890625,40,0.261000007390976,3.42359994649887,300.933410644531,292.779109191895,0.00300000002607703,0.00700000021606684,"Teleogramma depressa",9335.71281336562,NA,NA,0,NA,NA,NA,NA,NA,1,NA,83
"9034",0,5235.05908203125,48,0.639099997282028,3.09079996347427,302.85604095459,292.585607910156,0.00499999988824129,0.00899999961256981,"Nothobranchius makondorum",27767.5894255572,1,1,0,NA,NA,NA,NA,NA,1,"LC",303
"9036",0,12.451000213623,42.625,2.08100003004074,2.9057500064373,300.420989990234,283.675487518311,0.0120000001043081,0.0158750006230548,"Pseudobarbus verloreni",943.230554847923,1,0,0,7.07999992370605,NA,0,NA,NA,3,"EN",6
"9038",0,8198.4365234375,39,0.438550002872944,1.99485002160072,301.676347351074,290.308392333984,0.00300000002607703,0.00600000005215406,"Clypeobarbus pseudognathodon",62796.5251165841,1,1,0,NA,NA,NA,NA,NA,1,"NT",583
"9039",0,37493.1796875,26,0.213575000688434,2.0944250702858,302.838855743408,291.608152770996,0.0020000000949949,0.00700000021606684,"Clarias jaensis",549278.671767151,1,1,0,NA,NA,NA,NA,NA,1,"LC",6304
"9041",0,151.751007080078,37.95,0.0420999994501472,2.87690011262894,303.940002441406,276.146711730957,0.011049999948591,0.0219499998725951,"Labeobarbus reinii",21187.9684273899,1,0,0,NA,NA,NA,NA,NA,2,"EX",163
"9044",0,45.398998260498,29.9,0.5373750038445,2.29987504780292,295.130868530273,288.109121704102,0.00342500009573996,0.00499999988824129,"Enteromius wellmani",1679.7774055239,1,0,0,NA,NA,NA,NA,NA,2,"DD",18
"9046",0,12825.298828125,27.775,0.23199999332428,2.12297498583794,303.115997314453,288.253488922119,0.00300000002607703,0.00999999977648258,"Barboides gracilis",66012.6688382738,1,0,0,1.79999995231628,NA,0,2,"Herbi.",1,"VU",770
"9050",1631.27001953125,4861.49609375,0,0.386999994516373,0.386999994516373,297.130004882812,295.367004394531,0.0020000000949949,0.0020000000949949,"Haplochromis pundamilia",75275.99539497,0,1,1,12.4200000762939,"of no interest",0,3.68,"Carni.",1,"LC",862
"9051",0.0229500006418675,2.36400008201599,4.85,0.265800002962351,0.766600012779236,300.137881469727,293.617568969727,0.00499999988824129,0.00499999988824129,"Nothobranchius oestergaardi",595.905759098961,0,1,1,3.1800000667572,NA,0,NA,NA,1,"EN",4
"9054",0.00769999991171062,47911.4375,40,0.169200001657009,3.32879991531372,300.680207824707,292.827900695801,0.0020000000949949,0.00600000005215406,"Gymnallabes nops",9171.17701506704,1,1,0,NA,NA,NA,NA,NA,1,"VU",99
"9057",0,47222.84765625,40.75,0.0642500026151538,2.67175009846687,300.985008239746,294.417991638184,0.0020000000949949,0.00499999988824129,"Tetraodon duboisi",3948.6275505585,1,1,0,NA,NA,NA,NA,NA,1,"DD",46
"9064",0,3659.94311523438,37.45,0.650774973630905,2.30009998083115,299.863508605957,287.673548126221,0.00700000021606684,0.00899999961256981,"Nothobranchius rosenstocki",4958.57828925981,1,1,0,4.48999977111816,NA,0,NA,NA,3,"VU",58
"9065",0,47911.4375,42,0.12062499858439,2.68075001239777,301.872123718262,293.174633026123,0.0020000000949949,0.00499999988824129,"Phractura lindica",250160.146399086,1,1,0,NA,NA,NA,NA,NA,1,"LC",2586
"9073",0,18957.59765625,45,0.525149977207184,2.96754993796348,302.916892242432,283.643030548096,0.00400000018998981,0.0120000001043081,"Favonigobius reichei",173342.832038766,1,0,0,8.30000019073486,"of no interest",1,NA,NA,1,"LC",1842
"9074",0.000750000006519258,47222.84765625,32,0.160999994724989,2.01950004696846,303.847991943359,294.712745666504,0.0020000000949949,0.00600000005215406,"Mormyrus subundulatus",47017.5461810551,1,1,0,NA,NA,NA,NA,NA,1,"VU",491
"9077",0,4969.48193359375,34.6,0.745250014960766,2.7447999715805,301.364386749268,292.944022369385,0.00400000018998981,0.00499999988824129,"Campylomormyrus bredoi",5099.84750716768,0,1,1,NA,NA,NA,NA,NA,1,"VU",38
"9078",0,142.098007202148,31.05,0.708649985492229,1.4743499815464,299.221659851074,287.651348876953,0.00600000005215406,0.00800000037997961,"Enteromius lornae",3292.56504806354,1,1,0,NA,NA,NA,NA,NA,3,"DD",39
"9082",0,4.78900003433228,38,2.08299994468689,2.08299994468689,301.454010009766,292.980987548828,0.00700000021606684,0.00700000021606684,"Melanochromis mossambiquensis",83.9468206076889,0,1,1,NA,NA,NA,NA,NA,1,"NT",1
"9083",0.00300000002607703,30925.5546875,37,0.272000014781952,2.5252500474453,301.418128967285,291.90113067627,0.0020000000949949,0.00600000005215406,"Ctenopoma maculatum",302414.299358278,1,1,0,NA,NA,NA,NA,NA,1,"LC",3416
"9085",0,1841.35400390625,49,0.247550004720688,4.08844985961914,301.572998046875,292.190002441406,0.00300000002607703,0.0056499999947846,"Tropheus moorii",33012.5919769452,0,1,1,14.5,"commercial",0,NA,NA,1,"LC",255
"9087",0,3919.5419921875,44.4,0.854500007629394,3.57200007438659,303.044107055664,290.102008056641,0.00600000005215406,0.00909999962896108,"Rhamphochromis longiceps",6876.2660956166,0,1,1,28,"commercial",0,3.83,"Carni.",1,"VU",77
"9089",0.00300000002607703,11712.7255859375,29,0.435750000178814,2.37075001001358,300.974502563477,292.481742858887,0.00300000002607703,0.00600000005215406,"Parauchenoglanis altipinnis",73869.2856835807,1,1,0,NA,NA,NA,NA,NA,1,"LC",851
"9094",0,16501.240234375,40,0.181150002777576,2.62490006685257,300.596687316895,296.305046081543,0.0020000000949949,0.00300000002607703,"Clupeocharax schoutedeni",12475.7681682186,0,1,1,NA,NA,NA,NA,NA,1,"VU",127
"9095",0.0120000001043081,2515.99096679688,22,0.192750003188848,1.25450003147125,301.20149230957,293.679008483887,0.00300000002607703,0.00600000005215406,"Enteromius parajae",112754.303979044,1,1,0,4.15000009536743,NA,0,NA,NA,1,"LC",1311
"9101",0,5031.69580078125,39,0.418100011348724,2.26520001888275,301.493011474609,287.667092895508,0.00300000002607703,0.00899999961256981,"Lacustricola moeruensis",170940.836844435,1,1,0,4,NA,0,NA,NA,3,"LC",1845
"9104",1.88429992198944,3882.8349609375,0,0.166000002622604,0.502299997210503,302.699499511719,293.97080078125,0.00300000002607703,0.00700000021606684,"Fundulopanchax scheeli",2483.64665496887,1,1,0,NA,NA,NA,NA,NA,1,"CR",29
"9105",0,14660.6708984375,47.5499999999997,0.465999990701675,3.47250000238418,305.259741210937,287.75090637207,0.00800000037997961,0.0140000004321337,"Sargochromis codringtonii",449379.470821936,1,1,0,39,"commercial",0,3.09,"Carni.",2,"LC",2379
"9109",140.481994628906,464.053009033203,0,0.331999987363815,0.331999987363815,297.548004150391,291.723999023438,0.00600000005215406,0.00600000005215406,"Labeobarbus osseensis",2946.00893117719,0,1,1,26.3999996185303,NA,0,2.62,"Omni.",1,"VU",35
"9111",0,36.859001159668,33.825,0.843625018000603,1.79099998772144,301.176675415039,290.393435668945,0.00700000021606684,0.00700000021606684,"Labidochromis textilis",673.71997889476,0,1,1,NA,NA,NA,NA,NA,1,"LC",8
"9113",0.833399999141693,14401.5302734375,0,0.266399988532066,0.505999982357025,301.954800415039,295.930508422852,0.00400000018998981,0.00499999988824129,"Opsaridium engrauloides",429.040622161205,1,1,0,NA,NA,NA,NA,NA,1,"DD",5
"9120",0,6371.3427734375,39.225,0.295374997705221,2.50079995989799,307.93706741333,280.8848487854,0.00300000002607703,0.0240000002086163,"Bathygobius fuscus",22790.8478875132,1,0,0,12,"minor commercial",1,NA,NA,1,"LC",192
"9121",0,288.881988525391,33.175,0.63752499371767,1.86519994437694,305.001007080078,282.812305450439,0.00400000018998981,0.00499999988824129,"Alcolapia latilabris",3181.61248734789,NA,NA,0,NA,NA,NA,NA,NA,1,NA,34
"9122",0,1841.35400390625,49,0.247550004720688,4.08844985961914,301.572998046875,292.190002441406,0.00300000002607703,0.0056499999947846,"Lestradea stappersii",33012.5919769452,0,1,1,11.6999998092651,"commercial",0,3.5,"Carni.",1,"LC",255
"9126",41.2239990234375,514.656982421875,0,0.672999978065491,0.672999978065491,303.899993896484,298.980987548828,0.00400000018998981,0.00400000018998981,"Nothobranchius willerti",172.005120136978,0,1,1,NA,NA,NA,NA,NA,1,"VU",1
"9127",0.331999987363815,30925.5546875,0,0.345999985933304,1.46099996566772,301.199005126953,291.468994140625,0.0020000000949949,0.00600000005215406,"Parananochromis gabonicus",65468.1633507259,NA,NA,0,NA,NA,NA,NA,NA,1,"LC",761
"9129",0,3694.84399414062,45,0.431300011277199,2.8953750193119,300.884102630615,290.96524887085,0.0020000000949949,0.00499999988824129,"Labeobarbus jubbi",66985.4305829259,1,1,0,NA,NA,NA,NA,NA,1,"DD",710
"9130",0.270750001072884,242.580001831055,0,0.126499995589256,0.522499993443489,295.157012939453,289.435249328613,0.0020000000949949,0.00250000011874363,"Haplochromis microchrysomelas",2837.93065776997,0,1,1,8.30000019073486,NA,0,NA,NA,3,"LC",31
"9131",1.15299997329712,150.423004150391,0,0.162599995732307,0.307200002670288,297.56220703125,283.743414306641,0.0020000000949949,0.00220000008121133,"Chiloglanis marlieri",2838.33861557658,1,1,0,NA,NA,NA,NA,NA,1,"DD",33
"9132",0,1735.05200195312,20.2,0.232799994945526,1.35340001583099,302.055798339844,288.251788330078,0.00300000002607703,0.011600000038743,"Fundulopanchax puerzli",16554.5580078959,1,1,0,NA,NA,NA,NA,NA,1,"LC",193
"9133",0,3930.80590820312,45,0.842500019073486,3.47260007858276,302.985687255859,289.705291748047,0.00700000021606684,0.00899999961256981,"Copadichromis trimaculatus",11053.5608411534,0,1,1,NA,NA,NA,NA,NA,1,"LC",125
"9139",0,2951.19799804688,36.25,0.495625007897615,1.99562497437,301.440998077393,288.233867645264,0.00300000002607703,0.00800000037997961,"Labeobarbus wittei",22125.5333928797,1,1,0,NA,NA,NA,NA,NA,1,"DD",196
"9141",0,1841.35400390625,49,0.248200005292892,4.08479986190796,301.572998046875,292.190002441406,0.00300000002607703,0.00559999998658895,"Cyprichromis leptosoma",33354.7184506497,0,1,1,11,"commercial",0,3.5,"Carni.",1,"LC",257
"9144",0,47222.84765625,42,0.155225001648068,2.75999999046326,309.712005615234,292.899993896484,0.00400000018998981,0.0140000004321337,"Ctenopoma petherici",3221552.46862059,1,1,0,17.3999996185303,NA,0,3.16,"Carni.",1,"LC",25130
"9146",0.0379999987781048,3449.27587890625,28,0.120824998989701,1.45012502372265,307.547770690918,295.231904602051,0.0068250001873821,0.00999999977648258,"Labeo roseopunctatus",38778.7741897674,1,1,0,NA,NA,NA,NA,NA,1,"LC",354
"9148",0,96.7419967651367,36.4999999999999,0.440224996954203,1.13015003204346,300.661376190186,295.886039733887,0.00300000002607703,0.00300000002607703,"Phenacogrammus bleheri",4295.8231520651,1,1,0,NA,NA,NA,NA,NA,1,"DD",44
"9149",0.0895000014454126,4347.6337890625,8.95000000000005,0.195999994874001,1.19059998393059,301.059696960449,291.992654418945,0.00300000002607703,0.00499999988824129,"Labeobarbus habereri",99600.1283854107,1,1,0,NA,NA,NA,NA,NA,1,"LC",1163
"9152",0.00210000001825392,1735.05200195312,11.5,0.420900002121925,1.16769995689392,302.039801025391,281.437701416016,0.0020000000949949,0.0202000003308058,"Fundulopanchax robertsoni",2489.10638311524,0,1,1,NA,NA,NA,NA,NA,1,"DD",29
"9155",0,9.72799968719482,27.9,1.23550004959106,1.54330005049706,301.813513183594,291.148309326172,0.00700000021606684,0.00795000037178397,"Pseudotropheus perspicax",253.549496086174,0,1,1,NA,NA,NA,NA,NA,1,"LC",3
"9157",0.00372500014491379,1032.44604492188,28.65,0.263950006663799,1.43692502379417,298.730987548828,295.306083679199,0.0020000000949949,0.0020000000949949,"Pollimyrus maculipinnis",2824.44411094468,1,1,0,NA,NA,NA,NA,NA,1,"DD",30
"9160",0,717.818969726562,48.7,0.708999997377396,4.92569990158081,305.479104614258,299.452597045898,0.00300000002607703,0.00400000018998981,"Enteromius turkanae",8414.7713261449,0,1,1,NA,NA,NA,NA,NA,2,"VU",53
"9166",1.99570001363754,1147.47998046875,0,0.253699991106987,0.512100011110306,301.166749572754,294.927410888672,0.00300000002607703,0.00400000018998981,"Enteromius melanotaenia",3667.09216418555,1,0,0,NA,NA,NA,NA,NA,1,"CR",43
"9167",0,47952.2890625,37.3,0.176250001788139,2.55985009670257,300.941511535645,292.887939453125,0.0020000000949949,0.00700000021606684,"Steatocranus gibbiceps",38821.8620647234,1,1,0,NA,NA,NA,NA,NA,1,"LC",395
"9169",NA,NA,NA,NA,NA,NA,NA,NA,NA,"Gambusia affinis",86.0271647393956,1,1,0,5.09999990463257,"minor commercial",0,3.22,"Carni.",NA,"LC",0
"9171",0,47952.2890625,43,0.223000004887581,2.67837491631508,301.548511505127,292.103370666504,0.0020000000949949,0.00600000005215406,"Chrysichthys laticeps",422648.384032909,1,1,0,NA,NA,NA,NA,NA,1,"LC",4166
"9174",0,1841.35400390625,49,0.252425009012222,4.06107487678528,301.572998046875,292.097100067139,0.00300000002607703,0.00527499993331728,"Pseudosimochromis margaretae",34890.675799273,0,1,1,8.14999961853027," ",0,2,"Herbi.",1,NA,270
"9178",0,3919.5419921875,48.15,1.01705001890659,4.4505499124527,302.68404083252,289.875048828125,0.00800000037997961,0.00914999963715672,"Lethrinops macrochir",3340.0763358163,0,1,1,NA,NA,NA,NA,NA,1,"LC",35
"9181",0,1841.35400390625,49,0.248200005292892,4.08479986190796,301.572998046875,292.190002441406,0.00300000002607703,0.00559999998658895,"Gnathochromis permaxillaris",33354.7184506497,0,1,1,NA,NA,NA,NA,NA,1,"LC",257
"9183",0.0696500029414892,2100.81494140625,10.45,0.234450003504753,2.16370003223419,301.110438537598,293.51975402832,0.0020000000949949,0.00544999996200203,"Epiplatys esekanus",15718.5055702612,1,0,0,NA,NA,NA,NA,NA,1,"LC",183
"9184",1631.27001953125,4861.49609375,0,0.386999994516373,0.386999994516373,297.130004882812,295.367004394531,0.0020000000949949,0.0020000000949949,"Haplochromis chilotes",70201.9485614657,0,1,1,14.8000001907349,NA,0,3.2,"Carni.",1,"LC",816
"9187",0.0558999985456467,37376.35546875,14,0.24099999666214,1.90190002918243,301.967092895508,291.603607177734,0.0020000000949949,0.00600000005215406,"Labeobarbus batesii",278483.131507728,1,1,0,NA,NA,NA,NA,NA,1,"LC",3149
"9190",0,12825.298828125,31.2750000000001,0.230000004172325,1.87885001599789,305.412264251709,293.773578643799,0.00300000002607703,0.00800000037997961,"Aphyosemion bitaeniatum",265674.684449864,1,1,0,NA,NA,NA,NA,NA,1,"LC",3070
"9195",0.0369749987730756,203.391006469727,10.275,0.251524996012449,1.32137500345707,299.680976104736,291.349035644531,0.00300000002607703,0.00600000005215406,"Kneria ansorgii",2546.77383606627,1,1,0,NA,NA,NA,NA,NA,1,"DD",22
"9203",0.225050000101328,2719.43603515625,0,0.982899990677834,1.64124996066093,299.45990447998,291.550045776367,0.0020000000949949,0.00499999988824129,"Microsynodontis hirsuta",7482.53494238609,1,0,0,6.80000019073486,NA,0,NA,NA,1,"DD",87
"9204",0,47222.84765625,40,0.195949994772673,2.50505011081695,307.915985107422,293.236248779297,0.0020000000949949,0.0109999999403954,"Papyrocranus afer",1190474.63390969,1,1,0,80,"subsistence fisheries",0,3.15,"Carni.",1,"LC",11679
"9206",0,4969.48193359375,39,0.462550000846386,2.40949995517731,300.910754394531,287.844445800781,0.00400000018998981,0.00999999977648258,"Campylomormyrus luapulaensis",44881.3759882122,1,1,0,NA,NA,NA,NA,NA,3,"DD",475
"9207",0,1841.35400390625,49,0.247550004720688,4.08844985961914,301.572998046875,292.190002441406,0.00300000002607703,0.0056499999947846,"Xenotilapia leptura",33012.5919769452,0,1,1,11,"commercial",0,2,"Herbi.",1,"LC",255
"9210",0.793000012636185,452.679992675781,0,0.508499994874001,0.933000028133392,302.597503662109,290.047485351562,0.00250000006053597,0.00450000003911555,"Coptodon kottae",1801.32606590871,0,1,1,NA,NA,NA,NA,NA,1,"EN",21
"9211",0,47952.2890625,43,0.229150002449751,2.6449499130249,301.713842773437,290.233001708984,0.0020000000949949,0.00700000021606684,"Tylochromis lateralis",803243.797519288,1,1,0,26,NA,0,3.08,"Carni.",1,"LC",7807
"9212",0,496.622985839844,41,0.24367500282824,2.12120004892349,302.312986755371,289.664910125732,0.00400000018998981,0.00600000005215406,"Zaireichthys wamiensis",49198.2485139009,1,0,0,NA,NA,NA,NA,NA,1,"VU",400
"9218",0,9312.2099609375,47,0.206000000238419,3.75937495827675,309.861773681641,291.3596534729,0.00400000018998981,0.0179999992251396,"Gymnarchus niloticus",409866.908988173,1,1,0,167,"commercial",0,3.71,"Carni.",2,"LC",3134
"9221",150.837678909302,3405.36791992188,0,1.08202501535416,1.08297494649887,299.862438201904,294.556867980957,0.00400000018998981,0.00400000018998981,"Mormyrops batesianus",429.989436959037,1,1,0,NA,NA,NA,NA,NA,1,"DD",2
"9222",140.481994628906,464.053009033203,0,0.331999987363815,0.331999987363815,297.548004150391,291.723999023438,0.00600000005215406,0.00600000005215406,"Labeobarbus gorgorensis",2946.00893117719,0,1,1,61.7999992370605,NA,0,3.22,"Carni.",1,"DD",35
"9223",0.017399999499321,73.4250030517578,37.85,1.39374998211861,2.69199996590614,302.195346069336,296.673045349121,0.00499999988824129,0.00499999988824129,"Nothobranchius luekei",597.622345063263,1,1,0,NA,NA,NA,NA,NA,1,"EN",7
"9224",0,47952.2890625,41,0.226999998092651,2.54339995384216,301.41369934082,288.863098144531,0.0020000000949949,0.00899999961256981,"Campylomormyrus rhynchophorus",838814.660183962,1,1,0,NA,NA,NA,NA,NA,1,"LC",8453
"9227",0,47303.76171875,32,0.230250004678965,1.97074997425079,306.017753601074,292.60474395752,0.00300000002607703,0.00899999961256981,"Dormitator lebretonis",836288.829024521,1,1,0,12.3999996185303,"of no interest",1,2.47,"Omni.",1,"LC",8491
"9229",0,557.197998046875,39,0.710349978506565,3.10949993729591,308.195523071289,285.183672332764,0.00302500003017485,0.0120000001043081,"Monodactylus argenteus",8189.33675318414,1,0,0,27,"minor commercial",1,3.13,"Carni.",1,"LC",82
"9230",1631.27001953125,4861.49609375,0,0.386999994516373,0.386999994516373,297.130004882812,295.367004394531,0.0020000000949949,0.0020000000949949,"Haplochromis laparogramma",70201.9485614657,0,1,1,8.5,NA,0,3.3,"Carni.",1,"LC",816
"9234",0,12825.298828125,29,0.221575001999736,1.9868499815464,303.693270111084,292.353979492187,0.00300000002607703,0.00899999961256981,"Parachanna africana",143216.895834303,1,0,0,NA,NA,NA,NA,NA,1,"LC",1664
"9237",0.0531000006012618,5.31599998474121,2.95,0.983374981582165,0.997625024616718,299.05433883667,289.998045349121,0.00700000021606684,0.00700000021606684,"Nothobranchius flagrans",169.182086499315,1,1,0,NA,NA,NA,NA,NA,3,"EN",2
"9239",0,3919.5419921875,45.3,0.851125010848045,3.87127501964569,302.699266815186,290.653280639648,0.00700000021606684,0.00899999961256981,"Aulonocara brevirostre",2510.09468586416,NA,NA,0,NA,NA,NA,NA,NA,1,NA,28
"9242",0,47222.84765625,41,0.201975006982684,2.39102503061295,301.627990722656,294.666842651367,0.0020000000949949,0.00499999988824129,"Distichodus altus",314913.259883961,1,1,0,NA,NA,NA,NA,NA,1,"LC",3200
"9248",0,96.7419967651367,36.4999999999999,0.440224996954203,1.13015003204346,300.661376190186,295.886039733887,0.00300000002607703,0.00300000002607703,"Micralestes ambiguus",4295.8231520651,1,1,0,NA,NA,NA,NA,NA,1,"DD",44
"9255",0,8350.2724609375,39.325,0.453099989145994,2.03964998722076,301.6892578125,291.152237701416,0.0020000000949949,0.00499999988824129,"Microctenopoma ocellifer",48240.3530419572,1,1,0,NA,NA,NA,NA,NA,1,"LC",428
"9259",0,3274.53393554688,39,0.246325002610683,2.53677496314048,308.099391174316,281.294400787354,0.00300000002607703,0.0189999993890524,"Lamnostoma orientalis",510852.39826373,1,0,0,NA,NA,NA,NA,NA,2,"LC",3134
"9261",0.0148749997606501,37493.1796875,18,0.238000005483627,1.87749998271465,301.442111968994,291.669864654541,0.0020000000949949,0.00600000005215406,"Phractura longicauda",275232.335757007,NA,NA,0,NA,NA,NA,NA,NA,1,"LC",3196
"9265",0,240.039001464844,38,0.462000012397766,2.17172493338585,304.994520568848,275.893448638916,0.00999999977648258,0.0209999997168779,"Labeo umbratus",545162.117920622,1,1,0,50,"commercial",0,2.77,"Omni.",2,"LC",1522
"9266",0,47952.2890625,42,0.221000000834465,2.56137509942055,301.493160247803,291.976916503906,0.0020000000949949,0.00499999988824129,"Distichodus sexfasciatus",821185.900004875,1,1,0,76,"commercial",0,2.79,"Omni.",1,"LC",8158
"9267",0.0472749983891845,6354.18017578125,18.975,0.30507500693202,2.36762502789497,301.039510345459,291.609533691406,0.00300000002607703,0.00600000005215406,"Enteromius taeniurus",27674.3936060789,1,1,0,NA,NA,NA,NA,NA,1,"VU",322
"9268",0,47952.2890625,42,0.224000006914139,2.53479996323585,301.544484710693,293.695570373535,0.0020000000949949,0.00499999988824129,"Parailia congica",581864.474052057,1,1,0,9,NA,0,3.2,"Carni.",1,"LC",5702
"9269",0,3274.53393554688,23,0.305000007152557,1.68299996852875,303.336099243164,290.163006591797,0.00300000002607703,0.00999999977648258,"Epiplatys fasciolatus",158121.693401304,1,1,0,NA,NA,NA,NA,NA,1,"LC",1859
"9275",0,46.4039993286133,42,0.338874997571111,1.83087499439716,303.150127410889,290.012866973877,0.00400000018998981,0.00600000005215406,"Synodontis macrops",20193.3216744825,1,0,0,NA,NA,NA,NA,NA,1,"DD",76
"9276",0,404.072998046875,39,0.383800005167723,2.60252496004105,305.777058410645,284.984022521973,0.00300000002607703,0.00752500030212102,"Labeobarbus intermedius",93617.3405586623,1,1,0,NA,NA,NA,NA,NA,1,"LC",900
"9278",0,47312.2109375,34,0.246999993920326,2.07919999361038,305.109057617187,288.733908081055,0.00300000002607703,0.00899999961256981,"Eleotris daganensis",983247.147933203,1,1,0,NA,NA,NA,NA,NA,1,"LC",9519
"9279",0,10669.1220703125,39,0.135000005364418,2.35869996547699,309.053009033203,292.911987304688,0.00400000018998981,0.0130000002682209,"Arius gigas",946605.923202641,1,1,0,NA,NA,NA,NA,NA,1,"DD",8725
"9280",0,555.129028320312,39.675,0.467874994874001,2.66317502856255,305.810549163818,283.116149139404,0.00300000002607703,0.00700000021606684,"Bagrus urostigma",87483.0813855579,1,0,0,NA,NA,NA,NA,NA,1,"DD",374
"9281",0,47952.2890625,39.025,0.172974993288517,2.62962509393692,300.805142974854,293.014989471436,0.0020000000949949,0.00600000005215406,"Steatocranus tinanti",36958.546873683,1,1,0,NA,NA,NA,NA,NA,1,"LC",400
"9283",0,1841.35400390625,49,0.249825006723404,4.07567486763,301.572998046875,292.155541992188,0.00300000002607703,0.00547499996609985,"Lamprichthys tanganicanus",33865.6245571029,1,1,0,NA,NA,NA,NA,NA,1,"LC",262
"9286",0,12825.298828125,29,0.1342500038445,1.98574995994568,304.557510375977,291.972755432129,0.00300000002607703,0.00899999961256981,"Denticeps clupeoides",146176.902322442,1,0,0,15,NA,0,NA,NA,1,"VU",1691
"9289",0,3919.5419921875,49,0.848875012993813,4.41945006847382,302.712317657471,287.856317138672,0.00700000021606684,0.00999999977648258,"Bathyclarias nyasensis",15957.7125646371,0,1,1,100,"commercial",0,3.73,"Carni.",1,"LC",182
"9291",0,4969.48193359375,36.575,0.305999994277954,2.03097500503063,300.932585906982,288.737440490723,0.00300000002607703,0.00700000021606684,"Oreochromis mweruensis",31676.422787262,1,1,0,23.7999992370605,NA,0,NA,NA,1,"LC",298
"9292",0.30249999165535,2719.43603515625,0,0.360799995064735,1.55089995861053,299.454998779297,291.338012695312,0.0020000000949949,0.00600000005215406,"Channallabes alvarezi",19697.1727312095,NA,NA,0,NA,NA,NA,NA,NA,1,"LC",229
"9294",0,2727.44604492188,41,0.225699995458126,2.21819994449615,303.018307495117,288.738299560547,0.00300000002607703,0.00899999961256981,"Enteromius innocens",138311.721785148,1,1,0,8,"commercial",0,2.41,"Omni.",1,"LC",1309
"9295",0,47952.2890625,40,0.20100000500679,2.3939748942852,301.634647369385,293.442665863037,0.0020000000949949,0.00600000005215406,"Synodontis acanthomias",712690.749649947,1,1,0,NA,NA,NA,NA,NA,1,"LC",7268
"9296",0,1943.49499511719,45,0.31649999320507,2.82800006866455,301.327499389648,287.52099609375,0.0020000000949949,0.0109999999403954,"Lacustricola macrurus",135589.827528527,1,0,0,5,NA,0,NA,NA,2,NA,981
"9298",0,2538.38403320312,31,0.289900006353855,1.85367499887943,301.34587097168,294.469008636475,0.00400000018998981,0.00600000005215406,"Enteromius stauchi",19828.0781251556,NA,NA,0,NA,NA,NA,NA,NA,1,"EN",230
"9306",1631.27001953125,4861.49609375,0,0.386999994516373,0.386999994516373,297.130004882812,295.367004394531,0.0020000000949949,0.0020000000949949,"Haplochromis prodromus",70029.8147067808,0,1,1,13,NA,0,3.4,"Carni.",1,"DD",814
"9307",0,3919.5419921875,44.4,0.854500007629394,3.57200007438659,303.044107055664,290.102008056641,0.00600000005215406,0.00909999962896108,"Exochochromis anagenys",6876.2660956166,0,1,1,20,"commercial",0,4.2,"Carni.",1,"LC",77
"9308",0,37493.1796875,40,0.251049987971783,2.55475006103516,301.750956726074,292.658505249023,0.0020000000949949,0.00499999988824129,"Enteromius brazzai",400046.657779021,1,1,0,NA,NA,NA,NA,NA,1,"LC",4323
"9310",0,17.1760005950928,47.35,1.376750010252,4.07314994335175,302.49866027832,292.667042541504,0.00700000021606684,0.00800000037997961,"Mylochromis mollis",586.843871410294,0,1,1,NA,NA,NA,NA,NA,1,"LC",7
"9311",0,3919.5419921875,44.4,0.854500007629394,3.57200007438659,303.044107055664,290.102008056641,0.00600000005215406,0.00909999962896108,"Stigmatochromis woodi",6876.2660956166,0,1,1,25,"commercial",0,4.2,"Carni.",1,"LC",77
"9314",0,47952.2890625,41,0.223000004887581,2.53900003433228,301.559997558594,292.187408447266,0.0020000000949949,0.00600000005215406,"Bryconaethiops microstoma",1238021.13815083,1,1,0,NA,NA,NA,NA,NA,1,"LC",12705
"9315",0,2482.11791992188,25,0.33639999628067,1.70520005226135,301.24619140625,294.525402832031,0.00400000018998981,0.00600000005215406,"Amphilius mamonekenensis",12444.2569832423,1,0,0,NA,NA,NA,NA,NA,1,"VU",145
"9316",1631.27001953125,4861.49609375,0,0.386999994516373,0.386999994516373,297.130004882812,295.367004394531,0.0020000000949949,0.0020000000949949,"Haplochromis cavifrons",70201.9485614657,0,1,1,19.5,NA,0,4.2,"Carni.",1,"DD",816
"9319",0,7986.2919921875,39,0.284225008636713,2.33305003643036,310.059336853027,293.989376068115,0.00499999988824129,0.00899999961256981,"Microctenopoma pekkolai",64813.509340937,NA,NA,0,NA,NA,NA,NA,NA,1,"DD",364
"9320",0.00345000002998859,1735.05200195312,7,0.378200002014637,1.07634996175766,302.464051818848,286.70285949707,0.00300000002607703,0.0146999997552484,"Amphilius korupi",10894.235848234,1,0,0,NA,NA,NA,NA,NA,1,"EN",127
"9328",0,3919.5419921875,44,0.845500016212463,3.45050008296966,302.935089111328,290.580908203125,0.00700000021606684,0.00969999972730875,"Nimbochromis linni",4694.31397546243,0,1,1,25,"commercial",0,4.2,"Carni.",1,"LC",53
"9329",0,9473.2900390625,48,0.439000010490417,3.40479998588562,304.180599975586,287.161508178711,0.00499999988824129,0.0130000002682209,"Oreochromis macrochir",1184987.02150882,1,1,0,43,"commercial",0,2.21,"Omni.",2,"VU",8205
"9332",0,47911.4375,40,0.246999993920326,2.55522505044937,301.463012695312,293.638000488281,0.0020000000949949,0.00499999988824129,"Microsynodontis christyi",474472.460291362,NA,NA,0,NA,NA,NA,NA,NA,1,"LC",4872
"9333",0.00847500001545996,6051.951171875,32.05,0.0904750009998679,1.43505004048347,302.462619018555,286.292140960693,0.0020000000949949,0.00499999988824129,"Microctenopoma damasi",91594.8042058683,1,0,0,NA,NA,NA,NA,NA,1,"LC",740
"9338",0,3919.5419921875,44,0.845500016212463,3.45050008296966,302.935089111328,290.580908203125,0.00700000021606684,0.00969999972730875,"Tyrannochromis macrostoma",4694.31397546243,0,1,1,30,"commercial",0,4.2,"Carni.",1,"LC",53
"9341",0,47952.2890625,40,0.178000003099442,2.23452510237694,300.682382202148,291.738040161133,0.0020000000949949,0.00700000021606684,"Enteromius vanderysti",26626.1439773443,NA,NA,0,NA,NA,NA,NA,NA,1,NA,278
"9342",0,47911.4375,42,0.174999997019768,2.75199995040894,309.053009033203,289.953002929688,0.00300000002607703,0.0140000004321337,"Schilbe mystus",2401498.43609808,1,1,0,35,"commercial",0,3.28,"Carni.",1,"LC",19673
"9345",0,17.1760005950928,24,1.60199999809265,1.60199999809265,301.429992675781,292.802001953125,0.00800000037997961,0.00800000037997961,"Labidochromis lividus",84.1614107759323,0,1,1,NA,NA,NA,NA,NA,1,"LC",1
"9348",0,10816.138671875,30,0.393249992281199,1.76585000157356,304.050635528564,296.529319000244,0.00400000018998981,0.00499999988824129,"Synodontis guttatus",14866.7627290481,0,1,1,NA,NA,NA,NA,NA,1,"CR",174
"9351",0,3935.47412109375,41.3,0.838100016117096,2.8529999256134,303.014389038086,290.992309570312,0.00690000019967556,0.00909999962896109,"Oreochromis squamipinnis",3184.27816742153,1,1,0,36,"commercial",0,2.14,"Herbi.",1,"CR",37
"9352",0,47952.2890625,42,0.178000003099442,2.74777490496635,300.795916748047,291.959175109863,0.0020000000949949,0.00600000005215406,"Clypeobarbus congicus",256132.131516663,1,1,0,NA,NA,NA,NA,NA,1,"LC",2724
"9354",0,9276.0888671875,42,0.118000000715256,2.99000000953674,305.789001464844,277.571014404297,0.0149999996647239,0.0240000002086163,"Dicentrarchus labrax",201434.224036293,1,0,0,103,"commercial",1,3.47,"Carni.",2,"LC",1561
"9357",0,47746.8515625,27.7749999999999,0.162750000879169,2.00215004086494,300.793031311035,293.631311798096,0.0020000000949949,0.00499999988824129,"Atopochilus mandevillei",14073.5176193708,1,1,0,NA,NA,NA,NA,NA,1,"DD",164
"9359",0,10078.3056640625,41,0.18299999833107,1.86725002527237,301.488761901855,288.381256103516,0.0020000000949949,0.00600000005215406,"Enteromius taeniopleura",168414.872731069,1,1,0,NA,NA,NA,NA,NA,1,"LC",1611
"9362",0,5479.73779296875,47.1,0.891600006818771,3.77110006809235,302.972109985352,295.886294555664,0.00489999991841614,0.00600000005215406,"Nothobranchius eggersi",3582.04785520588,1,1,0,NA,NA,NA,NA,NA,1,"LC",37
"9368",0,12825.298828125,41,0.172000005841255,2.53477504849434,308.324785614014,292.659223175049,0.00400000018998981,0.0109999999403954,"Parailia pellucida",1715528.54347492,1,1,0,12,"commercial",0,3.45,"Carni.",1,"LC",14450
"9369",1.06752500534058,1158.28894042969,0,0.223075005039573,0.613974995911121,302.398783111572,290.49642868042,0.00300000002607703,0.00400000018998981,"Fundulopanchax gresensi",7193.91699219597,NA,NA,0,NA,NA,NA,NA,NA,1,"DD",84
"9372",0,47952.2890625,41,0.224999994039536,2.50842496752739,301.81685256958,292.985451507568,0.0020000000949949,0.00499999988824129,"Citharinus gibbosus",753850.824768964,1,1,0,NA,NA,NA,NA,NA,1,"LC",7304
"9376",0.00300000002607703,552.017028808594,44,0.444450004398823,2.89259999990463,304.354357910156,294.393054199219,0.00400000018998981,0.00499999988824129,"Marcusenius devosi",69245.0388400855,1,0,0,NA,NA,NA,NA,NA,1,"NT",207
"9379",0,37511.4140625,42.9749999999999,0.246999993920326,2.662925106287,301.826821136475,293.834164428711,0.0020000000949949,0.00499999988824129,"Petrocephalus schoutedeni",244944.253255989,1,1,0,NA,NA,NA,NA,NA,1,"LC",2242
"9384",0,18957.59765625,42,0.449999988079071,2.64749997854233,303.710746765137,281.293746948242,0.00499999988824129,0.0160000007599592,"Enteromius trimaculatus",1109964.12654628,1,1,0,15,"commercial",0,3.22,"Carni.",2,"LC",8091
"9386",0,4105.544921875,41,0.462999999523163,2.39035001993179,304.037548065186,285.432471466064,0.00600000005215406,0.00999999977648258,"Labeobarbus johnstonii",104924.837785781,1,1,0,50,"commercial",0,2,"Herbi.",3,"LC",1210
"9389",0,1284.30895996094,37,0.263999998569489,1.57477502822876,300.035619354248,295.063188934326,0.00100000004749745,0.0020000000949949,"Cyclopharynx fwae",12494.2914183932,1,1,0,NA,NA,NA,NA,NA,1,"LC",132
"9391",0,37376.35546875,39,0.168999999761581,2.49310002326965,309.665985107422,293.101791381836,0.00300000002607703,0.0130000002682209,"Pellonula leonensis",3365833.85284635,1,1,0,12.1000003814697,"minor commercial",1,3.29999995231628,"Carni.",1,"LC",28477
"9392",0.187899998575449,2097.541015625,6,0.198474999889731,1.05082496106624,300.650693511963,289.989386749268,0.00300000002607703,0.00499999988824129,"Aphyosemion dargei",13194.6327138679,NA,NA,0,NA,NA,NA,NA,NA,1,"VU",154
"9393",0,7.99599981307983,38,2.28074997067451,2.3092499434948,302.144012451172,293.549011230469,0.00800000037997961,0.00800000037997961,"Placidochromis nkhotakotae",167.754756607819,0,1,1,NA,NA,NA,NA,NA,1,"DD",2
"9394",0,18957.59765625,45,0.51139999628067,2.95600004196167,308.230206298828,284.171002197266,0.00400000018998981,0.0130000002682209,"Crenimugil buchanani",300736.004820018,1,0,0,100,"commercial",1,2.22,"Omni.",1,NA,2497
"9397",0,5301.97900390625,38,0.236300002038479,1.72119999527931,302.41890411377,292.587008666992,0.0020000000949949,0.00499999988824129,"Mormyrus macrocephalus",78171.0648805117,1,1,0,NA,NA,NA,NA,NA,1,"VU",467
"9399",0.0638000003993511,3193.81298828125,9,0.259499993920326,1.89480000734329,301.888595581055,293.672888183594,0.0020000000949949,0.00600000005215406,"Labeo camerunensis",56097.3404999324,NA,NA,0,NA,NA,NA,NA,NA,1,"LC",653
"9400",0.126800003647804,36454.14453125,4,0.229200002551079,1.32359998226166,301.55400390625,291.680395507812,0.0020000000949949,0.00600000005215406,"Paramormyrops kingsleyae",226173.260332094,1,0,0,NA,NA,NA,NA,NA,1,"LC",2617
"9403",0,13681.75,36,0.435900004208088,2.04755007624626,301.674768066406,292.554718780518,0.00300000002607703,0.00600000005215406,"Microthrissa whiteheadi",77525.9295462535,1,1,0,NA,NA,NA,NA,NA,1,"LC",850
"9404",0,12825.298828125,42,0.164000004529953,2.68947497010231,309.674011230469,292.907012939453,0.00400000018998981,0.0140000004321337,"Epiplatys bifasciatus",2471140.19398596,1,1,0,NA,NA,NA,NA,NA,1,"LC",19982
"9407",0,47862.3828125,42.0999999999995,0.171900005638599,2.60909996032715,301.527307128906,294.430899047852,0.0020000000949949,0.00499999988824129,"Leptocypris modestus",427232.847467338,1,1,0,NA,NA,NA,NA,NA,1,"LC",4317
"9410",0.0568000003695488,2427.31201171875,18.6,0.241399997472763,0.804999995231626,300.967993164062,293.540802001953,0.0020000000949949,0.00499999988824129,"Aphyosemion louessense",35920.1589723294,1,0,0,NA,NA,NA,NA,NA,1,"VU",417
"9416",0,3919.5419921875,41.75,0.833750009536743,2.94149994850159,303.019493103027,290.946258544922,0.00675000017508864,0.009249999653548,"Lichnochromis acuticeps",2683.74261882117,0,1,1,NA,NA,NA,NA,NA,1,"LC",31
"9417",0,1841.35400390625,49,0.247550004720688,4.08844985961914,301.572998046875,292.190002441406,0.00300000002607703,0.0056499999947846,"Lamprologus ornatipinnis",33012.5919769452,0,1,1,NA,NA,NA,NA,NA,1,"LC",255
"9419",0,557.197998046875,39,0.709999978542328,3.1159999370575,308.197998046875,284.799987792969,0.00300000002607703,0.0120000001043081,"Chanos chanos",9858.6599157916,1,1,0,180,"highly commercial",1,2.59,"Omni.",2,"LC",81
"9421",0,9131.9716796875,48,0.439000010490417,3.47300004959106,303.351013183594,287.556201171875,0.00499999988824129,0.0130000002682209,"Enteromius barotseensis",741406.354714095,1,1,0,5,"of potential interest",0,NA,NA,3,"LC",5169
"9424",0,14054.060546875,45,0.293999999761581,3.51444995999336,310.218374633789,289.422331237793,0.00300000002607703,0.0130000002682209,"Pollimyrus petherici",193004.745709027,1,1,0,NA,NA,NA,NA,NA,2,"LC",1312
"9435",0,47194.4140625,42,0.234999999403954,2.60672497749329,301.786015319824,294.295989990234,0.0020000000949949,0.00499999988824129,"Tylochromis robertsi",477339.940784077,1,1,0,21.1000003814697,NA,0,2.44,"Omni.",1,"LC",4734
"9436",0,47911.4375,45,0.229950004070997,3.07205002307892,308.561004638672,287.15783996582,0.0020000000949949,0.0130000002682209,"Hydrocynus vittatus",3731467.69133885,1,1,0,105,"commercial",0,3.93,"Carni.",1,"LC",30759
"9437",1631.27001953125,4861.49609375,0,0.386999994516373,0.386999994516373,297.130004882812,295.367004394531,0.0020000000949949,0.0020000000949949,"Haplochromis pseudopellegrini",70029.8147067808,0,1,1,15,NA,0,4.2,"Carni.",1,"DD",814
"9438",0,73.4250030517578,35.75,1.39687497913837,2.54449997246265,302.249353790283,296.603728485107,0.00499999988824129,0.00499999988824129,"Nothobranchius ruudwildekampi",1024.51389670026,1,1,0,2.49000000953674,NA,0,NA,NA,1,"VU",12
"9440",0.00660000008065254,937.736022949219,7,0.377600003033876,1.05602504014969,302.475525665283,286.947619628906,0.00300000002607703,0.0119250000920147,"Fundulopanchax rubrolabialis",10636.7017350887,1,1,0,NA,NA,NA,NA,NA,1,"EN",124
"9441",0,2999.5830078125,48.625,0.519249990582466,4.8888748884201,305.47887802124,297.962875366211,0.00300000002607703,0.00462500000139698,"Neobola stellae",8758.08952918663,0,1,1,NA,NA,NA,NA,NA,2,"LC",56
"9446",0.169125006720424,2538.36596679688,1,0.291099993884563,1.12945000231266,303.057183074951,293.365997314453,0.00300000002607703,0.00899999961256981,"Scriptaphyosemion chaytori",35044.6540581911,1,1,0,NA,NA,NA,NA,NA,1,"VU",412
"9447",0,14132.7802734375,23.875,0.112999998033047,1.36950001120567,300.371486663818,287.668369293213,0.0020000000949949,0.00400000018998981,"Clarias dhonti",166333.183954518,1,1,0,NA,NA,NA,NA,NA,1,"LC",1686
"9449",0,262.276000976562,31.175,0.557549990713596,1.9352500140667,299.445483398437,287.576097106934,0.00600000005215406,0.00999999977648258,"Steatocranus bleheri",8174.12430357927,1,1,0,NA,NA,NA,NA,NA,3,"DD",92
"9451",0,5301.97900390625,36,0.248999997973442,1.71507501602173,301.428216552734,285.564249420166,0.0020000000949949,0.00499999988824129,"Enteromius yongei",137446.344983826,1,1,0,5.59999990463257,NA,0,2.3,"Omni.",1,"LC",1012
"9452",0,785.924987792969,30.1,0.268600001186132,1.67967501282692,299.721002960205,292.681436920166,0.0020000000949949,0.00400000018998981,"Platyclarias machadoi",7652.5934798573,1,1,0,NA,NA,NA,NA,NA,1,"DD",70
"9453",0,5558.05322265625,40,0.209600004553795,2.26220002174377,302.904602050781,290.389404296875,0.00300000002607703,0.00600000005215406,"Labeobarbus macrolepis",174204.534099668,1,1,0,NA,NA,NA,NA,NA,1,"NT",1329
"9455",0,47952.2890625,44,0.184000000357628,3.0016750395298,309.049987792969,289.644329833984,0.0020000000949949,0.0130000002682209,"Mormyrops anguilloides",2742295.02311893,1,1,0,150,"commercial",0,3.77,"Carni.",1,"LC",20654
"9459",0,4273.27783203125,45,0.359349998086691,2.96224998831749,300.406460571289,290.685565948486,0.00100000004749745,0.00499999988824129,"Enteromius mediosquamatus",50010.7481289231,1,1,0,NA,NA,NA,NA,NA,1,"DD",488
"9462",0,3012.11206054688,43,0.653999984264374,2.45274993777275,303.235507965088,286.137615203857,0.00600000005215406,0.0109999999403954,"Chetia brevicauda",60841.8651289638,1,0,0,12.5,NA,0,NA,NA,1,"LC",746
"9464",0,47952.2890625,43,0.198374999687076,2.67099997401237,300.864246368408,293.727745056152,0.0020000000949949,0.00600000005215406,"Chrysichthys brevibarbis",205889.491551398,1,1,0,NA,NA,NA,NA,NA,1,"LC",1936
"9465",0,4347.6337890625,21.375,0.231874994933605,1.35212501883507,301.998992919922,290.956363677979,0.00300000002607703,0.009249999653548,"Aphyosemion franzwerneri",27111.4098473989,1,1,0,NA,NA,NA,NA,NA,1,"EN",316
"9466",0,14720.73046875,43,0.18472500666976,2.73787499666214,300.274993896484,295.567798614502,0.0020000000949949,0.0020000000949949,"Tylochromis elongatus",35266.7178258257,1,1,0,15.3000001907349,NA,0,2.65,"Omni.",1,"DD",388
"9468",0,4969.48193359375,33.5,0.219999993219972,2.40887501835823,301.447498321533,289.812492370605,0.00300000002607703,0.00800000037997961,"Alestes ansorgii",20115.4981059968,1,1,0,NA,NA,NA,NA,NA,1,"LC",176
"9471",0,343.438995361328,36,0.110950001329184,2.19199998378754,305.496604919434,274.038500976563,0.0189999993890524,0.0280000008642673,"Carasobarbus moulouyensis",87309.0848855475,1,0,0,NA,NA,NA,NA,NA,3,"LC",719
"9475",1631.27001953125,4861.49609375,0,0.386999994516373,0.386999994516373,297.130004882812,295.367004394531,0.0020000000949949,0.0020000000949949,"Haplochromis cinctus",70201.9485614657,0,1,1,8.80000019073486,NA,0,2,"Herbi.",1,"CR",816
"9476",0.270750001072884,242.580001831055,0,0.126499995589256,0.522499993443489,295.157012939453,289.435249328613,0.0020000000949949,0.00250000011874363,"Haplochromis scheffersi",2837.93065776997,0,1,1,8.5,NA,0,NA,NA,3,"LC",31
"9480",0,752.841979980469,42.7,0.547399997711182,3.12619988918304,304.627490234375,288.326400756836,0.00210000008810312,0.011500000115484,"Ephippus goreensis",3908.40239071528,1,0,0,30,"minor commercial",1,3.45,"Carni.",1,"LC",45
"9481",0,37475.21484375,42,0.195999994874001,2.77080006599426,300.804287719727,296.090106201172,0.0020000000949949,0.00300000002607703,"Clariallabes uelensis",130581.886359654,1,1,0,NA,NA,NA,NA,NA,1,"LC",1349
"9482",0.103975002095103,6371.3427734375,6.02499999999998,0.274800005555153,1.96662496328354,301.16608581543,291.718851470947,0.0020000000949949,0.00600000005215406,"Doumea gracila",41254.638785791,NA,NA,0,NA,NA,NA,NA,NA,1,"VU",480
"9483",0,46797.73046875,42,0.238000005483627,2.65700006484985,301.957000732422,293.126007080078,0.0020000000949949,0.00499999988824129,"Brycinus bimaculatus",876061.474734945,NA,NA,0,NA,NA,NA,NA,NA,1,NA,8841
"9484",0.0438250000588596,318.692993164062,29.35,0.27412500679493,1.19140003919601,302.968339538574,297.0419921875,0.00300000002607703,0.00400000018998981,"Limbochromis robertsi",23438.5616850215,1,0,0,NA,NA,NA,NA,NA,1,"EN",194
"9487",1631.27001953125,4870.52197265625,0,0.386999994516373,0.386999994516373,297.130004882812,295.367004394531,0.0020000000949949,0.0020000000949949,"Haplochromis mbipi",72008.7472782697,0,1,1,13.0600004196167,NA,0,2.58,"Omni.",1,"LC",830
"9490",0,47952.2890625,40,0.114300003089011,3.20559999346733,300.935607147217,292.908116149902,0.0020000000949949,0.00700000021606684,"Chiloglanis carnosus",17056.9636145755,1,1,0,NA,NA,NA,NA,NA,1,"NT",168
"9491",0,3919.5419921875,44,0.845500016212463,3.45050008296966,302.935089111328,290.580908203125,0.00700000021606684,0.00969999972730875,"Ctenopharynx pictus",4694.31397546243,0,1,1,12.6000003814697,"commercial",0,3,"Carni.",1,"LC",53
"9492",0,10078.3056640625,42,0.425999999046326,2.4282500743866,301.503997802734,288.094261169434,0.0020000000949949,0.00899999961256981,"Kneria wittei",208038.957747166,1,1,0,NA,NA,NA,NA,NA,1,"LC",1971
"9493",0,27.2019996643066,27.8,0.892700010538101,1.55689997673035,301.806011962891,291.178109741211,0.00700000021606684,0.00790000036358833,"Labidochromis maculicauda",422.101536995476,0,1,1,6.40000009536743,"commercial",0,3.35,"Carni.",1,"LC",5
"9495",0.0454250010661781,3418.40087890625,23,0.205424999073148,1.28572498261929,305.020027160645,294.144389343262,0.00300000002607703,0.00700000021606684,"Marcusenius ussheri",566726.020661404,1,0,0,NA,NA,NA,NA,NA,1,"LC",6178
"9498",0,37461.203125,36.4749999999999,0.265524994581938,1.99640003740787,301.56569442749,291.80625,0.0020000000949949,0.00600000005215406,"Paramphilius baudoni",153850.70555793,1,1,0,NA,NA,NA,NA,NA,1,"LC",1542
"9499",0.0264250006061047,2100.81494140625,25.1,0.320175001770258,2.36530001163483,300.827738952637,293.513377380371,0.0020000000949949,0.0055249999742955,"Chrysichthys nyongensis",15460.411232987,NA,NA,0,NA,NA,NA,NA,NA,1,"VU",180
"9500",0,13055.2373046875,41,0.134800004959106,2.64919996261597,308.474401855469,287.165411376953,0.0020000000949949,0.0179999992251396,"Bagrus docmak",826113.69276976,1,1,0,127,"commercial",0,4.08,"Carni.",1,"LC",5793
"9504",0,3919.5419921875,44.4,0.854500007629394,3.57200007438659,303.044107055664,290.102008056641,0.00600000005215406,0.00909999962896108,"Sciaenochromis fryeri",6876.2660956166,0,1,1,11.5,NA,0,4.2,"Carni.",1,"LC",77
"9507",0,914.56298828125,43,0.409999996423721,2.11700005531311,300.969000244141,287.193194580078,0.00400000018998981,0.00700000021606684,"Synodontis ricardoae",72714.2791921898,1,1,0,NA,NA,NA,NA,NA,1,"LC",697
"9513",0,3919.5419921875,43,0.984500020742416,3.13650000095367,302.714492797852,290.802001953125,0.00800000037997961,0.00899999961256981,"Mylochromis plagiotaenia",2003.75733240314,0,1,1,NA,NA,NA,NA,NA,1,"LC",21
"9518",0.0120000001043081,12825.298828125,26,0.142000004649162,1.44244999885559,306.656344604492,294.548558044434,0.00300000002607703,0.00800000037997961,"Micralestes occidentalis",825797.330774132,1,0,0,NA,NA,NA,NA,NA,1,"LC",8703
"9523",0,518.025024414062,8.60000000000002,0.179475006088614,1.14447503089905,302.322962188721,292.656578826904,0.00300000002607703,0.00600000005215406,"Benitochromis ufermanni",10114.652550309,1,0,0,NA,NA,NA,NA,NA,1,"EN",118
"9524",0.0287500000558794,263.342010498047,30.75,0.47749999910593,1.50625005364418,306.633255004883,288.677490234375,0.00499999988824129,0.00899999961256981,"Garra duobarbis",8212.55202130936,1,1,0,6.67999982833862,"of no interest",0,NA,NA,1,"VU",91
"9526",0,47303.76171875,21.375,0.24600000679493,1.29275001585484,301.744365692139,292.6418800354,0.0020000000949949,0.00600000005215406,"Epiplatys ansorgii",209971.74159737,1,0,0,NA,NA,NA,NA,NA,1,"LC",2426
"9528",0.0143499998608604,385.933013916016,38,0.200025003030896,2.55699992179871,308.029321289063,295.552001953125,0.00400000018998981,0.00999999977648258,"Micralestes pabrensis",187466.281287008,1,1,0,NA,NA,NA,NA,NA,1,"LC",1028
"9529",0,3919.5419921875,46.5,1.18574997782707,4.15649989247322,302.660629272461,289.726379394531,0.00800000037997961,0.00962499971501529,"Labidochromis shiranus",1502.68297701508,1,1,0,NA,NA,NA,NA,NA,1,"LC",16
"9530",0.0645749999210238,4347.6337890625,17.425,0.196574996039271,1.89142500162125,300.851797485352,291.476356506348,0.00300000002607703,0.00499999988824129,"Sanagia velifera",156257.238705418,1,0,0,NA,NA,NA,NA,NA,1,"NT",1824
"9531",0,7559.7177734375,27,0.264874987304211,1.74525000154972,305.348369598389,290.148368835449,0.00300000002607703,0.00899999961256981,"Clarias salae",361755.333464727,1,1,0,NA,NA,NA,NA,NA,1,"LC",4196
"9532",0.160699997842312,37376.35546875,1,0.234699998795986,0.809050023555756,301.941096496582,291.723797607422,0.0020000000949949,0.00499999988824129,"Brycinus intermedius",68336.0278997945,NA,NA,0,NA,NA,NA,NA,NA,1,NA,795
"9533",0.00415000014472753,633.206970214844,34.85,0.172999992966652,1.68430001735688,305.753462219238,291.336756896973,0.00400000018998981,0.00800000037997961,"Aphyosemion bualanum",52198.3705046744,1,1,0,NA,NA,NA,NA,NA,1,"LC",607
"9536",0,18957.59765625,45,0.48759999871254,3.08090007305145,308.451208496094,284.020590209961,0.00400000018998981,0.0130000002682209,"Ambassis natalensis",264997.84404839,1,1,0,10,"of no interest",1,3.42,"Carni.",1,"LC",2125
"9546",0,424.93798828125,42,0.424999997019768,2.02249991893768,301.174987792969,293.397003173828,0.00400000018998981,0.00700000021606684,"Mastacembelus shiloangoensis",12859.0944541663,1,0,0,14.3999996185303,NA,0,NA,NA,1,"DD",141
"9547",0,17.1760005950928,24,1.60199999809265,1.60199999809265,301.429992675781,292.802001953125,0.00800000037997961,0.00800000037997961,"Pseudotropheus williamsi",84.1614107759323,0,1,1,16.5,"commercial",0,3.37,"Carni.",1,"NT",1
"9549",0,259.411987304688,24.5,0.394500009715557,1.5531250089407,297.576503753662,284.879493713379,0.00300000002607703,0.00499999988824129,"Enteromius loveridgii",13421.3107293717,1,0,0,NA,NA,NA,NA,NA,3,"VU",136
"9553",0,3919.5419921875,44.4,0.854500007629394,3.57200007438659,303.044107055664,290.102008056641,0.00600000005215406,0.00909999962896108,"Mchenga thinos",6876.2660956166,0,1,1,7.84000015258789,NA,0,3.4,"Carni.",1,"LC",77
"9554",0,3035.248046875,40,0.50847500115633,2.57102500200272,302.719188690186,279.185029602051,0.00499999988824129,0.0140000004321337,"Ambassis gymnocephalus",36933.646397756,1,1,0,16,"minor commercial",1,3.91,"Carni.",3,"LC",398
"9556",0,1841.35400390625,49,0.247550004720688,4.08844985961914,301.572998046875,292.190002441406,0.00300000002607703,0.0056499999947846,"Trematocara kufferathi",33012.5919769452,0,1,1,NA,NA,NA,NA,NA,1,"LC",255
"9557",0,227.733001708984,41.125,0.469500008970499,2.59912499785423,302.564262390137,284.98962020874,0.00587500003166497,0.0109999999403954,"Glossogobius giuris",9860.131620882,1,1,0,50,"minor commercial",1,3.57,"Carni.",3,"LC",116
"9561",0,37511.4140625,36,0.177100001275539,2.19807495474815,300.750899505615,295.966557312012,0.0020000000949949,0.00300000002607703,"Bathyaethiops greeni",118041.572242483,1,1,0,NA,NA,NA,NA,NA,1,"LC",1272
"9569",1631.27001953125,4861.49609375,0,0.386999994516373,0.386999994516373,297.130004882812,295.367004394531,0.0020000000949949,0.0020000000949949,"Haplochromis chrysogynaion",70201.9485614657,0,1,1,9.13000011444092,NA,0,4.2,"Carni.",1,"DD",816
"9570",1631.27001953125,4861.49609375,0,0.386999994516373,0.386999994516373,297.130004882812,295.367004394531,0.0020000000949949,0.0020000000949949,"Haplochromis maculipinna",70201.9485614657,1,1,0,16.6000003814697,NA,0,3.87,"Carni.",1,"DD",816
"9572",0,3973.373046875,47,0.47299998998642,3.89872508645058,302.513000488281,285.318757629395,0.00700000021606684,0.00999999977648258,"Opsaridium microlepis",108323.478212919,1,1,0,47,"commercial",0,NA,NA,3,"VU",1220
"9576",0,1841.35400390625,49,0.252425009012222,4.06107487678528,301.572998046875,292.097100067139,0.00300000002607703,0.00527499993331728,"Petrochromis famula",34890.675799273,0,1,1,15.1000003814697,"commercial",0,2,"Herbi.",1,"LC",270
"9577",0.799500018358231,664.119018554688,0,0.278999999165535,0.88850000500679,301.202499389648,294.876510620117,0.00300000002607703,0.00400000018998981,"Chiloglanis harbinger",5241.38279962411,NA,NA,0,NA,NA,NA,NA,NA,1,"VU",61
"9578",0,47222.84765625,42,0.224999994039536,2.60999989509583,301.867404174805,294.349685668945,0.0020000000949949,0.00499999988824129,"Microthrissa royauxi",460767.576914054,1,1,0,9.89999961853027,"subsistence fisheries",0,NA,NA,1,"LC",4573
"9581",0,47952.2890625,40,0.202000007033348,2.44109997749329,301.529092407227,292.69098815918,0.00100000004749745,0.00600000005215406,"Distichodus antonii",581652.097429274,1,1,0,55,NA,0,NA,NA,1,"LC",5757
"9583",0,47952.2890625,31,0.238999992609024,1.90315000414848,304.207000732422,292.219422149658,0.00300000002607703,0.00800000037997961,"Bostrychus africanus",621825.61246727,1,1,0,NA,NA,NA,NA,NA,1,"LC",6938
"9585",0,756.489013671875,33.5,0.260249994695187,2.33499991893768,298.999496459961,287.460250854492,0.00300000002607703,0.00700000021606684,"Enteromius evansi",22311.30634913,1,1,0,NA,NA,NA,NA,NA,2,"LC",191
"9586",0,3919.5419921875,44.4,0.854500007629394,3.57200007438659,303.044107055664,290.102008056641,0.00600000005215406,0.00909999962896108,"Rhamphochromis esox",6876.2660956166,0,1,1,42,"commercial",0,4.2,"Carni.",1,"VU",77
"9589",0,37903.6640625,41,0.252999991178513,2.5699999332428,301.600283050537,292.978019714355,0.0020000000949949,0.00499999988824129,"Schilbe laticeps",512486.822380873,1,1,0,NA,NA,NA,NA,NA,1,"LC",5270
"9592",0.0873000007122755,4347.6337890625,9,0.194649997353554,1.17129996418953,301.11033782959,291.291592407227,0.00300000002607703,0.00499999988824129,"Labeo nunensis",139339.083562357,NA,NA,0,NA,NA,NA,NA,NA,1,"LC",1627
"9593",0,47222.84765625,42.275,0.305999994277954,3.00319998860359,302.670989990234,290.24287109375,0.0020000000949949,0.00899999961256981,"Bathyclarias longibarbis",20532.2922109818,0,1,1,NA,NA,NA,NA,NA,1,"LC",230
"9595",0,47952.2890625,43,0.232999995350838,2.68199992179871,301.804866790771,292.11799621582,0.00100000004749745,0.00600000005215406,"Clarias angolensis",1108213.25563189,1,1,0,35," ",0,3.25,"Carni.",1,"LC",11206
"9596",0,47222.84765625,42,0.195999994874001,2.60145003795624,301.549011230469,294.381297302246,0.0020000000949949,0.00499999988824129,"Epiplatys chevalieri",714117.610694615,1,1,0,NA,NA,NA,NA,NA,1,"LC",7263
"9597",0,47952.2890625,42,0.245550005882978,2.58744996786118,301.734008789062,293.726989746094,0.00100000004749745,0.00499999988824129,"Raiamas christyi",718873.43070295,1,1,0,NA,NA,NA,NA,NA,1,"LC",7303
"9599",0,785.924987792969,29.5,0.253999998793006,1.67112502455711,299.697002410889,288.674633026123,0.0020000000949949,0.00800000037997961,"Chiloglanis angolensis",9228.65480610694,1,1,0,NA,NA,NA,NA,NA,1,"DD",76
"9601",0.00300000002607703,57.1699981689453,32.85,0.199725002422929,1.65352503061295,302.588394927979,296.176443481445,0.00400000018998981,0.00499999988824129,"Enteromius tomiensis",5479.05339432017,1,1,0,NA,NA,NA,NA,NA,1,"DD",64
"9602",0.0517000010237098,2094.96606445312,26,0.172549994289875,1.33614997267723,305.209991455078,295.912545776367,0.00300000002607703,0.00700000021606684,"Citharinus eburneensis",270554.011446039,1,1,0,NA,NA,NA,NA,NA,1,"LC",2835
"9605",0,13428.005859375,47,0.221699999645352,4.0900501191616,311.513226318359,290.883769226074,0.00300000002607703,0.0179999992251396,"Synodontis khartoumensis",63391.1651106958,1,1,0,NA,NA,NA,NA,NA,2,"DD",328
"9610",0.00430000019259751,145.856994628906,15.9,1.08720000982285,1.46789997816086,300.748202514648,283.353512573242,0.00810000030323863,0.0109999999403954,"Marcusenius caudisquamatus",377.681731883932,1,0,0,25.5,NA,0,NA,NA,3,"EN",5
"9612",0,4336.10693359375,38.425,0.460875001549721,2.13120002150535,300.056327819824,287.402587127686,0.00600000005215406,0.00942499968223269,"Chetia mola",47807.5119351972,1,1,0,NA,NA,NA,NA,NA,3,"EN",544
"9613",1.00365000963211,166.878997802734,0,0.0958500009030104,0.293999999761581,298.165594482422,284.66960144043,0.00100000004749745,0.0020000000949949,"Labeobarbus longifilis",6795.48120062974,1,1,0,NA,NA,NA,NA,NA,1,"DD",79
"9615",0,37903.6640625,41,0.195999994874001,2.48530001044273,300.832529449463,296.500357055664,0.0020000000949949,0.00300000002607703,"Poropanchax brichardi",113806.03950658,NA,NA,0,NA,NA,NA,NA,NA,1,NA,1220
"9618",0,5558.05322265625,43,0.529999971389771,2.34562499523163,302.813053131104,286.855073547363,0.00499999988824129,0.00899999961256981,"Marcusenius livingstonii",519688.617367391,1,1,0,NA,NA,NA,NA,NA,1,"LC",5220
"9619",0,4969.48193359375,49,0.261525008827448,3.99712489247322,301.562593841553,292.190002441406,0.00300000002607703,0.00499999988824129,"Limnothrissa miodon",38198.5153559517,0,1,1,17,"commercial",0,2.71,"Omni.",1,"LC",294
"9621",0,1841.35400390625,49,0.252425009012222,4.06107487678528,301.572998046875,292.097100067139,0.00300000002607703,0.00527499993331728,"Neolamprologus crassus",34890.675799273,0,1,1,NA,NA,NA,NA,NA,1,"LC",270
"9623",0,8.26299953460693,23,1.33700001239777,1.33700001239777,301.009002685547,292.653991699219,0.00700000021606684,0.00700000021606684,"Copadichromis melas",84.0822731726227,0,1,1,NA,NA,NA,NA,NA,1,"LC",1
"9626",0,3274.53393554688,29.1750000000002,0.247999995946884,1.71917499005795,307.061004638672,293.178740692139,0.00300000002607703,0.00899999961256981,"Tylochromis jentinki",440844.671936093,1,0,0,27,NA,0,2.65,"Omni.",1,"LC",4634
"9628",0,47222.84765625,42,0.223000004887581,2.60187499523163,301.635986328125,293.697515869141,0.0020000000949949,0.00499999988824129,"Labeo degeni",368176.941967014,1,0,0,NA,NA,NA,NA,NA,1,"LC",3562
"9629",0,717.818969726562,48.7,0.708999997377396,4.92569990158081,305.479104614258,299.452597045898,0.00300000002607703,0.00400000018998981,"Haplochromis turkanae",8328.83092852185,0,1,1,8.60000038146973,NA,0,3.5,"Carni.",2,"LC",53
"9633",0,159.248992919922,30,0.325274992734194,1.59405002295971,298.317206573486,279.140715789795,0.00899999961256981,0.0160000007599592,"Enteromius amatolicus",34600.4703324986,1,0,0,NA,NA,NA,NA,NA,3,"DD",292
"9635",0.16387499589473,858.440002441406,7.375,0.1875,0.569000020623207,299.717624664307,291.870002746582,0.00300000002607703,0.00400000018998981,"Orthochromis malagaraziensis",6000.61670363593,1,0,0,NA,NA,NA,NA,NA,1,"VU",56
"9637",1631.27001953125,4861.49609375,0,0.386999994516373,0.386999994516373,297.130004882812,295.367004394531,0.0020000000949949,0.0020000000949949,"Haplochromis spekii",70201.9485614657,0,1,1,22,NA,0,4.2,"Carni.",1,"DD",816
"9640",0,4269.42919921875,38.45,0.166850002110004,2.24549995660782,306.877014160156,292.954547119141,0.00499999988824129,0.00800000037997961,"Chiloglanis benuensis",12187.45744931,1,0,0,NA,NA,NA,NA,NA,1,"LC",143
"9641",1631.27001953125,4861.49609375,0,0.386999994516373,0.386999994516373,297.130004882812,295.367004394531,0.0020000000949949,0.0020000000949949,"Haplochromis paropius",70029.8147067808,0,1,1,8.69999980926514,NA,0,2.29,"Omni.",1,"LC",814
"9642",0,1159.14501953125,26,0.198424999788403,2.08687505125999,306.917099761963,292.492509460449,0.00300000002607703,0.00800000037997961,"Dagetichthys lakdoensis",39886.760367219,1,0,0,NA,NA,NA,NA,NA,1,"LC",460
"9643",0.22355000115931,2538.36596679688,1,0.282274998724461,1.08892502188683,302.715674591064,293.365997314453,0.00300000002607703,0.00899999961256981,"Enteromius bagbwensis",25516.3409531026,1,0,0,NA,NA,NA,NA,NA,1,"CR",300
"9646",0.337600003927946,5259.55419921875,0,0.293325008451939,0.834249991178512,303.019402313232,289.036344909668,0.00499999988824129,0.00867499986197798,"Labeobarbus surkis",14718.6604068085,1,1,0,43,NA,0,2.89000010490417,"Carni.",1,"DD",174
"9648",0,309.535003662109,44.25,0.35700000077486,2.92524993419647,300.391510009766,290.9169921875,0.00100000004749745,0.00499999988824129,"Zaireichthys dorae",19537.323085642,1,1,0,2.70000004768372,NA,0,NA,NA,1,"DD",191
"9649",0,9268.0712890625,36.85,0.113050002790988,2.32269993722439,303.868630218506,279.899647521973,0.013675000378862,0.0225499999709427,"Dicentrarchus punctatus",4246.82395638508,1,0,0,70,"minor commercial",1,3.94,"Carni.",2,"LC",10
"9654",0,132.837005615234,34,0.0978999998420477,2.30720000267029,308.408996582031,291.007405090332,0.00564999999478459,0.00999999977648258,"Danakilia franchettii",5866.31675790706,0,1,1,7.40000009536743,NA,0,2,"Herbi.",2,"EN",67
"9655",0.0209999997168779,252.246002197266,24,0.181800001859665,1.32200005054474,301.958807373047,295.143206787109,0.00400000018998981,0.00499999988824129,"Aphyosemion decorsei",26140.8532141185,1,0,0,NA,NA,NA,NA,NA,1,"DD",305
"9657",0,18957.59765625,42,0.0189999993890524,2.87784994840622,308.785905456543,291.117753601074,0.00400000018998981,0.0120000001043081,"Istigobius ornatus",74418.4719932334,1,0,0,11,"commercial",1,4.3,"Carni.",2,"LC",483
"9658",0,5503.81201171875,46,0.632049989700317,2.89895004034042,302.908996582031,291.050741577148,0.00400000018998981,0.00600000005215406,"Nothobranchius melanospilus",67022.6650881762,1,1,0,5,"of no interest",0,3.25,"Carni.",1,"LC",575
"9659",0,18957.59765625,44,0.333000004291534,2.875,304.807862854004,283.75814666748,0.0020000000949949,0.0130000002682209,"Labeo cylindricus",2015928.26727013,1,1,0,25,"commercial",0,2,"Herbi.",1,"LC",16127
"9660",0,1106.91394042969,39.475,0.711574989557266,2.43327493071556,302.023801422119,281.119153594971,0.00800000037997961,0.0130000002682209,"Chiloglanis emarginatus",48801.6599405987,1,0,0,6.5,"minor commercial",0,3.2,"Carni.",3,"VU",502
"9661",0,47456.98828125,43,0.177000001072884,2.86299991607666,309.76184463501,291.157989501953,0.00300000002607703,0.0140000004321337,"Malapterurus electricus",3788711.35745409,1,1,0,122,"subsistence fisheries",0,2.93,"Carni.",1,"LC",28604
"9666",0,12825.298828125,36,0.129674994572997,2.23600006103516,308.925955200195,293.889032745361,0.00300000002607703,0.0120000001043081,"Enteromius sublineatus",931006.447595991,1,1,0,8.52999973297119,NA,0,2.72,"Omni.",1,"LC",7988
"9675",0,47952.2890625,41,0.214050001651049,2.54810001850128,301.590853881836,292.861386108398,0.0020000000949949,0.00600000005215406,"Labeo nasus",339820.703185468,1,1,0,NA,NA,NA,NA,NA,1,"LC",3443
"9676",0,1841.35400390625,49,0.247550004720688,4.08844985961914,301.572998046875,292.190002441406,0.00300000002607703,0.0056499999947846,"Hemibates stenosoma",33183.4448681446,0,1,1,30,"commercial",0,4.07,"Carni.",1,"LC",255
"9677",0.115499999374151,501.798004150391,5.09999999999999,0.406500005722046,0.967800009250641,303.947106933594,293.855001831055,0.00499999988824129,0.00700000021606684,"Enteromius salessei",16650.1856674043,1,0,0,NA,NA,NA,NA,NA,1,"LC",197
"9689",0,18957.59765625,42,0.244000002741814,2.73190009593964,306.904898071289,281.820407104492,0.0020000000949949,0.0149999996647239,"Anguilla bengalensis",5505711.28358033,1,1,0,200,"commercial",1,NA,NA,1,"NT",43245
"9690",0,137.703994750977,29.9,0.288424997031689,1.89672501683235,300.386451721191,289.138877105713,0.00400000018998981,0.00499999988824129,"Chiloglanis neumanni",11057.5782281821,1,0,0,6.5,"commercial",0,2.77,"Omni.",2,"DD",72
"9691",0,18957.59765625,43,0.264999985694885,2.78994996547699,306.066937255859,281.328402709961,0.0020000000949949,0.0140000004321337,"Anguilla bicolor",4217296.66918757,1,1,0,123,"minor commercial",1,3.55,"Carni.",1,"NT",31723
"9693",0,3919.5419921875,44.4,0.854500007629394,3.57200007438659,303.044107055664,290.102008056641,0.00600000005215406,0.00909999962896108,"Otopharynx auromarginatus",6876.2660956166,1,1,0,24.5,"commercial",0,2,"Herbi.",1,"LC",77
"9697",0,1284.30895996094,45,0.190524998679757,2.96907497048378,299.916468811035,292.234532165527,0.00100000004749745,0.00400000018998981,"Thoracochromis schwetzi",57441.6707966439,NA,NA,0,NA,NA,NA,NA,NA,1,NA,528
"9698",NA,NA,NA,NA,NA,NA,NA,NA,NA,"Salmo ferox",768.744904320587,1,1,0,80,NA,0,3.83,"Carni.",2,"DD",0
"9699",0.985249996185303,1382.3740234375,0,0.224300006777048,0.690500018000603,302.895506286621,290.625595092773,0.00300000002607703,0.00494999990332872,"Chiloglanis polypogon",10535.3004292425,1,0,0,NA,NA,NA,NA,NA,1,"NT",123
"9703",0,318.346008300781,41.35,0.880399987101555,2.66324993371963,303.58991394043,284.954112243652,0.00600000005215406,0.010349999833852,"Lacustricola myaposae",17099.5853747581,1,1,0,5.5," ",0,2.58,"Omni.",3,NA,187
"9708",0,1841.35400390625,48.725,0.157375001907349,3.90499997138977,301.431173706055,286.24796295166,0.0020000000949949,0.00499999988824129,"Lates mariae",43584.4713272509,0,1,1,80,"commercial",0,4.19,"Carni.",1,"VU",372
"9709",0,1841.35400390625,49,0.248200005292892,4.08479986190796,301.572998046875,292.190002441406,0.00300000002607703,0.00559999998658895,"Benthochromis tricoti",33354.7184506497,0,1,1,16.5,"commercial",0,3.45,"Carni.",1,"LC",257
"9713",0,133.354995727539,47.15,0.791249984502792,2.80064995288849,302.795310974121,292.615144348145,0.00484999993350357,0.00630000010132789,"Enteromius usambarae",2999.92462023346,0,1,1,NA,NA,NA,NA,NA,1,"LC",35
"9715",0,47222.84765625,44,0.246999993920326,2.81319996118546,300.824533843994,294.697998046875,0.0020000000949949,0.00400000018998981,"Bathyaethiops caudomaculatus",292410.073241207,1,1,0,NA,NA,NA,NA,NA,1,"LC",2700
"9716",0.00400000018998981,37376.35546875,22,0.24600000679493,1.609124943614,301.600937652588,291.131730651855,0.0020000000949949,0.00600000005215406,"Chiloglanis cameronensis",110427.246680427,NA,NA,0,NA,NA,NA,NA,NA,1,"LC",1284
"9717",0,1841.35400390625,49,0.252425009012222,4.06107487678528,301.572998046875,292.097100067139,0.00300000002607703,0.00527499993331728,"Spathodus marlieri",34890.675799273,0,1,1,NA,NA,NA,NA,NA,1,"LC",270
"9722",1631.27001953125,4861.49609375,0,0.386999994516373,0.386999994516373,297.130004882812,295.367004394531,0.0020000000949949,0.0020000000949949,"Haplochromis dolichorhynchus",70201.9485614657,0,1,1,11.8999996185303,NA,0,3.4,"Carni.",1,"DD",816
"9723",0,36454.14453125,28,0.26800000667572,1.42020001411438,303.532196044922,293.966192626953,0.00300000002607703,0.00600000005215406,"Epiplatys dageti",192135.759254006,1,1,0,NA,NA,NA,NA,NA,1,"LC",2073
"9727",0,9131.9716796875,45,0.166999995708466,3.13085005283356,302.918255615234,287.541879272461,0.0020000000949949,0.0130000002682209,"Mastacembelus frenatus",876976.112576822,1,1,0,40,NA,0,3.87,"Carni.",1,"LC",7064
"9728",0,3919.5419921875,49,0.820749989151955,4.4842999458313,302.670989990234,285.958897399902,0.00700000021606684,0.0109999999403954,"Eclectochromis lobochilus",29454.7533964954,NA,NA,0,NA,NA,NA,NA,NA,1,NA,335
"9729",0,1294.81994628906,27,0.852124996483326,1.86700002849102,303.81298828125,293.53125,0.00400000018998981,0.00887499970849603,"Synodontis kogonensis",14021.218925461,1,0,0,NA,NA,NA,NA,NA,1,"VU",166
"9734",0.0902999993413687,228.255004882812,8.69999999999999,0.0828500024974346,0.58355002105236,296.548551940918,286.130737304688,0.00100000004749745,0.00300000002607703,"Synodontis ruandae",6791.49875291069,1,1,0,NA,NA,NA,NA,NA,1,"VU",67
"9740",0.335400009155274,5102.72509765625,0,0.386999994516373,0.692400014400482,300.320007324219,295.344592285156,0.0020000000949949,0.00380000015720721,"Haplochromis phytophagus",79405.5495387361,0,1,1,8.60000038146973,"commercial",0,2,"Herbi.",1,"DD",889
"9741",0,1841.35400390625,49,0.252425009012222,4.06107487678528,301.572998046875,292.097100067139,0.00300000002607703,0.00527499993331728,"Neolamprologus olivaceous",34890.675799273,0,1,1,NA,NA,NA,NA,NA,1,"DD",270
"9745",0,318.346008300781,43,0.864500015974045,3.03799998760223,302.417999267578,289.154510498047,0.00650000013411045,0.00999999977648258,"Hypseleotris cyprinoides",9281.70384132542,1,0,0,8,NA,1,3.2,"Carni.",3,"DD",101
"9746",1631.27001953125,4861.49609375,0,0.386999994516373,0.386999994516373,297.130004882812,295.367004394531,0.0020000000949949,0.0020000000949949,"Haplochromis paraplagiostoma",70029.8147067808,0,1,1,NA,NA,NA,NA,NA,1,"DD",814
"9750",1.65350001454353,3193.81298828125,0,0.200050001591444,0.599349999427795,301.928298950195,294.154393005371,0.0020000000949949,0.00499999988824129,"Phractura stiassny",15726.6125996643,NA,NA,0,NA,NA,NA,NA,NA,1,"DD",183
"9751",0,853.075012207031,40.375,0.25700000487268,2.09899997711182,303.743377685547,296.055370330811,0.00499999988824129,0.00600000005215406,"Enteromius clauseni",5807.60833749396,1,0,0,NA,NA,NA,NA,NA,1,"CR",66
"9752",0,86.447998046875,38,0.60030001103878,2.62134994268417,307.309208679199,297.98065032959,0.00400000018998981,0.00499999988824129,"Uegitglanis zammaranoi",13182.5094100398,1,0,0,10.1000003814697,"of no interest",0,NA,NA,2,"VU",47
"9756",0.00300000002607703,113.793998718262,43,0.318399992585182,1.94105001091957,300.556750488281,290.136093139648,0.00400000018998981,0.00600000005215406,"Enteromius pseudotoppini",17928.3267485632,1,0,0,NA,NA,NA,NA,NA,1,"VU",159
"9759",0.709600019454956,514.588989257812,0,0.286299991607666,0.660399973392486,302.32041015625,290.738293457031,0.00400000018998981,0.00499999988824129,"Chiloglanis niger",5901.51185005901,1,0,0,NA,NA,NA,NA,NA,1,"EN",69
"9761",0.00909999962896109,47952.2890625,40,0.261000007390976,3.42359994649887,300.933410644531,292.779109191895,0.00300000002607703,0.00700000021606684,"Nanochromis splendens",9335.71281336562,1,1,0,NA,NA,NA,NA,NA,1,"VU",83
"9762",0,540.5830078125,36,0.71389998793602,2.13100004196167,302.248309326172,280.568399047852,0.00899999961256981,0.0160000007599592,"Labeobarbus polylepis",129436.937860239,1,0,0,58.5,"commercial",0,3.28,"Carni.",3,"LC",957
"9766",0,1841.35400390625,49,0.247550004720688,4.08844985961914,301.572998046875,292.190002441406,0.00300000002607703,0.0056499999947846,"Mastacembelus cunningtoni",33012.5919769452,1,1,0,58,"minor commercial",0,4.17,"Carni.",1,"LC",255
"9767",0,2334.09692382812,36,0.124349998682737,2.01077508926391,307.806954193115,293.718057250977,0.00499999988824129,0.00999999977648258,"Enteromius atakorensis",519086.835817733,1,0,0,NA,NA,NA,NA,NA,1,"LC",3968
"9770",0,490.212005615234,39,0.239874998107553,2.19200006127357,299.022510528564,287.39599609375,0.00300000002607703,0.00700000021606684,"Labeobarbus ensis",11614.5570844204,1,1,0,NA,NA,NA,NA,NA,2,"LC",116
"9774",0.147250001505017,1511.56103515625,2.075,0.315425001829863,0.922074989974499,301.205661773682,293.182487487793,0.0020000000949949,0.00400000018998981,"Aphyosemion kouamense",6711.78624527854,1,0,0,NA,NA,NA,NA,NA,1,"DD",78
"9775",0,1841.35400390625,49,0.247550004720688,4.08844985961914,301.572998046875,292.190002441406,0.00300000002607703,0.0056499999947846,"Mastacembelus ellipsifer",33012.5919769452,0,1,1,NA,NA,NA,NA,NA,1,"LC",255
"9776",0,1294.76293945312,47,1.0504999756813,3.5184999704361,303.290496826172,292.22900390625,0.00800000037997961,0.00999999977648258,"Nothobranchius kadleci",1697.83406860771,1,1,0,3.84999990463257,NA,0,NA,NA,1,"NT",21
"9778",0,47222.84765625,44,0.223000004887581,2.72184989452362,303.473999023438,294.699348449707,0.0020000000949949,0.00499999988824129,"Polypterus delhezi",291995.107039474,1,1,0,44,"subsistence fisheries",0,3.19,"Carni.",1,"LC",2767
"9780",0.0136250003706664,25.1000003814697,40,0.387625008821487,2.00724998116493,303.105495452881,295.340370178223,0.00400000018998981,0.00499999988824129,"Clypeobarbus schoutedeni",16569.7623388055,1,1,0,NA,NA,NA,NA,NA,1,"DD",106
"9781",0,2590.998046875,28,0.426999986171722,1.74245000481605,302.49100189209,284.517054748535,0.00300000002607703,0.017000000923872,"Notoglanidium thomasi",13895.3505737183,1,0,0,NA,NA,NA,NA,NA,1,"VU",163
"9784",1631.27001953125,4861.49609375,0,0.386999994516373,0.386999994516373,297.130004882812,295.367004394531,0.0020000000949949,0.0020000000949949,"Haplochromis gowersii",70201.9485614657,0,1,1,22.3999996185303,NA,0,4.2,"Carni.",1,"DD",816
"9785",0,113.355003356934,40,2.25789995193481,2.80035006999969,302.144012451172,290.960696411133,0.00800000037997961,0.00884999972768128,"Placidochromis mbunoides",585.360219507317,0,1,1,NA,NA,NA,NA,NA,1,"LC",7
"9792",0,497.122009277344,40.2,0.662899994850159,3.40819997787475,302.779293823242,279.970397949219,0.00400000018998981,0.0122000001370907,"Chelidonichthys kumu",6831.76075804417,1,0,0,60,"commercial",1,3.68,"Carni.",1,"LC",77
"9793",0,540.5830078125,39,0.726499998569489,2.39820001125336,302.3669921875,281.169491577148,0.00700000021606684,0.0130000002682209,"Chiloglanis anoterus",72340.6277924546,1,0,0,9,"of no interest",0,3.2,"Carni.",3,"LC",717
"9796",0,1841.35400390625,49,0.247550004720688,4.08844985961914,301.572998046875,292.190002441406,0.00300000002607703,0.0056499999947846,"Xenotilapia burtoni",33012.5919769452,0,1,1,NA,NA,NA,NA,NA,1,"VU",255
"9798",1631.27001953125,4861.49609375,0,0.386999994516373,0.386999994516373,297.130004882812,295.367004394531,0.0020000000949949,0.0020000000949949,"Haplochromis chlorochrous",70201.9485614657,0,1,1,12,NA,0,3.6,"Carni.",1,"DD",816
"9799",NA,NA,NA,NA,NA,NA,NA,NA,NA,"Takifugu poecilonotus",388.064428565403,NA,NA,0,NA,NA,NA,NA,NA,2,"LC",0
"9800",0,13379.4765625,48,0.354999989271164,5.29080011844635,309.079986572266,288.749002075195,0.00600000005215406,0.0130000002682209,"Hippopotamyrus harringtoni",53243.6649095889,1,1,0,NA,NA,NA,NA,NA,2,"LC",423
"9801",0,752.841979980469,43,0.640999972820282,3.14299988746643,304.670989990234,287.595001220703,0.0020000000949949,0.0120000001043081,"Wheelerigobius maltzani",3564.19283049281,NA,NA,0,NA,NA,NA,NA,NA,1,"LC",41
"9802",0.456999987363815,6830.01220703125,0,0.326450005173683,0.965600004792214,300.414405822754,292.97430267334,0.0020000000949949,0.00464999999385328,"Amphilius caudosignatus",18492.5325220473,1,0,0,NA,NA,NA,NA,NA,1,"EN",215
"9803",0,18957.59765625,45,0.498200005292892,3.04119992256164,303.518005371094,284.309008789062,0.00400000018998981,0.0120000001043081,"Hippichthys heptagonus",605728.624114118,1,0,0,15,"of no interest",0,NA,NA,1,"LC",6017
"9804",0.0438250000588596,318.692993164062,29.35,0.27412500679493,1.19140003919601,302.968339538574,297.0419921875,0.00300000002607703,0.00400000018998981,"Enteromius subinensis",23438.5616850215,1,0,0,NA,NA,NA,NA,NA,1,"EN",194
"9805",0,3935.47412109375,44,0.847375014424324,3.43862507939339,302.903465270996,290.605032348633,0.00700000021606684,0.00957499970681965,"Buccochromis nototaenia",5110.68811328686,0,1,1,NA,NA,NA,NA,NA,1,"LC",58
"9806",0,3919.5419921875,44,0.845500016212463,3.45050008296966,302.935089111328,290.580908203125,0.00700000021606684,0.00969999972730875,"Aristochromis christyi",4694.31397546243,0,1,1,30,"commercial",0,4,"Carni.",1,"LC",53
"9809",0,18957.59765625,45,0.426999986171722,2.88499999046326,305.014057922363,285.692893981934,0.00499999988824129,0.0120000001043081,"Labeo altivelis",934516.049844737,1,1,0,49,"subsistence fisheries",0,2,"Herbi.",1,"LC",8559
"9810",0,5558.05322265625,45,0.631499983370304,2.7767499089241,302.908996582031,292.736759185791,0.00400000018998981,0.00600000005215406,"Synodontis leopardus",116140.497976878,1,0,0,NA,NA,NA,NA,NA,1,"DD",1046
"9813",1631.27001953125,4870.52197265625,0,0.386999994516373,0.386999994516373,297.130004882812,295.367004394531,0.0020000000949949,0.0020000000949949,"Haplochromis riponianus",71836.6402717869,0,1,1,10.3999996185303,NA,0,3.2,"Carni.",1,"LC",830
"9815",0,6371.3427734375,43,0.263000011444092,2.73925000429153,301.05549621582,292.69100189209,0.0020000000949949,0.00499999988824129,"Parananochromis caudifasciatus",204279.962620332,1,1,0,NA,NA,NA,NA,NA,1,"LC",2251
"9816",0.212999999523163,1746.72802734375,3,0.18665000423789,0.777849996089935,302.950988769531,294.140463256836,0.00400000018998981,0.00600000005215406,"Synodontis koensis",48063.7778758303,1,1,0,NA,NA,NA,NA,NA,1,"LC",563
"9817",0,1670.76599121094,19.475,0.300999999046326,1.61547496020794,303.847991943359,296.297810363769,0.00400000018998981,0.00499999988824129,"Irvineia voltae",10093.1360292358,1,0,0,NA,NA,NA,NA,NA,1,"EN",102
"9818",0,1841.35400390625,49,0.247550004720688,4.08844985961914,301.572998046875,292.190002441406,0.00300000002607703,0.0056499999947846,"Mastacembelus albomaculatus",33012.5919769452,0,1,1,NA,NA,NA,NA,NA,1,"LC",255
"9819",0,483.723999023438,24.125,0.483125012367964,1.62375003099442,301.116886138916,284.450866699219,0.00400000018998981,0.00700000021606684,"Labeo trigliceps",22362.7108182391,1,0,0,NA,NA,NA,NA,NA,1,"VU",156
"9822",0.0312000013887882,4468.94482421875,4.34999999999997,0.178775004670024,0.956924989819526,302.616549682617,293.832847595215,0.00300000002607703,0.00700000021606684,"Aphyosemion bivittatum",13196.5327101323,1,1,0,NA,NA,NA,NA,NA,1,"LC",154
"9824",0.0466749997809529,4347.6337890625,17.7749999999999,0.200450003892183,1.39249995946884,301.922550964355,290.79271774292,0.00300000002607703,0.00499999988824129,"Labeobarbus mungoensis",96874.68761772,NA,NA,0,NA,NA,NA,NA,NA,1,"EN",1130
"9828",0,12825.298828125,44,0.182074996456504,3.25924999117851,309.658847808838,292.319524383545,0.00400000018998981,0.0140000004321337,"Enteromius leonensis",935829.619860425,1,0,0,NA,NA,NA,NA,NA,2,"LC",6684
"9829",0,47222.84765625,44,0.227099998295307,2.81095010042191,302.004354858398,293.953652954102,0.0020000000949949,0.00600000005215406,"Microctenopoma congicum",386190.46047218,1,1,0,NA,NA,NA,NA,NA,1,"LC",3763
"9830",0,756.489013671875,43,0.71854998767376,2.86530007123947,301.352639770508,288.35220489502,0.00499999988824129,0.0109999999403954,"Marcusenius angolensis",20748.0608709714,1,1,0,NA,NA,NA,NA,NA,2,"LC",143
"9832",0.010175000061281,17.923999786377,18.375,0.523025006055832,1.27064996957779,298.695422363281,284.042681884766,0.00899999961256981,0.0130000002682209,"Syngnathus watermeyeri",3444.41986517403,1,0,0,NA,NA,NA,NA,NA,3,"CR",30
"9836",0.184550002217293,6371.3427734375,1,0.26095000654459,1.61974995732307,301.381504821777,291.641398620605,0.0020000000949949,0.00600000005215406,"Procatopus nototaenia",48054.3708256817,1,0,0,NA,NA,NA,NA,NA,1,"LC",559
"9837",0.436349992454052,37376.35546875,0,0.21969999819994,1.38274996876717,301.586190795898,291.679393005371,0.0020000000949949,0.00600000005215406,"Synodontis haugi",209487.602371241,NA,NA,0,NA,NA,NA,NA,NA,1,"LC",2435
"9838",0.0139000004157424,696.760009765625,12.05,0.406750005483627,1.11919996142387,305.685047912598,293.677349853516,0.00499999988824129,0.00800000037997961,"Rhexipanchax lamberti",33667.0028918941,1,0,0,4.5," ",0,NA,NA,1,"LC",399
"9842",0,14054.060546875,44,0.275924994051456,3.57867505550384,310.514083099365,285.25754699707,0.00300000002607703,0.0179999992251396,"Labeobarbus bynni",859504.555630469,1,1,0,82,NA,0,3.1,"Carni.",2,"LC",4478
"9843",1.23155003786087,855.765991210938,0,0.262749993801117,0.563350015878677,301.636247253418,294.02395324707,0.00315000005066395,0.00499999988824129,"Nimbapanchax jeanpoli",7400.266704892,1,0,0,NA,NA,NA,NA,NA,1,"VU",87
"9844",0.0850000008940697,4347.6337890625,9,0.195999994874001,1.14404999315739,301.882188415527,291.026842498779,0.00300000002607703,0.00499999988824129,"Labeobarbus mariae",152453.723807402,NA,NA,0,NA,NA,NA,NA,NA,1,"LC",1780
"9846",0.0439999997615814,5070.841796875,22,0.214750003069639,2.19100004434586,301.100494384766,292.492248535156,0.0020000000949949,0.00499999988824129,"Phenacogrammus major",157120.114366385,1,1,0,NA,NA,NA,NA,NA,1,"LC",1831
"9848",0,5987.9111328125,45,0.18007500693202,2.99067493677139,308.125956726074,293.126007080078,0.00499999988824129,0.0130000002682209,"Enteromius yeiensis",141171.608643823,1,1,0,NA,NA,NA,NA,NA,2,"DD",882
"9853",0,12825.298828125,44,0.157000005245209,2.59100008010864,307.68798828125,294.696990966797,0.00400000018998981,0.00999999977648258,"Petrocephalus soudanensis",607045.092277143,1,1,0,NA,NA,NA,NA,NA,1,"LC",5516
"9854",0,5558.05322265625,40,0.535000026226044,2.29362500905991,302.989575195313,287.416413116455,0.00400000018998981,0.00700000021606684,"Schilbe moebiusii",242774.204020986,1,0,0,NA,NA,NA,NA,NA,1,"LC",2018
"9855",0,1050.13403320312,44,0.346900002658367,2.55587502717972,300.558098602295,294.909753417969,0.0020000000949949,0.00300000002607703,"Epiplatys phoeniceps",64880.9678563663,1,0,0,NA,NA,NA,NA,NA,1,"LC",500
"9857",0,1841.35400390625,49,0.248200005292892,4.08479986190796,301.572998046875,292.190002441406,0.00300000002607703,0.00559999998658895,"Bathybagrus platycephalus",33354.7184506497,NA,NA,0,NA,NA,NA,NA,NA,1,NA,257
"9859",0,47222.84765625,39.7,0.0828000031411648,2.24880001544952,300.82991027832,293.986999511719,0.0020000000949949,0.00499999988824129,"Belonoglanis brieni",11407.8134765396,1,1,0,NA,NA,NA,NA,NA,1,"DD",133
"9861",0,3919.5419921875,44.4,0.854500007629394,3.57200007438659,303.044107055664,290.102008056641,0.00600000005215406,0.00909999962896108,"Protomelas pleurotaenia",6876.2660956166,0,1,1,14.1000003814697,"commercial",0,3.5,"Carni.",1,"LC",77
"9863",1631.27001953125,4861.49609375,0,0.386999994516373,0.386999994516373,297.130004882812,295.367004394531,0.0020000000949949,0.0020000000949949,"Haplochromis bwathondii",75275.99539497,0,1,1,8.17000007629395,NA,0,NA,NA,1,"VU",862
"9864",0,5235.05908203125,44,0.607524986565113,2.33542500734329,302.410417175293,289.696248626709,0.00499999988824129,0.00899999961256981,"Engraulicypris ngalala",206782.975664051,1,1,0,5.09999990463257,NA,0,NA,NA,1,"LC",2382
"9866",0,4927.27587890625,38,0.236000001430511,2.33140001296997,300.200012207031,295.886993408203,0.00100000004749745,0.0020000000949949,"Tylochromis aristoma",123608.853589798,1,1,0,19.2999992370605,NA,0,NA,NA,1,"LC",1389
"9867",0.208750001713634,11712.7255859375,0,0.381099997460842,1.6167999535799,300.572074890137,291.532513427734,0.0020000000949949,0.00700000021606684,"Marcusenius ntemensis",45759.4020914385,NA,NA,0,NA,NA,NA,NA,NA,1,"VU",532
"9868",0,47911.4375,42,0.200000002980232,2.63939999341965,301.627990722656,293.633210754395,0.0020000000949949,0.00600000005215406,"Synodontis longirostris",293884.705865613,1,1,0,NA,NA,NA,NA,NA,1,"LC",3023
"9869",0,1841.35400390625,49,0.247550004720688,4.08844985961914,301.572998046875,292.190002441406,0.00300000002607703,0.0056499999947846,"Altolamprologus compressiceps",33012.5919769452,0,1,1,12.3000001907349,NA,0,3.6,"Carni.",1,"LC",255
"9870",0,5380.90283203125,44,0.188999995589256,2.80160007476806,308.013000488281,292.641796875,0.00400000018998981,0.0109999999403954,"Nannocharax ansorgii",1126479.98318849,1,1,0,NA,NA,NA,NA,NA,1,"LC",10113
"9872",0,66.0479965209961,36.1,0.288899989426136,1.87894996404648,300.023322296143,281.779608917236,0.00300000002607703,0.0149999996647239,"Cyprinus multitaeniatus",6904.1190632954,1,1,0,NA,NA,NA,NA,NA,3,"NT",50
"9876",0,3777.22509765625,31.575,0.890224978327751,2.34932500123978,302.802001953125,278.793270874023,0.00400000018998981,0.0187250001356006,"Fundulopanchax powelli",4969.92438392964,0,1,1,NA,NA,NA,NA,NA,1,"CR",58
"9877",0,19.443000793457,33,0.906749978661537,1.6246249973774,305.701488494873,280.733135223389,0.0209999997168779,0.023625000147149,"Redigobius bikolanus",5148.45395743441,1,1,0,4.90000009536743,NA,1,3.27,"Carni.",2,"LC",16
"9879",0.000450000003911556,333.165985107422,12.85,0.0704500000923872,0.966699999570845,300.552296447754,284.961637878418,0.0020000000949949,0.00300000002607703,"Haplochromis pappenheimi",16177.5782462457,1,1,0,8.75,NA,0,3.2,"Carni.",1,"LC",167
"9880",0.0780000016093254,921.364990234375,15,0.204999998211861,0.654999971389771,299.723999023438,291.855010986328,0.00300000002607703,0.00400000018998981,"Haplochromis paludinosus",9343.22823818839,NA,NA,0,NA,NA,NA,NA,NA,1,NA,81
"9881",1631.27001953125,4861.49609375,0,0.386999994516373,0.386999994516373,297.130004882812,295.367004394531,0.0020000000949949,0.0020000000949949,"Haplochromis flavus",70201.9485614657,0,1,1,11.8999996185303,NA,0,2.32,"Omni.",1,"LC",816
"9882",0,955.547973632812,42.9,0.320900000631809,2.7218000292778,296.58745880127,287.912942504883,0.0020000000949949,0.00499999988824129,"Enteromius mocoensis",6402.61532995116,1,0,0,NA,NA,NA,NA,NA,2,"DD",63
"9885",0,3274.53393554688,16,0.27017500847578,1.40929997563362,303.246002197266,290.827003479004,0.00300000002607703,0.00999999977648258,"Anomalochromis thomasi",164176.395935334,1,0,0,NA,NA,NA,NA,NA,1,"LC",1928
"9886",0.768400013446808,242.128997802734,13.3,0.687550002336502,1.44755001366138,299.403085327148,295.686408996582,0.00300000002607703,0.00300000002607703,"Scardinius dergle",258.146720563579,1,1,0,NA,NA,NA,NA,NA,1,"NT",3
"9887",0,16388.71484375,39,0.340000003576279,2.55587500333786,300.787620544434,295.885375976562,0.0020000000949949,0.00300000002607703,"Alestopetersius compressus",49447.4344793335,1,1,0,NA,NA,NA,NA,NA,1,"LC",566
"9889",0,7914.35009765625,45,0.163000002503395,2.84699988365173,310.528015136719,292.634002685547,0.00300000002607703,0.0149999996647239,"Synodontis eupterus",458443.515532318,1,1,0,30,"of no interest",0,2.65,"Omni.",1,"LC",3241
"9898",0.00300000002607703,6051.951171875,29,0.126000002026558,1.50015000700951,301.625750732422,286.378541564941,0.0020000000949949,0.00415000014472762,"Lacustricola bukobanus",278602.606452934,0,1,1,5," ",0,NA,NA,1,NA,2395
"9899",0.0104249998694286,509.654998779297,24.325,0.685000015795231,2.33909992575645,304.092920684814,298.489440917969,0.00215000010211952,0.00492499991087243,"Nothobranchius microlepis",1117.55838738599,1,1,0,NA,NA,NA,NA,NA,2,"VU",4
"9903",0,134.044998168945,42.6,1.59280002117157,2.86560010910034,300.200012207031,296.830206298828,0.0020000000949949,0.0020000000949949,"Enteromius deguidei",4904.99532727345,1,1,0,NA,NA,NA,NA,NA,1,"DD",57
"9904",0.0505499990656972,5102.72509765625,3.04999999999995,0.314000010490417,0.796250003576279,300.54090423584,292.093994140625,0.0020000000949949,0.00400000018998981,"Haplochromis nuchisquamulatus",92052.5929186002,0,1,1,11.3000001907349,NA,0,2,"Herbi.",1,"DD",999
"9905",0,1841.35400390625,49,0.252425009012222,4.06107487678528,301.572998046875,292.097100067139,0.00300000002607703,0.00527499993331728,"Neolamprologus mondabu",34890.675799273,0,1,1,10.6999998092651,"commercial",0,NA,NA,1,"LC",270
"9906",0.456549991667271,11712.7255859375,0,0.35119998678565,1.43700002133846,300.673656463623,291.523327636719,0.00300000002607703,0.00700000021606684,"Boulengeromyrus knoepffleri",35617.081668657,NA,NA,0,NA,NA,NA,NA,NA,1,"LC",414
"9907",0.183875001966953,25748.57421875,6.125,0.244750004261732,0.909624978899956,301.426864624023,291.091873168945,0.0020000000949949,0.00499999988824129,"Paramormyrops batesii",78674.069956662,NA,NA,0,NA,NA,NA,NA,NA,1,"DD",916
"9908",0,914.56298828125,45,0.129525000415742,2.368325060606,301.234648132324,288.911402893066,0.00300000002607703,0.00600000005215406,"Zaireichthys rotundiceps",28004.0083731941,1,0,0,3.78999996185303,"of potential interest",0,3.4,"Carni.",1,"DD",270
"9910",0.00300000002607703,57.1699981689453,32.75,0.199875002726912,1.65087503194809,302.585994720459,296.176742553711,0.00400000018998981,0.00499999988824129,"Enteromius castrasibutum",5650.01813194222,1,1,0,NA,NA,NA,NA,NA,1,"DD",66
"9911",0,731.572998046875,19.825,0.333525002747774,1.41297501027584,302.561912536621,289.144990539551,0.00400000018998981,0.0120000001043081,"Mochokiella paynei",7496.31417550267,1,0,0,NA,NA,NA,NA,NA,1,"LC",88
"9912",0,47545.85546875,41,0.187000006437302,2.57500004768372,307.207000732422,293.585502624512,0.0020000000949949,0.00899999961256981,"Kribia nana",2287513.59524983,1,1,0,NA,NA,NA,NA,NA,1,"LC",23291
"9914",0,1841.35400390625,49,0.252425009012222,4.06107487678528,301.572998046875,292.097100067139,0.00300000002607703,0.00527499993331728,"Neolamprologus sexfasciatus",34890.675799273,0,1,1,15,"commercial",0,NA,NA,1,"LC",270
"9922",0,47911.4375,39,0.194999992847443,2.39692506194115,306.324936676025,293.340147399902,0.0020000000949949,0.00899999961256981,"Ctenopoma kingsleyae",1620549.24336604,1,1,0,NA,NA,NA,NA,NA,1,"LC",16884
"9923",0.298824990913272,938.197021484375,1,0.455150002986193,0.855100020766258,303.676165008545,293.539304351807,0.00499999988824129,0.00800000037997961,"Scriptaphyosemion cauveti",6595.93156288051,1,0,0,NA,NA,NA,NA,NA,1,"VU",78
"9924",0,47911.4375,40,0.22749999910593,2.24662500619888,301.782623291016,293.532009124756,0.0020000000949949,0.00600000005215406,"Mastacembelus robertsi",151123.801609001,1,1,0,NA,NA,NA,NA,NA,1,"LC",1536
"9926",0,555.129028320312,43,0.432399997115135,2.50860002636909,304.316873168945,283.672824859619,0.00400000018998981,0.00657500014640384,"Labeo gregorii",163176.912693442,1,0,0,NA,NA,NA,NA,NA,1,"LC",818
"9927",0,15332.720703125,42.625,0.30799999833107,2.69737508893013,300.469497680664,296.040378570557,0.0020000000949949,0.00300000002607703,"Labeo reidi",11960.7192714269,1,1,0,NA,NA,NA,NA,NA,1,"DD",136
"9929",0.0206499996595085,3449.27587890625,25,0.189649996906519,1.39040004014969,306.86569519043,293.886863708496,0.00300000002607703,0.00899999961256981,"Raiamas nigeriensis",623260.115590609,1,0,0,NA,NA,NA,NA,NA,1,"LC",6707
"9933",0,1841.35400390625,49,0.247550004720688,4.08844985961914,301.572998046875,292.190002441406,0.00300000002607703,0.0056499999947846,"Tropheus brichardi",33012.5919769452,0,1,1,NA,NA,NA,NA,NA,1,"LC",255
"9934",0,5298.56591796875,46,0.307450005412102,2.9420500099659,300.294786834717,290.77904510498,0.00100000004749745,0.00499999988824129,"Teleogramma monogramma",81083.5428908445,1,1,0,NA,NA,NA,NA,NA,1,"VU",610
"9936",0,182.970001220703,25.6,0.798199987411499,2.29440000057221,301.36640625,284.863787841797,0.00899999961256981,0.0107999999076128,"Coryogalops william",657.535502733389,1,0,0,NA,NA,NA,NA,NA,3,"LC",9
"9937",0,47302.59765625,41.4,0.294599997997284,2.98699998855591,304.670989990234,292.389202880859,0.00300000002607703,0.0084000000730157,"Pomadasys jubelini",14272.6220555717,1,0,0,60,"minor commercial",1,3.63,"Carni.",1,"LC",145
"9940",0,434.773010253906,26.25,0.337849991023541,1.60650002360344,300.573237609863,289.002105712891,0.00499999988824129,0.00800000037997961,"Nothobranchius polli",4225.91633329519,1,1,0,NA,NA,NA,NA,NA,1,"EN",35
"9943",0,37900.1640625,43.275,0.28644999936223,2.71370005607605,302.076234436035,291.269673156738,0.00100000004749745,0.00499999988824129,"Phractura scaphyrhynchura",67645.3063847404,1,1,0,NA,NA,NA,NA,NA,1,"LC",670
"9945",0,18957.59765625,45,0.488949993252754,2.95605008602142,303.31809387207,285.069906616211,0.00499999988824129,0.0109999999403954,"Oligolepis acutipennis",533038.748744024,1,1,0,15,"of no interest",1,3.95,"Carni.",1,"LC",5599
"9947",0,1841.35400390625,49,0.247550004720688,4.08844985961914,301.572998046875,292.190002441406,0.00300000002607703,0.0056499999947846,"Telmatochromis dhonti",33012.5919769452,0,1,1,12,"commercial",0,3.5,"Carni.",1,"LC",255
"9949",0,3935.47412109375,41.3,0.838100016117096,2.8529999256134,303.014389038086,290.992309570312,0.00690000019967556,0.00909999962896109,"Protomelas labridens",3184.27816742153,1,1,0,18,"commercial",0,3.42,"Carni.",1,"LC",37
"9952",0,18957.59765625,42,0.0352499997243285,2.99700009822845,310.121753692627,287.477252960205,0.00300000002607703,0.0130000002682209,"Yirrkala tenuis",138482.254551002,1,0,0,NA,NA,NA,NA,NA,2,"LC",866
"9953",0,4969.48193359375,39,0.358000010251999,2.31419994831085,300.756011962891,287.960101318359,0.00400000018998981,0.00899999961256981,"Synodontis unicolor",111122.276087277,1,1,0,NA,NA,NA,NA,NA,3,"LC",1189
"9955",0,14660.6708984375,47,0.46874999627471,3.2321250140667,304.817501068115,282.614116668701,0.00300000002607703,0.0149999996647239,"Enteromius unitaeniatus",1338051.48196161,1,1,0,14,"minor commercial",0,3.31,"Carni.",2,"LC",8576
"9961",0,9131.9716796875,48,0.435000002384186,3.37105004787445,303.384652709961,287.485893249512,0.00499999988824129,0.0140000004321337,"Serranochromis angusticeps",786807.132206622,1,1,0,41,"commercial",0,4.5,"Carni.",3,"LC",5359
"9964",0,1841.35400390625,49,0.252425009012222,4.06107487678528,301.572998046875,292.097100067139,0.00300000002607703,0.00527499993331728,"Ophthalmotilapia nasuta",34890.675799273,0,1,1,20,"commercial",0,NA,NA,1,"LC",270
"9966",0.114425000920892,37376.35546875,7,0.238000005483627,1.74172502160072,301.502147674561,291.568098449707,0.0020000000949949,0.00600000005215406,"Labeobarbus tornieri",379713.272737294,NA,NA,0,NA,NA,NA,NA,NA,1,"LC",4418
"9968",0,18957.59765625,45,0.488000005483627,2.87677505612373,305.132769012451,287.436641693115,0.00700000021606684,0.0109999999403954,"Distichodus mossambicus",300405.291111082,1,1,0,57,"minor commercial",0,3.18,"Carni.",1,"LC",3170
"9969",0,1816.87805175781,45,0.55350000411272,2.86862501502037,300.918361663818,291.009994506836,0.0020000000949949,0.00512499990873039,"Lacustricola nigrolateralis",46849.5176832779,NA,NA,0,NA,NA,NA,NA,NA,1,NA,516
"9970",0,7412.22021484375,45,0.304700002074242,2.94630007743835,300.650903320313,290.424206542969,0.00100000004749745,0.00499999988824129,"Clarias nigromarmoratus",193639.166229294,1,1,0,NA,NA,NA,NA,NA,1,"LC",1869
"9972",0,47911.4375,42,0.238999992609024,2.62075001001358,301.540237426758,292.805999755859,0.0020000000949949,0.00600000005215406,"Mastacembelus niger",1070105.25446723,1,1,0,NA,NA,NA,NA,NA,1,"LC",11171
"9973",0,18957.59765625,45,0.473900006711483,3.08034998178482,303.122196960449,284.78084564209,0.00499999988824129,0.0109999999403954,"Eleotris mauritiana",150034.902978008,1,1,0,NA,NA,NA,NA,NA,1,"LC",1747
"9976",0,1841.35400390625,49,0.247550004720688,4.08844985961914,301.572998046875,292.190002441406,0.00300000002607703,0.0056499999947846,"Limnotilapia dardennii",33012.5919769452,1,1,0,26,"commercial",0,NA,NA,1,"LC",255
"9978",0.00287499993573874,58.3479995727539,33.275,0.640474998950958,2.03517505526543,299.090674591064,280.909483337402,0.0101499998010695,0.017000000923872,"Pseudobarbus tenuis",5594.43623734368,1,0,0,8,NA,0,2.57,"Omni.",2,"NT",24
"9980",0,18957.59765625,44,0.477999985218048,2.79644997119904,303.457453918457,287.579594421387,0.00499999988824129,0.00999999977648258,"Astatotilapia calliptera",628671.879389832,1,1,0,15,"commercial",0,3.04,"Carni.",1,"LC",7303
"9982",0,15332.720703125,38,0.333000004291534,2.34520001411438,301.524987792969,292.270794677734,0.0020000000949949,0.00499999988824129,"Enteromius tetrastigma",36528.8798410748,1,1,0,NA,NA,NA,NA,NA,1,"DD",393
"9983",0,18957.59765625,42,0.300250008702278,2.72850006818771,306.772247314453,281.88850402832,0.00300000002607703,0.0179999992251396,"Plectorhinchus gibbosus",501007.31883067,1,0,0,75,"commercial",1,4.01,"Carni.",1,"LC",3811
"9985",0,3.05299997329712,49,4.50899982452393,4.50899982452393,300.908996582031,292.876007080078,0.00700000021606684,0.00700000021606684,"Placidochromis communis",84.3398314721336,0,1,1,NA,NA,NA,NA,NA,1,"LC",1
"9986",0,3919.5419921875,44,0.842500019073486,3.46950008869171,302.670989990234,290.542309570313,0.00700000021606684,0.00899999961256981,"Pseudotropheus crabro",4017.61455729774,0,1,1,9.39999961853027,"commercial",0,3.76,"Carni.",1,"LC",45
"9988",0,47222.84765625,39.025,0.0747750028967857,2.24610005021095,300.840287017822,293.986999511719,0.0020000000949949,0.00499999988824129,"Dolichamphilius brieni",10292.0493553879,1,1,0,NA,NA,NA,NA,NA,1,"VU",120
"9990",0,37903.6640625,44,0.245000004768372,2.61419997215271,300.80129699707,295.565292358398,0.00100000004749745,0.00300000002607703,"Enteromius candens",336148.695242801,1,1,0,NA,NA,NA,NA,NA,1,"LC",3189
"9991",0,179.875,43.35,0.968225021660328,3.25637503266334,302.670989990234,290.771549987793,0.00800000037997961,0.00899999961256981,"Nyassachromis leuciscus",1419.1099094656,0,1,1,16,"commercial",0,2.46,"Omni.",1,"DD",14
"9994",0,31016.556640625,41,0.233699996769428,2.50200009346008,301.636993408203,294.182447814941,0.0020000000949949,0.00499999988824129,"Labeobarbus fasolt",232199.662385583,1,1,0,NA,NA,NA,NA,NA,1,"LC",2395
"9995",0,1841.35400390625,49,0.252425009012222,4.06107487678528,301.572998046875,292.097100067139,0.00300000002607703,0.00527499993331728,"Neolamprologus wauthioni",34890.675799273,0,1,1,5.5," ",0,3.4,"Carni.",1,"DD",270
"9996",0,1841.35400390625,46,0.0839999988675117,3.44084998369217,301.325403594971,285.66420135498,0.0020000000949949,0.00499999988824129,"Raiamas moorii",120169.164163569,1,1,0,NA,NA,NA,NA,NA,1,"LC",1142
"9998",0,1406.73901367188,45,0.371750004589558,2.62449991703033,300.644012451172,294.264511108398,0.0020000000949949,0.00400000018998981,"Clypeobarbus bomokandi",35260.7121466332,1,1,0,NA,NA,NA,NA,NA,1,"DD",271
"9999",0,13932.0546875,42,0.49200000166893,2.37339992523193,305.117602539062,285.062799072266,0.00400000018998981,0.0120000001043081,"Kneria auriculata",155439.183962456,1,1,0,NA,NA,NA,NA,NA,3,"LC",1553
