"id_no","Qmi_2.5%","Qma_100.0%","Qzf_97.5%","Qcv_2.5%","Qcv_97.5%","Tma_97.5%","Tmi_2.5%","Tcv_2.5%","Tcv_97.5%","binomial","area","lotic","lentic","lentic_only","length","importance","marine","FoodTroph","foodtrophcat","climate_zone","code","no_cells"
"10000",0.689000010490417,2546.23803710938,0,1.44700002670288,1.44700002670288,302.916114807129,289.409999847412,0.00700000021606684,0.00899999961256981,"Docimodus evelynae",4694.31397546243,0,1,1,20.1000003814697,"commercial",0,3.38,"Carni.",1,"LC",56
"10001",0.833000004291534,789.304016113281,0,1.97599995136261,1.97599995136261,298.730402374268,293.855461120605,0.0020000000949949,0.00300000002607703,"Haplochromis parorthostoma",75275.99539497,0,1,1,NA,NA,NA,NA,NA,1,"DD",862
"10003",0,4317.0390625,34,0.100000001490116,1.74980000257492,305.752543640137,293.39739074707,0.00400000018998981,0.00899999961256981,"Synodontis ouemeensis",136372.584542648,1,1,0,NA,NA,NA,NA,NA,1,"LC",1423
"10005",0,702.642028808594,38.775,0.837150010466576,3.35279997587204,303.258168792725,292.079552459717,0.00400000018998981,0.00899999961256981,"Acentrogobius nebulosus",3834.52075646902,1,0,0,18,NA,1,NA,NA,1,NA,44
"10008",0.0026250000228174,14403.857421875,34.125,0.184000000357628,1.71499997377396,301.959125518799,295.309627532959,0.00300000002607703,0.00499999988824129,"Psammphiletria nasuta",6519.22319489193,1,1,0,NA,NA,NA,NA,NA,1,"DD",76
"10009",0,37367.671875,42,0.25,2.5947999715805,301.754208374023,295.589996337891,0.0020000000949949,0.00400000018998981,"Stomatorhinus humilior",272895.210147625,1,1,0,NA,NA,NA,NA,NA,1,"LC",2813
"10013",0,11302.232421875,40,0.143400001525879,2.78679995536804,308.095397949219,284.981005859375,0.0020000000949949,0.0209999997168779,"Mormyrus kannume",551290.983925896,1,1,0,100,"commercial",0,3.2,"Carni.",1,"LC",3137
"10016",0.0100499997846782,4742.22119140625,25.65,0.275350001454353,2.37064999341965,301.651000976562,292.487854003906,0.00300000002607703,0.00499999988824129,"Raiamas batesii",59693.6290896196,1,1,0,NA,NA,NA,NA,NA,1,"LC",695
"10021",0.0412000011652708,3435.68994140625,21,0.273575010150671,1.07124998867511,301.945648956299,294.264264678955,0.0020000000949949,0.00600000005215406,"Brycinus tholloni",36347.1672694018,NA,NA,0,NA,NA,NA,NA,NA,1,NA,422
"10022",0.417174992710352,703.588989257812,0,1.44200003147125,1.44200003147125,301.572998046875,292.190002441406,0.00300000002607703,0.00499999988824129,"Perissodus eccentricus",34890.675799273,0,1,1,16.3999996185303," ",0,4.4,"Carni.",1,"DD",404
"10026",0,3088.52807617188,39,0.405324999243021,2.34037501811981,305.696083831787,290.02935256958,0.00300000002607703,0.00700000021606684,"Lacustricola jeanneli",38935.0378581571,NA,NA,0,NA,NA,NA,NA,NA,1,NA,390
"10028",NA,NA,NA,NA,NA,NA,NA,NA,NA,"Anguilla rostrata",914.534996287653,1,1,0,152,"commercial",1,3.62,"Carni.",2,"EN",0
"10029",0,2590.998046875,24.275,0.321725000441074,1.75912499129772,303.813265228271,292.881418609619,0.00300000002607703,0.00827500016894189,"Leptocypris guineensis",29677.6465600797,1,0,0,NA,NA,NA,NA,NA,1,"LC",350
"10031",0,1567.5419921875,43,0.758799982070923,2.91939997673035,302.962005615234,281.262603759766,0.00700000021606684,0.0120000001043081,"Chetia brevis",48528.3813857822,1,1,0,15,NA,0,3.81,"Carni.",3,"EN",505
"10032",0.689000010490417,2546.23803710938,0,1.44700002670288,1.44700002670288,302.670989990234,289.403015136719,0.00700000021606684,0.00800000037997961,"Aulonocara trematocephalum",29454.7533964954,0,1,1,9,"commercial",0,3.45,"Carni.",1,"DD",350
"10033",0.689000010490417,2546.23803710938,0,1.44700002670288,1.44700002670288,302.509411621094,291.494344329834,0.00802500036079437,0.00897499963175506,"Melanochromis vermivorus",166.814105678833,0,1,1,7.40000009536743,"commercial",0,2.67,"Omni.",1,"NT",2
"10034",0,5.71400022506714,34,0.554550015926361,2.19934998750687,306.316461181641,280.251690673828,0.0234500001184642,0.0240000002086163,"Abudefduf bengalensis",1683.48228925654,0,0,0,17,"minor commercial",1,3.08,"Carni.",2,"LC",19
"10035",0,30.7679996490479,40.45,0.607599996030331,3.23179996609688,302.742839813232,290.321990966797,0.00600000005215406,0.00999999977648258,"Acanthocybium solandri",2604.82570558153,0,0,0,250,"commercial",1,4.45,"Carni.",1,"LC",32
"10036",0,37.9370002746582,39.95,0.405849997699261,3.06014996767044,302.679238891602,290.333741760254,0.00400000018998981,0.00999999977648258,"Albula vulpes",3717.55041518366,1,0,0,104,"minor commercial",1,3.66,"Carni.",1,"NT",43
"10037",0,154.871002197266,40.1,0.653799995779991,3.11839996576309,302.710289001465,290.321990966797,0.00400000018998981,0.00999999977648258,"Amblycirrhitus bimacula",3202.7003734907,0,0,0,8.5,"commercial",1,NA,NA,1,"LC",39
"10038",0,702.642028808594,40.85,1.04510000348091,3.52330008745194,302.736601257324,285.075387573242,0.00400000018998981,0.0105499998666346,"Gymnothorax undulatus",3277.65005704734,1,0,0,150,"minor commercial",1,4.32,"Carni.",1,"LC",19
"10039",0.0935000022873282,797.286010742188,2.875,0.146374998614192,1.97599995136261,316.630882263184,284.631362915039,0.0020000000949949,0.0212499999906868,"Haplochromis annectidens",16004.1584266989,0,1,1,6.69999980926514,NA,0,2,"Herbi.",1,"CR",166
"10040",0.833000004291534,797.286010742188,0,1.72230002880096,1.97599995136261,321.282189941406,283.000610351562,0.0020000000949949,0.0308999994769692,"Haplochromis brownae",2839.85210169304,0,1,1,10.3999996185303,NA,0,3.87,"Carni.",1,"CR",29
"10041",0.833000004291534,789.304016113281,0,0.147725001350045,1.97599995136261,297.661322021484,290.944799041748,0.0020000000949949,0.00370000007678755,"Haplochromis simpsoni",2065.69812165707,1,0,0,11.3999996185303,NA,0,3.2,"Carni.",1,"EN",24
"10042",0.833000004291534,789.304016113281,0,0.147950001806021,1.97599995136261,298.29690246582,288.98660736084,0.0020000000949949,0.00534999994561076,"Haplochromis velifer",2409.91231275565,0,1,1,10.8000001907349,NA,0,3.2,"Carni.",1,"VU",27
"10043",0.0880749996751547,2578.76489257812,2,0.381224997341633,0.821225020289421,301.225937652588,295.220449066162,0.00507499990053475,0.00600000005215406,"Hemicaranx amblyrhynchus",343.218438387513,1,0,0,50,"minor commercial",1,NA,NA,1,"LC",4
"10044",0,45328.32421875,44,0.229800004139543,3.1086499273777,306.487199401855,293.582596588135,0.0020000000949949,0.00800000037997961,"Hemichromis guttatus",22496.9450437748,NA,NA,0,NA,NA,NA,NA,NA,1,NA,240
"10045",0,6371.3427734375,42,0.346000004559755,3.14037507772446,304.670989990234,291.408386230469,0.00300000002607703,0.00825000030454248,"Hemiramphus brasiliensis",6918.78420651658,0,0,0,55,"minor commercial",1,2.8,"Carni.",1,"LC",76
"10046",0.0666000008583069,66.5589981079102,14.4,0.877200001478195,1.24600005149841,309.091305541992,285.189801025391,0.00760000003501773,0.0137999997474253,"Hemiramphus far",1831.15851166763,0,0,0,45,"commercial",1,2.69,"Omni.",3,NA,13
"10047",1.37509999871254,8.8129997253418,0,0.190249994397163,0.36599999666214,299.803900146484,293.986999511719,0.00405000017490238,0.00499999988824129,"Herklotsichthys quadrimaculatus",1101.27338035732,0,0,0,25,"minor commercial",1,3.26999998092651,"Carni.",2,"LC",3
"10049",0.00422500019194558,9.15200042724609,9.925,1.0959250330925,1.24947500228882,302.192609405518,286.477417755127,0.00529999986756593,0.0109249999281019,"Lactoria cornuta",677.564871641111,1,0,0,46,"of no interest",1,3.5,"Carni.",2,"LC",4
"10050",0,702.642028808594,40.7,1.05079996585846,3.57070004940033,302.726406860352,297.132098388672,0.00400000018998981,0.00400000018998981,"Leptoscarus vaigiensis",1547.4721850449,0,0,0,35.2000007629395,"commercial",1,2.27,"Omni.",1,"LC",13
"10051",0,7.26300001144409,31.775,0.691000016033649,1.77475002706051,302.698652648926,281.754825592041,0.0111749999690801,0.021824999852106,"Lithognathus mormyrus",1864.93677355887,0,0,0,55,"minor commercial",1,3.53,"Carni.",2,"LC",8
"10052",0,10.6999998092651,40.05,0.748349975794554,2.67787494659424,309.024932098389,291.771131134033,0.0074750002939254,0.0120000001043081,"Lutjanus bohar",3303.30261240767,1,0,0,90,"commercial",1,3.61999988555908,"Carni.",2,"LC",20
"10053",0,702.642028808594,39,0.439400005340576,2.77299995422363,308.178198242188,281.453991699219,0.00400000018998981,0.0240000002086163,"Lutjanus fulviflamma",10747.0779845367,1,0,0,50,"commercial",1,3.89,"Carni.",1,"LC",89
"10054",0.118100003153086,1.28299999237061,25.9,0.434999985992909,0.751350018382072,310.514646911621,292.839364624023,0.0160000007599592,0.0160000007599592,"Lutjanus griseus",2048.14066684581,0,0,0,89,"commercial",1,3.88,"Carni.",2,"LC",3
"10055",0,72.7429962158203,26.875,0.568125002086163,2.04600004851818,302.376499176025,292.512882232666,0.00400000018998981,0.00899999961256981,"Lutjanus monostigma",5263.57489276299,1,0,0,60,"commercial",1,4.27,"Carni.",2,"LC",26
"10056",0,30.7679996490479,40.4,0.614199995994568,3.2155999660492,302.738189697266,290.321990966797,0.00580000001937151,0.00999999977648258,"Lutjanus rivulatus",2690.65779383912,0,0,0,80,"commercial",1,4.04,"Carni.",1,"LC",33
"10057",0,30.7679996490479,40.45,0.607599996030331,3.23179996609688,302.742839813232,290.321990966797,0.00600000005215406,0.00999999977648258,"Macroramphosus scolopax",2604.82570558153,0,0,0,20,"commercial",1,3.47,"Carni.",1,"LC",32
"10058",0.0750000000000001,63.5779991149902,13.3,1.12610004544258,1.22109995484352,299.508088684082,283.12209777832,0.0149999996647239,0.0159500007051975,"Micropterus henshalli",387.865927449787,1,0,0,NA,NA,NA,NA,NA,3,"LC",3
"10059",0.0168000002391636,190.13200378418,25.425,0.88427502065897,1.6855499625206,298.348173522949,282.917896270752,0.00735000011045486,0.0109999999403954,"Osteomugil cunnesius",588.19990316498,1,0,0,41,"commercial",1,2.41,"Omni.",3,NA,8
"10060",0,120.692001342773,41.575,0.926799984276295,2.21195005178452,301.067053222656,286.507601928711,0.00685000019147992,0.00999999977648258,"Muraenesox bagio",1581.41071012483,1,0,0,200,"commercial",1,3.99,"Carni.",3,"LC",18
"10061",0,120.692001342773,41.075,0.839124979823828,2.50912494659424,308.981275177002,286.603610229492,0.00692500020377338,0.0120000001043081,"Muraenesox cinereus",4188.35467895879,1,1,0,220,"highly commercial",1,4.38,"Carni.",2,"LC",38
"10062",0,246.975006103516,18.25,0.78415000140667,1.28340001106262,300.665985107422,288.979200744629,0.00300000002607703,0.00300000002607703,"Myrichthys ocellatus",2061.63398433433,0,0,0,110,"commercial",1,3.66,"Carni.",1,"LC",23
"10063",0.116000001318753,37.9370002746582,6.425,0.409625010192394,0.779149982333183,300.731442260742,293.511735534668,0.00245000011636876,0.00400000018998981,"Myripristis jacobus",860.540719979983,0,0,0,25,"minor commercial",1,3.63,"Carni.",1,"LC",10
"10066",0.000600000005215406,17.1000003814697,37,0.267199993133545,2.97839999198914,310.801611328125,293.986999511719,0.00400000018998981,0.0130000002682209,"Ostorhinchus nigrofasciatus",3477.99737709597,0,0,0,10,NA,1,3.54,"Carni.",2,"LC",9
"10067",0,30.4729995727539,35.3,0.324700012803078,2.95070009231568,306.317987060547,292.45700378418,0.00690000019967556,0.00899999961256981,"Ostracion meleagris",3089.71827829719,0,0,0,25,"subsistence fisheries",1,2.71,"Omni.",1,"LC",37
"10068",0.00415000019129366,8.04199981689453,9.95,1.17270002961159,1.24965000152588,299.471343994141,286.429942321777,0.00904999962076545,0.0109499999321997,"Otolithes ruber",223.920384187244,1,0,0,90,"commercial",1,4.06,"Carni.",3,"LC",3
"10071",NA,NA,NA,NA,NA,NA,NA,NA,NA,"Parupeneus spilurus",367.95623878562,1,0,0,50,"commercial",1,NA,NA,2,"LC",0
"10072",0.0108999999240041,784.760986328125,39.1,0.17399999499321,2.11249997615814,300.265991210938,295.610346984863,0.0020000000949949,0.00300000002607703,"Petrocephalus arnegardi",5764.84169969557,NA,NA,0,NA,NA,NA,NA,NA,1,NA,59
"10073",NA,NA,NA,NA,NA,NA,NA,NA,NA,"Pisodonophis cancrivorus",367.95623878562,1,1,0,108,"minor commercial",1,NA,NA,2,"LC",0
"10074",0.0130499999504536,154.871002197266,34,0.91015000641346,1.76649996042252,302.156758117676,284.300146484375,0.00400000018998981,0.0106499998830259,"Plectroglyphidodon leucozonus",3257.62609274614,0,1,1,12,"of no interest",1,2,"Herbi.",2,"LC",15
"10075",0,12638.6572265625,37.325,0.252000004053116,2.15899991989136,308.884804534912,287.980352783203,0.0020000000949949,0.0120000001043081,"Pollimyrus isidori",13379.8321601581,1,1,0,10.3000001907349,"of no interest",0,2.61,"Omni.",1,"LC",108
"10076",NA,NA,NA,NA,NA,NA,NA,NA,NA,"Polyprion americanus",2258.29441694751,0,0,0,210,"minor commercial",1,4.14,"Carni.",2,"DD",0
"10077",NA,NA,NA,NA,NA,NA,NA,NA,NA,"Pomadasys maculatus",672.717961801336,0,0,0,59.2999992370605,"commercial",1,4.04,"Carni.",2,"LC",0
"10078",0,860.083984375,41.125,0.428000003099442,3.00487491488457,304.670989990234,295.106994628906,0.00400000018998981,0.00700000021606684,"Pomadasys perotaei",3535.64439889571,1,0,0,36,"commercial",1,3.31,"Carni.",2,"LC",36
"10079",0,6371.3427734375,44,0.340700006484985,3.3289999961853,303.18798828125,295.513497924805,0.00300000002607703,0.00570000000298023,"Porogobius schlegelii",8654.73163637045,1,1,0,18.8999996185303,NA,1,2.89,"Carni.",1,"LC",93
"10080",0.000300000002607703,17.1000003814697,37.5,1.55710000991821,3.0106999874115,310.821810913086,295.860891723633,0.00939999967813492,0.0130000002682209,"Pristiapogon exostigma",3991.14644576492,0,0,0,12,NA,1,3.72,"Carni.",2,"LC",5
"10081",NA,NA,NA,NA,NA,NA,NA,NA,NA,"Pseudocaranx dentex",2626.25065573313,1,0,0,122,"commercial",1,3.66,"Carni.",2,"LC",0
"10082",0.252900006994605,61.7540016174316,16.85,0.373699997365475,1.00344999730587,302.26155090332,297.060046386719,0.00300000002607703,0.00400000018998981,"Pteroscion peli",1629.00162865826,1,0,0,32,"commercial",1,3.56,"Carni.",1,"LC",19
"10083",0.807200020551682,156.059005737305,0,0.577800005674362,0.752900016307831,301.075506591797,295.898007202148,0.00300000002607703,0.00400000018998981,"Pseudobatos lentiginosus",2483.82406564961,1,0,0,75,"subsistence fisheries",1,3.55,"Carni.",1,"VU",29
"10084",0,7.14400005340576,42.95,2.69349998235703,3.32430001497269,301.75419921875,284.120004272461,0.0072500002104789,0.0120000001043081,"Rhinobatos rhinobatos",4190.14462218611,1,0,0,185,"commercial",1,3.99,"Carni.",2,"CR",3
"10086",0,30.7679996490479,40.45,0.607599996030331,3.23179996609688,302.742839813232,290.321990966797,0.00600000005215406,0.00999999977648258,"Arothron stellatus",4674.38347693185,1,0,0,120,"of no interest",1,4.332,"Carni.",1,"LC",32
"10087",NA,NA,NA,NA,NA,NA,NA,NA,NA,"Sardinella zunasi",367.95623878562,0,0,0,18,"highly commercial",1,3.12,"Carni.",2,"LC",0
"10088",0.88360001295805,5.15000009536743,0,0.25832499191165,0.421724990010261,299.284429168701,293.986999511719,0.00400000018998981,0.00492499991087243,"Sargocentron tiereoides",342.706163848224,0,0,0,19.5,NA,1,3.55,"Carni.",1,"LC",4
"10089",0,2578.76489257812,21,0.395000010728836,1.42400002479553,301.247985839844,289.313995361328,0.00300000002607703,0.00600000005215406,"Scartella cristata",3608.42972099439,0,1,1,12,"of no interest",1,3.24,"Carni.",1,"LC",41
"10090",0.0764499999582767,154.871002197266,3.4,1.40454996228218,1.76274996399879,302.203761291504,294.608209228516,0.00400000018998981,0.00585000002756715,"Sebastapistes strongia",3131.15791715408,0,0,0,9.5,"of no interest",1,NA,NA,2,"LC",7
"10091",NA,NA,NA,NA,NA,NA,NA,NA,NA,"Secutor insidiator",367.95623878562,NA,NA,0,NA,NA,NA,NA,NA,2,NA,0
"10092",0,18.1630001068115,34.475,0.924700005352497,1.90465005338192,300.913578033447,273.843952178955,0.00452500019455329,0.0230750003829598,"Seriola lalandi",641.404286577873,1,0,0,250,"minor commercial",1,3.85,"Carni.",3,"LC",8
"10093",0,10.6999998092651,40.05,0.748349975794554,2.67787494659424,309.024932098389,291.771131134033,0.0074750002939254,0.0120000001043081,"Siganus spinus",2606.94396883396,0,0,0,28,"minor commercial",1,2.04,"Herbi.",2,"LC",20
"10095",0,246.975006103516,18.25,0.78415000140667,1.28340001106262,300.665985107422,288.979200744629,0.00300000002607703,0.00300000002607703,"Sphyraena barracuda",4202.19985411454,0,0,0,200,"minor commercial",1,4.5,"Carni.",2,"LC",23
"10096",0.00954999998211862,3.95099997520447,41,0.757849970459938,3.07109997272491,304.113345336914,294.104037475586,0.0060500000603497,0.00700000021606684,"Sphyrna lewini",1666.043306158,0,0,0,430,"commercial",1,4.5,"Carni.",2,"CR",3
"10097",0.0628000020980835,1172.97595214844,9.40000000000001,0.0582000002264976,1.02760002613068,303.794207763672,294.424987792969,0.00400000018998981,0.00800000037997961,"Synaptura cadenati",3431.1758711232,0,0,0,35,"commercial",1,NA,NA,2,NA,17
"10098",0.0514250004664063,37.9370002746582,7.45,0.412875010073185,1.05862502902746,301.006988525391,293.540785217285,0.00227500007604249,0.00400000018998981,"Trachinocephalus myops",5925.94074006477,0,0,0,32.5999984741211,"minor commercial",1,4.17,"Carni.",2,"LC",12
"10099",0,702.642028808594,40.7,1.05079996585846,3.57070004940033,302.726406860352,297.132098388672,0.00400000018998981,0.00400000018998981,"Thalassoma hardwicke",1547.4721850449,0,0,0,25,"minor commercial",1,3.5,"Carni.",1,"LC",13
"10100",0,14.2270002365112,40.875,2.70380009412765,3.00019990205765,315.46167755127,293.680850982666,0.0131000002846122,0.0169000009074807,"Thunnus obesus",2891.19533284866,0,0,0,250,"highly commercial",1,4.48,"Carni.",2,"VU",2
"10101",1.05484999977052,36493.0546875,4.40000000000001,0.268850003182888,1.12869997322559,302.998352050781,291.465592956543,0.00300000002607703,0.00554999997839332,"Trachinotus falcatus",1633.14183568944,1,0,0,122,"commercial",1,3.5,"Carni.",1,"LC",19
"10102",NA,NA,NA,NA,NA,NA,NA,NA,NA,"Trachinotus goodei",329.901877747454,0,0,0,50,"minor commercial",1,NA,NA,2,"LC",0
"10103",0,6371.3427734375,30.55,0.318775004148483,1.83132504820824,303.202642059326,287.250159454346,0.00300000002607703,0.0140000004321337,"Trachinotus goreensis",6246.60437977979,0,0,0,60,"minor commercial",1,NA,NA,1,"LC",70
"10104",0.0219999998807907,3.82399988174438,9,1.12999999523163,1.12999999523163,298.643005371094,288.567993164062,0.00899999961256981,0.00899999961256981,"Trachurus trachurus",74.8674870249691,0,0,0,70,"highly commercial",1,4.18,"Carni.",3,"VU",1
"10105",0.170799995213747,227.733001708984,19.9,0.375200000405312,1.09039998054504,302.236297607422,286.890005493164,0.00300000002607703,0.00899999961256981,"Trichiurus lepturus",2735.92952366797,0,0,0,234,"highly commercial",1,4.36,"Carni.",1,"LC",29
"10106",NA,NA,NA,NA,NA,NA,NA,NA,NA,"Zalieutes elater",302.984366570295,0,0,0,15,NA,1,3.97,"Carni.",2,"LC",0
"10107",0.0575000010430813,647.010009765625,7,0.344999998807907,1.00350001454353,301.125991821289,293.671508789062,0.0020000000949949,0.00400000018998981,"Awaous lateristriga",1806.97950390392,1,1,0,13.9799995422363,NA,0,NA,NA,1,"LC",21
"10108",0.00497500019846484,252.341003417969,24.85,0.730699981749058,1.24772500991821,299.319274902344,285.116147613525,0.00832500013057142,0.0109999999403954,"Bathygobius laddi",1039.12676006229,0,0,0,5,NA,1,NA,NA,3,"LC",14
"10109",0,2607.14404296875,44,0.473149999976158,3.3289999961853,304.670989990234,295.662347412109,0.00400000018998981,0.00700000021606684,"Batrachoides liberiensis",5078.32084620862,1,0,0,46,"minor commercial",1,3.67,"Carni.",1,"LC",48
"10110",0,6371.3427734375,23.575,0.338000003248453,1.6487250328064,302.489990234375,289.371349334717,0.00300000002607703,0.0064500001259148,"Brachydeuterus auritus",6155.23946388002,0,0,0,30,"highly commercial",1,3.03,"Carni.",1,"NT",72
"10111",0.0421249996870756,11608.4775390625,32,0.182249996811152,2.05937495827675,301.932991027832,293.003871917725,0.0020000000949949,0.00499999988824129,"Bryconaethiops yseuxi",26202.737826116,NA,NA,0,NA,NA,NA,NA,NA,1,NA,286
"10112",0,30.7679996490479,40.1,0.653799995779991,3.11839996576309,302.710289001465,283.280586242676,0.00600000005215406,0.0109999999403954,"Caranx heberi",3118.34397025337,1,0,0,88,"minor commercial",1,4,"Carni.",1,"LC",39
"10113",0,9.33300018310547,47,1.07120000123978,2.1617999792099,306.320190429688,283.853091430664,0.00899999961256981,0.0160000007599592,"Carassius carassius",2739.39719099348,1,1,0,64,"highly commercial",0,3.11,"Carni.",2,"LC",13
"10115",0,25.1700000762939,33.55,0.653175002336502,1.75845000743866,306.397078704834,280.530249786377,0.0232250000815839,0.0240000002086163,"Centriscus scutatus",806.981412976535,0,0,0,17,"commercial",1,NA,NA,2,"LC",10
"10117",0.00415000019129366,8.04199981689453,9.95,1.17270002961159,1.24965000152588,299.471343994141,286.429942321777,0.00904999962076545,0.0109499999321997,"Chaetodon auriga",4262.10564293282,1,0,0,25,"minor commercial",1,3.51,"Carni.",2,"LC",3
"10118",NA,NA,NA,NA,NA,NA,NA,NA,NA,"Chaetodon melannotus",3133.87265370966,1,0,0,25,"commercial",1,3.47,"Carni.",2,"LC",0
"10119",0.488100007176399,10.9809999465942,0,0.396699993312359,0.976199978590012,296.462109375,291.872711181641,0.00400000018998981,0.00400000018998981,"Chlorurus bleekeri",255.723275230169,1,0,0,49,"minor commercial",1,2,"Herbi.",1,"LC",3
"10120",0,7559.7177734375,33,0.317999988794327,2.41397500634193,302.906101989746,287.354927825928,0.00300000002607703,0.00999999977648258,"Clarias laeviceps",16515.7670695964,1,1,0,NA,NA,NA,NA,NA,1,"VU",172
"10121",0,702.642028808594,45.25,1.00024998188019,3.44237503409386,302.72025680542,288.541118621826,0.00400000018998981,0.00999999977648258,"Conger cinereus",1847.31161376729,0,0,0,140,"commercial",1,4.34,"Carni.",1,"LC",16
"10122",0,2578.24194335938,42,0.437100011110306,3.14090003967285,304.670989990234,291.758193969727,0.00300000002607703,0.00929999966174364,"Cynoglossus senegalensis",5926.75766163642,1,0,0,66.5,"commercial",1,3.62,"Carni.",1,"NT",69
"10123",NA,NA,NA,NA,NA,NA,NA,NA,NA,"Hemitrygon akajei",367.95623878562,1,0,0,200,"commercial",1,3.84,"Carni.",2,"NT",0
"10124",0.0764499999582767,154.871002197266,3.4,1.40454996228218,1.76274996399879,302.203761291504,294.608209228516,0.00400000018998981,0.00585000002756715,"Dendrochirus brachypterus",1270.59262971051,0,0,0,17,"subsistence fisheries",1,3.5,"Carni.",2,"LC",7
"10125",0,183.660003662109,39.075,0.41224998831749,2.60777500271797,302.298616027832,280.062797546387,0.00400000018998981,0.0179999992251396,"Diplodus capensis",9781.00834861649,1,1,0,45,"minor commercial",1,2.7,"Omni.",2,"LC",78
"10126",0,247.15299987793,28.625,1.00637502223253,1.68612499535084,302.072254180908,282.057613372803,0.00300000002607703,0.0198749995324761,"Elops senegalensis",1363.85163868896,1,0,0,90,"commercial",1,3.64,"Carni.",1,"DD",16
"10127",NA,NA,NA,NA,NA,NA,NA,NA,NA,"Enchelycore nigricans",86.0271647393956,0,1,1,NA,NA,NA,NA,NA,NA,"LC",0
"10128",NA,NA,NA,NA,NA,NA,NA,NA,NA,"Engraulis japonicus",367.95623878562,1,0,0,18,"highly commercial",1,2.74,"Omni.",2,"LC",0
"10129",0,61.7540016174316,31.675,0.376550003141165,1.72435002624989,302.310831451416,294.759219360352,0.00300000002607703,0.00700000021606684,"Ephippion guttifer",3427.34097514365,1,0,0,80,"commercial",1,3.55,"Carni.",1,"LC",38
"10130",0.620999991893768,66.5589981079102,6,1.24600005149841,1.24600005149841,309.608681488037,289.723691558838,0.00752500013913959,0.0142999997129664,"Epinephelus coioides",606.864655889656,1,0,0,120,"commercial",1,4.05,"Carni.",3,"LC",8
"10131",0,10.6999998092651,41,0.629899993538857,2.89079992771149,309.003103637695,292.170504760742,0.00700000021606684,0.0120000001043081,"Epinephelus fasciatus",18165.3676525865,0,0,0,52,"commercial",1,3.85,"Carni.",2,"LC",29
"10132",0,6371.3427734375,40,0.363874998688698,2.75292510390282,304.670989990234,286.775675201416,0.00300000002607703,0.0133750003296882,"Galeoides decadactylus",10032.6636875943,1,1,0,50,"commercial",1,3.57,"Carni.",1,"NT",102
"10133",0.228924996778369,227.733001708984,14.425,0.406174993515015,0.998899987339974,298.598683166504,286.66675491333,0.00745000008028001,0.00899999961256981,"Gerres longirostris",1432.26715491166,1,0,0,44.5,"commercial",1,3.53,"Carni.",3,"LC",10
"10198",0,9036.9833984375,49,0.382200004160404,3.54552491903305,303.917182922363,288.09596786499,0.00600000005215406,0.0120000001043081,"Barbodes semifasciolatus",18909.1906875044,1,1,0,7,"highly commercial",0,2.77,"Omni.",3,"LC",178
"10201",NA,NA,NA,NA,NA,NA,NA,NA,NA,"Apogon coccineus",672.717961801336,0,0,0,6,"commercial",1,3.5,"Carni.",2,"LC",0
"10243",NA,NA,NA,NA,NA,NA,NA,NA,NA,"Diodon hystrix",1064.31488235933,0,0,0,91,"minor commercial",1,3.61,"Carni.",2,"LC",0
"10620",0,702.642028808594,42.9,0.737950000166893,3.37759996652603,302.723497009277,286.10475769043,0.00400000018998981,0.00999999977648258,"Abudefduf sordidus",9780.69688604187,0,1,1,24,"minor commercial",1,3.24,"Carni.",2,"LC",63
"10621",0,2578.76489257812,17.75,0.497950002551079,1.27820000648499,301.225358581543,289.05359954834,0.00300000002607703,0.00600000005215406,"Abudefduf taurus",2318.82525798245,0,1,1,25,"minor commercial",1,2.61999988555908,"Omni.",1,"LC",27
"10623",NA,NA,NA,NA,NA,NA,NA,NA,NA,"Alectis ciliaris",367.95623878562,0,0,0,150,"minor commercial",1,3.56,"Carni.",2,"LC",0
"10625",0,2607.14404296875,44,0.457600003480911,3.3289999961853,303.545404052734,297.619390869141,0.0036000001244247,0.00499999988824129,"Aluterus schoepfii",2654.1615691872,0,0,0,61,"subsistence fisheries",1,4,"Carni.",1,"LC",25
"10626",0,7714.2119140625,36.35,0.319850012660027,2.07760008573532,302.866533660889,286.150089263916,0.00300000002607703,0.00899999961256981,"Amphilius krefftii",19546.8753921402,NA,NA,0,NA,NA,NA,NA,NA,1,NA,194
"10627",NA,NA,NA,NA,NA,NA,NA,NA,NA,"Amphiprion frenatus",311.118944702263,0,0,0,14,"commercial",1,2.66,"Omni.",2,"LC",0
"10628",NA,NA,NA,NA,NA,NA,NA,NA,NA,"Gymnothorax vicinus",86.0271647393956,0,0,0,132,"minor commercial",1,4.2,"Carni.",NA,"LC",0
"10629",0.070099999755621,23.42799949646,26.1,0.224500000476837,1.99860002994537,310.162905883789,296.792901611328,0.00700000021606684,0.00899999961256981,"Gymnura micrura",2753.65426110022,1,0,0,137,"minor commercial",1,3.56,"Carni.",2,"NT",13
"10630",0.00140000006649643,66.5950012207031,17.65,1.12634999155998,1.34970002174377,297.758641052246,281.22294921875,0.00899999961256981,0.0130000002682209,"Halichoeres hortulanus",3491.81871677454,0,0,0,27,"minor commercial",1,3.4,"Carni.",2,"LC",15
"10631",0.0370500007644296,659.469970703125,16.05,0.208349997550249,1.36105004549026,304.763548278809,295.51716003418,0.00300000002607703,0.0060500000603497,"Haplochromis argenteus",4301.49631721473,0,1,1,20.2000007629395,NA,0,3.61,"Carni.",1,"CR",39
"10632",0,1909.57897949219,29.575,0.39060000628233,1.79100002944469,302.498880004883,286.73090057373,0.00300000002607703,0.0140000004321337,"Hemicaranx bicolor",4958.9158401052,0,1,1,NA,NA,NA,NA,NA,1,"LC",58
"10633",NA,NA,NA,NA,NA,NA,NA,NA,NA,"Hippocampus guttulatus",893.938441489103,0,0,0,21.5,"minor commercial",1,3.5,"Carni.",2,"DD",0
"10634",0.0764499999582767,154.871002197266,3.4,1.40454996228218,1.76274996399879,302.203761291504,294.608209228516,0.00400000018998981,0.00585000002756715,"Histrio histrio",597.874667909172,0,0,0,20,"subsistence fisheries",1,3.93,"Carni.",1,"LC",7
"10635",NA,NA,NA,NA,NA,NA,NA,NA,NA,"Hyporhamphus sajori",367.95623878562,0,0,0,40,"commercial",1,3.4,"Carni.",2,NA,0
"10637",0,1385.17297363281,34.45,0.347624990344048,2.05712491869927,304.670989990234,285.418243408203,0.00300000002607703,0.0161500006448478,"Ilisha africana",6992.65578907401,1,0,0,30,"commercial",1,3.13,"Carni.",1,"LC",78
"10638",0,1327.42797851562,49,1.04382502138615,3.18717502355576,303.571311950684,292.158985137939,0.00499999988824129,0.00999999977648258,"Istigobius decoratus",2786.53532138179,0,0,0,13,"commercial",1,NA,NA,1,"LC",34
"10639",0,13025.130859375,33.25,0.211500000953674,1.91005007624626,309.034541320801,289.521246337891,0.0020000000949949,0.0209999997168779,"Labeo horie",10485.8268194947,1,1,0,NA,NA,NA,NA,NA,1,"LC",95
"10640",0,30.7679996490479,42.025,0.660399995744228,3.73862496614456,302.723194122314,288.45679397583,0.00597500004805625,0.0109999999403954,"Labroides dimidiatus",5974.29104512995,0,0,0,14,"of no interest",1,3.85,"Carni.",2,"LC",40
"10644",0,64.9520034790039,27.15,0.552975000441074,1.82995001375675,301.862049865723,295.196309661865,0.00400000018998981,0.0055249999742955,"Lutjanus gibbus",1710.95983118291,0,0,0,56.7999992370605,"commercial",1,3.63000011444092,"Carni.",1,"LC",20
"10645",0.0951999988406897,2176.0009765625,14.95,0.22425000667572,1.36265003085136,303.443556213379,293.878141784668,0.0020000000949949,0.00600000005215406,"Mastacembelus marchei",20775.5187575323,NA,NA,0,NA,NA,NA,NA,NA,1,NA,243
"10646",0,13530.982421875,48,0.211174998059869,3.3289999961853,306.40375289917,288.776564025879,0.0020000000949949,0.0109999999403954,"Micralestes elongatus",51475.9397050069,1,1,0,6,NA,0,3.26,"Carni.",1,"LC",518
"10648",0,45328.32421875,33.975,0.221025000885129,2.20955003499985,306.454245758057,293.519985961914,0.0020000000949949,0.00795000037178396,"Mormyrus rume",18833.6216412867,1,0,0,100,"commercial",0,2.48,"Omni.",1,"LC",202
"10649",0.0301999993622303,2527.01391601562,25.8,0.185200002789497,1.41139998435974,304.130187988281,293.9833984375,0.00300000002607703,0.00600000005215406,"Nematogobius maindroni",7941.569962878,1,1,0,NA,NA,NA,NA,NA,1,"LC",89
"10650",0.0764499999582767,154.871002197266,3.4,1.40454996228218,1.76274996399879,302.203761291504,294.608209228516,0.00400000018998981,0.00585000002756715,"Neoniphon sammara",3731.74732161883,0,0,0,32,"minor commercial",1,3.36999988555908,"Carni.",2,"LC",7
"10651",0.302199989557266,314.101989746094,3,0.38079999089241,0.740600001811981,302.405395507812,297.445001220703,0.00400000018998981,0.00400000018998981,"Nomeus gronovii",1456.54853605735,0,0,0,39,"minor commercial",1,3.67,"Carni.",1,"LC",17
"10654",0.012750000692904,80.0759963989258,17.375,0.30537498742342,1.41612499952316,302.431873321533,284.342254638672,0.00600000005215406,0.0109999999403954,"Oreochromis aureus",1285.22794152306,1,1,0,45.7000007629395,"highly commercial",0,2.51,"Omni.",1,NA,16
"10656",0.547249984741209,1024.88098144531,13.65,1.07697502970695,1.45602496266365,301.573662567139,291.474362182617,0.00899999961256981,0.00899999961256981,"Parastromateus niger",154.909970970146,0,0,0,75,"highly commercial",1,2.9300000667572,"Carni.",1,"LC",2
"10659",0.768400013446808,242.128997802734,13.3,0.687550002336502,1.44755001366138,299.403085327148,295.686408996582,0.00300000002607703,0.00300000002607703,"Petrocephalus zakoni",258.14672056358,NA,NA,0,NA,NA,NA,NA,NA,1,NA,3
"10660",NA,NA,NA,NA,NA,NA,NA,NA,NA,"Petroscirtes mitratus",2221.16859592167,1,0,0,8.5,"commercial",1,2.45,"Omni.",2,"LC",0
"10661",0.00490000019781292,10742.6826171875,9.7,0.790000021457672,1.24790000915527,306.553887939453,286.381198120117,0.00929999966174364,0.0199999995529652,"Plotosus lineatus",4333.17716668345,1,0,0,35.2000007629395,"commercial",1,3.6,"Carni.",2,"LC",13
"10662",NA,NA,NA,NA,NA,NA,NA,NA,NA,"Polydactylus sexfilis",367.95623878562,1,0,0,61,"commercial",1,3.43,"Carni.",2,"LC",0
"10663",NA,NA,NA,NA,NA,NA,NA,NA,NA,"Polydactylus sextarius",367.95623878562,0,0,0,30,"commercial",1,3.79,"Carni.",2,NA,0
"10664",0,45328.32421875,38.275,0.250999987125397,2.46470004320145,305.572491455078,292.835462188721,0.0020000000949949,0.00899999961256981,"Polypterus senegalus",20258.3884083169,1,1,0,70,"commercial",0,3.44,"Carni.",1,"LC",190
"10665",0.88360001295805,5.15000009536743,0,0.25832499191165,0.421724990010261,299.284429168701,293.986999511719,0.00400000018998981,0.00492499991087243,"Pomacentrus amboinensis",342.706163848224,0,0,0,9,"commercial",1,2.69,"Omni.",1,"LC",4
"10666",0.620999991893768,66.5589981079102,6,1.24600005149841,1.24600005149841,309.608681488037,289.723691558838,0.00752500013913959,0.0142999997129664,"Pomatomus saltatrix",606.864655889656,1,0,0,130,"highly commercial",1,4.48,"Carni.",3,"VU",8
"10667",0,45328.32421875,36.5,0.232249993830919,2.30025002360344,303.768871307373,294.697998046875,0.0020000000949949,0.00600000005215406,"Protopterus annectens",7020.18261266263,1,1,0,100,"minor commercial",0,3.83,"Carni.",1,"LC",66
"10668",0.88360001295805,5.15000009536743,0,0.25832499191165,0.421724990010261,299.284429168701,293.986999511719,0.00400000018998981,0.00492499991087243,"Pseudamia hayashii",342.706163848224,0,0,0,10,NA,1,3.5,"Carni.",1,"LC",4
"10669",0.88360001295805,5.15000009536743,0,0.25832499191165,0.421724990010261,299.284429168701,293.986999511719,0.00400000018998981,0.00492499991087243,"Pseudochromis fuscus",342.706163848224,0,0,0,10,"commercial",1,NA,NA,1,"LC",4
"10670",0.00415000019129366,8.04199981689453,9.95,1.17270002961159,1.24965000152588,299.471343994141,286.429942321777,0.00904999962076545,0.0109499999321997,"Pseudorhombus arsius",223.920384187244,1,0,0,45,"commercial",1,4.02,"Carni.",3,"LC",3
"10672",0,64.9520034790039,27.15,0.552975000441074,1.82995001375675,301.862049865723,295.196309661865,0.00400000018998981,0.0055249999742955,"Rhinecanthus aculeatus",2022.07877588517,0,0,0,30,"minor commercial",1,3.22000002861023,"Carni.",1,"LC",20
"10673",0.00160000007599592,4.07000017166138,34.4,0.352199992537499,2.19020004272461,303.657705688477,283.92770690918,0.0141000003553927,0.0159000006504357,"Salaria pavo",1438.1548089103,0,1,1,13.8000001907349,"subsistence fisheries",1,3.02,"Carni.",3,"LC",5
"10675",0,1854.42199707031,30.4,0.504000008106232,1.8626000225544,303.207000732422,293.60400390625,0.00499999988824129,0.00899999961256981,"Antennarius multiocellatus",598.53469452028,1,0,0,20,"subsistence fisheries",1,4.05,"Carni.",1,"LC",7
"10676",0,702.642028808594,41.45,1.09029996395111,3.64157505631447,310.756162261963,296.253142547607,0.00400000018998981,0.0130000002682209,"Asterropteryx semipunctata",3316.74993780374,1,0,0,6.5,"commercial",1,2.36,"Omni.",2,"LC",18
"10677",7.50000006519255e-05,2.65599989891052,17,1.24929995536804,1.26070003509521,295.721770477295,281.379789733887,0.0110249999444932,0.0119750001002103,"Salmo abanticus",375.114375753807,1,1,0,NA,NA,NA,NA,NA,3,"VU",2
"10678",0.00400000018998981,4.54500007629395,47,1.64300000667572,2.18699994683266,306.401741027832,291.534492492676,0.00999999977648258,0.0109999999403954,"Salmo salar",2116.72665722147,1,1,0,150,"highly commercial",1,3.86,"Carni.",2,"NT",6
"10679",0,10.6999998092651,40.05,0.748349975794554,2.67787494659424,309.024932098389,291.771131134033,0.0074750002939254,0.0120000001043081,"Sargocentron caudimaculatum",2911.70569184968,0,0,0,25,"minor commercial",1,3.89,"Carni.",2,"LC",20
"10680",0,113.900001525879,42.8,1.24600005149841,2.71049993038177,303.317602539062,289.830395507813,0.00700000021606684,0.0106999998912215,"Sargocentron diadema",3934.45264566667,0,0,0,17,"minor commercial",1,3.68,"Carni.",2,"LC",13
"10681",NA,NA,NA,NA,NA,NA,NA,NA,NA,"Sargocentron rubrum",367.95623878562,0,0,0,32,"minor commercial",1,3.78,"Carni.",2,"LC",0
"10682",0,1024.88098144531,41.7,0.695800000429153,3.63679996728897,302.743504333496,290.357243347168,0.00400000018998981,0.00999999977648258,"Saurida gracilis",7769.21147215556,0,0,0,32,"commercial",1,4.37,"Carni.",1,"LC",47
"10684",NA,NA,NA,NA,NA,NA,NA,NA,NA,"Scorpaenopsis oxycephala",367.95623878562,NA,NA,0,NA,NA,NA,NA,NA,2,"LC",0
"10685",NA,NA,NA,NA,NA,NA,NA,NA,NA,"Secutor indicius",367.95623878562,NA,NA,0,NA,NA,NA,NA,NA,2,NA,0
"10686",0,2222.06201171875,31.4,0.399200010299683,1.84110004901886,302.499505615234,286.727398681641,0.00230000007431954,0.0140000004321337,"Selene dorsalis",5196.1196887782,0,0,0,40,"commercial",1,4.08,"Carni.",1,"LC",53
"10688",0,14.2270002365112,40.875,2.70380009412765,3.00019990205765,315.46167755127,293.680850982666,0.0131000002846122,0.0169000009074807,"Sparisoma rubripinne",915.473151028755,0,0,0,47.7999992370605,"minor commercial",1,2,"Herbi.",2,"LC",2
"10689",NA,NA,NA,NA,NA,NA,NA,NA,NA,"Sphyraena flavicauda",2437.51401013595,0,0,0,60,"commercial",1,4.2,"Carni.",2,"LC",0
"10690",NA,NA,NA,NA,NA,NA,NA,NA,NA,"Sphyraena pinguis",367.95623878562,1,0,0,50,"highly commercial",1,4.38,"Carni.",2,"LC",0
"10691",0,30.7679996490479,40.45,0.607599996030331,3.23179996609688,302.742839813232,290.321990966797,0.00600000005215406,0.00999999977648258,"Sphyraena putnamae",2915.94465028379,0,0,0,90,"commercial",1,4.5,"Carni.",1,"LC",32
"10692",0.0782000005245209,12.7200002670288,17.2,0.578600001335144,1.75750002861023,307.253009033203,297.854107666016,0.00300000002607703,0.00499999988824129,"Squalius agdamicus",1710.21962065149,NA,NA,0,NA,NA,NA,NA,NA,2,NA,13
"10693",0.0782000005245209,12.7200002670288,17.2,0.578600001335144,1.75750002861023,307.253009033203,297.854107666016,0.00300000002607703,0.00499999988824129,"Squalius turcicus",1710.21962065149,1,1,0,NA,NA,NA,NA,NA,2,"LC",13
"10695",0,4317.0390625,41.6,0.165200001001358,2.94819998741149,307.850610351563,288.511206054687,0.00300000002607703,0.0109999999403954,"Synodontis schall",31965.1817848265,1,1,0,37,"commercial",0,2.92,"Carni.",1,"LC",297
"10696",0,13530.982421875,33.75,0.165000006556511,1.97599995136261,306.318740844727,287.130493164062,0.0020000000949949,0.0109999999403954,"Coptodon zillii",74529.606820355,1,1,0,40,"commercial",0,2.52,"Omni.",1,"LC",691
"10697",1.05484999977052,36493.0546875,4.40000000000001,0.268850003182888,1.12869997322559,302.998352050781,291.465592956543,0.00300000002607703,0.00554999997839332,"Trachinotus teraia",1633.14183568944,1,0,0,68,"minor commercial",1,3.57,"Carni.",1,"LC",19
"10698",0,246.975006103516,18.25,0.78415000140667,1.28340001106262,300.665985107422,288.979200744629,0.00300000002607703,0.00300000002607703,"Tylosurus crocodilus",2343.56305838056,1,0,0,150,"commercial",1,4.33,"Carni.",1,"LC",23
"10700",NA,NA,NA,NA,NA,NA,NA,NA,NA,"Upeneus tragula",367.95623878562,1,0,0,30,"commercial",1,4.22,"Carni.",2,"LC",0
"10701",0.0266250000335276,2.35800004005432,21.525,1.29882499277592,1.90017500817776,300.978910827637,290.516263580322,0.00999999977648258,0.00999999977648258,"Upeneus vittatus",707.20229805335,1,0,0,28,"commercial",1,3.87,"Carni.",2,"LC",2
"10702",0,64.9520034790039,27.15,0.552975000441074,1.82995001375675,301.862049865723,295.196309661865,0.00400000018998981,0.0055249999742955,"Atule mate",1710.95983118291,1,0,0,30,"minor commercial",1,3.27,"Carni.",1,"LC",20
"10703",0,183.660003662109,41.5,0.699249997735023,2.9567499756813,302.592239379883,285.821998596191,0.00600000005215406,0.0107499998994172,"Bathygobius cocosensis",6238.33450487392,NA,NA,0,NA,NA,NA,NA,NA,1,"LC",51
"10705",0.0672999989241362,5.30299997329712,25.8,0.362800005078316,1.18569999933243,302.205993652344,297.463092041016,0.00400000018998981,0.00400000018998981,"Brevoortia tyrannus",599.945854724606,1,0,0,50,"highly commercial",1,2.61,"Omni.",1,"LC",5
"10706",0.24987499602139,36493.0546875,1.25,0.167874999344349,0.985500022768974,303.020118713379,291.144371032715,0.0020000000949949,0.00700000021606684,"Brienomyrus adustus",23689.1984954308,NA,NA,0,NA,NA,NA,NA,NA,1,NA,276
"10707",0,702.642028808594,39.6,0.281399995088577,3.3996000289917,302.718206787109,293.986999511719,0.00400000018998981,0.0046000000089407,"Brotula multibarbata",1890.17834889312,0,0,0,100,"minor commercial",1,3.91,"Carni.",1,"LC",17
"10708",0.000825000007171184,5332.326171875,25.35,0.667624990642071,1.78527496159077,302.278723144531,295.299362182617,0.00400000018998981,0.00572500000707805,"Caracanthus unipinna",1107.60559961731,0,0,0,5,NA,1,3.6,"Carni.",1,"LC",12
"10709",0.00374999991618097,127.722999572754,19.75,1.09312497079372,1.68674997985363,302.163875579834,293.572631835938,0.00400000018998981,0.00750000035623088,"Caranx crysos",680.863766627241,0,0,0,70,"minor commercial",1,3.63,"Carni.",1,"LC",6
"10710",0,120.692001342773,41.5,0.933999985456467,2.17700004577637,301.039001464844,286.380493164062,0.00700000021606684,0.010499999858439,"Caranx ignobilis",5232.60060674207,1,0,0,170,"commercial",1,4.48,"Carni.",2,"LC",21
"10712",0.000300000002607703,17.1000003814697,37.5,1.55710000991821,3.0106999874115,310.821810913086,295.860891723633,0.00939999967813492,0.0130000002682209,"Cheilodipterus quinquelineatus",4743.14812914508,0,0,0,13,"minor commercial",1,3.5,"Carni.",2,"LC",5
"10713",0,190.13200378418,40.95,0.379050004482269,2.96449991464615,304.670989990234,295.392797851563,0.00300000002607703,0.00700000021606684,"Chelon dumerili",4127.84254417282,1,1,0,40,"commercial",1,2.68,"Omni.",1,"DD",43
"10714",0.118100003153086,1.28299999237061,25.9,0.434999985992909,0.751350018382072,310.514646911621,292.839364624023,0.0160000007599592,0.0160000007599592,"Chilomycterus schoepfii",2048.14066684581,0,0,0,27.8999996185303,"of no interest",1,3.5,"Carni.",2,"LC",3
"10715",0,2607.14404296875,44,0.427000004053116,3.3289999961853,304.670989990234,287.744396972656,0.00300000002607703,0.0120000001043081,"Chloroscombrus chrysurus",14889.7907834501,0,0,0,65,"commercial",1,3.53,"Carni.",1,"LC",157
"10716",0,4.24399995803833,40.45,0.714050012826919,2.95389997959137,302.69870300293,281.744850158691,0.0091000001411885,0.0218499998562038,"Conger wilsoni",3142.8632025216,1,0,0,150,NA,1,NA,NA,2,"LC",7
"10718",0,3.73200011253357,37,2.83800005912781,2.83800005912781,302.718994140625,297.497985839844,0.00499999988824129,0.00499999988824129,"Ctenochaetus striatus",3892.36541256431,1,0,0,26,"commercial",1,2,"Herbi.",2,"LC",1
"10719",0,1206.39794921875,34.475,0.212025003880262,2.05085000395775,306.533433532715,292.755060577393,0.00400000018998981,0.00899999961256981,"Ctenopoma togoensis",13531.8835580766,NA,NA,0,NA,NA,NA,NA,NA,1,NA,102
"10720",0.0764499999582767,154.871002197266,3.4,1.40454996228218,1.76274996399879,302.203761291504,294.608209228516,0.00400000018998981,0.00585000002756715,"Dactyloptena orientalis",597.874667909172,0,0,0,40,"minor commercial",1,3.68,"Carni.",1,"LC",7
"10721",0.000474999984726317,246.975006103516,20.875,0.378025004267693,1.25852499008179,302.205993652344,289.315845489502,0.00300000002607703,0.00400000018998981,"Drepane punctata",3604.6084482532,1,0,0,50,"commercial",1,3.32,"Carni.",1,"LC",42
"10722",0.0514250004664063,37.9370002746582,7.45,0.412875010073185,1.05862502902746,301.006988525391,293.540785217285,0.00227500007604249,0.00400000018998981,"Eleotris annobonensis",1032.58163836627,NA,NA,0,NA,NA,NA,NA,NA,1,"DD",12
"10724",NA,NA,NA,NA,NA,NA,NA,NA,NA,"Epibulus insidiator",3133.87265370966,0,0,0,54,"minor commercial",1,4.01,"Carni.",2,"LC",0
"10725",0,702.642028808594,40.425,1.01254997849464,3.52792504429817,302.724356842041,291.297019195557,0.00400000018998981,0.0073749998002313,"Epinephelus merra",1622.33967206987,0,0,0,36.5,"commercial",1,4.38,"Carni.",1,"LC",14
"10726",NA,NA,NA,NA,NA,NA,NA,NA,NA,"Etrumeus sadina",367.95623878562,1,0,0,33,"highly commercial",1,3.40000009536743,"Carni.",2,"LC",0
"10731",0.88360001295805,5.15000009536743,0,0.25832499191165,0.421724990010261,299.284429168701,293.986999511719,0.00400000018998981,0.00492499991087243,"Gobiodon quinquestrigatus",342.706163848224,0,0,0,4.5,NA,1,NA,NA,1,"LC",4
"10785",NA,NA,NA,NA,NA,NA,NA,NA,NA,"Parascolopsis eriomma",672.717961801336,0,0,0,35,"subsistence fisheries",1,4.19,"Carni.",2,"LC",0
"10885",NA,NA,NA,NA,NA,NA,NA,NA,NA,"Scarus scaber",672.717961801336,1,0,0,37,"commercial",1,2,"Herbi.",2,"LC",0
"11219",NA,NA,NA,NA,NA,NA,NA,NA,NA,"Ablennes hians",367.95623878562,1,0,0,140,"minor commercial",1,4.22,"Carni.",2,"LC",0
"11220",0,6371.3427734375,44,0.336000002920628,3.3289999961853,303.078254699707,282.679512023926,0.00300000002607703,0.0179999992251396,"Abudefduf saxatilis",11173.1654845996,1,0,0,22.8999996185303,"minor commercial",1,2.76,"Omni.",1,"LC",71
"11221",0.620999991893768,66.5589981079102,6,1.24600005149841,1.24600005149841,309.608681488037,289.723691558838,0.00752500013913959,0.0142999997129664,"Acanthopagrus bifasciatus",3580.7350322759,0,0,0,36.2000007629395,"minor commercial",1,3.39,"Carni.",2,"LC",8
"11222",0,30.7679996490479,40.45,0.607599996030331,3.23179996609688,302.742839813232,290.321990966797,0.00600000005215406,0.00999999977648258,"Acanthurus dussumieri",2972.78194436715,1,0,0,54,"minor commercial",1,2,"Herbi.",1,"LC",32
"11223",0,1909.57897949219,30.8,0.655599987506866,1.83420004844666,302.548199462891,286.615405273437,0.00300000002607703,0.0144000001251698,"Aluterus heudelotii",2128.46061098615,0,0,0,45,NA,1,2,"Herbi.",1,"LC",25
"11224",0.0177500005811453,37.9370002746582,29.75,0.41125001013279,2.33375003933907,302.226493835449,293.526260375977,0.00250000011874363,0.00474999996367842,"Aluterus scriptus",4941.64277814148,0,0,0,110,"commercial",1,3.02,"Carni.",2,"LC",11
"11225",0.000300000002607703,17.1000003814697,37.5,1.55710000991821,3.0106999874115,310.821810913086,295.860891723633,0.00939999967813492,0.0130000002682209,"Amblygobius albimaculatus",3838.83552410917,1,0,0,18,"commercial",1,3.3,"Carni.",2,"LC",5
"11226",0.554750007390976,797.286010742188,0,0.158700004220009,1.97599995136261,318.854544067383,283.205546569824,0.0020000000949949,0.0243500002659857,"Haplochromis guiarti",10068.3780129825,0,1,1,17.7000007629395,NA,0,4.2,"Carni.",1,"CR",107
"11227",0.03907500077039,797.286010742188,15.95,0.0904000034555793,1.97599995136261,317.816581726074,283.330913543701,0.0020000000949949,0.0226250000530853,"Haplochromis ishmaeli",16604.4616696069,0,1,1,13.6000003814697,NA,0,3.6,"Carni.",1,"CR",162
"11228",0.0881250016391277,659.469970703125,7.25,0.184624997898936,1.01137501746416,305.274127960205,295.490367889404,0.00300000002607703,0.00637500011362135,"Haplochromis latifasciatus",3010.94750855038,0,1,1,NA,NA,NA,NA,NA,1,"CR",26
"11229",0.145500000566244,789.304016113281,1.25,0.193749997764826,1.12624998390675,305.077751159668,295.160003662109,0.00300000002607703,0.00625000009313226,"Haplochromis parvidens",3613.13972629751,0,1,1,16.2999992370605,NA,0,4,"Carni.",1,"CR",31
"11230",0.833000004291534,789.304016113281,0,0.147950001806021,1.97599995136261,298.29690246582,288.98660736084,0.0020000000949949,0.00534999994561076,"Haplochromis venator",2409.91231275565,0,1,1,17.7999992370605,NA,0,3.9,"Carni.",1,"EN",27
"11231",0,45328.32421875,34,0.211474996432662,2.33550004363059,306.088725280762,291.044846343994,0.00300000002607703,0.00800000037997961,"Hemichromis frempongi",56631.3310192429,NA,NA,0,NA,NA,NA,NA,NA,1,NA,620
"11232",0,45328.32421875,44,0.229800004139543,3.1086499273777,306.487199401855,293.582596588135,0.0020000000949949,0.00800000037997961,"Hemichromis paynei",22496.9450437748,NA,NA,0,NA,NA,NA,NA,NA,1,NA,240
"11233",0,133.339004516602,41.5,0.66049998998642,2.93349993228912,302.483489990234,282.395004272461,0.00499999988824129,0.0130000002682209,"Istiblennius dussumieri",5176.38138334876,0,1,1,12,"of no interest",1,2,"Herbi.",1,"LC",61
"11234",0,6371.3427734375,25,0.315999999642372,1.36800003051758,302.205993652344,289.350997924805,0.00300000002607703,0.00600000005215406,"Labrisomus nuchipinnis",5324.0629712155,0,1,1,23,"commercial",1,3.52,"Carni.",1,"LC",61
"11235",0,61.7540016174316,40.6,0.375200000405312,3.04669992923737,304.670989990234,292.156604003906,0.00300000002607703,0.00730000026524067,"Lagocephalus laevigatus",2465.16197281447,1,0,0,100,"minor commercial",1,4.02,"Carni.",1,"LC",29
"11236",0,25.1700000762939,33.55,0.653175002336502,1.75845000743866,306.397078704834,280.530249786377,0.0232250000815839,0.0240000002086163,"Lepidotrigla guentheri",806.981412976535,NA,NA,0,NA,NA,NA,NA,NA,2,NA,10
"11237",0,61.7540016174316,26.1,0.372349994629622,1.53199994564056,302.205993652344,282.719654846191,0.00300000002607703,0.0130000002682209,"Lichia amia",6036.76907513606,1,0,0,200,"commercial",1,4.32,"Carni.",3,"LC",50
"11238",NA,NA,NA,NA,NA,NA,NA,NA,NA,"Luciogobius guttatus",1994.99839128503,1,0,0,9.5,"of no interest",1,NA,NA,2,"LC",0
"11239",NA,NA,NA,NA,NA,NA,NA,NA,NA,"Microcanthus strigatus",367.95623878562,1,1,0,16,"commercial",1,3,"Carni.",2,"LC",0
"11240",0,702.642028808594,40.7,1.05079996585846,3.57070004940033,302.726406860352,297.132098388672,0.00400000018998981,0.00400000018998981,"Myrichthys maculosus",1999.97274299566,0,1,1,100,"commercial",1,NA,NA,1,"LC",13
"11241",0.00140000006649643,66.5950012207031,17.65,1.12634999155998,1.34970002174377,297.758641052246,281.22294921875,0.00899999961256981,0.0130000002682209,"Myripristis chryseres",1754.78587261388,0,0,0,25,"commercial",1,4.04,"Carni.",3,"LC",15
"11242",NA,NA,NA,NA,NA,NA,NA,NA,NA,"Ophichthus altipennis",367.95623878562,NA,NA,0,NA,NA,NA,NA,NA,2,"LC",0
"11243",0,2390.44091796875,32.7,0.623224997520447,1.98359997570515,303.038934326172,287.075402832031,0.00400000018998981,0.00667500016279518,"Oreochromis urolepis",5040.84384149146,1,0,0,44,"commercial",0,2,"Herbi.",1,"LC",54
"11244",0,2607.14404296875,44,0.432250007987022,3.3289999961853,303.516254425049,296.275611877441,0.00362500012852252,0.00575000001117587,"Pagrus caeruleostictus",2739.86136924001,0,0,0,90,"commercial",1,3.66,"Carni.",1,"LC",26
"11248",0,3247.02392578125,28,0.212900003790855,1.70369998812675,306.645001220703,293.782804870605,0.00400000018998981,0.00899999961256981,"Petrocephalus bovei",29096.1539484499,0,1,1,11.5,"of no interest",0,NA,NA,1,"LC",255
"11249",0,246.975006103516,18.25,0.78415000140667,1.28340001106262,300.665985107422,288.979200744629,0.00300000002607703,0.00300000002607703,"Phaeoptyx pigmentaria",2061.63398433433,1,0,0,NA,NA,NA,NA,NA,1,"LC",23
"11250",NA,NA,NA,NA,NA,NA,NA,NA,NA,"Platax orbicularis",388.064428565403,0,0,0,60,"minor commercial",1,3.33,"Carni.",2,"LC",0
"11252",0,45328.32421875,35.4499999999999,0.250999987125397,2.11659990549087,305.569989013672,292.482057189941,0.0020000000949949,0.00899999961256981,"Polypterus bichir",27927.8328439496,1,1,0,74,"commercial",0,4.5,"Carni.",1,"LC",275
"11253",0,702.642028808594,41,0.955999970436096,2.85599994659424,308.973999023438,292.703002929688,0.00400000018998981,0.0120000001043081,"Pomacanthus semicirculatus",4470.10938005573,1,0,0,40,"minor commercial",1,2.69,"Omni.",2,"LC",41
"11254",0,702.642028808594,40.7,1.05079996585846,3.57070004940033,302.726406860352,297.132098388672,0.00400000018998981,0.00400000018998981,"Priolepis cincta",5398.69932143439,0,0,0,7,"commercial",1,NA,NA,2,"LC",13
"11255",0,113.900001525879,42.5,1.19675002992153,2.70037493109703,303.237503051758,287.047122955322,0.00700000021606684,0.0109999999403954,"Pristiapogon kallopterus",2038.74396004873,0,0,0,15.5,"commercial",1,3.55,"Carni.",3,"LC",16
"11257",0,26.9829998016357,34,0.569025012850761,2.18907499909401,306.792998504639,280.273141479492,0.0230000000447035,0.0240000002086163,"Pseudorasbora parva",2124.29038371251,1,0,0,12.5,"of no interest",0,3.22,"Carni.",2,"LC",22
"11258",NA,NA,NA,NA,NA,NA,NA,NA,NA,"Pterocaesio chrysozona",231.594643234581,0,0,0,21,"commercial",1,3.4,"Carni.",2,"LC",0
"11259",0.138399994373322,3.82800006866455,2.8,0.0629000004380941,0.273200008273125,313.470303344727,293.530184936523,0.0111999999731779,0.0148999997414649,"Raja miraletus",986.317047286951,0,0,0,63,"commercial",1,3.8,"Carni.",2,"LC",5
"11260",NA,NA,NA,NA,NA,NA,NA,NA,NA,"Remora remora",367.95623878562,0,0,0,86.4000015258789,"commercial",1,3,"Carni.",2,"LC",0
"11261",0.30799999833107,8.25800037384033,0,0.999000012874603,0.999000012874603,302.135009765625,297.028991699219,0.00499999988824129,0.00499999988824129,"Anyperodon leucogrammicus",85.8320882575874,0,0,0,65,"minor commercial",1,3.94,"Carni.",1,NA,1
"11262",2.19870009422302,26.9829998016357,1,0.712600010633469,0.728749972581863,306.830992126465,283.284739685059,0.0230000000447035,0.0239500002004206,"Jaydia lineata",808.754212352625,0,0,0,14.8000001907349,NA,1,3.32,"Carni.",2,"LC",3
"11263",0.00415000019129366,8.04199981689453,9.95,1.17270002961159,1.24965000152588,299.471343994141,286.429942321777,0.00904999962076545,0.0109499999321997,"Sarda orientalis",591.876622972864,0,0,0,102,"minor commercial",1,4.21,"Carni.",2,"LC",3
"11264",0,2607.14404296875,46.475,0.176825001835823,4.08222508430481,304.239921569824,296.9165184021,0.00300000002607703,0.00499999988824129,"Sardinella rouxi",8898.18111323233,NA,NA,0,NA,NA,NA,NA,NA,1,"DD",88
"11265",0,13530.982421875,32.875,0.178125003352761,2.0942499935627,306.468994140625,293.210117340088,0.00300000002607703,0.00899999961256981,"Sarotherodon galilaeus",37070.3853635022,1,1,0,39.5,"commercial",0,2,"Herbi.",1,"LC",326
"11266",1.37509999871254,8.8129997253418,0,0.190249994397163,0.36599999666214,299.803900146484,293.986999511719,0.00405000017490238,0.00499999988824129,"Scomber australasicus",428.555418555984,0,0,0,44,"commercial",1,4.07999992370605,"Carni.",1,"LC",3
"11267",0,2607.14404296875,44,0.457600003480911,3.3289999961853,303.545404052734,297.619390869141,0.0036000001244247,0.00499999988824129,"Scomber japonicus",3694.83576977415,0,0,0,64,"highly commercial",1,3.42,"Carni.",1,"LC",25
"11269",0,1854.42199707031,30.4,0.504000008106232,1.8626000225544,303.207000732422,293.60400390625,0.00499999988824129,0.00899999961256981,"Scomberomorus maculatus",598.53469452028,0,0,0,91,"highly commercial",1,4.32,"Carni.",1,"LC",7
"11271",0.00415000019129366,8.04199981689453,9.95,1.17270002961159,1.24965000152588,299.471343994141,286.429942321777,0.00904999962076545,0.0109499999321997,"Scorpaenopsis venosa",223.920384187244,0,0,0,25,NA,1,NA,NA,3,"LC",3
"11273",0,172.516998291016,24.75,0.593375004827976,1.71875001490116,306.711376190186,287.996631622314,0.00400000018998981,0.0114999999059364,"Sillago sihama",2919.30801910953,1,0,0,31,"commercial",1,3.3,"Carni.",1,"LC",36
"11274",0.00400000018998981,4.54500007629395,47,1.64300000667572,2.18699994683266,306.401741027832,291.534492492676,0.00999999977648258,0.0109999999403954,"Siphamia roseigaster",712.678682581108,NA,NA,0,NA,NA,NA,NA,NA,1,NA,6
"11275",0,4.24399995803833,25.375,0.704375013709068,1.6700000166893,302.698753356934,281.734874725342,0.0209999997168779,0.0218749998603016,"Sparus aurata",412.972045745523,1,1,0,70,"commercial",1,3.39,"Carni.",3,"LC",6
"11276",0.00415000019129366,8.04199981689453,9.95,1.17270002961159,1.24965000152588,299.471343994141,286.429942321777,0.00904999962076545,0.0109499999321997,"Sphyraena acutipinnis",223.920384187244,0,0,0,80,"commercial",1,4.5,"Carni.",3,"LC",3
"11278",NA,NA,NA,NA,NA,NA,NA,NA,NA,"Sphyraena obtusata",672.717961801336,1,0,0,55,"commercial",1,4.5,"Carni.",2,"LC",0
"11279",0.0782000005245209,12.7200002670288,17.2,0.578600001335144,1.75750002861023,307.253009033203,297.854107666016,0.00300000002607703,0.00499999988824129,"Squalius berak",1710.21962065149,1,0,0,NA,NA,NA,NA,NA,2,"LC",13
"11280",0,172.516998291016,41.45,0.938799986243248,2.15370004177093,301.112162780762,286.531604003906,0.00655000014230609,0.00999999977648258,"Stephanolepis auratus",1958.97385797456,NA,NA,0,NA,NA,NA,NA,NA,3,"LC",23
"11281",0,702.642028808594,39.05,0.771700003743172,3.31405001878738,302.714106750488,286.499250793457,0.00400000018998981,0.0105499998666346,"Stethojulis interrupta",2810.6896680652,0,0,0,15.6000003814697,"of no interest",1,3.5,"Carni.",1,"LC",19
"11282",0.00105000000912696,25.7970008850098,34.9,0.463599996268749,2.458899974823,302.645108032227,295.685600280762,0.00499999988824129,0.00564999999478459,"Synanceia verrucosa",4002.85258350447,0,0,0,40,"minor commercial",1,4.35,"Carni.",2,"LC",15
"11283",0.000474999984726317,246.975006103516,20.875,0.378025004267693,1.25852499008179,302.205993652344,289.315845489502,0.00300000002607703,0.00400000018998981,"Synapturichthys kleinii",5891.51880906065,0,0,0,40,"commercial",1,NA,NA,1,"DD",42
"11284",0.0522000014781952,17.1650009155273,16.3,0.854399996995926,1.14349995851517,295.785003662109,285.112603759766,0.00899999961256981,0.00899999961256981,"Syngnathus acus",856.337616992359,0,0,0,50,"of no interest",1,3.52,"Carni.",3,"LC",5
"11285",0,702.642028808594,40.7,1.05079996585846,3.57070004940033,302.726406860352,297.132098388672,0.00400000018998981,0.00400000018998981,"Synodus variegatus",2220.19014684624,0,0,0,40,"commercial",1,4.5,"Carni.",1,"LC",13
"11287",0.0764499999582767,154.871002197266,3.4,1.40454996228218,1.76274996399879,302.203761291504,294.608209228516,0.00400000018998981,0.00585000002756715,"Torpedo fuscomaculata",597.874667909172,1,0,0,64,NA,1,4.5,"Carni.",1,"DD",7
"11288",0,30.7679996490479,40.45,0.607599996030331,3.23179996609688,302.742839813232,290.321990966797,0.00600000005215406,0.00999999977648258,"Trachinotus botla",2604.82570558153,0,0,0,75,"minor commercial",1,3.21,"Carni.",1,"LC",32
"11289",0,6371.3427734375,44,0.285024990141392,3.3289999961853,303.185318756104,287.648341369629,0.00300000002607703,0.0120000001043081,"Trachinotus ovatus",13163.7796348324,0,0,0,70,"minor commercial",1,3.73,"Carni.",1,"LC",140
"11290",0.0122500000521541,154.871002197266,31.225,1.40497496426105,2.65232504010201,302.634997558594,294.671908569336,0.00400000018998981,0.00582500002346933,"Trachyrhamphus bicoarctatus",1356.36742676382,0,0,0,40,NA,1,3.75,"Carni.",2,"LC",8
"11291",NA,NA,NA,NA,NA,NA,NA,NA,NA,"Tylosurus acus acus",1063.52823229911,NA,NA,0,NA,NA,NA,NA,NA,2,NA,0
"11292",NA,NA,NA,NA,NA,NA,NA,NA,NA,"Tylosurus acus melanotus",367.95623878562,NA,NA,0,NA,NA,NA,NA,NA,2,NA,0
"11293",0.00712499984074385,36493.0546875,37,0.338474993407726,2.14045001268387,301.534326171875,291.340344238281,0.0020000000949949,0.00700000021606684,"Xenocharax spilurus",15911.8680904011,0,0,0,26,NA,0,NA,NA,1,NA,180
"11295",0.488100007176399,10.9809999465942,0,0.396699993312359,0.976199978590012,296.462109375,291.872711181641,0.00400000018998981,0.00400000018998981,"Balistapus undulatus",4062.31389074116,0,0,0,30,"commercial",1,3.36999988555908,"Carni.",2,"LC",3
"11296",0.00140000006649643,66.5950012207031,17.65,1.12634999155998,1.34970002174377,297.758641052246,281.22294921875,0.00899999961256981,0.0130000002682209,"Bathygobius coalitus",1754.78587261388,NA,NA,0,NA,NA,NA,NA,NA,3,"LC",15
"11297",0,29.9099998474121,40.675,1.19267505407333,2.71982504725456,304.670989990234,295.767519378662,0.00432500009192154,0.00700000021606684,"Butis koilomatodon",1505.40692578119,1,0,0,10.6999998092651,NA,1,4.01,"Carni.",2,"LC",14
"11298",0,702.642028808594,40.7,1.05079996585846,3.57070004940033,302.726406860352,297.132098388672,0.00400000018998981,0.00400000018998981,"Canthigaster bennetti",1547.4721850449,0,0,0,10,NA,1,2.54,"Omni.",1,"LC",13
"11299",0.116000001318753,37.9370002746582,6.425,0.409625010192394,0.779149982333183,300.731442260742,293.511735534668,0.00245000011636876,0.00400000018998981,"Canthigaster rostrata",860.540719979983,1,0,0,12,"commercial",1,2.77,"Omni.",1,"LC",10
"11300",0.000825000007171184,154.871002197266,29.3,1.09057502448559,2.54622502923012,302.713497161865,294.518058013916,0.00400000018998981,0.00600000005215406,"Canthigaster valentini",1112.70417954388,0,0,0,11,"commercial",1,2.84,"Carni.",1,"LC",12
"11302",0,64.9520034790039,26.7,0.560550001263618,1.80910001397133,301.861898803711,287.37945098877,0.00400000018998981,0.0104499998502433,"Carangoides malabaricus",1934.88021537015,NA,NA,0,NA,NA,NA,NA,NA,1,"LC",23
"11303",0,2607.14404296875,44,0.477200001478195,3.3289999961853,303.078607177734,287.024609375,0.00300000002607703,0.0140000004321337,"Caranx rhonchus",5464.72468804627,0,0,0,60,"commercial",1,3.6,"Carni.",1,"LC",57
"11304",0.00697499988600612,25.7970008850098,35.65,0.449100000411272,2.59714996814728,302.289630126953,296.462030792236,0.00499999988824129,0.00499999988824129,"Carcharhinus melanopterus",1373.69134172771,0,0,0,200,"commercial",1,4.36,"Carni.",1,"VU",10
"11305",NA,NA,NA,NA,NA,NA,NA,NA,NA,"Chaetodon vagabundus",367.95623878562,1,0,0,23,"minor commercial",1,3.36,"Carni.",2,"LC",0
"11306",NA,NA,NA,NA,NA,NA,NA,NA,NA,"Cheilinus trilobatus",4048.40764999731,0,0,0,45,"minor commercial",1,3.92000007629395,"Carni.",2,"LC",0
"11307",0,246.975006103516,18.25,0.78415000140667,1.28340001106262,300.665985107422,288.979200744629,0.00300000002607703,0.00300000002607703,"Cheilopogon cyanopterus",1975.60681959494,0,0,0,40,"minor commercial",1,3.25,"Carni.",1,"LC",23
"11308",0,3.96300005912781,40,2.42709991931915,2.86709995269775,307.285095214844,298.473193359375,0.00310000004246831,0.00590000003576279,"Cheilopogon heterurus",940.913861400917,0,0,0,40,"of potential interest",1,3.4,"Carni.",2,"LC",5
"11309",0.0175999999046326,919.344970703125,23.8,0.237600004673004,1.44200003147125,299.485791015625,291.868408203125,0.00300000002607703,0.00400000018998981,"Chiloglanis igamba",3856.20236085088,1,0,0,6.46000003814697,"of no interest",0,NA,NA,1,NA,33
"11310",0,66.0479965209961,35.95,0.290099991858006,1.92425000965595,300.963971710205,278.584403991699,0.00300000002607703,0.0173749996116385,"Cyprinus rubrofuscus",7831.04625710772,1,1,0,NA,NA,NA,NA,NA,3,"LC",62
"11311",0.0764499999582767,154.871002197266,3.4,1.40454996228218,1.76274996399879,302.203761291504,294.608209228516,0.00400000018998981,0.00585000002756715,"Dascyllus reticulatus",597.874667909172,0,0,0,9,"minor commercial",1,3.13,"Carni.",1,"LC",7
"11312",0,206.606994628906,42.325,0.674424989521503,3.14097503423691,303.600006103516,290.525730133057,0.00300000002607703,0.00932499966584146,"Fontitrygon margarita",6741.85134719477,1,1,0,100,"commercial",1,3.42,"Carni.",1,"VU",68
"11313",NA,NA,NA,NA,NA,NA,NA,NA,NA,"Diodon holocanthus",2448.98179481007,0,0,0,50,"minor commercial",1,3.31,"Carni.",2,"LC",0
"11314",0,30.7679996490479,41.75,0.515749976038933,3.16649997234344,302.646614074707,277.106010437012,0.00600000005215406,0.0137500003911555,"Diplodus cervinus",4638.51281640136,1,0,0,55,"minor commercial",1,2.99,"Carni.",1,"LC",46
"11315",0,4.24399995803833,25.375,0.704375013709068,1.6700000166893,302.698753356934,281.734874725342,0.0209999997168779,0.0218749998603016,"Diplodus sargus",412.972045745523,0,0,0,45,"minor commercial",1,3.24,"Carni.",3,"LC",6
"11316",0,2565.875,31.3,0.244374994188547,1.74830002188683,305.058730316162,296.1270652771,0.00400000018998981,0.00600000005215406,"Distichodus nefasch",11187.458715893,1,1,0,83,NA,0,2,"Herbi.",1,"VU",118
"11317",0,702.642028808594,40.7,1.05079996585846,3.57070004940033,302.726406860352,297.132098388672,0.00400000018998981,0.00400000018998981,"Echidna leucotaenia",1547.4721850449,0,0,0,75,NA,1,3.5,"Carni.",1,"LC",13
"11318",0,6371.3427734375,18,0.256099991500378,1.32659997940063,303.727703857422,294.706097412109,0.00300000002607703,0.00600000005215406,"Eleotris vittata",9764.00014875911,1,1,0,27.5,"of no interest",1,NA,NA,1,"LC",109
"11319",0,10.6999998092651,40,0.63000001013279,2.66849994659424,309.022506713867,291.815505981445,0.00600000005215406,0.0120000001043081,"Epinephelus malabaricus",2324.81981830593,1,1,0,234,"highly commercial",1,4.22,"Carni.",2,"LC",21
"11320",0,10.6999998092651,40,0.773999974131584,2.84700000286102,309.022506713867,291.815505981445,0.00600000005215406,0.0120000001043081,"Epinephelus summana",2324.76252710166,1,0,0,52,"minor commercial",1,NA,NA,2,"LC",21
"11321",0,702.642028808594,40.7,1.05079996585846,3.57070004940033,302.726406860352,297.132098388672,0.00400000018998981,0.00400000018998981,"Epinephelus tauvina",4521.34256143114,1,1,0,100,"minor commercial",1,4.13,"Carni.",2,"DD",13
"11322",0,26.9829998016357,33,0.717399996519089,1.61495000123978,306.798997497559,280.744160461426,0.0209999997168779,0.0240000002086163,"Favonigobius gymnauchen",1967.7965186752,1,0,0,13.3999996185303,NA,1,2.71,"Omni.",2,"LC",19
"11323",NA,NA,NA,NA,NA,NA,NA,NA,NA,"Fistularia commersonii",5202.09629107887,0,0,0,160,"minor commercial",1,4.31,"Carni.",2,"LC",0
"11325",0,2607.14404296875,44,0.457600003480911,3.3289999961853,303.545404052734,297.619390869141,0.0036000001244247,0.00499999988824129,"Gobius niger",2654.1615691872,1,1,0,25.2999992370605,"of no interest",1,3.35999989509583,"Carni.",1,"LC",25
"11359",NA,NA,NA,NA,NA,NA,NA,NA,NA,"Nectamia fusca",672.717961801336,0,0,0,11.1999998092651,NA,1,3.57,"Carni.",2,"LC",0
"11809",0,6.50500011444092,45.325,1.07677499651909,2.79255006313324,302.539218902588,288.537813568115,0.00522499992512167,0.00999999977648258,"Abudefduf vaigiensis",8115.14665409198,0,0,0,20,"subsistence fisheries",1,3.39,"Carni.",2,"LC",4
"11810",0,702.642028808594,34,0.803800010681152,2.30739994049072,302.665606689453,282.634411621094,0.00400000018998981,0.0179999992251396,"Acanthurus triostegus",7893.00899468129,1,1,0,27,"commercial",1,2.78,"Omni.",2,"LC",49
"11812",0,7714.2119140625,44.2,0.33402501270175,2.33197497725487,302.892333221436,287.163047790527,0.00300000002607703,0.00899999961256981,"Amphilius grandis",17577.7278330263,1,0,0,NA,NA,NA,NA,NA,1,"LC",170
"11813",0.333674991875887,36493.0546875,0,0.30799999833107,1.2125250056386,301.494902801514,291.311145019531,0.0020000000949949,0.00700000021606684,"Amphilius nigricaudatus",14795.2144303286,NA,NA,0,NA,NA,NA,NA,NA,1,NA,172
"11814",0.0122500000521541,154.871002197266,31.225,1.40497496426105,2.65232504010201,302.634997558594,294.671908569336,0.00400000018998981,0.00582500002346933,"Amphiprion akallopisos",683.649464962486,1,0,0,11,"of no interest",1,2.73,"Omni.",1,"LC",8
"11815",NA,NA,NA,NA,NA,NA,NA,NA,NA,"Heteropriacanthus cruentatus",86.0271647393956,0,0,0,50.7000007629395,"minor commercial",1,3.7,"Carni.",NA,"LC",0
"11816",0.0463749997317791,10.0670003890991,5.9,0.887124983966351,1.11987504512072,301.006988525391,297.597991943359,0.00300000002607703,0.00300000002607703,"Holocentrus adscensionis",172.040918386288,0,0,0,61,"minor commercial",1,3.4,"Carni.",1,"LC",2
"11817",0,246.975006103516,18.25,0.78415000140667,1.28340001106262,300.665985107422,288.979200744629,0.00300000002607703,0.00300000002607703,"Hypleurochilus aequipinnis",2061.63398433433,0,0,0,7.5,"of no interest",1,3.15,"Carni.",1,"LC",23
"11818",NA,NA,NA,NA,NA,NA,NA,NA,NA,"Istiblennius edentulus",672.717961801336,0,1,1,16,"of no interest",1,2,"Herbi.",2,"LC",0
"11819",NA,NA,NA,NA,NA,NA,NA,NA,NA,"Lepidotrigla microptera",367.95623878562,NA,NA,0,NA,NA,NA,NA,NA,2,NA,0
"11820",0,9.33300018310547,29.85,1.06609999537468,1.79029998779297,299.812338256836,283.850541687012,0.00899999961256981,0.0160000007599592,"Lepomis macrochirus",856.391219724724,1,1,0,41,"minor commercial",0,3.53,"Carni.",3,"LC",7
"11821",0.00415000019129366,8.04199981689453,9.95,1.17270002961159,1.24965000152588,299.471343994141,286.429942321777,0.00904999962076545,0.0109499999321997,"Lutjanus erythropterus",223.920384187244,1,0,0,81.5999984741211,"commercial",1,4.25,"Carni.",3,"LC",3
"11824",0,25.1700000762939,33.55,0.653175002336502,1.75845000743866,306.397078704834,280.530249786377,0.0232250000815839,0.0240000002086163,"Okamejei kenojei",806.981412976535,0,0,0,57,"commercial",1,3.99,"Carni.",2,"VU",10
"11825",0,43.2890014648438,24.2,0.554799991846085,1.41940002441406,298.383993530273,278.906997680664,0.00300000002607703,0.0109999999403954,"Oncorhynchus mykiss",2836.10873986896,1,1,0,122,"highly commercial",1,3.53,"Carni.",3,NA,29
"11826",0.0522000014781952,17.1650009155273,16.3,0.854399996995926,1.14349995851517,295.785003662109,285.112603759766,0.00899999961256981,0.00899999961256981,"Ophisurus serpens",856.337616992359,1,0,0,250,"minor commercial",1,NA,NA,3,"LC",5
"11829",0,45328.32421875,38.375,0.250999987125397,2.38075006008148,303.714744567871,293.562870025635,0.0020000000949949,0.00700000021606684,"Parachanna obscura",21849.8417854991,1,1,0,50,"commercial",0,3.41,"Carni.",1,"LC",226
"11831",0,7714.2119140625,40,0.19670000448823,2.57844990491867,303.102551269531,287.023248291016,0.0020000000949949,0.0120000001043081,"Petrocephalus congicus",22871.8392380684,NA,NA,0,NA,NA,NA,NA,NA,1,NA,207
"11832",0.0177999997511506,11571.4169921875,37,0.123800002038479,2.60940003395081,302.226995849609,293.140606689453,0.0020000000949949,0.00600000005215406,"Brachypetersius altus",19749.9638277833,NA,NA,0,NA,NA,NA,NA,NA,1,NA,217
"11833",NA,NA,NA,NA,NA,NA,NA,NA,NA,"Plectroglyphidodon lacrymatus",2069.55777135033,NA,NA,0,NA,NA,NA,NA,NA,2,"LC",0
"11834",0,702.642028808594,40.7,1.05079996585846,3.57070004940033,302.726406860352,297.132098388672,0.00400000018998981,0.00400000018998981,"Plesiops coeruleolineatus",1547.4721850449,1,0,0,10,"of no interest",1,3.62,"Carni.",1,"LC",13
"11835",0,10742.6826171875,41.15,0.719275006651878,3.45859996676445,306.427368164062,286.493254852295,0.00400000018998981,0.0199999995529652,"Plotosus limbatus",8485.47505730988,1,0,0,50,"minor commercial",1,3.91,"Carni.",2,"LC",58
"11836",0.0184750002110377,797.286010742188,37.625,0.32705000191927,2.22657496035099,319.563051605225,283.000160217285,0.00300000002607703,0.0266250000335276,"Poecilia reticulata",6705.02064769239,1,1,0,5,"of no interest",0,3.2,"Carni.",1,"LC",68
"11838",NA,NA,NA,NA,NA,NA,NA,NA,NA,"Pomacentrus littoralis",672.717961801336,0,0,0,11,"minor commercial",1,NA,NA,2,"LC",0
"11839",0,702.642028808594,40.7,1.05079996585846,3.57070004940033,302.726406860352,297.132098388672,0.00400000018998981,0.00400000018998981,"Pomacentrus tripunctatus",1547.4721850449,0,0,0,7.5,"minor commercial",1,2,"Herbi.",1,"LC",13
"11840",0,3.73200011253357,37,2.83800005912781,2.83800005912781,302.718994140625,297.497985839844,0.00499999988824129,0.00499999988824129,"Priacanthus blochii",85.7747970533142,0,0,0,36.0999984741211,"commercial",1,3.7,"Carni.",1,"LC",1
"11841",NA,NA,NA,NA,NA,NA,NA,NA,NA,"Promethichthys prometheus",86.0271647393956,0,0,0,100,"subsistence fisheries",1,4.18,"Carni.",NA,"LC",0
"11842",0.0764499999582767,154.871002197266,3.4,1.40454996228218,1.76274996399879,302.203761291504,294.608209228516,0.00400000018998981,0.00585000002756715,"Pseudobalistes fuscus",5358.39088567388,0,0,0,55,"commercial",1,3.13,"Carni.",2,"LC",7
"11843",NA,NA,NA,NA,NA,NA,NA,NA,NA,"Pseudocheilinus evanidus",3133.87265370966,0,0,0,9,"commercial",1,3.5,"Carni.",2,"LC",0
"11845",NA,NA,NA,NA,NA,NA,NA,NA,NA,"Ptereleotris evides",1064.31488235933,0,0,0,14,"commercial",1,3.4,"Carni.",2,"LC",0
"11846",0.000300000002607703,17.1000003814697,37.5,1.55710000991821,3.0106999874115,310.821810913086,295.860891723633,0.00939999967813492,0.0130000002682209,"Ptereleotris microlepis",2833.59263511817,1,0,0,13,"commercial",1,NA,NA,2,"LC",5
"11847",0,19.443000793457,33,0.906749978661537,1.6246249973774,305.701488494873,280.733135223389,0.0209999997168779,0.023625000147149,"Redigobius isognathus",5148.45395743441,1,0,0,6,NA,1,4.2,"Carni.",2,NA,16
"11848",0,66.5589981079102,39.25,0.698499981313944,2.84025004506111,309.228763580322,285.792762756348,0.00675000017508864,0.0123750000493601,"Rhabdosargus sarba",3444.22725111468,1,1,0,80,"commercial",1,3.25,"Carni.",2,"LC",36
"11849",0,246.975006103516,18.25,0.78415000140667,1.28340001106262,300.665985107422,288.979200744629,0.00300000002607703,0.00300000002607703,"Rypticus subbifrenatus",1975.60681959494,0,1,1,NA,NA,NA,NA,NA,1,"LC",23
"11850",0,2390.44091796875,40.9,0.724425010383129,2.2153749525547,303.035833740234,289.148621368408,0.00600000005215406,0.00700000021606684,"Anguilla nebulosa",1965.65105779488,1,1,0,121,"subsistence fisheries",1,3.75,"Carni.",1,NA,18
"11851",0.000300000002607703,17.1000003814697,37.5,1.55710000991821,3.0106999874115,310.821810913086,295.860891723633,0.00939999967813492,0.0130000002682209,"Taeniamia fucata",2441.99571456017,0,0,0,10,NA,1,3.5,"Carni.",2,"LC",5
"11852",0,6371.3427734375,44,0.372699995338917,3.3289999961853,304.670989990234,287.733096313477,0.00300000002607703,0.0120000001043081,"Sardinella maderensis",17525.809846124,1,0,0,30,"highly commercial",1,3.2,"Carni.",1,"VU",195
"11853",0,6371.3427734375,40,0.280049994587898,2.71995009183884,304.670989990234,295.441098022461,0.00300000002607703,0.00700000021606684,"Sarotherodon melanotheron",13449.5337060866,0,1,1,28,"commercial",1,2.21,"Omni.",1,"LC",130
"11854",0,183.660003662109,32.375,0.778500005602837,1.76325003802776,302.697242736816,276.219760894775,0.00662500021280721,0.022374999942258,"Sarpa salpa",3283.34574998942,0,0,0,51,"commercial",1,2.14,"Herbi.",3,"LC",36
"11855",0,2607.14404296875,44,0.457600003480911,3.3289999961853,303.545404052734,297.619390869141,0.0036000001244247,0.00499999988824129,"Scomber colias",3694.83576977415,0,0,0,55,"minor commercial",1,3.91,"Carni.",1,"LC",25
"11856",NA,NA,NA,NA,NA,NA,NA,NA,NA,"Secutor ruconius",367.95623878562,NA,NA,0,NA,NA,NA,NA,NA,2,NA,0
"11857",0.131000000983477,37.9370002746582,5.9,0.23649999499321,0.765199983119964,300.725592041016,293.555310058594,0.00260000012349337,0.00499999988824129,"Selar crumenophthalmus",1743.07954206098,0,0,0,70,"highly commercial",1,3.82,"Carni.",1,"LC",13
"11858",0,58.1949996948242,40,1.36999997496605,2.91525000333786,302.019760131836,295.78450012207,0.00499999988824129,0.00499999988824129,"Siganus stellatus",2908.18296611806,0,0,0,40,"commercial",1,2.7,"Omni.",2,"LC",11
"11859",0.118100003153086,1.28299999237061,25.9,0.434999985992909,0.751350018382072,310.514646911621,292.839364624023,0.0160000007599592,0.0160000007599592,"Sphoeroides spengleri",2436.20509541121,1,0,0,30,"of no interest",1,3.5,"Carni.",2,"LC",3
"11860",0.118100003153086,1.28299999237061,25.9,0.434999985992909,0.751350018382072,310.514646911621,292.839364624023,0.0160000007599592,0.0160000007599592,"Sphoeroides testudineus",2048.14066684581,1,0,0,38.7999992370605,"of no interest",1,3.44,"Carni.",2,"LC",3
"11861",0.228924996778369,227.733001708984,14.425,0.406174993515015,0.998899987339974,298.598683166504,286.66675491333,0.00745000008028001,0.00899999961256981,"Sphyraena jello",738.971656224089,1,0,0,150,"commercial",1,4.29,"Carni.",3,"LC",10
"11862",0,216.363006591797,40,0.319000005722046,2.98259997367859,302.613989257812,290.368994140625,0.00300000002607703,0.00999999977648258,"Stegastes fasciolatus",4062.07483474311,NA,NA,0,NA,NA,NA,NA,NA,1,NA,49
"11865",NA,NA,NA,NA,NA,NA,NA,NA,NA,"Thalassoma lunare",672.717961801336,0,0,0,45,"minor commercial",1,4.16,"Carni.",2,"LC",0
"11866",0,64.9520034790039,27.15,0.552975000441074,1.82995001375675,301.862049865723,295.196309661865,0.00400000018998981,0.0055249999742955,"Trachinotus blochii",1710.95983118291,0,0,0,110,"minor commercial",1,3.77,"Carni.",1,"LC",20
"11867",0.252900006994605,61.7540016174316,16.85,0.373699997365475,1.00344999730587,302.26155090332,297.060046386719,0.00300000002607703,0.00400000018998981,"Umbrina cirrosa",1629.00162865826,1,0,0,104,"minor commercial",1,3.41,"Carni.",1,"VU",19
"11868",0,25.1700000762939,33.55,0.653175002336502,1.75845000743866,306.397078704834,280.530249786377,0.0232250000815839,0.0240000002086163,"Uranoscopus japonicus",1174.93765176215,0,0,0,18,"commercial",1,NA,NA,2,"LC",10
"11870",NA,NA,NA,NA,NA,NA,NA,NA,NA,"Auxis thazard",367.95623878562,0,0,0,65,"highly commercial",1,4.32,"Carni.",2,"LC",0
"11871",0,702.642028808594,40.7,1.05079996585846,3.57070004940033,302.726406860352,297.132098388672,0.00400000018998981,0.00400000018998981,"Bothus pantherinus",2902.40199970843,0,0,0,39,"commercial",1,3.5,"Carni.",1,"LC",13
"11872",0,18.1630001068115,39.3,0.9825499817729,2.06535001993179,304.746451568604,274.692455291748,0.00527500020107254,0.0228750000242144,"Caffrogobius nudiceps",2584.39801968955,1,1,0,NA,NA,NA,NA,NA,3,"LC",18
"11873",0,64.9520034790039,39.05,0.498899995535612,2.49037494659424,308.976424407959,292.658628082275,0.00400000018998981,0.0120000001043081,"Carangoides armatus",3949.94756123125,NA,NA,0,NA,NA,NA,NA,NA,2,"LC",40
"11874",NA,NA,NA,NA,NA,NA,NA,NA,NA,"Carangoides hedlandensis",367.95623878562,NA,NA,0,NA,NA,NA,NA,NA,2,"LC",0
"11875",0,6371.3427734375,44,0.286324995756149,3.3289999961853,303.18798828125,295.106994628906,0.00300000002607703,0.00600000005215406,"Caranx caninus",4795.44260573644,1,0,0,101,"commercial",1,3.9,"Carni.",1,"LC",48
"11876",0,120.692001342773,41.575,0.926799984276295,2.21195005178452,301.067053222656,286.507601928711,0.00685000019147992,0.00999999977648258,"Caranx papuensis",3576.40910140985,1,0,0,88,"minor commercial",1,4.05,"Carni.",2,"LC",18
"11877",0,9.33300018310547,47,1.07120000123978,2.1617999792099,306.320190429688,283.853091430664,0.00899999961256981,0.0160000007599592,"Carassius langsdorfii",1569.06990230583,1,0,0,39,NA,0,NA,NA,1,NA,13
"11880",0,702.642028808594,37.675,0.708050008118153,3.1001749932766,302.703856658936,282.094403839111,0.00400000018998981,0.0130000002682209,"Chaetodon lunula",4012.74930498395,0,0,0,20,"minor commercial",1,2.99,"Carni.",2,"LC",24
"11882",0,99.6949996948242,33.8,0.762600016593933,1.85920004844666,300.203399658203,274.607604980469,0.00520000020042062,0.0206000003963709,"Chirodactylus brachydactylus",1577.48858103682,0,0,0,40,"minor commercial",1,3.5,"Carni.",3,NA,17
"11885",0.88360001295805,5.15000009536743,0,0.25832499191165,0.421724990010261,299.284429168701,293.986999511719,0.00400000018998981,0.00492499991087243,"Chromis retrofasciata",342.706163848224,NA,NA,0,NA,NA,NA,NA,NA,1,NA,4
"11886",0,10742.6826171875,44,0.218125003576279,3.23294996619224,306.714068603516,286.518123626709,0.00300000002607703,0.0185749993193895,"Chrysichthys rueppelli",22289.1273334192,NA,NA,0,NA,NA,NA,NA,NA,1,NA,218
"11887",NA,NA,NA,NA,NA,NA,NA,NA,NA,"Chrysiptera unimaculata",5128.87104499468,0,0,0,10,"minor commercial",1,2,"Herbi.",2,"LC",0
"11888",0.30799999833107,8.25800037384033,0,0.999000012874603,0.999000012874603,302.135009765625,297.028991699219,0.00499999988824129,0.00499999988824129,"Cirrhitichthys oxycephalus",85.8320882575874,0,0,0,10,"commercial",1,4.01,"Carni.",1,"LC",1
"11890",0,6371.3427734375,42.5,0.376000002026558,3.24274998903275,304.670989990234,288.44450378418,0.00300000002607703,0.0109999999403954,"Citharichthys spilopterus",21011.1600888995,1,1,0,21,"minor commercial",1,3.5699999332428,"Carni.",1,"LC",231
"11891",0,18.1630001068115,33.5,0.750500023365021,1.8390000462532,300.075500488281,274.947006225586,0.00550000020302832,0.0195000004023314,"Clinus superciliosus",2074.61601322313,0,0,0,30,NA,1,3.39,"Carni.",3,"LC",21
"11892",0.00415000019129366,8.04199981689453,9.95,1.17270002961159,1.24965000152588,299.471343994141,286.429942321777,0.00904999962076545,0.0109499999321997,"Cociella punctata",223.920384187244,0,0,0,35,"minor commercial",1,NA,NA,3,"LC",3
"11894",0,702.642028808594,44.5,0.85699999332428,2.88250011205673,302.689506530762,285.271995544434,0.00400000018998981,0.0109999999403954,"Echidna nebulosa",7021.1497291868,0,0,0,100,"minor commercial",1,4.17,"Carni.",2,"LC",31
"11895",0,3.73200011253357,37,2.83800005912781,2.83800005912781,302.718994140625,297.497985839844,0.00499999988824129,0.00499999988824129,"Elagatis bipinnulata",85.7747970533142,0,0,0,180,"highly commercial",1,3.75,"Carni.",1,"LC",1
"11896",0.00382500003324822,321.653015136719,33.7,0.759900003671646,1.76399998664856,297.716802215576,283.992997741699,0.00582500002346933,0.0117250000592321,"Elops hawaiensis",954.432851790018,1,0,0,120,"commercial",1,4.03,"Carni.",3,"DD",12
"11897",0,29.9099998474121,40.675,1.19267505407333,2.71982504725456,304.670989990234,295.767519378662,0.00432500009192154,0.00700000021606684,"Engraulis encrasicolus",3486.22258032322,1,0,0,20,"highly commercial",1,3.12,"Carni.",2,"LC",14
"11898",0,10.6999998092651,40,0.773999974131584,2.66849994659424,309.022506713867,291.815505981445,0.00750000029802322,0.0120000001043081,"Epinephelus chlorostigma",3647.59012917014,0,0,0,80,"commercial",1,3.99,"Carni.",2,"LC",21
"11899",0,30.7679996490479,40.45,0.607599996030331,3.23179996609688,302.742839813232,290.321990966797,0.00600000005215406,0.00999999977648258,"Favonigobius melanobranchus",2604.82570558153,NA,NA,0,NA,NA,NA,NA,NA,1,"LC",32
"11901",0,30.7679996490479,40.45,0.607599996030331,3.23179996609688,302.742839813232,290.321990966797,0.00600000005215406,0.00999999977648258,"Gymnothorax meleagris",2604.82570558153,0,0,0,120,"minor commercial",1,3.98,"Carni.",1,"LC",32
"12368",NA,NA,NA,NA,NA,NA,NA,NA,NA,"Amblyglyphidodon leucogaster",1664.02903160701,1,0,0,14.3999996185303,"minor commercial",1,3.38,"Carni.",2,"LC",0
"12369",0,109.133003234863,21.95,0.764399999380112,1.52640001177788,298.888864135742,281.767944335938,0.00800000037997961,0.0130000002682209,"Amblyrhynchotes honckenii",5282.3327499112,NA,NA,0,NA,NA,NA,NA,NA,3,NA,43
"12370",0.124850003421307,919.344970703125,9.89999999999991,0.237100003659725,1.44200003147125,299.916537475586,291.884648132324,0.00300000002607703,0.00400000018998981,"Amphilius pedunculus",6516.2465216298,NA,NA,0,NA,NA,NA,NA,NA,1,NA,63
"12371",0,702.642028808594,40.7,1.05079996585846,3.57070004940033,302.726406860352,297.132098388672,0.00400000018998981,0.00400000018998981,"Halichoeres margaritaceus",1547.4721850449,0,0,0,12.5,"commercial",1,3.66,"Carni.",1,"LC",13
"12372",NA,NA,NA,NA,NA,NA,NA,NA,NA,"Konosirus punctatus",367.95623878562,1,0,0,32,"minor commercial",1,2.94,"Carni.",2,"LC",0
"12374",0,6371.3427734375,40,0.245949994400144,2.74602510333061,304.670989990234,288.06420211792,0.00300000002607703,0.0109999999403954,"Neochelon falcipinnis",17100.9267121381,1,1,0,41,"commercial",1,2.91,"Carni.",1,"DD",194
"12375",0,2607.14404296875,44,0.457600003480911,3.3289999961853,303.545404052734,297.619390869141,0.0036000001244247,0.00499999988824129,"Lutjanus apodus",2654.1615691872,0,0,0,79.0999984741211,"commercial",1,3.76,"Carni.",1,"LC",25
"12376",0,227.733001708984,39.9,0.4050999969244,3.03429996967316,306.728604125977,283.351193237305,0.00600000005215406,0.0230000000447035,"Lutjanus argentimaculatus",5779.60384754662,1,0,0,150,"commercial",1,3.85,"Carni.",2,"LC",45
"12377",NA,NA,NA,NA,NA,NA,NA,NA,NA,"Lutjanus quinquelineatus",367.95623878562,0,1,1,38,"commercial",1,4.02,"Carni.",2,"LC",0
"12378",0,72.7429962158203,26.875,0.568125002086163,2.04600004851818,302.376499176025,292.512882232666,0.00400000018998981,0.00899999961256981,"Lutjanus russellii",5263.57489276299,1,0,0,50,"commercial",1,3.79999995231628,"Carni.",2,"LC",26
"12380",0.00415000019129366,8.04199981689453,9.95,1.17270002961159,1.24965000152588,299.471343994141,286.429942321777,0.00904999962076545,0.0109499999321997,"Megalaspis cordyla",223.920384187244,0,0,0,80,"highly commercial",1,3.93,"Carni.",3,"LC",3
"12381",0,2607.14404296875,44,0.43350000679493,3.3289999961853,304.670989990234,295.24299621582,0.00400000018998981,0.00700000021606684,"Monodactylus sebae",6189.80596808291,0,0,0,25,"minor commercial",1,3.88,"Carni.",1,NA,61
"12382",0.369699999690056,2225.8310546875,0,0.19729999601841,1.09040001630783,300.523806762695,293.657104492188,0.00300000002607703,0.00499999988824129,"Mormyrus goheeni",5912.24942792348,1,0,0,NA,NA,NA,NA,NA,1,"DD",69
"12383",NA,NA,NA,NA,NA,NA,NA,NA,NA,"Mulloidichthys flavolineatus",1549.15073120475,0,0,0,43,"commercial",1,3.7,"Carni.",2,"LC",0
"12384",0,2.77699995040894,36.95,2.39402500987053,2.62297495007515,300.386260223389,291.75969543457,0.00702500022016466,0.00797500037588179,"Mustelus mustelus",167.893463635719,0,0,0,200,"highly commercial",1,3.76,"Carni.",2,"EN",2
"12385",0,66.5589981079102,44.4,1.10920000076294,2.31860003471374,304.427203369141,288.804608154297,0.00899999961256981,0.0111999999731779,"Myripristis kuntee",2809.71029930338,0,0,0,26,"minor commercial",1,3.1,"Carni.",3,"LC",25
"12387",0,25.7970008850098,37.65,0.463599996268749,2.97404997348785,310.771311950684,295.970947265625,0.00499999988824129,0.0130000002682209,"Neopomacentrus cyanomos",3142.96909448655,0,0,0,10,"of no interest",1,NA,NA,2,"LC",15
"12388",0,246.975006103516,21.375,0.786625005304813,1.41512502729893,301.006988525391,289.034999847412,0.00300000002607703,0.0048750001587905,"Ophioblennius atlanticus",2485.85889234277,0,0,0,19,"of no interest",1,3.4,"Carni.",1,"LC",26
"12390",0,702.642028808594,40.7,1.05079996585846,3.57070004940033,302.726406860352,297.132098388672,0.00400000018998981,0.00400000018998981,"Ostorhinchus endekataenia",1547.4721850449,0,0,0,14,NA,1,3.5,"Carni.",1,"LC",13
"12391",0.00697499988600612,25.7970008850098,35.65,0.449100000411272,2.59714996814728,302.289630126953,296.462030792236,0.00499999988824129,0.00499999988824129,"Oxyurichthys microlepis",1373.69134172771,1,0,0,15.1999998092651,"minor commercial",1,NA,NA,1,"LC",10
"12392",0,120.692001342773,41.575,0.926799984276295,2.21195005178452,301.067053222656,286.507601928711,0.00685000019147992,0.00999999977648258,"Oxyurichthys ophthalmonema",1581.41071012483,1,0,0,18,NA,1,NA,NA,3,"LC",18
"12394",0,4.24399995803833,25.375,0.704375013709068,1.6700000166893,302.698753356934,281.734874725342,0.0209999997168779,0.0218749998603016,"Pagrus auratus",412.972045745523,1,0,0,130,"commercial",1,3.47,"Carni.",3,"LC",6
"12395",0,4.47300004959106,40.95,3.09344997406006,3.50765007734299,300.837562561035,285.194000244141,0.017000000923872,0.017000000923872,"Pangasius pangasius",2216.82614369462,1,0,0,300,"commercial",0,3.44,"Carni.",2,"LC",3
"12396",0,10.6110000610352,37.875,0.623800000548363,3.14940000772476,301.273329925537,281.467652130127,0.00755000005010515,0.0199999995529652,"Parablennius pilicornis",1831.31426744463,0,1,1,12.6999998092651,NA,1,3.22,"Carni.",2,"LC",12
"12397",0.0764499999582767,154.871002197266,3.4,1.40454996228218,1.76274996399879,302.203761291504,294.608209228516,0.00400000018998981,0.00585000002756715,"Paracirrhites arcatus",597.874667909172,0,0,0,20,"of no interest",1,3.70000004768372,"Carni.",1,"LC",7
"12398",NA,NA,NA,NA,NA,NA,NA,NA,NA,"Paragobiodon modestus",672.717961801336,0,0,0,3.5,NA,1,NA,NA,2,"LC",0
"12399",1.96314998865128,36493.0546875,0,0.329650005698204,0.913399982452393,301.759091186523,291.134945678711,0.0020000000949949,0.00700000021606684,"Paramormyrops ntotom",7485.75581067687,NA,NA,0,NA,NA,NA,NA,NA,1,NA,87
"12401",NA,NA,NA,NA,NA,NA,NA,NA,NA,"Pempheris schwenkii",367.95623878562,0,0,0,15,NA,1,3.4,"Carni.",2,NA,0
"12403",0,7714.2119140625,40,0.19670000448823,2.57844990491867,303.102551269531,287.023248291016,0.0020000000949949,0.0120000001043081,"Petrocephalus tanensis",22871.8392380684,1,0,0,NA,NA,NA,NA,NA,1,"LC",207
"12404",0,9036.9833984375,49.4,0.741799998283386,3.61659994125366,303.192199707031,288.410211181641,0.00800000037997961,0.0120000001043081,"Pharyngochromis darlingi",13277.2611721479,1,0,0,22,"minor commercial",0,3.23000001907349,"Carni.",3,NA,105
"12405",NA,NA,NA,NA,NA,NA,NA,NA,NA,"Plagiotremus tapeinosoma",3806.59061551099,0,0,0,14,"commercial",1,NA,NA,2,"LC",0
"12406",NA,NA,NA,NA,NA,NA,NA,NA,NA,"Platax teira",1432.27112114495,0,0,0,70,"minor commercial",1,3.95,"Carni.",2,"LC",0
"12408",0,1854.42199707031,40.4,0.264399999380112,2.84900002479553,304.670989990234,285.011993408203,0.00300000002607703,0.0168000001460314,"Polydactylus quadrifilis",5935.07167879431,0,1,1,200,"commercial",1,4.01,"Carni.",1,"LC",65
"12409",0,246.975006103516,40.5,0.79075001180172,3.03474992513657,304.670989990234,289.127998352051,0.00300000002607703,0.00700000021606684,"Pomadasys incisus",2729.90086485482,1,0,0,53.5,"minor commercial",1,3.8,"Carni.",1,"LC",31
"12411",0,10.6999998092651,40.05,0.748349975794554,2.67787494659424,309.024932098389,291.771131134033,0.0074750002939254,0.0120000001043081,"Rastrelliger kanagurta",8160.01496750465,0,0,0,36,"highly commercial",1,3.29,"Carni.",2,"LC",20
"12412",NA,NA,NA,NA,NA,NA,NA,NA,NA,"Remora brachyptera",367.95623878562,0,0,0,50,NA,1,NA,NA,2,"LC",0
"12413",0,3.04399991035461,43,3.17799997329712,3.17799997329712,301.861999511719,294.023986816406,0.00700000021606684,0.00700000021606684,"Rhizoprionodon acutus",749.075502234053,1,0,0,175,"commercial",1,4.09,"Carni.",2,"VU",1
"12414",0,246.975006103516,21.425,0.784975002706051,1.42887502610683,300.702962493897,288.997800445557,0.00300000002607703,0.00512500017648563,"Rypticus saponaceus",2227.79080921709,0,0,0,35,"subsistence fisheries",1,4,"Carni.",1,"LC",24
"12415",0,702.642028808594,40.7,1.05079996585846,3.57070004940033,302.726406860352,297.132098388672,0.00400000018998981,0.00400000018998981,"Salarias fasciatus",1547.4721850449,0,1,1,14,"minor commercial",1,2,"Herbi.",1,"LC",13
"12416",0.0764499999582767,154.871002197266,3.4,1.40454996228218,1.76274996399879,302.203761291504,294.608209228516,0.00400000018998981,0.00585000002756715,"Antennarius biocellatus",597.874667909172,1,0,0,NA,NA,NA,NA,NA,1,"DD",7
"12417",0.00300000002607703,3.95099997520447,41.625,0.780124969780445,3.06074997782707,310.776996612549,294.224113464355,0.00612500007264316,0.00987499975599349,"Antennarius striatus",4750.75900574119,1,0,0,25,"of no interest",1,4.2,"Carni.",2,"LC",6
"12419",NA,NA,NA,NA,NA,NA,NA,NA,NA,"Jaydia ellioti",367.95623878562,0,0,0,16,NA,1,3.6,"Carni.",2,"LC",0
"12420",0,185.10400390625,38.375,1.10212495923042,3.27537512779236,299.677864074707,279.497116088867,0.00837500009220093,0.015625000349246,"Argyrosomus hololepidotus",2202.64034682781,1,0,0,200,"commercial",1,3.82,"Carni.",3,"DD",16
"12421",0,2.72000002861023,33.8,1.35509997606277,1.97650003433228,299.828289794922,279.478686523437,0.0149999996647239,0.0159000006504357,"Argyrosomus japonicus",360.468105978257,1,0,0,181,"commercial",1,4.2,"Carni.",3,"EN",5
"12422",NA,NA,NA,NA,NA,NA,NA,NA,NA,"Salvelinus namaycush",768.744904320587,1,1,0,150,"commercial",0,3.77,"Carni.",2,NA,0
"12423",0.384000014513731,27.261999130249,9.75,0.261250004172325,0.771499991416931,302.382995605469,297.51399230957,0.00325000006705523,0.00400000018998981,"Sarda sarda",2923.71626662092,0,0,0,91.4000015258789,"highly commercial",1,4.34,"Carni.",2,"LC",11
"12425",0,2607.14404296875,44,0.398850002884865,3.3289999961853,303.07855682373,287.059309387207,0.00300000002607703,0.0140000004321337,"Sardinella aurita",5725.78647328546,0,0,0,41,"highly commercial",1,3.04,"Carni.",1,"LC",59
"12426",0,388.252014160156,42.2,0.681049987673759,2.70717495679855,303.183308410645,294.857401275635,0.00499999988824129,0.00700000021606684,"Sardinella melanura",2858.04216453608,1,0,0,20.2999992370605,"minor commercial",1,NA,NA,1,"LC",30
"12427",0.0969999983906746,183.660003662109,25,0.797200006246567,1.19410001039505,298.597311401367,284.824301147461,0.00899999961256981,0.0106999998912215,"Sargocentron punctatissimum",1114.75059509772,0,0,0,23,"commercial",1,3.5,"Carni.",3,"LC",13
"12429",0,10.6999998092651,40.05,0.748349975794554,2.67787494659424,309.024932098389,291.771131134033,0.0074750002939254,0.0120000001043081,"Scomberoides lysan",2238.98773004834,1,0,0,110,"minor commercial",1,4.03999996185303,"Carni.",2,"LC",20
"12430",NA,NA,NA,NA,NA,NA,NA,NA,NA,"Scorpaenopsis neglecta",906.241096745502,0,0,0,19,"of no interest",1,NA,NA,2,"LC",0
"12431",0,246.975006103516,16.75,0.450250008702278,1.26779999732971,301.006988525391,289.202397155762,0.00285000003641471,0.00400000018998981,"Sicydium brevifile",3008.1884579612,1,0,0,NA,NA,NA,NA,NA,1,"LC",35
"12432",0.0575000010430813,647.010009765625,7,0.344999998807907,1.00350001454353,301.125991821289,293.671508789062,0.0020000000949949,0.00400000018998981,"Sicydium plumieri",1806.97950390392,1,0,0,NA,NA,NA,NA,NA,1,"DD",21
"12433",0,26.9829998016357,34,0.569025012850761,2.18907499909401,306.792998504639,280.273141479492,0.0230000000447035,0.0240000002086163,"Sicyopterus japonicus",5377.79967814207,1,0,0,NA,NA,1,2,"Herbi.",2,NA,22
"12434",0.0686000019311905,61.7540016174316,14.3,0.375200000405312,0.934999978542328,302.236297607422,293.787707519531,0.00270000004675239,0.00400000018998981,"Sphyraena guachancho",2489.54234863824,1,1,0,200,"commercial",1,4.38,"Carni.",1,"LC",29
"12435",0,388.252014160156,42.2,0.681049987673759,2.70717495679855,303.183308410645,294.857401275635,0.00499999988824129,0.00700000021606684,"Spratelloides robustus",3162.8038875518,1,0,0,12,"minor commercial",1,3.4,"Carni.",1,"LC",30
"12437",NA,NA,NA,NA,NA,NA,NA,NA,NA,"Thunnus albacares",1975.7221818199,0,0,0,239,"highly commercial",1,4.46,"Carni.",2,"LC",0
"12438",2.19870009422302,26.9829998016357,1,0.712600010633469,0.728749972581863,306.830992126465,283.284739685059,0.0230000000447035,0.0239500002004206,"Upeneus guttatus",808.754212352625,0,0,0,16,NA,0,NA,NA,2,"LC",3
"12439",0,10.6999998092651,40.05,0.748349975794554,2.67787494659424,309.024932098389,291.771131134033,0.0074750002939254,0.0120000001043081,"Variola louti",6045.57834555934,0,0,0,83,"commercial",1,4,"Carni.",2,"LC",20
"12440",0,247.171997070312,34,0.760400003194809,2.12669997215271,304.899993896484,281.40869140625,0.00300000002607703,0.0230000000447035,"Atherina presbyter",7706.92510207087,1,0,0,20,"subsistence fisheries",1,3.67,"Carni.",2,"LC",53
"12441",NA,NA,NA,NA,NA,NA,NA,NA,NA,"Atherinomorus lacunosus",124.633757092821,1,1,0,25,"commercial",1,3.3,"Carni.",2,"LC",0
"12442",0,30.7679996490479,40.45,0.607599996030331,3.23179996609688,302.742839813232,290.321990966797,0.00600000005215406,0.00999999977648258,"Bathygobius meggitti",2604.82570558153,0,0,0,6,NA,1,NA,NA,1,"LC",32
"12443",0,30.7679996490479,40.45,0.607599996030331,3.23179996609688,302.742839813232,290.321990966797,0.00600000005215406,0.00999999977648258,"Caranx melampygus",3669.14058794086,1,0,0,117,"commercial",1,4.28,"Carni.",1,"LC",32
"12444",NA,NA,NA,NA,NA,NA,NA,NA,NA,"Carassius gibelio",1170.32728868765,1,1,0,46.5999984741211,"minor commercial",0,NA,NA,2,NA,0
"12445",0,702.642028808594,37.675,0.708050008118153,3.1001749932766,302.703856658936,282.094403839111,0.00400000018998981,0.0130000002682209,"Chaetodon lunulatus",4012.74930498395,0,0,0,26.7000007629395,NA,1,3.34,"Carni.",2,"LC",24
"12446",0.0681999996304512,919.344970703125,22.65,0.236700002849102,1.44200003147125,299.894898986816,291.860305786133,0.00300000002607703,0.00400000018998981,"Chiloglanis kazumbei",6514.48707115049,1,0,0,5.42000007629395,"of no interest",0,NA,NA,1,NA,55
"12447",0.118100003153086,1.28299999237061,25.9,0.434999985992909,0.751350018382072,310.514646911621,292.839364624023,0.0160000007599592,0.0160000007599592,"Chilomycterus antillarum",2048.14066684581,NA,NA,0,NA,NA,NA,NA,NA,2,"LC",3
"12448",0,6371.3427734375,42.5,0.376000002026558,3.24274998903275,304.670989990234,288.44450378418,0.00300000002607703,0.0109999999403954,"Citharichthys stampflii",21011.1600888995,1,0,0,17.6000003814697,"commercial",1,3.87,"Carni.",1,"LC",231
"12449",0,1.72300004959106,44,3.28500008583069,3.28500008583069,301.861999511719,294.023986816406,0.00700000021606684,0.00700000021606684,"Coryphaenoides zaniophorus",332.617584400238,0,0,0,40,"of no interest",1,3.23,"Carni.",2,"LC",1
"12450",0.0764499999582767,154.871002197266,3.4,1.40454996228218,1.76274996399879,302.203761291504,294.608209228516,0.00400000018998981,0.00585000002756715,"Cynoglossus bilineatus",597.874667909172,0,0,0,44,"commercial",1,3.89,"Carni.",1,NA,7
"12451",0,1909.57897949219,30.8,0.655599987506866,1.83420004844666,302.548199462891,286.615405273437,0.00300000002607703,0.0144000001251698,"Dactylopterus volitans",2128.46061098615,0,0,0,50,"minor commercial",1,3.68,"Carni.",1,"LC",25
"12452",0.0764499999582767,154.871002197266,3.4,1.40454996228218,1.76274996399879,302.203761291504,294.608209228516,0.00400000018998981,0.00585000002756715,"Diagramma pictum",965.830906694792,0,0,0,100,"commercial",1,3.71,"Carni.",1,NA,7
"12455",0,30.7679996490479,40.4,0.614199995994568,3.2155999660492,302.752593994141,290.321990966797,0.00580000001937151,0.00999999977648258,"Echeneis naucrates",3369.67568612272,0,0,0,110,"minor commercial",1,3.4,"Carni.",1,"LC",33
"12456",0,247.15299987793,28.625,1.00637502223253,1.68612499535084,302.072254180908,282.057613372803,0.00300000002607703,0.0198749995324761,"Elops saurus",1363.85163868896,1,1,0,100,"minor commercial",1,3.98,"Carni.",1,"LC",16
"12457",0,29.9099998474121,40.675,1.19267505407333,2.71982504725456,304.670989990234,295.767519378662,0.00432500009192154,0.00700000021606684,"Engraulis capensis",3486.22258032322,0,0,0,17,"commercial",1,NA,NA,2,"LC",14
"12458",0,2607.14404296875,44,0.431300005316734,3.3289999961853,304.670989990234,293.60400390625,0.00400000018998981,0.00899999961256981,"Epinephelus aeneus",11142.7589004348,1,0,0,120,"commercial",1,4.02,"Carni.",1,"NT",93
"12459",0,5.71400022506714,34,0.554550015926361,2.19934998750687,306.316461181641,280.251690673828,0.0234500001184642,0.0240000002086163,"Eviota prasina",3232.63302046129,NA,NA,0,NA,NA,NA,NA,NA,2,"LC",19
"12460",0,2607.14404296875,44,0.432250007987022,3.3289999961853,303.516254425049,296.275611877441,0.00362500012852252,0.00575000001117587,"Evynnis ehrenbergii",2739.86136924001,NA,NA,0,NA,NA,NA,NA,NA,1,NA,26
"12463",0,702.642028808594,40.7,1.05079996585846,3.57070004940033,302.726406860352,297.132098388672,0.00400000018998981,0.00400000018998981,"Grammistes sexlineatus",2220.19014684624,0,0,0,30,"minor commercial",1,3.98,"Carni.",1,"LC",13
"12533",NA,NA,NA,NA,NA,NA,NA,NA,NA,"Siganus fuscescens",672.717961801336,1,0,0,40,"commercial",1,2.27999997138977,"Omni.",2,"LC",0
"2266",0.833000004291534,789.304016113281,0,1.97599995136261,1.97599995136261,298.594673919678,293.992588806152,0.0020000000949949,0.00300000002607703,"Haplochromis tanaos",70029.8147067808,0,1,1,7.69999980926514,NA,0,NA,NA,1,"LC",814
"2267",0,13524.0048828125,27,0.240949996560812,1.8979999601841,303.436204528809,290.411010742188,0.00300000002607703,0.00899999961256981,"Epiplatys grahami",169129.266936742,1,1,0,NA,NA,NA,NA,NA,1,"LC",1959
"2272",0.689000010490417,2546.23803710938,0,1.44700002670288,1.44700002670288,302.916114807129,289.409999847412,0.00700000021606684,0.00899999961256981,"Protomelas fenestratus",4694.31397546243,0,1,1,NA,NA,NA,NA,NA,1,"LC",56
"2273",8.72200012207031,703.588989257812,0,1.44200003147125,1.44200003147125,301.572998046875,292.190002441406,0.00300000002607703,0.00499999988824129,"Mastacembelus moorii",33012.5919769452,1,1,0,44,"minor commercial",0,4.2,"Carni.",1,"LC",386
"2275",0,5332.326171875,40.55,0.547350001335144,3.31605001688004,302.277561950684,294.694458007812,0.00400000018998981,0.00600000005215406,"Taenioides cirratus",4104.71705795499,1,0,0,30,"of no interest",1,3.85999989509583,"Carni.",1,"DD",47
"2276",0,265.692993164062,36,0.45100000500679,2.07199990749359,300.574996948242,288.008499145508,0.00400000018998981,0.00499999988824129,"Oreochromis amphimelas",33855.7689594522,0,1,1,28,NA,0,NA,NA,2,"EN",221
"2278",0,13524.0048828125,42.9000000000001,0.437000006437302,2.85160000324249,309.012707519531,289.541687011719,0.00300000002607703,0.0120000001043081,"Mochokus niloticus",532413.855052162,1,1,0,NA,NA,NA,NA,NA,2,"LC",3165
"2279",0.0648500012233853,2556.30395507812,13.525,0.271225006133318,0.86257501244545,301.226626586914,293.600498199463,0.00300000002607703,0.00600000005215406,"Nannocharax altus",25772.1189682281,NA,NA,0,NA,NA,NA,NA,NA,1,"EN",300
"2280",0,45825.2890625,36,0.171000003814697,2.04099988937378,300.84375,293.986999511719,0.0020000000949949,0.00400000018998981,"Aphyosemion christyi",133549.293363527,1,1,0,NA,NA,NA,NA,NA,1,"LC",1426
"2281",0,17901.61328125,45,0.522000014781952,3.07924997806549,303.709259033203,280.945747375488,0.00499999988824129,0.0140000004321337,"Glossogobius callidus",676443.788884807,1,0,0,NA,NA,NA,NA,NA,1,"LC",6311
"2282",0.689000010490417,2546.23803710938,0,1.44700002670288,1.44700002670288,302.916114807129,289.409999847412,0.00700000021606684,0.00899999961256981,"Stigmatochromis modestus",4694.31397546243,0,1,1,25,"commercial",0,4.2,"Carni.",1,"LC",56
"2287",0,17901.61328125,45,0.52700001001358,3.01525002717972,303.594509124756,281.620372772217,0.00499999988824129,0.0130000002682209,"Eleotris fusca",717276.543940615,1,1,0,26,"minor commercial",1,3.62,"Carni.",1,"LC",7456
"2288",2.61749991774559,1898.88696289062,0,0.32837500795722,0.846375003457069,300.952884674072,293.982139587402,0.0020000000949949,0.00400000018998981,"Aphyosemion passaroi",7398.35485791959,1,0,0,NA,NA,NA,NA,NA,1,"EN",86
"2289",1.06987500190735,1158.28894042969,0,0.223125005140901,0.612624995410442,302.65926361084,290.499378204346,0.00300000002607703,0.00400000018998981,"Gobiocichla ethelwynnae",7365.08427734965,1,0,0,7,NA,0,2,"Herbi.",1,"EN",86
"2290",0.0528750005178154,231.824996948242,23.125,0.165250001475215,0.923375003039837,300.469249725342,293.716747283936,0.00300000002607703,0.00499999988824129,"Enteromius catenarius",9444.38502199769,NA,NA,0,NA,NA,NA,NA,NA,1,"DD",96
"2293",0.296999990940094,37425.43359375,1,0.197724998369813,1.27927500605583,301.615976715088,291.279327392578,0.0020000000949949,0.00600000005215406,"Ivindomyrus marchei",222296.187114612,NA,NA,0,NA,NA,NA,NA,NA,1,"LC",2584
"2295",0,4507.44091796875,40,0.162749999761581,2.58470002412796,308.561004638672,291.360208129883,0.00400000018998981,0.0109999999403954,"Cromeria nilotica",123272.320133957,1,0,0,NA,NA,NA,NA,NA,1,"LC",967
"2298",0,2397.17700195312,44.425,0.733599981665611,3.25980005860328,300.029602050781,292.434733581543,0.00300000002607703,0.00499999988824129,"Gephyroglanis habereri",49413.0101037181,1,1,0,NA,NA,NA,NA,NA,1,"DD",544
"2305",0.12750000320375,703.588989257812,9.625,0.120374999009073,1.44200003147125,299.682762145996,284.564239501953,0.0020000000949949,0.00400000018998981,"Chiloglanis ruziziensis",10399.5848388487,1,0,0,NA,NA,NA,NA,NA,1,"CR",116
"2307",8.72200012207031,703.588989257812,0,1.44200003147125,1.44200003147125,301.572998046875,292.190002441406,0.00300000002607703,0.00499999988824129,"Xenotilapia sima",33012.5919769452,0,1,1,16.3999996185303,"commercial",0,NA,NA,1,"LC",386
"2311",0,45918.515625,41,0.148000001907349,2.50437501072884,307.514247894287,292.104488372803,0.0020000000949949,0.00999999977648258,"Cyphomyrus psittacus",1195234.87341727,1,1,0,NA,NA,NA,NA,NA,1,"LC",11306
"2313",0,4215.328125,39,0.348800001293421,2.17035000324249,301.490547180176,287.553753662109,0.00400000018998981,0.00899999961256981,"Synodontis polystigma",88828.5106536822,1,1,0,NA,NA,NA,NA,NA,3,"LC",948
"2320",0,45328.32421875,39,0.263899999856949,2.34320005178451,301.278700256348,288.147341918945,0.0020000000949949,0.00899999961256981,"Chrysichthys mabusi",234857.588413762,1,1,0,NA,NA,NA,NA,NA,1,"LC",2419
"2322",0.689000010490417,2546.23803710938,0,1.44700002670288,1.44700002670288,301.092851257324,290.600262451172,0.00800000037997961,0.00800000037997961,"Chindongo socolofi",168.137754261711,0,1,1,NA,NA,NA,NA,NA,1,"LC",2
"2328",0,150.065994262695,36,0.407274997234344,2.05339999496937,300.140175628662,289.689344024658,0.00499999988824129,0.00800000037997961,"Pseudomugil tenellus",2430.2420310998,1,1,0,NA,NA,NA,NA,NA,2,"LC",18
"2333",0,17901.61328125,45,0.5132000207901,3.11260008811951,303.153393554688,288.056591796875,0.00499999988824129,0.00999999977648258,"Giuris margaritacea",240929.668571871,NA,NA,0,NA,NA,NA,NA,NA,1,NA,2729
"2337",0,17901.61328125,45,0.527600002288818,2.98039999008179,304.808203125,280.880200195313,0.00700000021606684,0.0149999996647239,"Oreochromis mossambicus",999783.127480853,1,1,0,39,"highly commercial",0,2.77,"Omni.",2,"VU",8305
"2338",0,45328.32421875,40,0.202300004661083,2.17250002622604,302.685740661621,289.957144165039,0.0020000000949949,0.00800000037997961,"Tylochromis regani",48127.136013045,1,1,0,27.5,NA,0,2.58,"Omni.",1,"NT",483
"2341",0,10733.521484375,42,0.124524999037385,3.1383750140667,305.608001708984,277.671457672119,0.00499999988824129,0.0240000002086163,"Chelon labrosus",282588.657803412,1,1,0,75,"commercial",1,2.59,"Omni.",2,"LC",1728
"2343",0.0230250000488013,309.269012451172,21.575,0.900424991548061,1.70610001385212,306.316627502441,283.255795288086,0.00999999977648258,0.0203249996062368,"Engraulicypris gariepinus",39738.0554974965,1,0,0,4.65999984741211,NA,0,NA,NA,2,"LC",68
"2347",0,735.304992675781,44,0.755925013124943,3.23732497692108,297.446099853516,288.227996826172,0.00422500012209639,0.00700000021606684,"Enteromius greenwoodi",4373.95759775266,1,1,0,NA,NA,NA,NA,NA,3,"DD",50
"2349",0,13524.0048828125,44,0.190999999642372,2.94092499017715,310.00563659668,291.930219268799,0.00400000018998981,0.0149999996647239,"Synodontis batensoda",2118484.06513364,1,1,0,28.6000003814697,"commercial",0,2.84,"Carni.",2,"LC",14444
"2351",0,45825.2890625,41,0.199000000953674,2.55979995727539,301.503997802734,292.720202636719,0.0020000000949949,0.00499999988824129,"Parauchenoglanis balayi",1492532.90522985,1,1,0,NA,NA,NA,NA,NA,1,"LC",15649
"2352",0,9131.9716796875,48,0.462999999523163,3.54500007629395,304.026777648926,287.723143005371,0.00400000018998981,0.0130000002682209,"Tilapia ruweti",606353.607679287,1,1,0,10.3999996185303,"commercial",0,2.43,"Omni.",3,"LC",3904
"2353",0,45918.515625,42,0.200000002980232,2.58699989318848,301.786010742188,289.253594970703,0.0020000000949949,0.00800000037997961,"Clarias buthupogon",1595656.01970499,1,1,0,34.0999984741211,NA,0,3.25,"Carni.",1,"LC",16489
"2354",0,1330.56298828125,39.975,0.425299995392561,3.07432496547699,307.893627929687,282.698223114014,0.00499999988824129,0.0129750002641231,"Ambassis urotaenia",10672.138026065,1,1,0,14,NA,1,NA,NA,3,"LC",82
"2356",0.00385000016540289,3169.208984375,28.3,0.365299999713898,1.24660003185272,300.822695922852,288.878205871582,0.00400000018998981,0.00600000005215406,"Orthochromis kalungwishiensis",15359.6835289211,1,1,0,NA,NA,NA,NA,NA,1,"LC",155
"2357",0.417174992710352,703.588989257812,0,1.44200003147125,1.44200003147125,301.572998046875,292.190002441406,0.00300000002607703,0.00499999988824129,"Neolamprologus christyi",34890.675799273,0,1,1,15," ",0,3.27,"Carni.",1,"VU",404
"2359",0,2487.7880859375,46,0.350199997425079,3.00700001716614,300.061999511719,295.833599853516,0.00300000002607703,0.00300000002607703,"Trachyglanis sanghensis",4815.18161867641,1,1,0,NA,NA,NA,NA,NA,1,"DD",33
"2362",0.689000010490417,2546.23803710938,0,1.44700002670288,1.44700002670288,302.916114807129,289.409999847412,0.00700000021606684,0.00899999961256981,"Protomelas taeniolatus",4694.31397546243,0,1,1,11.3000001907349,"commercial",0,3.21,"Carni.",1,"LC",56
"2366",0.689000010490417,2546.23803710938,0,1.44700002670288,1.44700002670288,303.043180847168,289.298007965088,0.00700000021606684,0.00899999961256981,"Nyassachromis microcephalus",6876.2660956166,0,1,1,15,"commercial",0,3.4,"Carni.",1,"LC",82
"2368",0,45920.859375,44,0.281174995005131,3.3289999961853,304.239818572998,291.157209777832,0.00300000002607703,0.00784999995958059,"Caranx hippos",10871.2547871155,1,0,0,124,"commercial",1,3.83,"Carni.",1,"LC",104
"2370",0,30347.138671875,42.3249999999998,0.198675000295043,2.68232497572899,301.635986328125,294.98674697876,0.0020000000949949,0.00499999988824129,"Labeo cyclopinnis",225758.304018267,1,1,0,NA,NA,NA,NA,NA,1,"LC",2228
"2373",0,45918.515625,42.0499999999956,0.20100000500679,2.71300005912781,306.334063720703,287.850006103516,0.0020000000949949,0.0109999999403954,"Hepsetus odoe",4037895.02079021,1,1,0,44.2000007629395,"subsistence fisheries",0,4.1,"Carni.",1,"LC",38239
"2380",0.417174992710352,703.588989257812,0,1.44200003147125,1.44200003147125,301.572998046875,292.190002441406,0.00300000002607703,0.00499999988824129,"Neolamprologus brichardi",34890.675799273,0,1,1,9,"commercial",0,3.4,"Carni.",1,"LC",404
"2385",0,1814.52697753906,39.425,0.216174999251962,2.14367501139641,300.310653686523,295.347358703613,0.0020000000949949,0.00300000002607703,"Aphyosemion congicum",9517.39744913612,1,0,0,NA,NA,NA,NA,NA,1,"DD",104
"2391",0.0189999993890524,11273.2822265625,14,0.268999993801117,2.01559999883175,300.989306640625,293.295733642578,0.00300000002607703,0.00400000018998981,"Kribia uellensis",50092.3373728994,1,1,0,NA,NA,NA,NA,NA,1,"LC",580
"2393",0,17901.61328125,41.0249999999999,0.547949978709221,2.57507504820824,303.088587188721,281.41395111084,0.00499999988824129,0.0149999996647239,"Acentrogobius audax",152196.793643166,1,0,0,NA,NA,NA,NA,NA,1,"LC",1520
"2394",0,37307.2734375,23,0.160949998348951,1.63809994459152,301.602561950684,288.863912963867,0.00300000002607703,0.00805000034160913,"Aphyosemion australe",30845.5203093766,1,1,0,6,"of no interest",0,3.25,"Carni.",1,"LC",359
"2399",0,5994.4951171875,39,0.42399999499321,1.89800000190735,301.605987548828,290.829010009766,0.00300000002607703,0.00499999988824129,"Labeobarbus upembensis",18667.1775683477,1,1,0,NA,NA,NA,NA,NA,1,"DD",161
"2403",0,189.199005126953,44,0.275000005960464,2.06200003623962,308.700012207031,295.039001464844,0.00700000021606684,0.0109999999403954,"Enteromius bawkuensis",26849.782080417,1,1,0,NA,NA,NA,NA,NA,2,"LC",121
"2404",8.72200012207031,703.588989257812,0,1.44200003147125,1.44200003147125,301.572998046875,292.190002441406,0.00300000002607703,0.00499999988824129,"Xenotilapia caudafasciata",33012.5919769452,0,1,1,10.5,"commercial",0,2.95000004768372,"Carni.",1,"LC",386
"2405",8.72200012207031,703.588989257812,0,1.44200003147125,1.44200003147125,301.572998046875,292.190002441406,0.00300000002607703,0.00499999988824129,"Bathybates ferox",33354.7184506497,0,1,1,38.5,"commercial",0,4.2,"Carni.",1,"LC",390
"2406",0,45931.53515625,27,0.225999996066093,1.67809997200966,303.646046447754,291.81595916748,0.00300000002607703,0.00700000021606684,"Pellonula vorax",696012.483085127,1,1,0,12,"subsistence fisheries",1,NA,NA,1,"LC",7479
"2409",0,45859.06640625,43,0.228000000119209,2.81020002365112,301.534796142578,293.638000488281,0.0020000000949949,0.00600000005215406,"Mastacembelus brachyrhinus",171981.751823558,1,1,0,NA,NA,NA,NA,NA,1,"LC",1657
"2420",0,996.700012207031,27,1.04565001130104,1.90884999036789,303.813642883301,294.452108764648,0.00400000018998981,0.00700000021606684,"Malapterurus teugelsi",8016.16068662593,1,1,0,NA,NA,NA,NA,NA,1,"VU",95
"2422",0,11905.806640625,48,0.426124997437,3.38287490606308,304.48473739624,287.373237609863,0.00400000018998981,0.0130000002682209,"Serranochromis macrocephalus",1159503.52206756,1,1,0,35,"commercial",0,4.16,"Carni.",3,"LC",8366
"2429",0,45825.2890625,40,0.199000000953674,2.43519999980926,301.857257080078,294.040560913086,0.0020000000949949,0.00499999988824129,"Synodontis congicus",583660.967402489,1,1,0,NA,NA,NA,NA,NA,1,"LC",5775
"2439",0,45825.2890625,39,0.24099999666214,2.44782503247261,301.355702972412,292.527587127686,0.0020000000949949,0.00600000005215406,"Notoglanidium macrostoma",722640.652302047,1,1,0,28.1000003814697,NA,0,3.75,"Carni.",1,"LC",7864
"2440",0.00909999962896109,45859.06640625,40,0.252000004053116,3.42359994649887,300.933410644531,292.779109191895,0.00300000002607703,0.00700000021606684,"Mormyrus iriodes",9335.71281336562,1,1,0,NA,NA,NA,NA,NA,1,"VU",83
"2441",0,109.133003234863,38,0.932050001621246,2.64564996957779,301.227900695801,279.601443481445,0.0109999999403954,0.0160000007599592,"Pseudobarbus capensis",20495.0562734206,1,1,0,NA,NA,NA,NA,NA,3,"EN",135
"2450",0.00300000002607703,14745.01171875,31,0.184924998134375,1.65619997680187,301.973445129395,295.159273529053,0.00300000002607703,0.00499999988824129,"Epiplatys mesogramma",40986.7820604395,1,0,0,NA,NA,NA,NA,NA,1,"LC",452
"2451",0.689000010490417,2546.23803710938,0,1.44700002670288,1.44700002670288,301.429992675781,292.595001220703,0.00800000037997961,0.00800000037997961,"Pseudotropheus joanjohnsonae",84.1614107759323,NA,NA,0,NA,NA,NA,NA,NA,1,NA,1
"2464",0.0590000003576279,1924.89294433594,24,0.173899994790554,1.21175000667572,305.246002197266,294.48014831543,0.00400000018998981,0.00700000021606684,"Synodontis bastiani",178199.63185421,1,0,0,NA,NA,NA,NA,NA,1,"LC",1899
"2473",0,11243.1787109375,41,0.101000003516674,2.76499996185303,309.005590820312,290.410198974609,0.0020000000949949,0.0109999999403954,"Micropanchax loati",458303.79479892,1,1,0,NA,NA,NA,NA,NA,1,"LC",2833
"2475",0,45825.2890625,40,0.162000000476837,2.40250009298325,307.347496032715,292.18350982666,0.0020000000949949,0.00899999961256981,"Labeo parvus",2562674.49348384,1,1,0,38,"of no interest",0,2,"Herbi.",1,"LC",25371
"2476",0,1226.93505859375,42,0.760424984991551,2.71317498087883,303.474150085449,281.295989990234,0.00899999961256981,0.0149999996647239,"Chiloglanis paratus",313039.79556935,1,0,0,NA,NA,NA,NA,NA,2,"LC",1898
"2477",0.579699993133545,797.286010742188,0,0.412800008058548,1.97599995136261,301.128402709961,293.652194213867,0.0020000000949949,0.00400000018998981,"Haplochromis cinereus",83191.2376373477,0,1,1,8.10000038146973,NA,0,2.57,"Omni.",1,"DD",933
"2481",0,45825.2890625,42,0.228000000119209,2.52919992208481,301.471008300781,294.365670013428,0.0020000000949949,0.00400000018998981,"Atopochilus christyi",454792.554542004,1,1,0,NA,NA,NA,NA,NA,1,"LC",4610
"2485",0.833000004291534,789.304016113281,0,1.97599995136261,1.97599995136261,298.594673919678,293.992588806152,0.0020000000949949,0.00300000002607703,"Haplochromis plagiodon",70029.8147067808,0,1,1,8.5,NA,0,3.2,"Carni.",1,"VU",814
"2487",0,45825.2890625,45,0.231000006198883,2.73215010166168,300.856289672852,293.473399353027,0.00100000004749745,0.00400000018998981,"Nanochromis nudiceps",308705.691609001,1,1,0,NA,NA,NA,NA,NA,1,"LC",2755
"2488",0.00300000002607703,45825.2890625,21,0.15434999987483,1.3706500351429,304.449594116211,290.003997802734,0.0020000000949949,0.00800000037997961,"Hemichromis stellifer",113843.383222147,1,1,0,NA,NA,NA,NA,NA,1,"LC",1295
"2492",8.72200012207031,703.588989257812,0,1.44200003147125,1.44200003147125,301.572998046875,292.190002441406,0.00300000002607703,0.00499999988824129,"Julidochromis regani",33183.4448681446,0,1,1,13,"commercial",0,NA,NA,1,"LC",388
"2494",0,9131.9716796875,47,0.426999986171722,3.3411750793457,303.172022247314,287.338012695312,0.00400000018998981,0.0130000002682209,"Enteromius afrovernayi",1353728.45116894,1,1,0,5.69999980926514,"commercial",0,3.5,"Carni.",3,"LC",10360
"2496",8.72200012207031,703.588989257812,0,1.44200003147125,1.44200003147125,301.572998046875,292.190002441406,0.00300000002607703,0.00499999988824129,"Bathybates hornii",33354.7184506497,0,1,1,27.2000007629395,"commercial",0,4.2,"Carni.",1,"LC",390
"2501",0,5332.326171875,38.6,0.78659999370575,3.2695999622345,303.594409179687,291.989398193359,0.00300000002607703,0.00899999961256981,"Lutjanus fulvus",6711.98828391718,0,0,0,40,"commercial",1,3.76,"Carni.",1,"LC",57
"2502",0.689000010490417,2546.23803710938,0,1.44700002670288,1.44700002670288,303.043180847168,289.298007965088,0.00700000021606684,0.00899999961256981,"Lethrinops microstoma",6876.2660956166,0,1,1,14.5,"commercial",0,3.5,"Carni.",1,"LC",82
"2503",0,11657.51171875,42,0.163000002503395,2.57800006866455,308.269183349609,293.051081085205,0.00499999988824129,0.00999999977648258,"Synodontis filamentosus",1352499.420866,1,1,0,NA,NA,NA,NA,NA,1,"LC",11794
"2506",0.0189999993890524,789.304016113281,26,0.178600001335144,1.97599995136261,299.755004882812,284.634002685547,0.0020000000949949,0.00600000005215406,"Enteromius magdalenae",109330.207257641,1,1,0,NA,NA,NA,NA,NA,1,"LC",1009
"2507",0,45825.2890625,43,0.190999999642372,2.68209993839264,301.42790222168,294.173611450195,0.0020000000949949,0.00499999988824129,"Labeo cyclorhynchus",208548.199755248,1,1,0,NA,NA,NA,NA,NA,1,"LC",2037
"2508",0.417174992710352,703.588989257812,0,1.44200003147125,1.44200003147125,301.572998046875,292.190002441406,0.00300000002607703,0.00499999988824129,"Oreochromis tanganicae",34890.675799273,1,1,0,42,NA,0,2,"Herbi.",1,"LC",404
"2509",8.72200012207031,703.588989257812,0,1.44200003147125,1.44200003147125,301.572998046875,292.190002441406,0.00300000002607703,0.00499999988824129,"Mastacembelus ophidium",33012.5919769452,0,1,1,NA,NA,NA,NA,NA,1,"LC",386
"2514",0,45620.22265625,42,0.169475000724196,2.60152503252029,301.375,289.069835662842,0.0020000000949949,0.00700000021606684,"Chiloglanis lukugae",476467.463091256,1,1,0,NA,NA,NA,NA,NA,1,"LC",4580
"2517",0,45825.2890625,40,0.147850001603365,2.50960005521774,301.776902770996,294.050994873047,0.0020000000949949,0.00499999988824129,"Gephyroglanis congicus",423089.505487825,1,1,0,NA,NA,NA,NA,NA,1,"LC",4315
"2520",0.689000010490417,2546.23803710938,0,1.44700002670288,1.44700002670288,301.48755645752,291.70240020752,0.00800000037997961,0.00800000037997961,"Tropheops modestus",250.547819787209,0,1,1,NA,NA,NA,NA,NA,1,"NT",3
"2522",0.0189999993890524,3358.67993164062,30,0.157000005245209,1.61015001535415,307.141041564941,294.77064666748,0.00300000002607703,0.00899999961256981,"Amphilius atesuensis",954076.507116493,1,0,0,NA,NA,NA,NA,NA,1,"LC",8679
"2523",0.0881749998778105,12389.6201171875,12,0.174174995347857,1.02300000190735,301.738038635254,293.527008056641,0.0020000000949949,0.00600000005215406,"Divandu albimarginatus",148644.334692028,NA,NA,0,NA,NA,NA,NA,NA,1,"LC",1728
"2527",0.689000010490417,2546.23803710938,0,1.44700002670288,1.44700002670288,303.043180847168,289.298007965088,0.00700000021606684,0.00899999961256981,"Lethrinops micrentodon",6876.2660956166,0,1,1,11.5,"commercial",0,2,"Herbi.",1,"DD",82
"2528",0.689000010490417,2546.23803710938,0,1.44700002670288,1.44700002670288,301.429992675781,292.595001220703,0.00800000037997961,0.00800000037997961,"Copadichromis trewavasae",84.1614107759323,0,1,1,10.539999961853,"commercial",0,NA,NA,1,"LC",1
"2529",0.623775011301041,37425.43359375,0,0.175924998894334,1.15937503874302,301.504148864746,291.119427490234,0.0020000000949949,0.00700000021606684,"Chromidotilapia kingsleyae",171893.083301614,NA,NA,0,NA,NA,NA,NA,NA,1,"LC",1998
"2537",0,45859.06640625,39.5,0.134999997913837,2.01250004768372,300.86149597168,293.46549987793,0.0020000000949949,0.00600000005215406,"Campylomormyrus christyi",51141.6408583467,1,1,0,NA,NA,NA,NA,NA,1,"LC",541
"2544",0.689000010490417,2546.23803710938,0,1.44700002670288,1.44700002670288,303.043180847168,289.298007965088,0.00700000021606684,0.00899999961256981,"Lethrinops albus",6876.2660956166,0,1,1,NA,NA,NA,NA,NA,1,"LC",82
"2551",0.0053999999538064,12016.1474609375,33.2,0.392199999094009,1.99159994125367,300.428802490234,291.367407226562,0.0020000000949949,0.00600000005215406,"Paramormyrops gabonensis",60562.839318433,1,0,0,16.2999992370605,NA,0,NA,NA,1,"VU",697
"2552",0,3274.53393554688,27,0.252999991178513,1.76775003969669,305.468994140625,292.273635864258,0.00300000002607703,0.00899999961256981,"Pelmatochromis buettikoferi",274900.720859899,1,0,0,NA,NA,NA,NA,NA,1,"LC",3206
"2553",0,45918.515625,40,0.228000000119209,2.50237506628036,301.731510162354,293.636615753174,0.0020000000949949,0.00499999988824129,"Marcusenius greshoffii",697974.319392499,1,1,0,NA,NA,NA,NA,NA,1,"LC",7026
"2555",0,5633.46484375,45,0.503000020980835,2.76399993896484,303.264007568359,292.402008056641,0.00400000018998981,0.00600000005215406,"Pantanodon stuhlmanni",173503.017784663,NA,NA,0,NA,NA,NA,NA,NA,1,"DD",1401
"2556",0,7671.22509765625,47,0.333175002038479,3.28364994525909,302.286463928223,288.035003662109,0.0020000000949949,0.0109999999403954,"Enteromius brevidorsalis",669910.220332669,1,1,0,NA,NA,NA,NA,NA,1,"LC",6368
"2558",0.104050000011921,927.523986816406,1.84999999999999,0.0704500000923872,0.612699979543686,301.622747802734,283.327108764648,0.0020000000949949,0.00400000018998981,"Labeobarbus ruwenzorii",23749.7430521263,1,0,0,NA,NA,NA,NA,NA,1,"VU",247
"2561",0.00859999991953373,45771.859375,39.4,0.1716000020504,2.53539991378785,300.662799072266,292.939996337891,0.0020000000949949,0.00600000005215406,"Bagrus caeruleus",13374.8013617231,1,1,0,21,NA,0,NA,NA,1,"VU",145
"2562",0.689000010490417,2546.23803710938,0,1.44700002670288,1.44700002670288,302.935089111328,289.386001586914,0.00700000021606684,0.00899999961256981,"Petrotilapia genalutea",4443.05885150706,0,1,1,13.1000003814697,"commercial",0,2,"Herbi.",1,"LC",53
"2563",0,333.955993652344,36,0.492300006747246,2.06749999523163,301.432006835938,288.788888549805,0.00690000019967556,0.00899999961256981,"Astatotilapia tweddlei",13455.8962789844,NA,NA,0,NA,NA,NA,NA,NA,1,NA,157
"2564",0,45920.859375,44,0.234999999403954,2.91899991035461,302.744995117188,287.862956237793,0.0020000000949949,0.0109999999403954,"Hemichromis elongatus",2819298.7070927,1,1,0,18.7000007629395,NA,0,3.65,"Carni.",1,"LC",25999
"2565",0.689000010490417,2546.23803710938,0,1.44700002670288,1.44700002670288,302.954063415527,289.362003326416,0.00700000021606684,0.00899999961256981,"Petrotilapia tridentiger",4191.16508658342,0,1,1,NA,NA,NA,NA,NA,1,"LC",50
"2567",0.399799990653992,2275.02905273438,0.599999999999966,0.127399998903275,0.552599990367889,306.936608886719,293.872399902344,0.00400000018998981,0.00800000037997961,"Zaireichthys camerunensis",29094.0610875627,1,0,0,NA,NA,NA,NA,NA,1,"LC",337
"2571",0,45825.2890625,45,0.20100000500679,2.74297503232956,305.50193862915,294.238106536865,0.0020000000949949,0.00700000021606684,"Congochromis dimidiatus",838800.38244629,NA,NA,0,NA,NA,NA,NA,NA,1,NA,8202
"2572",0,45771.859375,40,0.22679999768734,2.9775999546051,300.611993408203,293.014208984375,0.0020000000949949,0.00600000005215406,"Myomyrus pharao",26943.2328524134,1,1,0,NA,NA,NA,NA,NA,1,"VU",289
"2573",0.00310000004246831,30341.951171875,36,0.134900003671646,2.25209994316101,300.558996582031,296.666589355469,0.0020000000949949,0.00300000002607703,"Marcusenius ghesquierei",28827.0887942206,1,1,0,NA,NA,NA,NA,NA,1,"LC",325
"2577",1.60839997529984,37307.2734375,0,0.157000005245209,0.589900010824203,301.570751953125,288.861999511719,0.0020000000949949,0.0113499999977648,"Clariallabes brevibarbis",9206.75322445915,NA,NA,0,NA,NA,NA,NA,NA,1,"DD",107
"2581",0.290699993818998,30968.673828125,1,0.166949995607138,1.00052502453327,301.576188659668,291.674475097656,0.0020000000949949,0.00600000005215406,"Brachypetersius gabonensis",118733.304461278,NA,NA,0,NA,NA,NA,NA,NA,1,"LC",1380
"2582",0.0543500002473593,4742.22119140625,12.3,0.23065000474453,2.02774995565414,301.472239685059,293.58145904541,0.0020000000949949,0.00564999999478457,"Aphyosemion raddai",28767.018192349,1,0,0,NA,NA,NA,NA,NA,1,"LC",335
"2583",0,36908.328125,41,0.209174998104572,2.65239998698235,300.71284866333,295.714455413818,0.0020000000949949,0.00300000002607703,"Chrysichthys okae",166144.400322635,1,1,0,NA,NA,NA,NA,NA,1,"LC",1784
"2585",0,45825.2890625,42,0.145174996182322,2.63347505927086,301.470279693604,294.441009521484,0.0020000000949949,0.00499999988824129,"Pelmatochromis ocellifer",139413.448604285,1,1,0,NA,NA,NA,NA,NA,1,"DD",1488
"2586",0.689000010490417,2546.23803710938,0,1.44700002670288,1.44700002670288,301.166500854492,289.330905151367,0.00800000037997961,0.00800000037997961,"Maylandia phaeos",252.840895309254,NA,NA,0,NA,NA,NA,NA,NA,1,NA,3
"2591",8.72200012207031,703.588989257812,0,1.44200003147125,1.44200003147125,301.572998046875,292.190002441406,0.00300000002607703,0.00499999988824129,"Lates microlepis",33012.5919769452,0,1,1,93,"commercial",0,4.35,"Carni.",1,"EN",386
"2593",0.689000010490417,2546.23803710938,0,1.44700002670288,1.44700002670288,302.665985107422,292.881011962891,0.00800000037997961,0.00800000037997961,"Placidochromis rotundifrons",83.4835759602318,0,1,1,NA,NA,NA,NA,NA,1,"LC",1
"2595",0,653.552001953125,40,0.260299991071224,2.72309997081757,302.059490966797,287.154244995117,0.00300000002607703,0.00899999961256981,"Enteromius dorsolineatus",48586.9739676583,1,1,0,NA,NA,NA,NA,NA,2,"LC",367
"2597",0.0750000000000001,63.5779991149902,13.3,1.12610004544258,1.22109995484352,299.508088684082,283.12209777832,0.0149999996647239,0.0159500007051975,"Micropterus punctulatus",387.865927449787,1,0,0,63.5,NA,0,3.56,"Carni.",3,"LC",3
"2598",0,4742.22119140625,21.1499999999999,0.195799995213747,1.29320001006126,301.651000976562,294.930187988281,0.00300000002607703,0.00509999990463253,"Aphyosemion amoenum",13648.1027397759,1,0,0,NA,NA,NA,NA,NA,1,"EN",159
"2599",8.72200012207031,703.588989257812,0,1.44200003147125,1.44200003147125,301.572998046875,292.190002441406,0.00300000002607703,0.00499999988824129,"Trematocara caparti",33012.5919769452,0,1,1,NA,NA,NA,NA,NA,1,"LC",386
"2603",0.00600000005215406,3277.625,32,0.157100004702806,1.82254999876022,307.977847290039,293.362042236328,0.00405000017490238,0.00999999977648258,"Synodontis violaceus",342953.942426739,1,1,0,NA,NA,NA,NA,NA,1,"LC",2923
"2605",0,3085.00805664062,38,0.140000000596046,2.24440001249314,304.909901428223,284.921897125244,0.0020000000949949,0.00700000021606684,"Enteromius neumayeri",529873.931768482,1,1,0,11.8000001907349,NA,0,3.04,"Carni.",1,"LC",4374
"2606",0.0207749996799976,1979.19995117188,31.225,0.265550001710653,1.43159998059273,301.138453674316,293.54154586792,0.0020000000949949,0.00600000005215406,"Aphyosemion schluppi",30497.8053900913,1,0,0,NA,NA,NA,NA,NA,1,"VU",352
"2607",0,543.231994628906,20.2999999999999,0.360500004887581,1.44469999074936,308.055603027344,285.232711791992,0.00300000002607703,0.00899999961256981,"Labeobarbus beso",31545.1145463886,1,1,0,NA,NA,NA,NA,NA,1,"LC",357
"2609",0.0136250003706664,158.820999145508,29,0.173874996602535,1.21974997222424,299.011379241943,289.573883056641,0.00262500005192123,0.00400000018998981,"Opsaridium splendens",11246.7932777203,1,0,0,NA,NA,NA,NA,NA,1,"DD",106
"2611",0.689000010490417,2546.23803710938,0,1.44700002670288,1.44700002670288,302.670989990234,289.887689208984,0.00700000021606684,0.00800000037997961,"Alticorpus geoffreyi",7128.85034957208,0,1,1,NA,NA,NA,NA,NA,1,"LC",85
"2612",0.162749999761581,316.578002929688,1.69999999999999,0.0704500000923872,0.570400005578994,300.895909118652,284.961637878418,0.0020000000949949,0.00300000002607703,"Haplochromis taurinus",16177.5782462457,1,1,0,14,NA,0,NA,NA,1,"LC",167
"2614",0,45825.2890625,34.4000000000001,0.172150003910065,1.63949994444847,301.045843505859,293.990299987793,0.0020000000949949,0.00499999988824129,"Microsynodontis polli",57519.0045475174,1,1,0,NA,NA,NA,NA,NA,1,"LC",647
"2615",0.833000004291534,789.304016113281,0,0.736749991774559,1.97599995136261,300.088256835938,293.931747436523,0.0020000000949949,0.00300000002607703,"Haplochromis maxillaris",74503.6580156115,0,1,1,16,NA,0,4,"Carni.",1,"VU",856
"2616",0,5994.4951171875,44,0.444324994832277,2.84927504062653,301.684997558594,288.088012695312,0.00300000002607703,0.00800000037997961,"Enteromius janssensi",78413.5999214711,1,1,0,NA,NA,NA,NA,NA,1,"LC",792
"2618",0,61.2700004577637,38.1,1.30370002985001,2.71284993886948,302.625790405273,283.769305419922,0.0103499998338521,0.0149999996647239,"Marcusenius krameri",1657.20857980551,1,0,0,19.7000007629395,NA,0,NA,NA,2,"LC",15
"2620",0,45859.06640625,36.675,0.174299995601177,2.12270003557205,300.709279632568,293.023782348633,0.0020000000949949,0.00600000005215406,"Platyallabes tihoni",38245.0644525414,1,1,0,NA,NA,NA,NA,NA,1,"LC",414
"2622",0,2175.03100585938,38,0.371250002086163,2.55354993343353,301.535388183594,291.521701049805,0.0033500000834465,0.00800000037997961,"Oreochromis angolensis",19968.574274147,1,1,0,NA,NA,NA,NA,NA,2,"LC",135
"2627",0.146799993515015,940.151977539062,5.80000000000001,0.183200001716614,0.619999980926514,300.575793457031,293.598596191406,0.00400000018998981,0.00499999988824129,"Labeobarbus jaegeri",6247.89632192623,NA,NA,0,NA,NA,NA,NA,NA,1,"DD",73
"2628",0,1156.61901855469,42,0.450200000405312,2.70140008926391,300.551907348633,296.0787109375,0.0020000000949949,0.00300000002607703,"Alestopetersius nigropterus",29074.3660478933,0,1,1,NA,NA,NA,NA,NA,1,"EN",325
"2629",0,3371.416015625,44.1,0.764549994468689,2.96665008068085,302.328413391113,287.392311096191,0.0089499996509403,0.0120000001043081,"Nothobranchius kafuensis",14338.773339669,1,1,0,NA,NA,NA,NA,NA,3,"LC",119
"2630",0.689000010490417,2546.23803710938,0,1.44700002670288,1.44700002670288,302.659188842773,289.403015136719,0.00700000021606684,0.00800000037997961,"Aulonocara brevinidus",26520.5883195937,0,1,1,NA,NA,NA,NA,NA,1,"LC",315
"2632",0.0230000000447035,2556.30395507812,26.5749999999999,0.22242500372231,1.21205002963543,301.23688659668,293.547945404053,0.00300000002607703,0.00600000005215406,"Enteromius nigroluteus",58057.6711870975,NA,NA,0,NA,NA,NA,NA,NA,1,"EN",658
"2633",0,36870.85546875,42,0.246350002288818,2.6369500041008,301.599653625488,294.266653442383,0.0020000000949949,0.00499999988824129,"Brycinus poptae",366858.405613138,1,1,0,NA,NA,NA,NA,NA,1,"LC",3615
"2634",0,45825.2890625,41,0.226424996927381,2.50587494969368,301.659873199463,292.819369506836,0.0020000000949949,0.00600000005215406,"Raiamas buchholzi",751090.62157774,1,1,0,NA,NA,NA,NA,NA,1,"LC",7778
"2635",0,245.505004882812,42,0.102000002563,3.27240009307861,309.380407714844,273.436389160156,0.0140000004321337,0.028999999165535,"Luciobarbus pallaryi",347201.56204174,1,0,0,NA,NA,NA,NA,NA,2,"LC",1369
"2643",8.72200012207031,703.588989257812,0,1.44200003147125,1.44200003147125,301.572998046875,292.190002441406,0.00300000002607703,0.00499999988824129,"Boulengerochromis microlepis",33354.7184506497,0,1,1,80,"commercial",0,4.5,"Carni.",1,"LC",390
"2648",0,45825.2890625,43,0.234299997985363,2.63470001220703,301.688995361328,294.486599731445,0.0020000000949949,0.00499999988824129,"Chrysichthys longibarbis",367849.792312108,1,1,0,NA,NA,NA,NA,NA,1,"LC",3453
"2651",0,13524.0048828125,42,0.165000006556511,2.81699991226196,309.881988525391,292.06201171875,0.00400000018998981,0.0140000004321337,"Alestes dentex",3734225.5244276,1,1,0,55,"commercial",0,2.93,"Carni.",1,"LC",25521
"2656",0,2498.32495117188,45,0.33215000256896,3.00580008625984,301.643953704834,288.338012695312,0.00300000002607703,0.00800000037997961,"Enteromius marmoratus",115131.696718943,1,1,0,NA,NA,NA,NA,NA,1,"LC",1224
"2657",0.113874999806285,4742.22119140625,9,0.194874994456768,1.15525004267693,300.8821144104,291.249752044678,0.00300000002607703,0.00499999988824129,"Schilbe djeremi",133242.977226339,NA,NA,0,NA,NA,NA,NA,NA,1,"LC",1556
"2660",0,45328.32421875,42,0.195924994722009,2.80307496786117,309.912738037109,291.849855041504,0.00400000018998981,0.0140000004321337,"Clarotes laticeps",1703042.4277278,1,1,0,80,"commercial",0,3.14,"Carni.",1,"LC",12438
"2663",0,15562.513671875,47,0.455000013113022,3.32262495160103,304.96012878418,285.288631439209,0.00300000002607703,0.0140000004321337,"Micropanchax johnstoni",901245.857485894,1,1,0,8.5,"minor commercial",0,3.2,"Carni.",2,"LC",6616
"2666",0,800.705993652344,12.8,0.144100004434586,1.44200003147125,308.085501098633,285.004498291016,0.0020000000949949,0.0117000000551343,"Astatoreochromis straeleni",15721.8422297731,1,0,0,13,"of no interest",0,NA,NA,1,"LC",173
"2669",0,45931.53515625,35,0.224999994039536,2.01615000963211,301.597639465332,293.049705505371,0.0020000000949949,0.00700000021606684,"Xenocharax crassus",178575.561558675,1,1,0,18.6000003814697,NA,0,NA,NA,1,"LC",1895
"2678",0,4509.05078125,40,0.219849998503923,2.20735001564026,305.635209655762,292.981920623779,0.00300000002607703,0.00700000021606684,"Enteromius aboinensis",41625.3422292593,1,0,0,NA,NA,NA,NA,NA,1,"LC",460
"2679",0,13524.0048828125,33.2750000000001,0.15745000615716,1.97327502965927,307.758818054199,293.263675689697,0.00300000002607703,0.00899999961256981,"Sierrathrissa leonensis",228057.541342272,1,1,0,3.51999998092651,"commercial",0,3.1,"Carni.",1,"LC",2230
"2680",0,9036.9833984375,45.025,0.371875008940697,3.03600008487701,306.255683898926,287.749075317383,0.00800000037997961,0.0140000004321337,"Synodontis macrostoma",64621.6237089556,1,0,0,9.19999980926514,NA,0,NA,NA,2,"LC",160
"2681",0,11819.5966796875,47,0.441000014543533,3.34100008010864,304.155851745605,287.009002685547,0.00300000002607703,0.0130000002682209,"Enteromius bifrenatus",1417718.06657192,1,0,0,7,"commercial",0,2.61,"Omni.",2,"LC",9939
"2685",0,13524.0048828125,27,0.228000000119209,1.96299999952316,303.985992431641,291.363510131836,0.00300000002607703,0.00899999961256981,"Ichthyborus monodi",121934.094413816,1,0,0,NA,NA,NA,NA,NA,1,"LC",1421
"2688",0,9131.9716796875,49,0.78467501103878,3.62785001993179,305.069594573975,287.817598724365,0.00700000021606684,0.0140000004321337,"Serranochromis altus",196865.078827447,1,0,0,56,NA,0,4.21,"Carni.",2,"LC",828
"2690",0.689000010490417,2546.23803710938,0,1.44700002670288,1.44700002670288,301.457741546631,290.624761962891,0.00800000037997961,0.00800000037997961,"Maylandia aurora",335.813020952305,0,1,1,8.69999980926514,"commercial",0,2.5,"Omni.",1,NA,4
"2692",0,11382.8876953125,35,0.168999999761581,1.97599995136261,301.969943237305,286.125953674316,0.0020000000949949,0.00700000021606684,"Clarias alluaudi",197919.633339019,1,1,0,23,NA,0,3.2,"Carni.",1,"LC",1875
"2695",0,45665.3515625,39,0.522750014066696,3.45834999084473,301.20725402832,286.263047790527,0.00300000002607703,0.00899999961256981,"Chiloglanis reticulatus",8319.26019070995,1,1,0,NA,NA,NA,NA,NA,1,"DD",87
"2697",0.689000010490417,2546.23803710938,0,1.44700002670288,1.44700002670288,302.59499206543,289.403015136719,0.00700000021606684,0.00800000037997961,"Rhamphochromis woodi",25431.1252954917,0,1,1,42,"commercial",0,3.85,"Carni.",1,"LC",302
"2698",8.72200012207031,703.588989257812,0,1.44200003147125,1.44200003147125,301.572998046875,292.190002441406,0.00300000002607703,0.00499999988824129,"Trematocara stigmaticum",33012.5919769452,0,1,1,NA,NA,NA,NA,NA,1,"LC",386
"2701",8.72200012207031,703.588989257812,0,1.44200003147125,1.44200003147125,301.572998046875,292.190002441406,0.00300000002607703,0.00499999988824129,"Callochromis melanostigma",33354.7184506497,0,1,1,15,"commercial",0,3.5,"Carni.",1,"LC",390
"2702",0,45825.2890625,42,0.22882500179112,2.57235000133514,301.417168426514,292.245825958252,0.0020000000949949,0.00499999988824129,"Euchilichthys royauxi",699005.020527562,1,1,0,NA,NA,NA,NA,NA,1,"LC",6834
"2705",0.00300000002607703,6371.3427734375,13.275,0.251724999397993,1.88237504065037,301.988006591797,291.560789489746,0.0020000000949949,0.00700000021606684,"Aphyosemion ahli",71276.5095697356,1,1,0,NA,NA,NA,NA,NA,1,"LC",830
"2708",0.689000010490417,2546.23803710938,0,1.44700002670288,1.44700002670288,301.436059570313,290.612512207031,0.00800000037997961,0.00800000037997961,"Melanochromis baliodigma",252.0845748694,0,1,1,8.55000019073486,NA,0,4.26,"Carni.",1,"LC",3
"2710",0,45918.515625,42,0.198925000801682,2.59230000376701,301.408065032959,293.559910583496,0.0020000000949949,0.00499999988824129,"Citharinus macrolepis",355750.541820452,1,1,0,NA,NA,NA,NA,NA,1,"LC",3518
"2715",0,45825.2890625,40,0.226974998041987,2.42502495646477,301.784071350098,290.496134185791,0.0020000000949949,0.00700000021606684,"Synodontis ornatipinnis",211052.205399624,1,1,0,NA,NA,NA,NA,NA,1,"LC",2200
"2716",0.417174992710352,703.588989257812,0,1.44200003147125,1.44200003147125,301.572998046875,292.190002441406,0.00300000002607703,0.00499999988824129,"Neolamprologus leleupi",34890.675799273,0,1,1,10,"commercial",0,NA,NA,1,"LC",404
"2719",0.0167500007664785,937.127990722656,37.125,0.245500005781651,1.73699997365475,302.468738555908,292.266502380371,0.00300000002607703,0.00499999988824129,"Nothobranchius ugandensis",31648.8694688996,1,1,0,NA,NA,NA,NA,NA,1,"LC",196
"2721",0,3994.98803710938,34,0.150000005960464,1.94352505505085,309.082000732422,292.109600067139,0.00400000018998981,0.0140000004321337,"Coptodon dageti",250747.545915562,1,1,0,NA,NA,NA,NA,NA,1,"LC",2180
"2722",0,2590.998046875,23.275,0.317999988794327,1.45797502696514,301.938819122314,291.813875579834,0.00300000002607703,0.00927499965764581,"Epiplatys njalaensis",9386.24327020999,1,0,0,NA,NA,NA,NA,NA,1,"NT",110
"2724",0.603000020980835,2214.14306640625,0,0.220199999213219,0.726800000667572,301.559802246094,294.177209472656,0.00300000002607703,0.00499999988824129,"Epiplatys lamottei",63561.5532711305,1,0,0,NA,NA,NA,NA,NA,1,"LC",745
"2727",0,7572.171875,40,0.376274991780519,2.34772500395775,301.624907684326,287.906190490723,0.0020000000949949,0.00899999961256981,"Sargochromis mellandi",332858.038982027,1,1,0,NA,NA,NA,NA,NA,3,"LC",3492
"2731",0,45859.06640625,42,0.246999993920326,2.59699988365173,307.899505615234,292.749008178711,0.0020000000949949,0.0120000001043081,"Clypeobarbus pleuropholis",921700.942464618,1,1,0,NA,NA,NA,NA,NA,1,"LC",8981
"2735",0,45825.2890625,44,0.237000003457069,2.79025001525879,300.857649230957,295.06385345459,0.0020000000949949,0.00400000018998981,"Chrysichthys punctatus",399745.016155049,1,1,0,NA,NA,NA,NA,NA,1,"LC",3935
"2740",0,5633.46484375,39,0.482099993526936,2.04595000743866,302.949418640137,290.053369140625,0.00400000018998981,0.00600000005215406,"Distichodus petersii",54198.8105226828,1,0,0,NA,NA,NA,NA,NA,1,"VU",342
"2741",0,45931.53515625,39,0.222000002861023,2.51955001354217,310.028283691406,292.09451751709,0.00300000002607703,0.0140000004321337,"Chrysichthys nigrodigitatus",1662791.63230213,1,1,0,65,"minor commercial",0,3.17,"Carni.",1,"LC",15150
"2751",0,7468.005859375,45,0.252100004255772,2.60655010938644,300.560360717773,293.539001464844,0.00100000004749745,0.00300000002607703,"Campylomormyrus cassaicus",76882.6931748605,1,1,0,NA,NA,NA,NA,NA,1,"DD",603
"2752",0,736.789001464844,38,0.158350002765656,2.66204999685287,304.97364654541,273.423788452148,0.0140000004321337,0.0270000007003546,"Luciobarbus magniatlantis",194818.802569559,1,0,0,13,NA,0,NA,NA,3,"EN",1695
"2754",0,45825.2890625,42,0.185550003498793,2.63317505717278,300.820007324219,294.710021972656,0.0020000000949949,0.00400000018998981,"Alestopetersius brichardi",150756.73899325,1,1,0,NA,NA,NA,NA,NA,1,"LC",1572
"2758",0,4215.328125,43.2249999999999,0.435000002384186,2.65747495293617,301.684217071533,288.088012695312,0.00300000002607703,0.00899999961256981,"Kneria stappersii",133787.411574315,1,1,0,NA,NA,NA,NA,NA,1,"LC",1312
"2759",0,5633.46484375,40,0.571524983644485,2.28500008583069,303.018005371094,287.308990478516,0.00400000018998981,0.00700000021606684,"Lacustricola kongoranensis",193239.161689221,NA,NA,0,NA,NA,NA,NA,NA,1,NA,1608
"2764",0,707.939025878906,39.3,0.440699999034405,2.76157492995262,304.305423736572,294.338449859619,0.00400000018998981,0.00499999988824129,"Synodontis manni",48419.7430537204,1,0,0,21.6000003814697,NA,0,NA,NA,1,"VU",168
"2765",0.689000010490417,2546.23803710938,0,1.44700002670288,1.44700002670288,301.412293243408,290.567401123047,0.0070750002283603,0.00800000037997961,"Sciaenochromis ahli",336.592471683571,0,1,1,20,"commercial",0,4.2,"Carni.",1,"LC",4
"2771",0,10605.4443359375,36.85,0.113050002790988,2.32269993722439,303.836234283447,279.899647521973,0.013675000378862,0.0225499999709427,"Gobius paganellus",4473.83721609087,0,1,1,13,"minor commercial",1,3.29999995231628,"Carni.",2,"LC",10
"2773",0.833000004291534,789.304016113281,0,1.97599995136261,1.97599995136261,298.594673919678,293.992588806152,0.0020000000949949,0.00300000002607703,"Haplochromis rufus",70029.8147067808,0,1,1,8.55000019073486,NA,0,3.29,"Carni.",1,"LC",814
"2774",0,17901.61328125,44,0.50915000140667,2.66535004973411,304.735468292236,285.675738525391,0.00600000005215406,0.00999999977648258,"Enteromius macrotaenia",265332.488970642,1,1,0,NA,NA,NA,NA,NA,1,"LC",3004
"2778",0.833000004291534,789.304016113281,0,1.97599995136261,1.97599995136261,298.594673919678,293.992588806152,0.0020000000949949,0.00300000002607703,"Haplochromis thereuterion",70029.8147067808,0,1,1,8.19999980926514,NA,0,NA,NA,1,"VU",814
"2779",0,45825.2890625,42,0.238000005483627,2.60999989509583,301.627990722656,294.049308776855,0.0020000000949949,0.00499999988824129,"Phago boulengeri",756015.752439744,1,1,0,NA,NA,NA,NA,NA,1,"LC",7647
"2783",0,2579.22900390625,40,0.51112499833107,2.0251250565052,302.396373748779,290.048377990723,0.00300000002607703,0.00499999988824129,"Lamprologus symoensi",21933.9154094822,1,1,0,NA,NA,NA,NA,NA,1,"DD",216
"2785",0.995700001716614,1212.78100585938,0,0.253500002622604,0.998200035095214,300.946405029297,294.535101318359,0.00300000002607703,0.00499999988824129,"Scriptaphyosemion schmitti",25102.6464791029,1,0,0,NA,NA,NA,NA,NA,1,"CR",293
"2787",0,36908.328125,43,0.237000003457069,2.67410002946854,301.362100219727,289.665885925293,0.0020000000949949,0.00600000005215406,"Hylopanchax stictopleuron",605688.080744481,1,1,0,NA,NA,NA,NA,NA,1,"LC",6199
"2796",0.456999987363815,30968.673828125,0,0.185200002789497,1.342999958992,301.700402832031,291.632403564453,0.0020000000949949,0.00640000011771904,"Petrocephalus sullivani",170748.066409436,NA,NA,0,NA,NA,NA,NA,NA,1,"LC",1985
"2797",0.956224992871285,1147.47998046875,0,0.221900002658367,0.697024999558925,301.276093292236,295.026515960693,0.00300000002607703,0.00400000018998981,"Rhexipanchax nimbaensis",26461.1212458289,1,1,0,4.5," ",0,NA,NA,1,"VU",310
"2801",0,45825.2890625,44,0.223000004887581,2.87100007534027,300.839996337891,294.75930480957,0.00100000004749745,0.00400000018998981,"Nannocharax gracilis",180377.557629281,1,1,0,NA,NA,NA,NA,NA,1,"LC",1693
"2803",8.72200012207031,703.588989257812,0,1.44200003147125,1.44200003147125,301.572998046875,292.190002441406,0.00300000002607703,0.00499999988824129,"Lophiobagrus cyclurus",33012.5919769452,0,1,1,8,"of potential interest",0,3.3,"Carni.",1,"LC",386
"2807",0,9131.9716796875,48,0.480050006508827,3.6052500128746,304.931750488281,287.446492004395,0.00600000005215406,0.0140000004321337,"Labeo lunatus",270769.044548186,1,1,0,40,"subsistence fisheries",0,2,"Herbi.",2,"LC",919
"2808",0.0149999996647239,927.523986816406,29,0.180999994277954,1.97599995136261,301.167596435547,285.859606933594,0.0020000000949949,0.00600000005215406,"Gnathonemus longibarbis",222008.889942666,1,1,0,NA,NA,NA,NA,NA,1,"LC",1969
"2810",0.194450003281236,2214.14306640625,1,0.317900003492832,1.11870000064373,303.480195617676,294.148193359375,0.00300000002607703,0.00777500034309921,"Enteromius trispiloides",28063.1122199278,1,0,0,NA,NA,NA,NA,NA,1,"DD",330
"2817",0,13524.0048828125,41,0.164000004529953,2.62800002098083,309.540637969971,292.329010009766,0.00400000018998981,0.0140000004321337,"Clarias anguillaris",3455136.96514997,1,1,0,100,"minor commercial",0,3.35,"Carni.",1,"LC",26608
"2821",0,45825.2890625,44,0.226999998092651,2.7583499789238,300.802732086182,295.284057617188,0.0020000000949949,0.00300000002607703,"Distichodus decemmaculatus",246712.548037443,1,1,0,NA,NA,NA,NA,NA,1,"LC",2452
"2827",0,45859.06640625,41,0.18299999833107,2.58042499423027,301.662843322754,292.985451507568,0.0020000000949949,0.00499999988824129,"Chrysichthys thonneri",672982.59297395,1,1,0,NA,NA,NA,NA,NA,1,"LC",6744
"2830",0,17901.61328125,46,0.437999993562698,3.22699999809265,304.553009033203,286.910003662109,0.00400000018998981,0.0130000002682209,"Brycinus lateralis",1765026.07168919,0,0,0,14,"subsistence fisheries",0,3.5,"Carni.",3,NA,14681
"2831",0,17901.61328125,43,0.443549998104572,2.92960007190704,303.176448059082,290.913401794434,0.00499999988824129,0.00999999977648258,"Omobranchus ferox",205148.609426088,1,1,0,6,"of no interest",0,3.5,"Carni.",1,"LC",2463
"2834",0,45328.32421875,42,0.186275004968047,2.65217511057854,308.101074981689,290.643675231934,0.00300000002607703,0.0140000004321337,"Hemichromis bimaculatus",1564495.33962555,1,0,0,NA,NA,NA,NA,NA,1,"LC",13612
"2840",0.0319749993272126,6371.3427734375,12.65,0.243525001779199,2.01147508025169,301.646803283691,293.569736480713,0.0020000000949949,0.00600000005215406,"Aphyosemion loennbergii",38477.4974522706,1,1,0,NA,NA,NA,NA,NA,1,"LC",448
"2842",0,543.231994628906,23.55,0.409000009298325,1.81122500896454,308.209845733643,286.053707122803,0.00499999988824129,0.0092749996576458,"Enteromius pleurogramma",24060.3888679786,1,1,0,NA,NA,NA,NA,NA,1,"DD",270
"2845",0,37367.671875,44,0.242800000309944,2.79820008277893,301.365591430664,290.789208984375,0.00100000004749745,0.00600000005215406,"Schilbe yangambianus",660678.740690037,1,1,0,25,NA,0,2.86,"Carni.",1,"LC",6557
"2848",0,36908.328125,43,0.227599999308586,2.7836000919342,300.844989013672,295.818792724609,0.0020000000949949,0.00300000002607703,"Phenacogrammus deheyni",136247.705472637,1,1,0,NA,NA,NA,NA,NA,1,"LC",1385
"285",0,2612.15600585938,41.4,0.43860000371933,3.07059993743896,304.670989990234,295.544598388672,0.00400000018998981,0.00700000021606684,"Strongylura marina",2595.35254533741,1,0,0,111,"minor commercial",1,3.78,"Carni.",2,"LC",25
"2850",0.0120000001043081,927.523986816406,30,0.11909999884665,1.97599995136261,301.422442626953,284.640998840332,0.0020000000949949,0.00600000005215406,"Labeobarbus altianalis",250337.276687868,1,1,0,90,NA,0,3.37,"Carni.",1,"LC",2183
"2852",0.689000010490417,2546.23803710938,0,1.44700002670288,1.44700002670288,302.785836791992,289.300771331787,0.00700000021606684,0.00800000037997961,"Tropheops macrophthalmus",5056.87470152553,0,1,1,NA,NA,NA,NA,NA,1,"LC",60
"2853",0,897.513977050781,44,0.454500007629395,2.79035003185272,304.305249023438,288.07575378418,0.00400000018998981,0.00600000005215406,"Labeobarbus oxyrhynchus",85182.3461207671,1,0,0,NA,NA,NA,NA,NA,1,"LC",367
"2860",0,2546.23803710938,16,1.44700002670288,1.45000004768372,303.399822998047,289.337976074219,0.00800000037997961,0.00999999977648258,"Placidochromis longimanus",1669.39092568725,0,1,1,14.5,"commercial",0,2,"Herbi.",1,"LC",20
"2862",0.689000010490417,2546.23803710938,0,1.44700002670288,1.44700002670288,301.802261352539,289.270755767822,0.00712500023655593,0.00887499970849603,"Maylandia fainzilberi",506.921682077324,NA,NA,0,NA,NA,NA,NA,NA,1,NA,6
"2865",0,1365.64294433594,16,0.461000002920628,1.40449997782707,304.187511444092,293.586002349854,0.00400000018998981,0.00800000037997961,"Raiamas levequei",7277.35074528019,1,0,0,NA,NA,NA,NA,NA,1,"VU",86
"2867",0,45859.06640625,42,0.174999997019768,2.83435000777244,309.088012695312,291.989013671875,0.0020000000949949,0.0130000002682209,"Chrysichthys auratus",2985572.06607204,1,1,0,57,"commercial",0,3.66,"Carni.",1,"LC",22814
"2870",0,44.0559997558594,31.4,0.675149995088577,2.05534992218018,299.315492248535,282.55901184082,0.00999999977648258,0.0140000004321337,"Pseudobarbus afer",6593.97717266839,1,1,0,8.89999961853027," ",0,2.72,"Omni.",3,"EN",47
"2875",0,45825.2890625,42,0.20005000308156,2.68184992074966,300.82385559082,294.810641479492,0.0020000000949949,0.00400000018998981,"Pterochromis congicus",189281.040220433,1,1,0,NA,NA,NA,NA,NA,1,"LC",1963
"2879",0,45918.515625,38,0.133800002932549,2.24939999580383,300.947796630859,293.413006591797,0.0020000000949949,0.00700000021606684,"Chrysichthys delhezi",87451.6496110312,1,1,0,NA,NA,NA,NA,NA,1,"LC",913
"2881",0.417174992710352,703.588989257812,0,1.44200003147125,1.44200003147125,301.572998046875,292.190002441406,0.00300000002607703,0.00499999988824129,"Petrochromis orthognathus",34890.675799273,0,1,1,16.5,"commercial",0,2,"Herbi.",1,"LC",404
"2886",8.72200012207031,703.588989257812,0,1.44200003147125,1.44200003147125,301.572998046875,292.190002441406,0.00300000002607703,0.00499999988824129,"Lamprologus lemairii",33012.5919769452,0,1,1,25,NA,0,4.5,"Carni.",1,"LC",386
"2888",0,45920.859375,43,0.223000004887581,2.75632504224777,301.185372924805,293.91789932251,0.0020000000949949,0.00700000021606684,"Paradoxoglanis parvus",235877.044423601,1,1,0,NA,NA,NA,NA,NA,1,"LC",2360
"2890",8.72200012207031,703.588989257812,0,1.44200003147125,1.44200003147125,301.572998046875,292.190002441406,0.00300000002607703,0.00499999988824129,"Altolamprologus calvus",33012.5919769452,0,1,1,13.5," ",0,NA,NA,1,"NT",386
"2891",0.00549999997019768,649.924011230469,29.5,0.511500015854836,2.08700001239777,298.675003051758,287.286499023438,0.00800000037997961,0.00999999977648258,"Micralestes argyrotaenia",10022.6083025178,1,0,0,NA,NA,NA,NA,NA,2,"LC",21
"2892",0,30347.138671875,39,0.199125001206994,2.71462491154671,301.158626556396,292.497245788574,0.0020000000949949,0.00499999988824129,"Clariallabes longicauda",287175.32443178,1,1,0,NA,NA,NA,NA,NA,1,"LC",3126
"2895",1.01199996471405,971.463989257812,0,0.32600000500679,0.767000019550323,301.407989501953,294.644989013672,0.00300000002607703,0.00499999988824129,"Enteromius traorei",10341.3766921154,1,0,0,NA,NA,NA,NA,NA,1,"VU",121
"2896",0.833000004291534,789.304016113281,0,1.97599995136261,1.97599995136261,298.594623565674,293.989990234375,0.0020000000949949,0.00300000002607703,"Haplochromis erythrocephalus",70201.9485614657,0,1,1,7.69999980926514,NA,0,2.51,"Omni.",1,"DD",816
"2905",0,45328.32421875,44,0.44200000166893,2.48647502660751,305.027899932861,286.525393676758,0.00300000002607703,0.0109999999403954,"Mormyrus longirostris",720908.094248556,1,1,0,75,"commercial",0,3.3,"Carni.",1,"LC",7382
"2907",0.689000010490417,2546.23803710938,0,1.44700002670288,1.44700002670288,302.669387817383,292.551549530029,0.00800000037997961,0.00800000037997961,"Tropheops romandi",166.936638001007,0,1,1,NA,NA,NA,NA,NA,1,"LC",2
"2910",0.417174992710352,703.588989257812,0,1.44200003147125,1.44200003147125,301.572998046875,292.190002441406,0.00300000002607703,0.00499999988824129,"Neolamprologus niger",34890.675799273,0,1,1,9,"commercial",0,3.6,"Carni.",1,"LC",404
"2912",0,45825.2890625,40.5249999999999,0.218800004199147,2.26419993638992,301.798153686523,294.207321166992,0.0020000000949949,0.00499999988824129,"Tetracamphilius angustifrons",123077.678322794,1,1,0,NA,NA,NA,NA,NA,1,"DD",1220
"2913",0.00964999992866069,45771.859375,40,0.250999987125397,3.45209993720055,300.695053100586,292.772557067871,0.00300000002607703,0.00600000005215406,"Amphilius lamani",7028.05250078894,1,1,0,NA,NA,NA,NA,NA,1,"EN",72
"2914",0,17901.61328125,46,0.47515000924468,3.09839998483658,303.579814910889,285.66428604126,0.00600000005215406,0.0109999999403954,"Croilia mossambica",211008.844661,1,1,0,6.40000009536743,NA,1,3.26,"Carni.",1,"LC",2504
"2916",0.689000010490417,2546.23803710938,0,1.44700002670288,1.44700002670288,301.810615539551,289.137615203857,0.00800000037997961,0.00800000037997961,"Aulonocara saulosi",505.086671161861,0,1,1,9.19999980926514,"commercial",0,3.5,"Carni.",1,"LC",6
"2918",0,37367.671875,42,0.247124994173646,2.58612489700317,301.734008789062,294.036884307861,0.0020000000949949,0.00499999988824129,"Enteromius humeralis",458056.3847381,1,1,0,NA,NA,NA,NA,NA,1,"LC",4366
"2920",8.72200012207031,703.588989257812,0,1.44200003147125,1.44200003147125,301.572998046875,292.190002441406,0.00300000002607703,0.00499999988824129,"Cyphotilapia frontosa",33354.7184506497,0,1,1,33,"commercial",0,2.93,"Carni.",1,"LC",390
"2921",0,45825.2890625,42,0.234324998036027,2.51372504234314,301.633348083496,294.377331542969,0.0020000000949949,0.00400000018998981,"Mormyrops masuianus",433698.711583745,1,1,0,NA,NA,NA,NA,NA,1,"LC",4374
"2923",0,13524.0048828125,29,0.22325000539422,1.92775002121925,303.708499908447,292.13988494873,0.00300000002607703,0.00899999961256981,"Epiplatys togolensis",178193.964517783,1,0,0,NA,NA,NA,NA,NA,1,"LC",2026
"2924",0,527.762023925781,41.85,0.403775005042553,2.10812499523163,300.697403717041,288.027011871338,0.00400000018998981,0.00499999988824129,"Haplochromis katavi",15197.3693000757,1,1,0,NA,NA,NA,NA,NA,1,"VU",144
"2926",0.0270000007003546,703.588989257812,26.175,0.0938249977305532,1.44200003147125,299.336219787598,286.971392822266,0.0020000000949949,0.00400000018998981,"Labeobarbus somereni",51751.1305697191,1,0,0,NA,NA,NA,NA,NA,1,"LC",474
"2931",0,36549.51953125,40,0.229000002145767,2.52799997329712,301.115399169922,293.481195068359,0.0020000000949949,0.00499999988824129,"Parakneria cameronensis",269952.020686233,1,1,0,NA,NA,NA,NA,NA,1,"LC",2705
"2937",0.470999985933304,1765.46105957031,0,0.41499999165535,0.758000016212463,300.050994873047,294.705993652344,0.00300000002607703,0.00300000002607703,"Hypsopanchax catenatus",3525.94022878293,1,0,0,NA,NA,NA,NA,NA,1,"DD",41
"2939",0.689000010490417,2546.23803710938,0,1.44700002670288,1.44700002670288,300.908996582031,292.502990722656,0.00700000021606684,0.00700000021606684,"Placidochromis lineatus",84.3398314721336,0,1,1,NA,NA,NA,NA,NA,1,"DD",1
"2940",0.794800001382828,2214.14306640625,0,0.245000004768372,0.715724992752074,301.435013580322,294.223363494873,0.00300000002607703,0.00400000018998981,"Enteromius eburneensis",51896.8510529882,1,1,0,NA,NA,NA,NA,NA,1,"LC",608
"2942",0,13524.0048828125,27,0.219999998807907,1.77509997487068,303.902409362793,292.081007385254,0.00300000002607703,0.00899999961256981,"Pelvicachromis pulcher",185351.514130804,1,1,0,11," ",0,3.25,"Carni.",1,"LC",2159
"2943",0,45328.32421875,41,0.248999997973442,2.59140005111694,301.635986328125,293.275,0.0020000000949949,0.00499999988824129,"Campylomormyrus mirus",251846.537035659,1,1,0,NA,NA,NA,NA,NA,1,"LC",2625
"2952",0,3274.53393554688,24,0.287000000476837,1.66600000858307,306.877014160156,292.850006103516,0.00300000002607703,0.00899999961256981,"Polypterus palmas",335492.518114498,1,1,0,35.2999992370605,"of no interest",0,2.91,"Carni.",1,"LC",3921
"2954",0.00447500004665926,45825.2890625,24.5249999999999,0.237324997037649,1.68620004951954,305.109858703613,292.11039276123,0.0020000000949949,0.00800000037997961,"Malapterurus oguensis",149401.691714056,NA,NA,0,NA,NA,NA,NA,NA,1,"LC",1700
"2956",0,3035.248046875,40,0.537999987602234,2.53374999761581,302.741760253906,279.460243225098,0.00575000001117587,0.0140000004321337,"Ambassis dussumieri",48082.0342183909,1,1,0,10,"of no interest",1,NA,NA,3,"LC",511
"2965",0.689000010490417,2546.23803710938,0,1.44700002670288,1.44700002670288,301.418193054199,290.555351257324,0.00705000022426248,0.00800000037997961,"Maylandia pulpican",252.510198510948,NA,NA,0,NA,NA,NA,NA,NA,1,NA,3
"2966",0,45920.859375,42,0.242800000309944,2.63130004405975,301.635986328125,293.472998046875,0.0020000000949949,0.00499999988824129,"Tetraodon mbu",708166.308978214,1,1,0,NA,NA,NA,NA,NA,1,"LC",7157
"2970",8.72200012207031,703.588989257812,0,1.44200003147125,1.44200003147125,301.572998046875,292.190002441406,0.00300000002607703,0.00499999988824129,"Benthochromis melanoides",33354.7184506497,0,1,1,18.2000007629395,"commercial",0,3.45,"Carni.",1,"LC",390
"2971",0.689000010490417,2546.23803710938,0,1.44700002670288,1.44700002670288,301.429992675781,292.595001220703,0.00800000037997961,0.00800000037997961,"Aulonocara hueseri",84.1614107759323,0,1,1,7.90000009536743,"commercial",0,3.5,"Carni.",1,"LC",1
"2974",0,12638.6572265625,39.675,0.370999991893768,2.60157507061958,300.667832183838,296.743270874023,0.0020000000949949,0.00300000002607703,"Microsynodontis lamberti",8174.39177136692,1,1,0,NA,NA,NA,NA,NA,1,"DD",94
"2977",0.123049999587238,1765.46105957031,13,0.202775000780821,0.787074993550777,300.445499420166,293.513101196289,0.0020000000949949,0.00499999988824129,"Hypsopanchax zebra",40898.022102634,1,0,0,NA,NA,NA,NA,NA,1,"LC",462
"2979",8.72200012207031,703.588989257812,0,1.44200003147125,1.44200003147125,301.572998046875,292.190002441406,0.00300000002607703,0.00499999988824129,"Mastacembelus zebratus",33012.5919769452,0,1,1,NA,NA,NA,NA,NA,1,"LC",386
"2982",0.120849998295307,332.601989746094,10.9,0.0626500019803643,0.735800017416477,296.489990234375,289.965868377686,0.00100000004749745,0.00300000002607703,"Labeobarbus acuticeps",3525.05686230457,1,1,0,NA,NA,NA,NA,NA,1,"NT",32
"2984",0.417174992710352,703.588989257812,0,1.44200003147125,1.44200003147125,301.572998046875,292.190002441406,0.00300000002607703,0.00499999988824129,"Neolamprologus modestus",34890.675799273,0,1,1,12,"commercial",0,3.52,"Carni.",1,"LC",404
"2985",0,703.588989257812,42,0.414750006049871,1.99712498486042,301.175136566162,287.108493804932,0.00400000018998981,0.00700000021606684,"Enteromius olivaceus",73903.3463935144,1,0,0,NA,NA,NA,NA,NA,1,"LC",716
"2991",0,10605.4443359375,37.2,0.203600007295609,2.33739993572235,303.852209472656,279.885797119141,0.0162000007927418,0.0225999999791384,"Sprattus sprattus",2975.97275784544,1,0,0,16,"highly commercial",1,3.01,"Carni.",2,"LC",9
"2993",0,121.141998291016,27.075,0.424724999815226,1.52980000078678,299.115311431885,280.431490325928,0.00899999961256981,0.0140000004321337,"Sandelia bainsii",20201.7675976929,1,1,0,26,"commercial",0,3.65,"Carni.",3,"EN",198
"2998",0,45931.53515625,33,0.232924995198846,1.9626000136137,304.128213500977,290.411010742188,0.00300000002607703,0.00899999961256981,"Bathygobius soporator",694691.449097289,1,1,0,15,"of no interest",1,3.71,"Carni.",1,"LC",7278
"3003",0,13025.130859375,46,0.0991999998688698,4.0587999343872,310.590411376953,285.330993652344,0.00300000002607703,0.0209999997168779,"Labeo niloticus",677165.851019473,1,1,0,63,NA,0,2.53,"Omni.",2,"LC",2289
"3004",0,37367.671875,42,0.250999987125397,2.66499996185303,301.692123413086,294.350360870361,0.0020000000949949,0.00400000018998981,"Phractura tenuicauda",445129.891607834,1,1,0,NA,NA,NA,NA,NA,1,"LC",4376
"3006",0.0109999999403954,45918.515625,36.125,0.229500003159046,2.4797500371933,300.855377197266,292.889114379883,0.0020000000949949,0.00700000021606684,"Mormyrops engystoma",38992.2216121418,1,1,0,NA,NA,NA,NA,NA,1,"LC",396
"3007",8.72200012207031,703.588989257812,0,1.44200003147125,1.44200003147125,301.572998046875,292.190002441406,0.00300000002607703,0.00499999988824129,"Greenwoodochromis abeelei",33012.5919769452,NA,NA,0,NA,NA,NA,NA,NA,1,NA,386
"3008",0,45433.30859375,32.675,0.250999987125397,1.8855750054121,301.247985839844,293.594409179687,0.0020000000949949,0.00600000005215406,"Enteromius carens",43158.3091127447,1,1,0,NA,NA,NA,NA,NA,1,"LC",494
"3010",0,960.926025390625,44,0.442450001835823,3.14054995775223,301.380696105957,287.298553466797,0.00400000018998981,0.0120000001043081,"Enteromius mattozi",101303.284946615,1,1,0,40,NA,0,3.26,"Carni.",2,"LC",643
"3011",0,6566.44287109375,30.45,0.425000011920929,2.25767490267754,307.28752746582,293.872917938232,0.00300000002607703,0.010224999813363,"Haplochromis loati",6427.49045271091,0,1,1,5.19999980926514,NA,0,3.01,"Carni.",1,"DD",72
"3014",0.689000010490417,2546.23803710938,0,1.44700002670288,1.44700002670288,303.043180847168,289.298007965088,0.00700000021606684,0.00899999961256981,"Lethrinops longipinnis",6876.2660956166,0,1,1,16,"commercial",0,3.35,"Carni.",1,"LC",82
"3015",0,5332.326171875,46,0.60254999101162,2.93949993848801,302.89775390625,289.602285766602,0.00400000018998981,0.00600000005215406,"Parakneria spekii",51707.8866783944,1,0,0,NA,NA,NA,NA,NA,1,"LC",475
"3017",0,4742.22119140625,23.85,0.202450002729893,1.33280003666878,301.651000976562,294.015795898437,0.00300000002607703,0.00690000019967557,"Thrattidion noctivagus",10556.845318168,1,0,0,2.14000010490417,"of no interest",0,3.3,"Carni.",1,"DD",123
"3018",0.00225000001955777,5600.916015625,30.5,0.767250001430511,2.27000004053116,302.960990905762,294.370239257812,0.00499999988824129,0.00600000005215406,"Nothobranchius ocellatus",3492.05333665643,1,1,0,NA,NA,NA,NA,NA,1,"NT",31
"3020",0,45825.2890625,40.75,0.191250000149012,2.55350005626678,301.820007324219,291.939506530762,0.0020000000949949,0.00499999988824129,"Campylomormyrus numenius",451386.484747747,1,1,0,NA,NA,NA,NA,NA,1,"LC",4771
"3023",0,45918.515625,39,0.181799998879433,1.7708000421524,300.941009521484,293.923602294922,0.0020000000949949,0.00700000021606684,"Thoracochromis fasciatus",24165.4295824173,NA,NA,0,NA,NA,NA,NA,NA,1,NA,257
"3024",0,36870.85546875,43,0.248999997973442,2.6545000910759,301.837243652344,295.436743164062,0.0020000000949949,0.00400000018998981,"Synodontis centralis",224566.184792391,1,1,0,NA,NA,NA,NA,NA,1,"LC",2103
"3025",0,45825.2890625,29.3,0.13800000268966,1.59507502317429,300.652770233154,294.426326751709,0.0020000000949949,0.00499999988824129,"Steatocranus rouxi",17926.3411309768,1,1,0,NA,NA,NA,NA,NA,1,"DD",198
"3027",0.689000010490417,2546.23803710938,0,1.44700002670288,1.44700002670288,303.043180847168,289.298007965088,0.00700000021606684,0.00899999961256981,"Mylochromis spilostichus",6876.2660956166,0,1,1,22.2000007629395,"commercial",0,4.2,"Carni.",1,"LC",82
"3028",0,1484.27197265625,50,1.10322498381138,3.55142496824264,306.144344329834,289.813608551025,0.00899999961256981,0.0120000001043081,"Nothobranchius furzeri",17458.6239921544,1,1,0,NA,NA,NA,NA,NA,2,"LC",110
"3030",0,5122.18603515625,44,0.23687500320375,2.82312503457069,308.138000488281,291.503883361816,0.00400000018998981,0.0120000001043081,"Pronothobranchius kiyawensis",246483.168298165,0,1,1,NA,NA,NA,NA,NA,2,"EN",1306
"3032",0,78.8560028076172,42.55,0.932175022363663,3.10454999804497,302.311278533936,279.038777923584,0.0127250002231449,0.0179999992251396,"Labeobarbus seeberi",12795.0361195863,1,0,0,98.6999969482422,"of no interest",0,3.36,"Carni.",2,"NT",70
"3033",0,4415.455078125,41,0.144300000742078,2.75642501115799,310.765127563477,293.208443450928,0.00499999988824129,0.0160000007599592,"Brycinus leuciscus",578141.871502859,1,1,0,12,"of no interest",0,3.19,"Carni.",1,"LC",3104
"3035",0.237199997901917,37307.2734375,1,0.190999999642372,1.27490001916885,301.698602294922,291.230096435547,0.0020000000949949,0.00600000005215406,"Enteromius prionacanthus",209549.171346392,NA,NA,0,NA,NA,NA,NA,NA,1,"LC",2429
"3036",0.143949999287725,316.578002929688,2,0.0633500009775162,0.597249990701675,299.575954437256,283.941947174072,0.0020000000949949,0.00300000002607703,"Haplochromis aeneocolor",14026.4132505725,1,1,0,7.5,NA,0,2.52,"Omni.",1,"VU",142
"3037",0,631.512023925781,31,0.260249994695187,1.69924995303154,298.999496459961,287.164009094238,0.00300000002607703,0.00800000037997961,"Enteromius argenteus",25484.3021215407,1,1,0,19.7000007629395," ",0,3.2,"Carni.",2,"LC",191
"3039",0.689000010490417,2546.23803710938,0,1.44700002670288,1.44700002670288,301.813513183594,289.422857666016,0.00800000037997961,0.0089499996509403,"Cynotilapia aurifrons",253.549496086174,0,1,1,NA,NA,NA,NA,NA,1,"LC",3
"3040",0,13768.8310546875,40,0.286125008016825,2.62262505292892,300.823631286621,296.063991546631,0.0020000000949949,0.00300000002607703,"Enteromius stanleyi",32604.7058913192,1,1,0,NA,NA,NA,NA,NA,1,"LC",366
"3042",0,3994.98803710938,48,0.0968000009655953,3.27084990739822,308.85096282959,294.286987304688,0.00600000005215406,0.0120000001043081,"Synodontis courteti",85506.8182026103,0,1,1,NA,NA,NA,NA,NA,2,"LC",443
"3044",0,45328.32421875,41,0.180999994277954,2.65455000400543,309.525090026855,291.617450714111,0.00300000002607703,0.0140000004321337,"Tylochromis sudanensis",421019.020535694,1,1,0,20,NA,0,2.55,"Omni.",1,"LC",3330
"3045",0.689000010490417,2546.23803710938,0,1.44700002670288,1.44700002670288,302.158996582031,292.852996826172,0.00800000037997961,0.00800000037997961,"Petrotilapia nigra",251.33484814138,0,1,1,12.1999998092651,"commercial",0,NA,NA,1,"LC",3
"3046",0,13681.75,37,0.392400000989437,2.05175004005432,301.653105163574,293.304989624023,0.00300000002607703,0.00600000005215406,"Trachyglanis minutus",24187.8942900765,1,1,0,NA,NA,NA,NA,NA,1,"DD",267
"3048",0,13458.5224609375,28,0.273950003832579,2.11432507038116,303.012390899658,292.763618469238,0.00300000002607703,0.00800000037997961,"Bryconaethiops quinquesquamae",40817.9754260405,1,0,0,NA,NA,NA,NA,NA,1,"EN",474
"3053",8.72200012207031,703.588989257812,0,1.44200003147125,1.44200003147125,301.572998046875,292.190002441406,0.00300000002607703,0.00499999988824129,"Bathybagrus tetranema",33354.7184506497,0,1,1,NA,NA,NA,NA,NA,1,"LC",390
"3059",0,3414.10595703125,42,0.312649992853403,2.8648750603199,309.376575469971,290.239905548096,0.00300000002607703,0.0120000001043081,"Petrocephalus gliroides",639159.522007843,1,0,0,NA,NA,NA,NA,NA,2,"DD",2394
"3060",0,919.344970703125,32,0.372000008821487,1.54220005273819,301.287571716309,288.849514770508,0.00300000002607703,0.00499999988824129,"Micralestes vittatus",79258.0354635419,1,0,0,NA,NA,NA,NA,NA,1,"DD",840
"3063",0,424.93798828125,42,0.424999997019768,2.02249991893768,301.174987792969,293.397003173828,0.00400000018998981,0.00700000021606684,"Labeobarbus aspius",12859.0944541663,NA,NA,0,NA,NA,NA,NA,NA,1,"LC",141
"3065",0,45771.859375,39.5,0.178000003099442,2.32250010967255,300.550994873047,291.726989746094,0.00300000002607703,0.00600000005215406,"Raiamas kheeli",24228.158737704,1,1,0,9.60000038146973,NA,0,NA,NA,1,"DD",261
"3066",0,2590.998046875,15.725,0.309374997019768,1.35219995677471,302.712181854248,291.290469360352,0.00300000002607703,0.00972499973140654,"Scriptaphyosemion bertholdi",31675.2803451677,1,1,0,NA,NA,NA,NA,NA,1,"VU",372
"3070",0,45918.515625,43,0.20100000500679,2.72900009155273,301.727996826172,287.97900390625,0.0020000000949949,0.00999999977648258,"Enteromius miolepis",1968689.09335214,1,1,0,NA,NA,NA,NA,NA,1,"LC",19201
"3071",0.0936500001698732,543.231994628906,4,0.393700003623962,1.3289999961853,304.520002746582,285.680155944824,0.00499999988824129,0.0106999998912215,"Afronemacheilus abyssinicus",17511.475810345,NA,NA,0,NA,NA,NA,NA,NA,1,NA,207
"3072",0.0469999983906746,36493.0546875,20,0.344025011360645,2.14397504925728,300.61177444458,292.099598693848,0.0020000000949949,0.00597500004805615,"Synodontis tessmanni",144623.449303707,NA,NA,0,NA,NA,NA,NA,NA,1,"LC",1682
"3074",0.833000004291534,789.304016113281,0,1.97599995136261,1.97599995136261,298.730402374268,293.855461120605,0.0020000000949949,0.00300000002607703,"Haplochromis nigricans",75275.99539497,0,1,1,9.39999961853027,NA,0,2.35,"Omni.",1,"DD",862
"3076",0,6371.3427734375,11,0.274049995839596,1.71449998021126,302.576098632812,293.124961853027,0.00285000003641471,0.00514999991282821,"Caranx latus",3093.35102319719,1,0,0,101,"minor commercial",1,3.88,"Carni.",1,"LC",35
"3081",0,1524.92602539062,43,0.407000005245209,3.12755001783371,307.667863464355,291.875744628906,0.00300000002607703,0.00894999965094029,"Labeo bottegi",40567.428811496,1,0,0,NA,NA,NA,NA,NA,2,"DD",283
"3082",0,45825.2890625,29,0.158999994397163,1.89604996740818,307.452574920654,293.823377227783,0.00300000002607703,0.00999999977648258,"Nannocharax fasciatus",1194863.20377835,1,1,0,6.59999990463257," ",0,3.4,"Carni.",1,"LC",11660
"3091",0,298.608001708984,24.625,0.882875017821789,1.69237498939037,302.4914894104,292.989486694336,0.00400000018998981,0.00800000037997961,"Labeobarbus gruveli",2205.56114002838,1,0,0,NA,NA,NA,NA,NA,1,"VU",26
"3092",0.780000001192093,2637.65087890625,0,0.345750004053116,1.20024999976158,300.169998168945,293.08899307251,0.00300000002607703,0.00499999988824129,"Microsynodontis nasutus",11702.4611430373,1,0,0,3.65000009536743,NA,0,NA,NA,1,"DD",136
"3098",0,242.128997802734,45,0.469500011205673,2.7203999042511,300.060205078125,293.065798950195,0.0020000000949949,0.00600000005215406,"Stomatorhinus ater",33867.430888289,1,1,0,NA,NA,NA,NA,NA,1,"DD",245
"3103",0,45920.859375,42,0.187000006437302,2.7260000705719,308.0625,281.471496582031,0.0020000000949949,0.017000000923872,"Clarias gariepinus",4403535.84970463,1,1,0,170,"minor commercial",0,3.5,"Carni.",2,"LC",32141
"3109",0,45825.2890625,42,0.234999999403954,2.59060001373291,301.674395751953,290.089392089844,0.0020000000949949,0.00600000005215406,"Labeo annectens",1286819.10828496,1,0,0,NA,NA,NA,NA,NA,1,"LC",13097
"3112",0,1988.62902832031,41.15,0.323750002682209,2.72844992876053,301.573492431641,287.004246520996,0.00300000002607703,0.0120000001043081,"Labeo ansorgii",87210.3857230531,1,1,0,25,NA,0,NA,NA,2,"LC",435
"3114",0,2546.23803710938,16,1.44700002670288,1.45000004768372,303.046699523926,289.295707702637,0.00700000021606684,0.00999999977648258,"Champsochromis spilorhynchus",7292.64023344102,0,1,1,30,"commercial",0,4.2,"Carni.",1,"EN",87
"3115",0.833000004291534,789.304016113281,0,1.97599995136261,1.97599995136261,298.594623565674,293.989990234375,0.0020000000949949,0.00300000002607703,"Haplochromis bayoni",70201.9485614657,0,1,1,15.3999996185303,NA,0,4.2,"Carni.",1,"DD",816
"3117",0,45918.515625,44.5500000000002,0.244450003653765,2.8046000123024,301.635986328125,294.022241210938,0.0020000000949949,0.00499999988824129,"Microctenopoma fasciolatum",473434.630141186,1,1,0,NA,NA,NA,NA,NA,1,"LC",4659
"3125",0,45920.859375,42,0.123999997973442,3.0978000164032,305.770439147949,277.594711303711,0.00400000018998981,0.0240000002086163,"Mugil cephalus",245671.848017913,1,1,0,100,"highly commercial",1,2.48,"Omni.",2,"LC",1867
"3126",0,7585.22998046875,46.9,1.0921000123024,3.60409989356995,301.703509521484,289.716802978516,0.00800000037997961,0.00999999977648258,"Neolebias lozii",5552.70566576389,1,0,0,1.79999995231628,NA,0,3.5,"Carni.",1,"CR",45
"3128",0.689000010490417,2546.23803710938,0,1.44700002670288,1.44700002670288,302.670989990234,289.403015136719,0.00700000021606684,0.00800000037997961,"Bathyclarias filicibarbis",28950.2249686961,0,1,1,79.1999969482422," ",0,4.06,"Carni.",1,"LC",344
"3130",0.0126250002067536,16501.240234375,40.25,0.266124997287989,2.4020000398159,300.425487518311,296.324626922607,0.0020000000949949,0.00300000002607703,"Rhabdalestes aeratis",4560.53903315996,0,1,1,NA,NA,NA,NA,NA,1,"DD",36
"3131",0,4742.22119140625,21.075,0.231000006198883,1.35127502083778,302.038796234131,289.672829437256,0.00300000002607703,0.00899999961256981,"Fundulopanchax amieti",41015.0276131556,1,1,0,NA,NA,NA,NA,NA,1,"EN",478
"3133",0.0356249993201345,79.6699981689453,16.375,0.0797500004991889,1.59262502193451,298.187744140625,286.73637008667,0.00300000002607703,0.00499999988824129,"Enteromius serengetiensis",6190.79955568857,1,1,0,4.01999998092651,NA,0,NA,NA,1,"LC",66
"3138",0.622725008428097,14.5550003051758,1.85,0.504749996215105,0.701325005292892,303.266777801514,297.433989715576,0.00499999988824129,0.00499999988824129,"Chiloglanis kolente",339.021236158487,1,0,0,2.5699999332428,"of no interest",0,NA,NA,1,"EN",4
"3140",0.0461250017397106,1181.7490234375,19.375,0.255374994128942,1.12562499940395,304.298362731934,293.868377685547,0.00300000002607703,0.00700000021606684,"Chiloglanis occidentalis",35860.6466070729,1,0,0,NA,NA,NA,NA,NA,1,"LC",406
"3161",0,2922.8310546875,21.15,0.581500005722046,1.64715003967285,303.995442199707,293.043890380859,0.00400000018998981,0.00899999961256981,"Chrysichthys levequei",9743.39403627344,1,0,0,NA,NA,NA,NA,NA,1,"EN",115
"3162",0,9131.9716796875,48,0.41100001335144,3.41474997997284,303.305000305176,287.407989501953,0.0020000000949949,0.0130000002682209,"Parauchenoglanis ngamensis",1044935.04888339,1,1,0,38,"minor commercial",0,3.59,"Carni.",2,"LC",7531
"3163",0.00467499998630956,927.523986816406,28.325,0.16335000321269,1.97599995136261,302.124057769775,285.796095275879,0.0020000000949949,0.00600000005215406,"Labeo victorianus",215713.072524371,1,1,0,41,"commercial",0,2.41,"Omni.",1,"LC",1908
"3172",0.171000000741333,132.837005615234,15.2,0.392949987947941,1.26030000448227,308.408996582031,297.985685729981,0.00899999961256981,0.00899999961256981,"Aphanius stiassnyae",251.249702545048,0,1,1,NA,NA,NA,NA,NA,2,"EN",3
"3173",0,439.285003662109,12.35,0.416875002533197,1.40897503495216,300.381762695312,276.335542297363,0.00464999991236255,0.00635000010952353,"Enteromius venustus",3264.62302633772,1,1,0,NA,NA,NA,NA,NA,1,"DD",34
"3175",0.689000010490417,2546.23803710938,0,1.44700002670288,1.44700002670288,300.589361572266,289.269105529785,0.00800000037997961,0.0089499996509403,"Labidochromis caeruleus",253.093106922787,0,1,1,NA,NA,NA,NA,NA,1,"LC",3
"3176",0.000674999970942737,165.470993041992,8,0.17207500487566,1.27937501072884,302.309819793701,295.163098907471,0.00300000002607703,0.00499999988824129,"Fundulopanchax spoorenbergi",3770.48986436419,NA,NA,0,NA,NA,NA,NA,NA,1,"DD",44
"3179",0,490.212005615234,39,0.230524995550513,2.20080007910728,297.519671630859,287.39599609375,0.00300000002607703,0.00700000021606684,"Enteromius brevilateralis",9067.78324835414,1,1,0,NA,NA,NA,NA,NA,2,"DD",94
"3181",0.689000010490417,2546.23803710938,0,1.44700002670288,1.44700002670288,303.018642425537,289.285057830811,0.00700000021606684,0.00899999961256981,"Mylochromis incola",2683.74261882117,0,1,1,19.8999996185303,"commercial",0,3.5,"Carni.",1,"LC",32
"3184",0,14403.857421875,43,0.126000002026558,3.12234999537468,309.833184051514,285.70852355957,0.00300000002607703,0.0189999993890524,"Enteromius stigmatopygus",1115123.69090996,1,0,0,NA,NA,NA,NA,NA,2,"LC",5594
"3189",0,5168.259765625,36,0.182625006884336,2.25462505221367,300.409755706787,296.587749481201,0.0020000000949949,0.0020000000949949,"Micralestes congicus",39840.9319058021,1,1,0,NA,NA,NA,NA,NA,1,"LC",456
"3192",0.833000004291534,789.304016113281,0,1.97599995136261,1.97599995136261,298.594673919678,293.992588806152,0.0020000000949949,0.00300000002607703,"Haplochromis tridens",70029.8147067808,0,1,1,11.8999996185303,NA,0,2.76,"Omni.",1,"DD",814
"3193",1.30859997272491,381.43701171875,0,0.300000011920929,0.606399977207184,301.815991210938,293.542413330078,0.00300000002607703,0.00580000020563603,"Coptodon spongotroktis",1456.6482365492,0,1,1,NA,NA,NA,NA,NA,1,"CR",17
"3194",0,45825.2890625,41,0.184350001066923,2.60932494401932,300.798331451416,294.506016540527,0.0020000000949949,0.00400000018998981,"Fenerbahce formosus",245688.448835234,1,1,0,NA,NA,NA,NA,NA,1,"LC",2548
"3195",0,45918.515625,41,0.165000006556511,2.7590000629425,308.948149108887,290.882501220703,0.0020000000949949,0.0130000002682209,"Hydrocynus forskahlii",3608125.94598189,1,1,0,78,"commercial",0,4,"Carni.",1,"LC",27315
"3197",0,45918.515625,41,0.237250003963709,2.60974997282028,301.375755310059,291.718490600586,0.0020000000949949,0.00600000005215406,"Distichodus notospilus",736534.811478767,1,1,0,NA,NA,NA,NA,NA,1,"LC",7891
"3201",0,45825.2890625,44,0.205399999022484,2.73170011043548,301.274194335938,293.805294799805,0.0020000000949949,0.00499999988824129,"Mormyrops nigricans",506722.950380764,1,1,0,NA,NA,NA,NA,NA,1,"LC",5125
"3202",0,464.449005126953,47,0.913525001704693,3.82735006809235,302.543408966064,296.388316345215,0.00499999988824129,0.00577500001527369,"Nothobranchius foerschi",940.170535368774,1,1,0,NA,NA,NA,NA,NA,1,"VU",10
"3204",0,45825.2890625,43,0.248999997973442,2.6340000629425,301.537994384766,294.363046264648,0.00100000004749745,0.00400000018998981,"Coptodon congica",539500.151088555,NA,NA,0,NA,NA,NA,NA,NA,1,NA,5268
"3205",0,1567.5419921875,43,0.836750015616417,2.78724992275238,303.487251281738,281.645500183105,0.00899999961256981,0.0149999996647239,"Labeo rosae",272322.894829614,1,1,0,40,NA,0,2.43,"Omni.",2,"LC",1631
"3207",0.768400013446808,242.128997802734,13.3,0.687550002336502,1.44755001366138,299.403085327148,295.686408996582,0.00300000002607703,0.00300000002607703,"Scardinius plotizza",258.146720563579,1,1,0,NA,NA,NA,NA,NA,1,"LC",3
"3208",0.833000004291534,789.304016113281,0,1.97599995136261,1.97599995136261,298.594673919678,293.992588806152,0.0020000000949949,0.00300000002607703,"Haplochromis pellegrini",70029.8147067808,0,1,1,10.3999996185303,NA,0,3.46,"Carni.",1,"DD",814
"3210",0,45859.06640625,37.05,0.172974993288517,2.1453250825405,300.720500946045,293.014989471436,0.0020000000949949,0.00600000005215406,"Mastacembelus brichardi",36958.546873683,1,0,0,NA,NA,NA,NA,NA,1,"LC",400
"3211",0.0247999997809529,3.98799991607666,31,0.962199980020523,2.61199998855591,310.384002685547,297.594201660156,0.00810000030323863,0.0129000002518296,"Aphanius dispar",1349.33431326137,NA,NA,0,NA,NA,NA,NA,NA,2,"LC",5
"3215",0,5332.326171875,40.75,0.769499987363815,3.17999994754791,303.517761230469,292.033500671387,0.00300000002607703,0.00899999961256981,"Butis butis",6312.86224751933,1,1,0,15,"minor commercial",1,4,"Carni.",1,"LC",71
"3221",0,2547.44506835938,39,0.45697498768568,2.23575003743171,303.513709259033,281.291138458252,0.00600000005215406,0.0130250002723187,"Zaireichthys lacustris",48046.9708331923,1,1,0,2.21000003814697,NA,0,NA,NA,1,"LC",560
"3226",0.689000010490417,2546.23803710938,0,1.44700002670288,1.44700002670288,302.670989990234,289.687603759766,0.00740000028163195,0.00899999961256981,"Maylandia callainos",1423.97800331201,NA,NA,0,NA,NA,NA,NA,NA,1,NA,17
"3229",0.689000010490417,2546.23803710938,0,1.44700002670288,1.44700002670288,301.864990234375,292.723999023438,0.00800000037997961,0.00800000037997961,"Otopharynx pachycheilus",83.6918234879036,0,1,1,16.5300006866455,NA,0,NA,NA,1,"VU",1
"3231",0,2546.23803710938,39.175,0.963424973189831,2.05347502827644,299.666800689697,283.95110244751,0.00700000021606684,0.00917499964125454,"Labeobarbus nthuwa",4055.46645308257,1,0,0,NA,NA,NA,NA,NA,3,"NT",34
"3233",0.00600000005215406,45633.43359375,35.625,0.186375005170703,1.97599995136261,301.321617126465,285.258869171143,0.0020000000949949,0.00600000005215406,"Synodontis afrofischeri",204899.406770146,1,1,0,17.7000007629395,NA,0,3.41,"Carni.",1,"LC",1736
"3237",0.0369749987730756,203.391006469727,10.275,0.251524996012449,1.32137500345707,299.680976104736,291.349035644531,0.00300000002607703,0.00600000005215406,"Labeobarbus varicostoma",2546.77383606627,1,1,0,NA,NA,NA,NA,NA,1,"DD",22
"3239",0.0140000004321337,2922.8310546875,28,0.19984999448061,1.36289997696877,307.424011230469,293.939442443848,0.00400000018998981,0.00899999961256981,"Scriptaphyosemion guignardi",113306.074513204,1,1,0,NA,NA,NA,NA,NA,1,"LC",1263
"3243",0.0422499999403954,2214.14306640625,25,0.20075000077486,1.35225000977516,305.33349609375,293.809753417969,0.00300000002607703,0.00700000021606684,"Mormyrops breviceps",90525.2284313921,1,1,0,NA,NA,NA,NA,NA,1,"LC",1011
"3248",0,5633.46484375,44,0.542999982833862,2.32759990692139,302.615393066406,288.415191650391,0.00499999988824129,0.00899999961256981,"Bagrus orientalis",202230.681002554,1,1,0,NA,NA,NA,NA,NA,1,"LC",2233
"3249",0,37367.671875,43,0.250999987125397,2.60760006904602,301.881799316406,292.660003662109,0.00100000004749745,0.00499999988824129,"Labeo quadribarbis",334173.597176892,1,1,0,NA,NA,NA,NA,NA,1,"LC",3189
"3252",0,655.715026855469,39,0.469999998807907,2.16950005292892,301.034622192383,288.233867645264,0.00499999988824129,0.00800000037997961,"Synodontis lufirae",28097.8601154605,1,1,0,NA,NA,NA,NA,NA,3,"VU",236
"3257",0.689000010490417,2546.23803710938,0,1.44700002670288,1.44700002670288,303.043180847168,289.298007965088,0.00700000021606684,0.00899999961256981,"Labeotropheus fuelleborni",6876.2660956166,0,1,1,30,"commercial",0,2.8,"Carni.",1,"LC",82
"3262",0,3274.53393554688,33,0.278674995154142,1.96972499191761,305.49616394043,292.48119430542,0.00400000018998981,0.00899999961256981,"Ichthyborus quadrilineatus",128016.678630423,1,0,0,NA,NA,NA,NA,NA,1,"VU",1490
"3265",0.00529999989084899,45771.859375,40,0.252000004053116,3.50719991922379,300.737091064453,292.773010253906,0.00300000002607703,0.00600000005215406,"Micralestes schelly",4369.8999964696,1,1,0,4.8899998664856,NA,0,NA,NA,1,"DD",43
"3272",0.0528750005178154,231.824996948242,23.125,0.165250001475215,0.923375003039837,300.469249725342,293.716747283936,0.00300000002607703,0.00499999988824129,"Labeobarbus semireticulatus",9444.38502199769,NA,NA,0,NA,NA,NA,NA,NA,1,"DD",96
"3274",0.833000004291534,789.304016113281,0,1.97599995136261,1.97599995136261,298.594623565674,293.989990234375,0.0020000000949949,0.00300000002607703,"Haplochromis macrops",70201.9485614657,0,1,1,9.10000038146973,NA,0,2.78,"Omni.",1,"DD",816
"3276",8.72200012207031,703.588989257812,0,1.44200003147125,1.44200003147125,301.572998046875,292.190002441406,0.00300000002607703,0.00499999988824129,"Lestradea perspicax",33012.5919769452,0,1,1,NA,NA,NA,NA,NA,1,"LC",386
"3278",0.689000010490417,2546.23803710938,0,1.44700002670288,1.44700002670288,302.916114807129,289.409999847412,0.00700000021606684,0.00899999961256981,"Buccochromis heterotaenia",4694.31397546243,0,1,1,40,"commercial",0,4.2,"Carni.",1,"LC",56
"3279",0,464.449005126953,46.325,0.651824994385242,3.24882498383522,302.908996582031,290.206720733643,0.00499999988824129,0.00600000005215406,"Kneria uluguru",24940.3594247701,1,0,0,4.30999994277954,NA,0,2,"Herbi.",1,"VU",228
"3283",0,5994.4951171875,44,0.439599996805191,2.8046000957489,301.682794189453,288.088012695312,0.00300000002607703,0.00800000037997961,"Paramormyrops tavernei",85287.7662581526,1,1,0,NA,NA,NA,NA,NA,1,"LC",857
"3286",0,9131.9716796875,47,0.372999995946884,3.35500001907349,303.131695556641,287.567590332031,0.0020000000949949,0.0130000002682209,"Serranochromis jallae",1234697.47779199,1,1,0,39.5999984741211,"minor commercial",0,NA,NA,3,"LC",9613
"3287",0,45825.2890625,42,0.226449996978045,2.57855002880096,301.635986328125,293.636993408203,0.0020000000949949,0.00499999988824129,"Polypterus congicus",398909.35860968,1,1,0,97,"minor commercial",0,3.3,"Carni.",1,"LC",3859
"3289",0,45825.2890625,44,0.239249996840954,2.73424994945526,300.821258544922,295.371994018555,0.0020000000949949,0.00300000002607703,"Synodontis schoutedeni",324918.219470555,1,1,0,NA,NA,NA,NA,NA,1,"LC",3231
"3291",0,251.673004150391,41,0.221000000834465,3.23297493457794,305.048469543457,275.386373901367,0.0120000001043081,0.0270000007003546,"Luciobarbus callensis",105697.293486266,1,1,0,30,"commercial",0,NA,NA,2,"LC",770
"3296",0,4215.328125,39,0.446000009775162,2.22894997000694,300.909474945068,287.520582580566,0.00400000018998981,0.00999999977648258,"Brycinus peringueyi",76087.0596355281,NA,NA,0,NA,NA,NA,NA,NA,3,NA,822
"3301",0,92.879997253418,32,0.0277000008150935,1.82770001888275,307.942401123047,275.331692504883,0.0219999998807907,0.0292999992147088,"Aphanius apodus",44162.0461316259,NA,NA,0,NA,NA,NA,NA,NA,2,NA,269
"3302",0.833000004291534,789.304016113281,0,1.97599995136261,1.97599995136261,297.489752197266,294.015991210938,0.0020000000949949,0.0020000000949949,"Petrocephalus degeni",258.164537380053,0,1,1,NA,NA,NA,NA,NA,1,"DD",3
"3310",0,37367.671875,41,0.248999997973442,2.55139999389648,301.773193359375,288.577398681641,0.0020000000949949,0.00899999961256981,"Labeo simpsoni",553456.003368248,1,1,0,NA,NA,NA,NA,NA,1,"LC",5537
"3311",0,919.344970703125,41.4499999999999,0.179000005125999,1.67645001411438,301.258961486816,287.54115447998,0.0020000000949949,0.00600000005215406,"Astatotilapia stappersii",88428.9377745122,1,1,0,NA,NA,NA,NA,NA,1,"LC",903
"3313",0.00274999993853271,1982.44104003906,14.9,0.481099991500378,1.22300004959106,302.356185150147,292.838414001465,0.00627500009723008,0.00700000021606684,"Nothobranchius niassa",1009.4348259368,1,1,0,2.91000008583069,NA,0,NA,NA,1,"VU",12
"3317",0,3777.22509765625,31.75,0.869499981403351,2.35825002193451,302.802001953125,278.498748779297,0.00400000018998981,0.0189999998547137,"Parauchenoglanis buettikoferi",4369.07075902528,1,1,0,NA,NA,NA,NA,NA,1,"CR",51
"3318",0.639949995279312,452.679992675781,0,0.433649995923042,0.855300027132034,302.571249389648,287.003736877441,0.0020000000949949,0.00415000014472753,"Synodontis marmoratus",3002.91946512575,NA,NA,0,NA,NA,NA,NA,NA,1,"DD",35
"3320",0.689000010490417,2546.23803710938,0,1.44700002670288,1.44700002670288,303.043180847168,289.298007965088,0.00700000021606684,0.00899999961256981,"Mylochromis mola",6876.2660956166,0,1,1,18,"commercial",0,3.6,"Carni.",1,"LC",82
"3322",0,45825.2890625,43.6499999999999,0.226999998092651,2.69475001096725,300.846240234375,295.078797912598,0.0020000000949949,0.00300000002607703,"Mormyrops lineolatus",166511.80197777,1,1,0,NA,NA,NA,NA,NA,1,"LC",1535
"3329",8.72200012207031,703.588989257812,0,1.44200003147125,1.44200003147125,301.572998046875,292.190002441406,0.00300000002607703,0.00499999988824129,"Chrysichthys brachynema",33354.7184506497,1,1,0,77,"commercial",0,3.89,"Carni.",1,"LC",390
"3339",0.689000010490417,2546.23803710938,0,1.44700002670288,1.44700002670288,303.043180847168,289.298007965088,0.00700000021606684,0.00899999961256981,"Bathyclarias rotundifrons",6876.2660956166,0,1,1,NA,NA,NA,NA,NA,1,"LC",82
"3340",0.0369749987730756,203.391006469727,10.275,0.251524996012449,1.32137500345707,299.680976104736,291.349035644531,0.00300000002607703,0.00600000005215406,"Labeobarbus girardi",2546.77383606627,1,1,0,NA,NA,NA,NA,NA,1,"DD",22
"3349",0,3274.53393554688,22,0.277924998104572,1.55407501459122,303.33514251709,293.019902038574,0.00300000002607703,0.00800000037997961,"Tylochromis leonensis",328221.24597943,1,0,0,21.8999996185303,NA,0,2.58,"Omni.",1,"LC",3718
"3351",0,45825.2890625,43,0.245000004768372,2.6674998998642,301.820007324219,293.666999816895,0.0020000000949949,0.00499999988824129,"Synodontis alberti",625225.114848198,1,1,0,20.2999992370605,"of no interest",0,2.76,"Omni.",1,"LC",5951
"3354",0,785.924987792969,40.35,0.258949993550777,3.09374996423721,302.826098632813,286.200761413574,0.0020000000949949,0.00999999977648258,"Enteromius ansorgii",36992.00875028,1,1,0,NA,NA,NA,NA,NA,2,"LC",227
"3356",NA,NA,NA,NA,NA,NA,NA,NA,NA,"Oreochromis ismailiaensis",3716.18967140879,1,0,0,NA,NA,NA,NA,NA,2,"DD",0
"3364",0.689000010490417,2546.23803710938,0,1.44700002670288,1.44700002670288,303.043180847168,289.298007965088,0.00700000021606684,0.00899999961256981,"Taeniolethrinops laticeps",6876.2660956166,0,1,1,NA,NA,NA,NA,NA,1,"LC",82
"3366",0,5633.46484375,43,0.40764999166131,2.94380006194115,307.409419250488,286.624839782715,0.00300000002607703,0.00700000021606684,"Brycinus affinis",380770.308844539,NA,NA,0,NA,NA,NA,NA,NA,2,NA,1932
"3367",0.833000004291534,789.304016113281,0,1.97599995136261,1.97599995136261,298.730402374268,293.855461120605,0.0020000000949949,0.00300000002607703,"Haplochromis omnicaeruleus",75275.99539497,0,1,1,11.9200000762939,NA,0,2,"Herbi.",1,"LC",862
"3369",0,4215.328125,37.625,0.442875012755394,1.91400000452995,301.562255859375,287.887493133545,0.00300000002607703,0.00899999961256981,"Chiloglanis elisabethianus",32926.0449056881,1,0,0,NA,NA,NA,NA,NA,1,"VU",336
"3370",0.689000010490417,2546.23803710938,0,1.44700002670288,1.44700002670288,302.660629272461,291.639247894287,0.00800000037997961,0.00899999961256981,"Aulonocara stonemani",1335.53520547754,0,1,1,5.5,"commercial",0,3.26,"Carni.",1,"LC",16
"3371",0,45859.06640625,40,0.190999999642372,2.26659990549088,301.732433319092,293.59800491333,0.0020000000949949,0.00600000005215406,"Mastacembelus paucispinis",180718.24071864,1,1,0,NA,NA,NA,NA,NA,1,"LC",1848
"3377",0,1093.29296875,42.3999999999999,0.429199993610382,2.86620006561279,300.678802490234,295.250610351562,0.00300000002607703,0.00340000009164213,"Clariallabes simeonsi",9112.10199237926,1,1,0,NA,NA,NA,NA,NA,1,"DD",105
"3380",2.18899989128113,190.13200378418,0,1.11600005626678,1.11600005626678,298.529998779297,288.165985107422,0.00899999961256981,0.00899999961256981,"Xiphophorus hellerii",74.6816384931335,1,1,0,14,"highly commercial",0,3.19,"Carni.",3,"LC",1
"3381",0.833000004291534,789.304016113281,0,1.97599995136261,1.97599995136261,298.594673919678,293.992588806152,0.0020000000949949,0.00300000002607703,"Haplochromis plagiostoma",70029.8147067808,0,1,1,14.6999998092651,NA,0,4.36,"Carni.",1,"DD",814
"3384",0,2546.23803710938,16,1.44700002670288,1.45000004768372,303.046699523926,289.295707702637,0.00700000021606684,0.00999999977648258,"Taeniolethrinops praeorbitalis",7292.64023344102,1,1,0,30,"commercial",0,3.2,"Carni.",1,"LC",87
"3385",0,2474.87109375,16,1.45000004768372,1.45000004768372,303.419689941406,289.330102539063,0.00999999977648258,0.00999999977648258,"Tramitichromis trilineatus",416.374137824429,0,1,1,14,"commercial",0,3.5,"Carni.",1,"LC",5
"3387",0.0414999993517995,29.1580009460449,31,0.426500007510185,1.55850005149841,302.284255981445,296.300254821777,0.00499999988824129,0.00499999988824129,"Nothobranchius elongatus",2060.56543619452,1,1,0,NA,NA,NA,NA,NA,1,"VU",11
"3390",0,45918.515625,42,0.23199999332428,2.56500005722046,304.543653869629,286.229421234131,0.0020000000949949,0.0120000001043081,"Brycinus imberi",1757047.2160015,1,0,0,19.7999992370605,"subsistence fisheries",0,3.26,"Carni.",1,NA,17548
"3393",0.0369749987730756,203.391006469727,10.275,0.251524996012449,1.32137500345707,299.680976104736,291.349035644531,0.00300000002607703,0.00600000005215406,"Labeobarbus rosae",2546.77383606627,1,1,0,NA,NA,NA,NA,NA,1,"DD",22
"3397",0,700.065002441406,30.825,0.569499991834164,1.89789995849133,301.819470977783,278.446811676025,0.0149999996647239,0.0189999993890524,"Alosa alosa",6220.19842785278,1,0,0,69,"minor commercial",1,3.62,"Carni.",3,"LC",88
"3401",0,4510.56396484375,39,0.260074991732836,2.59957506656647,309.964920806885,294.114685821533,0.00300000002607703,0.00999999977648258,"Mormyrus niloticus",105361.496972819,1,1,0,NA,NA,NA,NA,NA,1,"NT",564
"3403",0,1351.68603515625,39.375,0.207250002771616,2.05087497830391,300.218364715576,291.596244812012,0.00100000004749745,0.00499999988824129,"Paratilapia toddi",144723.960512395,1,1,0,NA,NA,NA,NA,NA,1,"DD",1466
"3405",0,17901.61328125,45,0.464499995112419,3.08999991416931,308.947006225586,291.352493286133,0.00300000002607703,0.0120000001043081,"Terapon theraps",486296.955173559,1,0,0,30,"minor commercial",1,3.69,"Carni.",1,"LC",3261
"3410",0.417174992710352,703.588989257812,0,1.44200003147125,1.44200003147125,301.572998046875,292.190002441406,0.00300000002607703,0.00499999988824129,"Pseudosimochromis babaulti",34890.675799273,0,0,0,12," ",0,2,"Herbi.",1,NA,404
"3412",0.314099997282028,4710.59912109375,0,0.893699997663498,1.59910000562668,300.820095825195,292.477996826172,0.00300000002607703,0.00499999988824129,"Enteromius condei",5935.76492371003,NA,NA,0,NA,NA,NA,NA,NA,1,"DD",69
"3415",0,45825.2890625,43,0.238000005483627,2.68285006284714,301.524842834473,291.575099182129,0.0020000000949949,0.00499999988824129,"Marcusenius stanleyanus",801380.274383871,1,1,0,NA,NA,NA,NA,NA,1,"LC",7887
"3417",1.76449996232986,11382.8876953125,0,0.446300001442432,1,300.921839904785,291.26234588623,0.00295000002952293,0.00700000021606684,"Aphyosemion tirbaki",13678.4122576408,1,0,0,NA,NA,NA,NA,NA,1,"EN",159
"3419",0.689000010490417,2546.23803710938,0,1.44700002670288,1.44700002670288,302.635089874268,291.503044891357,0.00800000037997961,0.00899999961256981,"Nyassachromis boadzulu",333.65860636158,0,1,1,14,"commercial",0,3.4,"Carni.",1,"EN",4
"3420",0,45825.2890625,38,0.161299998313189,2.23242496848107,300.942418670654,294.441884613037,0.0020000000949949,0.00400000018998981,"Epiplatys duboisi",75550.6080764529,1,0,0,NA,NA,NA,NA,NA,1,"LC",802
"3422",8.72200012207031,703.588989257812,0,1.44200003147125,1.44200003147125,301.572998046875,292.190002441406,0.00300000002607703,0.00499999988824129,"Xenotilapia nigrolabiata",33012.5919769452,0,1,1,NA,NA,NA,NA,NA,1,"LC",386
"3425",0.110249999724329,2222.06201171875,2.04999999999998,0.304650001227856,1.07324997782707,301.337757873535,293.449305725098,0.00300000002607703,0.00534999994561076,"Callopanchax monroviae",19394.6483512069,1,1,0,NA,NA,NA,NA,NA,1,"CR",227
"3427",0,92.0289993286133,35.7,0.35010000616312,2.05485006570816,304.295941162109,277.216102600098,0.0171500006690621,0.0248500003479421,"Gasterosteus aculeatus",13633.6796161371,1,1,0,11,"minor commercial",1,3.38000011444092,"Carni.",3,"LC",167
"3429",0,6371.3427734375,23.075,0.300925000011921,1.58337495326996,303.474598693848,289.056461334229,0.00300000002607703,0.0109999999403954,"Epiplatys barmoiensis",111205.766409563,1,1,0,NA,NA,NA,NA,NA,1,"LC",1278
"3430",0.417174992710352,703.588989257812,0,1.44200003147125,1.44200003147125,301.572998046875,292.190002441406,0.00300000002607703,0.00499999988824129,"Petrochromis macrognathus",34890.675799273,0,1,1,17.2000007629395,"of no interest",0,2,"Herbi.",1,"DD",404
"3434",0.00300000002607703,58.3269996643066,28.55,0.675000011920929,1.66879995763302,299.680773925781,280.588752746582,0.0109999999403954,0.017000000923872,"Pseudobarbus asper",10545.5770374609,1,0,0,12,"commercial",0,2,"Herbi.",2,"VU",50
"3435",0,17901.61328125,47,0.441875003278255,3.35512501001358,304.320755004883,286.874248504639,0.00300000002607703,0.0130000002682209,"Lacustricola katangae",814373.628405635,1,0,0,5," ",0,3.28,"Carni.",3,NA,6516
"3439",0.145000002533197,3248.85009765625,8.45,0.464500011503696,1.04640001058578,305.990644836426,290.763404846191,0.00385000016540289,0.00675000003539025,"Enteromius lukindae",3575.15996173024,1,1,0,NA,NA,NA,NA,NA,1,"DD",35
"3444",1.06987500190735,1158.28894042969,0,0.223125005140901,0.612624995410442,302.65926361084,290.499378204346,0.00300000002607703,0.00400000018998981,"Nannocharax reidi",7365.08427734965,NA,NA,0,NA,NA,NA,NA,NA,1,"DD",86
"3447",1.83875004947186,2427.31201171875,0,0.281624998897314,0.554875016212463,301.544384002686,293.778259277344,0.0020000000949949,0.00499999988824129,"Aphyosemion ocellatum",26317.6190871858,1,0,0,NA,NA,NA,NA,NA,1,"LC",306
"3449",0,45825.2890625,43,0.250999987125397,2.61857488751411,301.180949401855,292.239138031006,0.0020000000949949,0.00600000005215406,"Labeobarbus cardozoi",137358.120166159,1,1,0,NA,NA,NA,NA,NA,1,"LC",1282
"3451",0,17707.1171875,47,0.529774974286556,3.1924999833107,304.858438110352,288.843383026123,0.00700000021606684,0.0120000001043081,"Nothobranchius orthonotus",56124.0343943823,1,1,0,10," ",0,3.26,"Carni.",1,"LC",558
"3454",0,12037.8349609375,46,0.293000012636185,4.19919986724854,310.781005859375,285.155194091797,0.00499999988824129,0.0209999997168779,"Enteromius neglectus",477428.71492285,1,1,0,NA,NA,NA,NA,NA,2,"LC",1353
"3455",0,36493.0546875,33,0.234799998998642,1.53519996404648,306.504196166992,288.81960144043,0.00300000002607703,0.017000000923872,"Chrysichthys walkeri",53067.223291786,1,1,0,11.5," ",0,3.2,"Carni.",1,"VU",477
"3465",0,80.0400009155273,21.4,0.959049984812737,1.43334995508194,302.951257324219,294.948245239258,0.00600000005215406,0.00600000005215406,"Nothobranchius geminus",681.269114427669,1,1,0,NA,NA,NA,NA,NA,1,"VU",7
"3466",0.0517999991774559,459.377990722656,6.19999999999999,0.377800005674362,1.06240003108978,302.597998046875,293.480389404297,0.00499999988824129,0.00700000021606684,"Enteromius ditinensis",8197.70880395591,1,0,0,NA,NA,NA,NA,NA,1,"LC",97
"3469",0,45825.2890625,38,0.13430000282824,2.27657511234283,300.901108551025,294.927912902832,0.0020000000949949,0.00300000002607703,"Marcusenius fuscus",82646.4597819074,1,1,0,NA,NA,NA,NA,NA,1,"LC",884
"3473",0.0724999994039536,716.067993164062,19.95,0.688099989295006,1.56194999217987,301.489442443848,292.208842468262,0.00499999988824129,0.00600000005215406,"Nothobranchius vosseleri",1285.93815109244,1,1,0,4.46000003814697,"of no interest",0,NA,NA,1,"VU",15
"3478",0.109300001338124,368.967987060547,1,0.496599996089935,0.945449993014336,304.417152404785,293.338842773437,0.00600000005215406,0.00800000037997961,"Enteromius anniae",3286.86717395399,1,0,0,NA,NA,NA,NA,NA,1,"EN",39
"3482",0.00562500004889444,6371.3427734375,11,0.24600000679493,1.87125004827976,301.998111724854,291.551116943359,0.0020000000949949,0.00700000021606684,"Epiplatys infrafasciatus",78662.2501451799,1,1,0,NA,NA,NA,NA,NA,1,"LC",916
"3483",0,5.05499982833862,32,1.19655003547668,1.8472000181675,302.489389038086,273.366594696045,0.0240000002086163,0.0266500006429851,"Salmo akairos",1477.66090711624,1,1,0,18.0400009155273,NA,0,2.78,"Omni.",2,"VU",8
"3484",8.72200012207031,703.588989257812,0,1.44200003147125,1.44200003147125,301.572998046875,292.190002441406,0.00300000002607703,0.00499999988824129,"Lamprologus callipterus",33012.5919769452,1,1,0,12.3999996185303,"commercial",0,NA,NA,1,"LC",386
"3485",0,3012.11206054688,43,0.609525020420551,2.42965005040169,303.214075469971,285.06872177124,0.00517499991692603,0.0109999999403954,"Labeobarbus pungweensis",70180.3396338751,1,0,0,NA,NA,NA,NA,NA,1,"LC",848
"3486",0.833000004291534,789.304016113281,0,1.97599995136261,1.97599995136261,298.594673919678,293.992588806152,0.0020000000949949,0.00300000002607703,"Haplochromis fusiformis",70029.8147067808,0,1,1,11,NA,0,3.28999996185303,"Carni.",1,"VU",814
"3487",8.72200012207031,703.588989257812,0,1.44200003147125,1.44200003147125,301.572998046875,292.190002441406,0.00300000002607703,0.00499999988824129,"Lobochilotes labiatus",33012.5919769452,1,1,0,NA,NA,NA,NA,NA,1,"LC",386
"3489",8.72200012207031,703.588989257812,0,1.44200003147125,1.44200003147125,301.572998046875,292.190002441406,0.00300000002607703,0.00499999988824129,"Tropheus duboisi",33012.5919769452,0,1,1,NA,NA,NA,NA,NA,1,"VU",386
"3491",0.0384500007145107,145.289001464844,34.425,0.433474989235401,2.89525005221367,307.093243408203,293.896218109131,0.00499999988824129,0.00800000037997961,"Barbopsis devecchii",17769.3641916214,1,0,0,10.3000001907349,NA,0,NA,NA,2,"DD",64
"3492",0,1708.83703613281,45,0.422700010240078,3.11614997386932,300.566009521484,289.247792053223,0.00300000002607703,0.00700000021606684,"Labeobarbus lufupensis",29820.4565126409,1,1,0,NA,NA,NA,NA,NA,1,"DD",339
"3493",0.0370000004768372,789.304016113281,25,0.17399999499321,1.97599995136261,299.022003173828,288.848999023438,0.0020000000949949,0.00499999988824129,"Enteromius nyanzae",13765.0428057327,1,1,0,NA,NA,NA,NA,NA,1,"LC",141
"3501",0,6354.18017578125,27,0.280000001192093,2.11037504673004,302.624626159668,291.611633300781,0.0020000000949949,0.00800000037997961,"Chrysichthys aluuensis",38475.673742301,1,1,0,NA,NA,NA,NA,NA,1,"EN",446
"3506",0,5122.18603515625,44,0.178000003099442,2.78824996948242,308.016014099121,292.292251586914,0.00499999988824129,0.0120000001043081,"Enteromius zalbiensis",148833.150160624,1,0,0,NA,NA,NA,NA,NA,1,"LC",1111
"3507",0.0578999999910593,259.117004394531,2.89999999999999,0.468150001764297,0.980850002169609,303.505612182617,294.692655944824,0.00499999988824129,0.00600000005215406,"Rhexipanchax kabae",5336.70242042542,1,0,0,4.5,NA,0,NA,NA,1,"VU",63
"3508",0.689000010490417,2546.23803710938,0,1.44700002670288,1.44700002670288,303.043180847168,289.298007965088,0.00700000021606684,0.00899999961256981,"Lethrinops marginatus",6876.2660956166,0,1,1,11,"commercial",0,3.5,"Carni.",1,"LC",82
"3511",0.91739998459816,1382.3740234375,0,0.303399991989136,0.722900015115738,302.964508056641,294.32190246582,0.00300000002607703,0.00519999992102385,"Coptodon deckerti",3169.98407785068,0,1,1,NA,NA,NA,NA,NA,1,"CR",37
"3515",0,45859.06640625,40,0.226574997231364,2.4428499519825,301.472707366943,293.494172668457,0.0020000000949949,0.00499999988824129,"Campylomormyrus curvirostris",458458.467468457,1,1,0,NA,NA,NA,NA,NA,1,"LC",4584
"3516",0,17901.61328125,45,0.488874994218349,2.94400003552437,302.986621856689,283.595741271973,0.00499999988824129,0.0120000001043081,"Planiliza alata",139733.095684261,1,0,0,75,"minor commercial",1,2.33,"Omni.",1,"LC",1496
"3517",2.0808000087738,582.984985351562,0,0.256199997663498,0.619599997997284,301.141613769531,295.003411865234,0.0020000000949949,0.00499999988824129,"Aphyosemion wuendschi",4212.94338000643,1,1,0,NA,NA,NA,NA,NA,1,"DD",49
"3520",1.76109996438026,11712.7255859375,0,0.763749998807907,1.12990002036095,300.550163269043,290.226651000977,0.00300000002607703,0.00800000037997961,"Aphyosemion fulgens",3356.06478147708,1,1,0,NA,NA,NA,NA,NA,1,"EN",39
"3521",0.689000010490417,2546.23803710938,0,1.44700002670288,1.44700002670288,302.631091308594,291.250296020508,0.00730000026524067,0.00800000037997961,"Alticorpus macrocleithrum",1089.67648157163,0,1,1,12.6999998092651,"commercial",0,3.5,"Carni.",1,"LC",13
"3526",0,17901.61328125,45,0.476999998092651,3.10460000038147,308.402404785156,291.550793457031,0.00300000002607703,0.0120000001043081,"Plicofollis dussumieri",553800.454352804,1,0,0,85,NA,1,4.02,"Carni.",1,"LC",4185
"3527",0.0253000002820045,2214.14306640625,11,0.30799999833107,1.11699998378754,305.475746917725,293.652319335937,0.00300000002607703,0.00800000037997961,"Paramphilius trichomycteroides",64766.46181312,1,0,0,NA,NA,NA,NA,NA,1,"LC",764
"3532",0,45825.2890625,41,0.164875006303191,2.57812505960464,301.664752960205,292.928112030029,0.0020000000949949,0.00499999988824129,"Mesoborus crocodilus",759789.958790304,1,1,0,NA,NA,NA,NA,NA,1,"LC",7676
"3534",0,1625.64001464844,42.225,0.58672502040863,2.81222493648529,307.044622802734,297.803606414795,0.00600000005215406,0.00700000021606684,"Enteromius tongaensis",5179.32679852671,NA,NA,0,NA,NA,NA,NA,NA,2,"DD",32
"3536",0.0171999995131046,789.304016113281,28.9,0.307600004971027,1.81155000329018,298.731062316895,292.337106323242,0.00300000002607703,0.00400000018998981,"Nothobranchius serengetiensis",2837.89298611956,1,1,0,NA,NA,NA,NA,NA,1,"VU",23
"3538",0,45825.2890625,40,0.202000007033348,2.40899991989136,307.959345245361,292.135655975342,0.0020000000949949,0.0120000001043081,"Campylomormyrus tamandua",941590.887397697,1,1,0,NA,NA,NA,NA,NA,1,"LC",9252
"3541",0.793000012636185,452.679992675781,0,0.508499994874001,0.933000028133392,302.597503662109,290.047485351562,0.00250000006053597,0.00450000003911555,"Fundulopanchax marmoratus",1801.32606590871,1,1,0,NA,NA,NA,NA,NA,1,"EN",21
"3542",0,5633.46484375,44.425,0.629299978911877,2.86984999775887,302.942842102051,291.584022521973,0.00499999988824129,0.00600000005215406,"Lacustricola maculatus",64932.9824868081,NA,NA,0,NA,NA,NA,NA,NA,1,NA,584
"3546",0,30347.138671875,42,0.228000000119209,2.71985002756119,300.800944519043,296.397602844238,0.0020000000949949,0.00300000002607703,"Stomatorhinus polli",155117.599924725,1,1,0,NA,NA,NA,NA,NA,1,"LC",1643
"3547",0,1284.30895996094,37,0.263999998569489,1.57477502822876,300.035619354248,295.063188934326,0.00100000004749745,0.0020000000949949,"Micralestes fodori",12494.2914183932,0,1,1,NA,NA,NA,NA,NA,1,"LC",132
"3554",0,490.212005615234,39,0.230524995550513,2.20080007910728,297.519671630859,287.39599609375,0.00300000002607703,0.00700000021606684,"Mastacembelus ansorgii",9067.78324835414,1,0,0,NA,NA,NA,NA,NA,2,"DD",94
"3566",0,527.762023925781,42,0.411249998956919,1.99747500121594,301.18948135376,287.196070861816,0.00400000018998981,0.00700000021606684,"Synodontis fuelleborni",72714.2791921898,1,1,0,NA,NA,NA,NA,NA,1,"LC",702
"3567",0,45328.32421875,42,0.235249999910593,2.84449991583824,306.393001556396,293.665370941162,0.0020000000949949,0.00800000037997961,"Hemichromis cerasogaster",26710.8589001328,0,1,1,NA,NA,NA,NA,NA,1,"EN",286
"3573",0.0285249999724329,11712.7255859375,24.4749999999999,0.263000011444092,2.3529999256134,301.086161804199,292.285724639893,0.0020000000949949,0.00600000005215406,"Sarotherodon mvogoi",106117.53744409,1,1,0,NA,NA,NA,NA,NA,1,"LC",1222
"3575",1.06025004833937,2214.14306640625,0,0.29570000320673,0.72727500796318,301.678308868408,294.004210662842,0.00300000002607703,0.00499999988824129,"Scriptaphyosemion brueningi",27132.8678575248,1,1,0,NA,NA,NA,NA,NA,1,"VU",318
"3576",0,527.762023925781,42,0.398724995553493,2.00607506334782,301.141654968262,287.196070861816,0.00400000018998981,0.00700000021606684,"Chiloglanis rukwaensis",74258.87955478,1,0,0,NA,NA,NA,NA,NA,1,"VU",702
"3583",0,66.0479965209961,36.1,0.288899989426136,1.87894996404648,300.023322296143,281.779608917236,0.00300000002607703,0.0149999996647239,"Cyprinus intha",6904.1190632954,0,1,1,NA,NA,0,NA,NA,3,"EN",50
"3586",0,3274.53393554688,15,0.308249995112419,1.39050000905991,303.497009277344,293.314758300781,0.00300000002607703,0.00800000037997961,"Synodontis thysi",68944.1662057006,1,0,0,NA,NA,NA,NA,NA,1,"LC",811
"3589",0.0253750004339963,45433.30859375,5.5,0.22749999910593,0.818375006318092,300.614761352539,294.421375274658,0.0020000000949949,0.00499999988824129,"Labeo fulakariensis",8241.5677408495,1,1,0,NA,NA,NA,NA,NA,1,"LC",96
"3591",0,45918.515625,41,0.206000000238419,2.58419990539551,301.807611083984,293.743005371094,0.0020000000949949,0.00600000005215406,"Pollimyrus plagiostoma",327309.137449621,1,1,0,NA,NA,NA,NA,NA,1,"LC",3417
"3592",0.689000010490417,2546.23803710938,0,1.44700002670288,1.44700002670288,303.044305419922,289.704888916016,0.00700000021606684,0.00800000037997961,"Sciaenochromis benthicola",3101.36326211259,0,1,1,NA,NA,NA,NA,NA,1,"LC",37
"3594",0,309.269012451172,39.8499999999999,0.378900005668402,2.15697503089905,304.926943206787,274.888981628418,0.0130000002682209,0.0199999995529652,"Labeo capensis",299874.951276155,1,0,0,50,"of potential interest",0,2,"Herbi.",2,"LC",824
"3599",0,7347.35498046875,45,0.683875003457069,2.64070003032684,299.961451721191,293.865399169922,0.0020000000949949,0.00400000018998981,"Channallabes sanghaensis",30373.1964624059,1,1,0,22.1000003814697,"commercial",0,NA,NA,1,"DD",232
"3603",0,3903.67700195312,28.1,0.780200010538101,1.48980003595352,300.34111328125,290.690887451172,0.00700000021606684,0.00700000021606684,"Nothobranchius sainthousei",422.645381221539,1,1,0,4.07999992370605,NA,0,NA,NA,1,"EN",5
"3604",1.06752500534058,1158.28894042969,0,0.223075005039573,0.613974995911121,302.398783111572,290.49642868042,0.00300000002607703,0.00400000018998981,"Fundulopanchax intermittens",7193.91699219597,NA,NA,0,NA,NA,NA,NA,NA,1,"DD",84
"3608",0.689000010490417,2546.23803710938,0,1.44700002670288,1.44700002670288,302.670989990234,290.648643493652,0.00800000037997961,0.00899999961256981,"Otopharynx ovatus",5271.52924006345,0,1,1,20,"commercial",0,4,"Carni.",1,"LC",63
"3618",1.30859997272491,381.43701171875,0,0.300000011920929,0.606399977207184,301.815991210938,293.542413330078,0.00300000002607703,0.00580000020563603,"Coptodon flava",1456.6482365492,NA,NA,0,NA,NA,NA,NA,NA,1,NA,17
"3620",0.0962249983102083,49.9179992675781,11.625,0.17440000064671,0.57785000950098,299.793545532227,291.915758514404,0.00400000018998981,0.00400000018998981,"Orthochromis kasuluensis",2915.88082803946,1,0,0,7.84999990463257,NA,0,2,"Herbi.",1,"EN",28
"3622",0,5607.72119140625,47,0.286424990743399,3.0457500576973,300.065480804443,296.549211120605,0.0020000000949949,0.00300000002607703,"Synodontis longispinis",7227.3139076865,1,1,0,NA,NA,NA,NA,NA,1,"DD",48
"3623",0.00424999993992969,37425.43359375,17,0.250999987125397,1.22187502682209,301.473369598389,290.907745361328,0.0020000000949949,0.00700000021606684,"Aphyosemion striatum",92449.8234220125,1,1,0,NA,NA,NA,NA,NA,1,"LC",1066
"3624",3.53800010681152,543.231994628906,0,1.3289999961853,1.3289999961853,298.501007080078,288.878144836426,0.00600000005215406,0.00700000021606684,"Garra regressus",2946.00893117719,0,1,1,12.1800003051758,"of no interest",0,NA,NA,1,"VU",35
"3628",0,45825.2890625,43,0.232999995350838,2.73312503099442,301.761135101318,293.41287612915,0.00100000004749745,0.00499999988824129,"Campylomormyrus alces",328571.905177733,1,1,0,NA,NA,NA,NA,NA,1,"LC",3156
"3629",0.417174992710352,703.588989257812,0,1.44200003147125,1.44200003147125,301.572998046875,292.190002441406,0.00300000002607703,0.00499999988824129,"Neolamprologus leloupi",34890.675799273,0,1,1,NA,NA,NA,NA,NA,1,"LC",404
"3630",0,919.344970703125,38.55,0.202250000834465,1.89474995732307,300.926550292969,288.708245849609,0.00300000002607703,0.00499999988824129,"Enteromius luikae",62644.2605167729,1,1,0,NA,NA,NA,NA,NA,1,"LC",579
"3631",0,45825.2890625,42,0.21754999384284,2.58845002651214,306.933990478516,294.055546569824,0.0020000000949949,0.00899999961256981,"Pantodon buchholzi",904449.934571122,1,1,0,11.8999996185303,"of no interest",0,3.57,"Carni.",1,"LC",9383
"3640",0,2546.23803710938,16,1.44700002670288,1.45000004768372,303.046699523926,289.295707702637,0.00700000021606684,0.00999999977648258,"Corematodus taeniatus",7292.64023344102,0,1,1,19,"commercial",0,4.4,"Carni.",1,"LC",87
"3644",0.836499996483326,2067.5380859375,0,0.265999991446733,0.799125023186207,301.257381439209,293.948261260986,0.00300000002607703,0.00499999988824129,"Enteromius aliciae",20151.9332749059,1,0,0,NA,NA,NA,NA,NA,1,"VU",236
"3652",3.53800010681152,543.231994628906,0,1.3289999961853,1.3289999961853,298.501007080078,288.878144836426,0.00600000005215406,0.00700000021606684,"Labeobarbus dainellii",2946.00893117719,0,1,1,49,NA,0,3.82,"Carni.",1,"DD",35
"3653",0,9131.9716796875,49,0.419250005483627,3.68709995746613,305.772606658936,287.787941741943,0.00899999961256981,0.0130000002682209,"Mastacembelus vanderwaali",95136.0941942388,1,0,0,15.1000003814697,NA,0,NA,NA,2,"LC",354
"3656",0.099099999666214,359.907989501953,6.45,0.753500005602837,1.06179997324944,301.388594055176,293.127847290039,0.00300000002607703,0.00590000003576279,"Aphyosemion alpha",1979.21397596678,1,0,0,50,"of no interest",0,NA,NA,1,"EN",23
"3657",1.30859997272491,381.43701171875,0,0.300000011920929,0.606399977207184,301.815991210938,293.542413330078,0.00300000002607703,0.00580000020563603,"Coptodon bemini",1456.6482365492,0,1,1,NA,NA,NA,NA,NA,1,"CR",17
"3660",0,45920.859375,33,0.258674997836351,2.05362500548363,303.600006103516,292.802230072021,0.00300000002607703,0.00899999961256981,"Gobionellus occidentalis",208091.337948487,1,1,0,NA,NA,NA,NA,NA,1,"LC",2308
"3662",0,37367.671875,43,0.236425002291799,2.68157495260239,300.800730895996,295.557434844971,0.0020000000949949,0.00300000002607703,"Marcusenius leopoldianus",191486.048291998,1,1,0,NA,NA,NA,NA,NA,1,"LC",1818
"3665",0.230000004172325,37425.43359375,0,0.230800005793571,1.58439998626709,301.432604980469,291.426806640625,0.0020000000949949,0.00600000005215406,"Brycinus taeniurus",250594.409750361,NA,NA,0,NA,NA,NA,NA,NA,1,NA,2913
"3666",165.003005981445,927.523986816406,0,0.425000011920929,0.425000011920929,302.335998535156,296.376007080078,0.00300000002607703,0.00400000018998981,"Lates macrophthalmus",5246.93228194348,1,1,0,NA,NA,NA,NA,NA,1,"VU",61
"3667",0,45737.828125,28,0.170000001788139,1.78879997730255,307.631091308594,292.951211547852,0.00300000002607703,0.00999999977648258,"Garra ornata",285805.133422291,1,0,0,NA,NA,NA,NA,NA,1,"LC",3013
"3672",0,4329.9990234375,40,0.152199995517731,2.60899996757507,310.490197753906,293.876007080078,0.00499999988824129,0.0149999996647239,"Pollimyrus petricolus",535698.62053922,1,1,0,NA,NA,NA,NA,NA,1,"LC",4209
"3673",0.689000010490417,2546.23803710938,0,1.44700002670288,1.44700002670288,301.47900390625,292.109008789062,0.00800000037997961,0.00800000037997961,"Chindongo bellicosus",83.5439592053947,0,1,1,NA,NA,NA,NA,NA,1,"LC",1
"3677",0,84.8919982910156,31.425,1.42807502448559,1.89027501642704,300.773958587646,296.74245300293,0.00300000002607703,0.00300000002607703,"Enteromius pygmaeus",2064.99349520955,1,1,0,NA,NA,NA,NA,NA,1,"DD",24
"3678",0,752.841979980469,42.4,0.354599988460541,3.10939989089966,304.583990478516,289.057800292969,0.00220000008121133,0.0110000001266599,"Ctenogobius lepturus",4251.75915186019,1,0,0,NA,NA,NA,NA,NA,1,"LC",49
"3683",8.72200012207031,703.588989257812,0,1.44200003147125,1.44200003147125,301.572998046875,292.190002441406,0.00300000002607703,0.00499999988824129,"Xenotilapia ornatipinnis",33012.5919769452,1,1,0,12.5,"commercial",0,3.10999989509583,"Carni.",1,"LC",386
"3689",0.689000010490417,2546.23803710938,0,1.44700002670288,1.44700002670288,302.670989990234,290.935745239258,0.00800000037997961,0.00899999961256981,"Lethrinops auritus",1919.69855629198,0,1,1,14,"commercial",0,2.98,"Carni.",1,"LC",23
"3695",0.115750001370907,627.797973632812,9.44999999999999,0.236100001633167,1.05310000777245,307.317497253418,293.803256225586,0.00400000018998981,0.00899999961256981,"Amphilius rheophilus",22323.2423844414,1,0,0,NA,NA,NA,NA,NA,1,"LC",263
"3696",0.00917500037467107,52.0690002441406,9.09999999999999,0.4858000010252,1.11285000145435,302.828875732422,293.477828216553,0.00499999988824129,0.00600000005215406,"Chiloglanis camarabounyi",1690.36943476936,1,0,0,4.59000015258789,"of no interest",0,NA,NA,1,"VU",20
"3697",0.252000004053116,1.5809999704361,0,0.540000021457672,0.540000021457672,298.373992919922,292.675994873047,0.00499999988824129,0.00499999988824129,"Nothobranchius taeniopygus",513.731243739937,1,1,0,NA,NA,NA,NA,NA,1,"VU",1
"3698",1.3501749843359,627.797973632812,0,0.208675005659461,0.435224997997284,300.772818756104,292.209924316406,0.00300000002607703,0.00597500004805624,"Chiloglanis dialloi",2382.00486476363,1,0,0,NA,NA,NA,NA,NA,1,"EN",28
"3699",0.215374992787838,37.7830009460449,6.475,0.4704499989748,0.82032500654459,303.486377716064,294.271307373047,0.00499999988824129,0.00600000005215406,"Chiloglanis kabaensis",1863.25249877813,1,0,0,4.59000015258789,"of no interest",0,NA,NA,1,"EN",22
"3701",1.3501749843359,627.797973632812,0,0.208675005659461,0.435224997997284,300.772818756104,292.209924316406,0.00300000002607703,0.00597500004805624,"Chiloglanis longibarbis",2382.00486476363,1,0,0,4.1399998664856,"of no interest",0,NA,NA,1,"EN",28
"3702",0.818800014257431,565.710021972656,11.05,0.297550002485514,1.2249500349164,300.570643615723,293.897417449951,0.00357500012032688,0.00400000018998981,"Chiloglanis pezoldi",2043.28073775009,1,0,0,5.07000017166138,"of no interest",0,NA,NA,1,"EN",24
"3712",0.00300000002607703,4742.22119140625,22,0.234999999403954,1.61300003528595,301.993011474609,291.733001708984,0.00300000002607703,0.00499999988824129,"Aphyosemion riggenbachi",58412.3779098797,1,0,0,NA,NA,NA,NA,NA,1,"LC",681
"3717",110.603996276855,1156.61901855469,0,0.578999996185303,0.578999996185303,300.488006591797,297.652008056641,0.0020000000949949,0.0020000000949949,"Amphilius opisthophthalmus",1892.15110422434,1,0,0,NA,NA,NA,NA,NA,1,"DD",22
"3719",0.768400013446808,242.128997802734,13.3,0.687550002336502,1.44755001366138,299.403085327148,295.686408996582,0.00300000002607703,0.00300000002607703,"Scardinius scardafa",258.146720563579,1,1,0,NA,NA,NA,NA,NA,1,"CR",3
"3721",0,45825.2890625,41.2249999999995,0.193000003695488,2.51367501616478,301.734008789062,291.594739532471,0.0020000000949949,0.00499999988824129,"Distichodus lusosso",810470.738127802,1,1,0,NA,NA,NA,NA,NA,1,"LC",8232
"3723",0,84.588996887207,38.55,0.922750002145767,2.68154995441437,301.461753845215,279.550248718262,0.0109999999403954,0.0160000007599592,"Pseudobarbus burgi",13222.3772651122,1,0,0,12,NA,0,3.3,"Carni.",3,"EN",99
"3724",0,1580.38403320312,44,0.591124983131886,3.34339996576309,308.880950927734,296.540576934814,0.00300000002607703,0.00700000021606684,"Labeobarbus gananensis",32245.3186482207,1,0,0,NA,NA,NA,NA,NA,2,"DD",248
"3726",0,45825.2890625,37.75,0.0642500026151538,2.00537504255772,300.812488555908,294.417991638184,0.0020000000949949,0.00400000018998981,"Labeo maleboensis",3948.6275505585,1,1,0,NA,NA,NA,NA,NA,1,"DD",46
"3733",0.164549995958805,2089.55908203125,5,0.195649994164705,0.906849989295006,300.57004699707,291.074848937988,0.00300000002607703,0.00499999988824129,"Chiloglanis sanagaensis",74239.4813350712,NA,NA,0,NA,NA,NA,NA,NA,1,"LC",867
"3735",0.332025007158518,8.55799961090088,0,0.416850000619888,0.601150006055832,298.749137115479,293.596038818359,0.00300000002607703,0.00300000002607703,"Nothobranchius sagittae",258.000665434944,0,1,1,NA,NA,NA,NA,NA,1,"EN",2
"3742",0,566.075012207031,39,0.669974990189075,2.23447509407997,301.07555770874,279.024642944336,0.00800000037997961,0.0140000004321337,"Enteromius gurneyi",55887.6172880184,1,1,0,10,"commercial",0,3.38,"Carni.",3,"VU",592
"3744",0.0104499999433756,919.344970703125,26.725,0.254525003582239,1.44200003147125,299.690852355957,291.682331085205,0.00300000002607703,0.00400000018998981,"Neolamprologus devosi",7027.70923961712,1,0,0,NA,NA,NA,NA,NA,1,"VU",60
"3745",0.162749999761581,316.578002929688,1.69999999999999,0.0704500000923872,0.570400005578994,300.895909118652,284.961637878418,0.0020000000949949,0.00300000002607703,"Haplochromis mylodon",16177.5782462457,1,1,0,11.5,NA,0,3.28,"Carni.",1,"LC",167
"3752",0,45825.2890625,40,0.174524996057153,2.32459999322891,300.826950836182,294.697998046875,0.0020000000949949,0.00400000018998981,"Ichthyborus ornatus",142922.337182834,1,1,0,NA,NA,NA,NA,NA,1,"LC",1368
"3753",0.417174992710352,703.588989257812,0,1.44200003147125,1.44200003147125,301.572998046875,292.190002441406,0.00300000002607703,0.00499999988824129,"Neolamprologus multifasciatus",34890.675799273,0,1,1,4,"commercial",0,3.4,"Carni.",1,"LC",404
"3754",0.0176999994786456,2100.81494140625,27,0.261375003308058,2.35494993925095,301.114890289307,293.643910217285,0.0020000000949949,0.00499999988824129,"Coptodon margaritacea",26449.1706235642,NA,NA,0,NA,NA,NA,NA,NA,1,NA,308
"3759",0.833000004291534,789.304016113281,0,1.97599995136261,1.97599995136261,298.594623565674,293.989990234375,0.0020000000949949,0.00300000002607703,"Haplochromis decticostoma",70201.9485614657,0,1,1,22.8999996185303,NA,0,4.04,"Carni.",1,"DD",816
"3766",0.0281249994877726,45633.43359375,36.625,0.343999996781349,1.47524997591972,300.519508361816,293.344249725342,0.00374999997438863,0.00600000005215406,"Microctenopoma milleri",2142.34471766564,1,1,0,NA,NA,NA,NA,NA,1,"DD",16
"3769",0.440000008046627,37.140998840332,0,0.0606499996036291,0.403899998962879,293.016549682617,285.328141784668,0.00100000004749745,0.00300000002607703,"Labeobarbus ruasae",1978.59369783675,1,0,0,NA,NA,NA,NA,NA,3,"CR",23
"3773",110.603996276855,1156.61901855469,0,0.578999996185303,0.578999996185303,300.488006591797,297.656997680664,0.0020000000949949,0.0020000000949949,"Nannothrissa stewarti",1806.20941578989,0,1,1,NA,NA,NA,NA,NA,1,"EN",21
"3774",0,45665.3515625,30,0.225174994394183,2.18412496447563,303.186765289307,291.674011230469,0.0020000000949949,0.00600000005215406,"Enteromius camptacanthus",737461.184245486,1,1,0,NA,NA,NA,NA,NA,1,"LC",8448
"3777",0,192.233993530273,14.425,0.317624994367361,1.13815002143383,308.141790771484,289.082898712158,0.00300000002607703,0.0134250003378838,"Labeobarbus microterolepis",2130.93895943124,NA,NA,0,NA,NA,NA,NA,NA,3,NA,24
"3781",0.833000004291534,789.304016113281,0,1.97599995136261,1.97599995136261,298.144012451172,294.382164764404,0.0020000000949949,0.00300000002607703,"Haplochromis goldschmidti",687.717675601513,0,1,1,6.92000007629395,NA,0,NA,NA,1,"DD",8
"3782",0.618200010061264,30968.673828125,0,0.304900005459785,0.863499975204468,301.450692749023,291.548809814453,0.0020000000949949,0.00610000006854534,"Microsynodontis vigilis",16951.7180771492,1,0,0,6.19999980926514,NA,0,NA,NA,1,"DD",197
"3786",0,483.723999023438,24.775,0.430799993872643,1.67965000867844,301.087007141113,284.724769592285,0.00400000018998981,0.00700000021606684,"Mormyrus bernhardi",24254.656801267,1,0,0,NA,NA,NA,NA,NA,1,"VU",170
"3793",0.689000010490417,2546.23803710938,0,1.44700002670288,1.44700002670288,301.487331390381,291.69157409668,0.00800000037997961,0.00800000037997961,"Maylandia flavifemina",334.073951818199,0,1,1,8.52000045776367,NA,0,NA,NA,1,NA,4
"3797",0,45825.2890625,42,0.172799995541573,2.6340000629425,301.327593994141,292.184387207031,0.0020000000949949,0.00600000005215406,"Pelmatochromis nigrofasciatus",387148.921961369,1,1,0,NA,NA,NA,NA,NA,1,"LC",4233
"3800",0.00372500014491379,1032.44604492188,28.65,0.263950006663799,1.43692502379417,298.730987548828,295.306083679199,0.0020000000949949,0.0020000000949949,"Trachyglanis intermedius",2824.44411094468,1,0,0,NA,NA,NA,NA,NA,1,"DD",30
"3801",0.353749990463257,703.588989257812,0,0.881499975919724,1.44200003147125,301.572998046875,292.190002441406,0.00300000002607703,0.00499999988824129,"Simochromis diagramma",35576.7603617142,1,1,0,19.5,"commercial",0,NA,NA,1,"LC",411
"3802",0.0411250009201467,6371.3427734375,22,0.263000011444092,2.06900000572205,301.44136428833,291.957374572754,0.0020000000949949,0.00600000005215406,"Labeobarbus werneri",158620.735464394,NA,NA,0,NA,NA,NA,NA,NA,1,"LC",1846
"3803",0.00974999973550439,45859.06640625,40,0.250999987125397,3.34949997067451,300.910003662109,292.818752288818,0.00300000002607703,0.00700000021606684,"Thoracochromis demeusii",10707.2353426827,NA,NA,0,NA,NA,NA,NA,NA,1,NA,96
"3804",0.689000010490417,2546.23803710938,0,1.44700002670288,1.44700002670288,302.158996582031,289.279557037354,0.00800000037997961,0.00899999961256981,"Cynotilapia zebroides",1849.48135069328,0,1,1,9.32999992370605,"of no interest",0,NA,NA,1,"LC",22
"3805",0,13524.0048828125,43,0.206000000238419,2.67184994220734,309.112553405762,293.13643951416,0.00300000002607703,0.0120000001043081,"Distichodus engycephalus",599589.793963408,1,0,0,40,"commercial",0,2,"Herbi.",1,"LC",5247
"3806",0.075849998369813,4742.22119140625,12,0.194849994778633,1.22779996395111,301.651000976562,291.296389770508,0.00300000002607703,0.00499999988824129,"Enteromius nounensis",129803.877892494,1,0,0,5.34999990463257,NA,0,NA,NA,1,"LC",1515
"3814",0.689000010490417,2546.23803710938,0,1.44700002670288,1.44700002670288,302.692741394043,291.331748962402,0.00800000037997961,0.00899999961256981,"Protomelas virgatus",2590.94348315171,0,1,1,NA,NA,NA,NA,NA,1,"LC",31
"3816",0,619.421020507812,24.6,0.802999973297119,1.44619996547699,301.063287353516,291.834814453125,0.00410000015981495,0.00600000005215406,"Parakneria thysi",1018.49126812665,1,1,0,NA,NA,NA,NA,NA,1,"DD",5
"3820",0,9131.9716796875,48,0.495424999296665,3.44972496628761,303.381875610352,287.24211730957,0.00499999988824129,0.0130000002682209,"Nannocharax machadoi",1104247.83743891,1,0,0,4," ",0,2.96,"Carni.",2,NA,7258
"3821",0,45920.859375,44.875,0.293999992311001,3.09124997258186,304.507865905762,288.668628692627,0.0023750000691507,0.0108749999199063,"Heteromycteris proboscideus",6154.65505563646,0,1,1,NA,NA,NA,NA,NA,1,"DD",56
"3825",0.689000010490417,2546.23803710938,0,1.44700002670288,1.44700002670288,302.509159851074,291.491694641113,0.00805000034160912,0.00899999961256981,"Trematocranus labifer",250.119760287445,0,1,1,22.3999996185303,"commercial",0,3.1,"Carni.",1,"DD",3
"3827",0.833000004291534,789.304016113281,0,1.97599995136261,1.97599995136261,298.594623565674,293.989990234375,0.0020000000949949,0.00300000002607703,"Haplochromis chromogynos",70201.9485614657,0,1,1,11,NA,0,3.2,"Carni.",1,"VU",816
"3831",0,45825.2890625,40,0.200350003689527,2.50519993305206,301.385202026367,291.696002197266,0.0020000000949949,0.00600000005215406,"Orthochromis stormsi",129994.528583365,1,1,0,NA,NA,NA,NA,NA,1,"LC",1255
"3836",0.0741250025108457,4742.22119140625,10,0.195999994874001,1.18439997136593,301.651000976562,291.133642578125,0.00300000002607703,0.00499999988824129,"Labeo sanagaensis",150225.507277021,NA,NA,0,NA,NA,NA,NA,NA,1,"LC",1754
"3841",0.0152499998454005,216.458999633789,34.15,0.875950004160404,2.34867505431175,300.790702819824,292.584804534912,0.00300000002607703,0.00600000005215406,"Steatocranus mpozoensis",6843.65769263429,1,1,0,NA,NA,NA,NA,NA,1,"DD",58
"3844",0,13524.0048828125,28,0.356125000864267,2.17550000548363,303.057624816895,288.016635894775,0.00300000002607703,0.0109999999403954,"Alestopetersius smykalai",46956.1622454496,1,0,0,NA,NA,NA,NA,NA,1,"EN",546
"3850",0,2546.23803710938,16,1.44700002670288,1.45000004768372,303.046699523926,289.295707702637,0.00700000021606684,0.00999999977648258,"Buccochromis rhoadesii",7292.64023344102,0,1,1,34.0999984741211,"commercial",0,4.2,"Carni.",1,"LC",87
"3854",0.0104999997653067,133.354995727539,43.15,0.779600012302399,2.32349996566772,302.553746032715,291.765641784668,0.00435000008437783,0.00730000026524067,"Ambassis miops",1285.94427129211,1,1,0,10.3000001907349,NA,1,3.45,"Carni.",1,"LC",15
"3856",0.021824999852106,11273.2822265625,35,0.238000005483627,1.82822501659393,301.936528015137,293.180100250244,0.00300000002607703,0.00499999988824129,"Microctenopoma uelense",182940.857223565,1,1,0,NA,NA,NA,NA,NA,1,"LC",1954
"3857",69.2440032958984,136.268997192383,0,0.165000006556511,0.165000006556511,299.56859588623,295.538398742676,0.00207500008982606,0.00300000002607703,"Haplochromis petronius",344.220116835274,0,1,1,NA,NA,NA,NA,NA,1,"VU",4
"3858",0,1695.32604980469,23.525,0.375474993884563,1.75357498526573,304.6669921875,293.321734619141,0.00400000018998981,0.00899999961256981,"Synodontis ansorgii",45728.1088301041,1,0,0,22.2999992370605,NA,0,2.51,"Omni.",1,"LC",540
"3861",0,4.47300004959106,40.95,3.09344997406006,3.50765007734299,300.837562561035,285.194000244141,0.017000000923872,0.017000000923872,"Pangasianodon hypophthalmus",2216.82614369462,1,1,0,130,"commercial",0,3.12,"Carni.",2,"EN",3
"3862",0.0399999991059303,3277.625,24,0.147800001502037,1.27360005378723,307.875805664063,294.379595947266,0.00400000018998981,0.00999999977648258,"Garra waterloti",175733.046532274,1,0,0,NA,NA,NA,NA,NA,1,"LC",1753
"3863",0.0862750019878149,464.449005126953,5.7,0.832824996113777,1.51287503391504,302.365870666504,292.557858276367,0.00499999988824129,0.00600000005215406,"Nothobranchius flammicomantis",341.719840098869,0,1,1,NA,NA,NA,NA,NA,1,"VU",4
"3870",0,45825.2890625,41,0.172300001978874,2.67899990081787,309.832403564453,292.658291625977,0.00300000002607703,0.0140000004321337,"Epiplatys spilargyreius",2489840.3914537,1,1,0,5.46000003814697,"commercial",0,3.1,"Carni.",1,"LC",18813
"3879",0,2546.23803710938,16,1.44700002670288,1.45000004768372,302.986801147461,289.322003173828,0.00790000036358833,0.00999999977648258,"Pseudotropheus livingstonii",6445.78476755857,0,1,1,15," ",0,NA,NA,1,"LC",77
"3881",0.704300005733967,56.4959983825684,0,0.186050000041723,0.453799990564585,301.15200881958,293.818895721436,0.00400000018998981,0.00400000018998981,"Chiloglanis lamottei",1193.77721871197,1,1,0,NA,NA,NA,NA,NA,1,"VU",14
"3883",0,62.9119987487793,26.525,0.969249978661537,1.94817498326302,301.109475708008,281.231117248535,0.00992499976418912,0.0130000002682209,"Enteromius treurensis",3049.31493873617,1,0,0,108,NA,0,3.37,"Carni.",3,"CR",38
"3884",0,42.9150009155273,34.75,0.848874993622303,2.2977499961853,300.713512420654,291.649242401123,0.00499999988824129,0.00687500019557774,"Nothobranchius hassoni",509.233058597553,1,1,0,NA,NA,NA,NA,NA,1,"VU",6
"3885",0.689000010490417,2546.23803710938,0,1.44700002670288,1.44700002670288,302.916114807129,289.409999847412,0.00700000021606684,0.00899999961256981,"Placidochromis milomo",4694.31397546243,0,1,1,18.7000007629395,"commercial",0,3.34,"Carni.",1,"LC",56
"3886",0.0382749993354082,129.447006225586,29.175,0.128375002741814,1.44272500872612,304.515991210938,297.085382843018,0.00499999988824129,0.00600000005215406,"Clarias lamottei",9103.20870268003,0,1,1,16.3999996185303,NA,0,NA,NA,1,"VU",92
"3887",0,2612.15600585938,44,0.317650005221367,3.3289999961853,303.078153991699,296.302035522461,0.00400000018998981,0.00499999988824129,"Enteromius guildi",11720.7147317034,1,0,0,NA,NA,NA,NA,NA,1,"LC",115
"3897",0.0781000018119812,919.344970703125,15.3999999999999,0.236600002646446,1.2384999871254,299.696801757813,291.859405517578,0.00300000002607703,0.00400000018998981,"Oreochromis karomo",6427.30734592015,1,1,0,28,"commercial",0,2,"Herbi.",1,"CR",53
"3898",0,13524.0048828125,43,0.142000004649162,3.08299994468689,309.759053039551,292.021702575684,0.00300000002607703,0.0140000004321337,"Hyperopisus bebe",879575.70436744,1,1,0,51,"commercial",0,3.6,"Carni.",2,"LC",6199
"3899",0,10605.4443359375,43.75,0.121750003658235,3.32437491416931,304.670989990234,279.982749938965,0.00537499994970858,0.0222499999217689,"Sciaena umbra",4673.44078035398,1,0,0,70,"commercial",1,3.83,"Carni.",2,"NT",16
"3901",106.050003051758,316.578002929688,0,0.268999993801117,0.268999993801117,302.138195800781,295.060205078125,0.0020000000949949,0.00300000002607703,"Haplochromis paradoxus",2151.38441866675,0,1,1,NA,NA,NA,NA,NA,1,"DD",25
"3903",0,9036.9833984375,43,0.449999988079071,3.0315999507904,303.360205078125,286.931799316406,0.00499999988824129,0.0140000004321337,"Synodontis macrostigma",316319.360690013,1,0,0,17.1000003814697,NA,0,3.3,"Carni.",2,"LC",1585
"3906",0,13524.0048828125,31,0.222100003063679,2.13284990787506,304.746002197266,293.075791931152,0.00300000002607703,0.00899999961256981,"Brycinus brevis",86185.7422856174,1,0,0,NA,NA,NA,NA,NA,1,"EN",923
"3907",0.689000010490417,2546.23803710938,0,1.44700002670288,1.44700002670288,302.829521942139,289.617838287353,0.00700000021606684,0.00800000037997961,"Alticorpus peterdaviesi",5367.43921908237,0,1,1,15,"commercial",0,2,"Herbi.",1,"LC",64
"3908",0,37307.2734375,23,0.259225000441074,1.68842503726482,303.517552185059,290.948735809326,0.00300000002607703,0.00899999961256981,"Isichthys henryi",449902.639067427,1,1,0,NA,NA,NA,NA,NA,1,"LC",5250
"3914",0,6145.81005859375,22.05,0.53084999024868,1.27965002059937,301.323358154297,295.893600463867,0.00300000002607703,0.00300000002607703,"Enteromius nigrifilis",2478.89447085964,1,1,0,NA,NA,NA,NA,NA,1,"DD",23
"3915",0,37367.671875,43,0.228000000119209,2.77005006074905,300.970729827881,296.003137969971,0.0020000000949949,0.00300000002607703,"Stomatorhinus fuliginosus",167120.379433966,1,1,0,NA,NA,NA,NA,NA,1,"LC",1634
"3916",0,2547.44506835938,29,1.44700002670288,1.52449994683266,303.044560241699,289.085600280762,0.00700000021606684,0.00999999977648258,"Engraulicypris sardella",31867.763094849,1,1,0,13,"highly commercial",0,2.93,"Carni.",1,"LC",379
"3922",0.171549997851253,11295.544921875,0,0.499025012552738,1.32170000076294,301.295790100098,290.138968658447,0.00300000002607703,0.00899999961256981,"Steatocranus ubanguiensis",3603.93161348787,1,1,0,NA,NA,NA,NA,NA,1,"DD",42
"3923",0,17901.61328125,42,0.268999993801117,2.60899996757507,304.901700592041,281.231949615479,0.00300000002607703,0.0140000004321337,"Anguilla marmorata",3239249.73044386,1,1,0,70,"commercial",1,3.79,"Carni.",1,"LC",27594
"3925",0.0320250014774501,3274.53393554688,22,0.20702500231564,1.35495001971722,304.993888092041,293.982019805908,0.00300000002607703,0.00700000021606684,"Labeobarbus wurtzi",557159.753024259,1,0,0,NA,NA,NA,NA,NA,1,"LC",6162
"3926",8.72200012207031,703.588989257812,0,1.44200003147125,1.44200003147125,301.572998046875,292.190002441406,0.00300000002607703,0.00499999988824129,"Greenwoodochromis staneri",33012.5919769452,NA,NA,0,NA,NA,NA,NA,NA,1,NA,386
"3928",0.444699993729591,4484.31103515625,0,0.309499999880791,0.885899996757507,300.231704711914,293.454907226563,0.0020000000949949,0.00400000018998981,"Nannocharax ogoensis",16255.7111573213,1,0,0,NA,NA,NA,NA,NA,1,"DD",189
"3929",0.689000010490417,2546.23803710938,0,1.44700002670288,1.44700002670288,301.809762573242,289.472557830811,0.00800000037997961,0.00892499967012554,"Pseudotropheus fuscus",337.73693007019,0,1,1,11,"commercial",0,2,"Herbi.",1,"LC",4
"3931",1.42255002260208,2214.14306640625,0,0.277949997782707,0.495100004971027,301.283811950684,294.540235900879,0.00300000002607703,0.00499999988824129,"Epiplatys roloffi",20377.1973738623,1,1,0,NA,NA,NA,NA,NA,1,"EN",239
"3932",0.0397499995306134,4.72200012207031,35.3,0.569700023531914,1.33730005025864,302.313256835938,297.095198059082,0.00499999988824129,0.00499999988824129,"Nothobranchius interruptus",343.540021089985,0,1,1,NA,NA,NA,NA,NA,1,"EN",3
"3935",0,45825.2890625,30.45,0.117600002512336,1.80645003914833,300.721800231934,293.638000488281,0.0020000000949949,0.00499999988824129,"Ctenochromis polli",36898.8616531081,NA,NA,0,NA,NA,NA,NA,NA,1,NA,423
"3936",10.1495252609253,1716.39404296875,17.05,0.838774979114532,1.19449997246265,301.690002441406,295.703720092773,0.00400000018998981,0.00400000018998981,"Nothobranchius brieni",850.661075902431,1,1,0,NA,NA,NA,NA,NA,1,"VU",10
"3937",0,742.984008789062,45.275,0.667699997127056,3.01135007143021,299.860810089111,290.308781433105,0.0020000000949949,0.00499999988824129,"Phractura macrura",18601.0470244323,1,1,0,NA,NA,NA,NA,NA,1,"DD",190
"3939",0,37307.2734375,28,0.225574995204806,1.74455000162124,303.81201171875,290.977161407471,0.00300000002607703,0.00899999961256981,"Polycentropsis abbreviata",263262.924785941,1,1,0,NA,NA,NA,NA,NA,1,"LC",3064
"3940",0.689000010490417,2546.23803710938,0,1.44700002670288,1.44700002670288,302.675340270996,291.409744262695,0.00800000037997961,0.00899999961256981,"Nimbochromis venustus",3256.3845123284,0,1,1,25,"commercial",0,4.2,"Carni.",1,"LC",39
"3943",0,37307.2734375,29,0.219999998807907,1.99490004777908,303.765591430664,290.003997802734,0.00300000002607703,0.00899999961256981,"Neolebias ansorgii",138766.179205366,1,0,0,2.59999990463257," ",0,3.25,"Carni.",1,"LC",1605
"3946",0.833000004291534,789.304016113281,0,1.97599995136261,1.97599995136261,298.594673919678,293.992588806152,0.0020000000949949,0.00300000002607703,"Haplochromis obliquidens",70029.8147067808,0,1,1,8.89999961853027,NA,0,2,"Herbi.",1,"VU",814
"3947",10.1289502739906,1816.10900878906,0,0.347100011259317,0.464899995177984,299.392791748047,294.675811767578,0.00300000002607703,0.00300000002607703,"Microsynodontis emarginata",172.044316147103,1,0,0,3.35999989509583,NA,0,NA,NA,1,"DD",2
"3948",0,45931.53515625,33,0.228000000119209,1.97335002422333,306.549987792969,291.901000976562,0.00300000002607703,0.00899999961256981,"Coptodon guineensis",1114950.07849094,1,1,0,30,"commercial",1,2.79,"Omni.",1,"LC",11307
"3951",0,1524.92602539062,42,1.27050000429153,3.30799996852875,307.317993164062,296.539001464844,0.00350000010803342,0.00650000013411045,"Labeobarbus jubae",12573.388492427,1,0,0,13.5,NA,0,NA,NA,2,"DD",101
"3952",0.0290499991737306,942.606994628906,37,0.425000011920929,2.05339999198914,304.522187805176,296.047808837891,0.00300000002607703,0.00499999988824129,"Labeobarbus huloti",10490.6727449901,1,0,0,NA,NA,NA,NA,NA,1,"DD",83
"3956",0,3274.53393554688,27,0.258549995720387,1.76349999308586,305.468994140625,292.249209594727,0.00300000002607703,0.00899999961256981,"Sarotherodon occidentalis",275756.019400842,1,0,0,NA,NA,NA,NA,NA,1,"LC",3223
"3957",0,3274.53393554688,19,0.277999997138977,1.4889999628067,303.900009155273,291.507995605469,0.00300000002607703,0.00999999977648258,"Raiamas steindachneri",199076.879906713,1,0,0,NA,NA,NA,NA,NA,1,"LC",2341
"3959",8.72200012207031,703.588989257812,0,1.44200003147125,1.44200003147125,301.572998046875,292.190002441406,0.00300000002607703,0.00499999988824129,"Lepidiolamprologus profundicola",33012.5919769452,0,1,1,30.5,"commercial",0,4.2,"Carni.",1,"LC",386
"3963",0,5633.46484375,39,0.350200009346008,2.28700008392334,303.014807128906,287.308990478516,0.00499999988824129,0.00700000021606684,"Chiloglanis deckenii",193348.304277883,1,0,0,NA,NA,NA,NA,NA,1,"LC",1633
"3965",0.426199996471405,37307.2734375,0,0.22559999525547,1.34099996089935,301.603399658203,291.359008789062,0.0020000000949949,0.00600000005215406,"Atopochilus savorgnani",263641.408128278,NA,NA,0,NA,NA,NA,NA,NA,1,"LC",3065
"3968",0,4468.94482421875,27,0.208500005304813,1.89649999141693,304.055999755859,293.146499633789,0.00300000002607703,0.00700000021606684,"Nannocharax latifasciatus",77303.7058262897,1,0,0,NA,NA,NA,NA,NA,1,"LC",901
"3969",0.833000004291534,789.304016113281,0,1.97599995136261,1.97599995136261,298.594673919678,293.992588806152,0.0020000000949949,0.00300000002607703,"Haplochromis nyanzae",70029.8147067808,0,1,1,17.1000003814697,NA,0,4.2,"Carni.",1,"DD",814
"3972",0,37367.671875,43,0.195999994874001,2.81535005569458,300.848344421387,295.452952575684,0.00100000004749745,0.00300000002607703,"Congolapia bilineata",155866.202423896,1,1,0,17.5400009155273,NA,0,NA,NA,1,"LC",1667
"3973",8.72200012207031,703.588989257812,0,1.44200003147125,1.44200003147125,301.572998046875,292.190002441406,0.00300000002607703,0.00499999988824129,"Mastacembelus platysoma",33012.5919769452,0,1,1,NA,NA,NA,NA,NA,1,"LC",386
"3977",0,45920.859375,40,0.18274999409914,2.54600006341934,301.136009216309,292.952011108398,0.0020000000949949,0.00700000021606684,"Aphyosemion schioetzi",193152.840673629,1,0,0,NA,NA,NA,NA,NA,1,"LC",1971
"3979",0,9131.9716796875,48,0.509624995291233,3.49600005149841,303.847862243652,287.248123168945,0.00499999988824129,0.0130000002682209,"Chiloglanis fasciatus",738953.725150377,1,0,0,6.40000009536743,"of no interest",0,3.03,"Carni.",2,"LC",5026
"3980",0.0180749992374331,955.905029296875,33,0.378275003284216,1.91149995625019,309.174184417725,294.221832275391,0.00499999988824129,0.0109999999403954,"Enteromius niokoloensis",36891.0646651052,1,0,0,NA,NA,NA,NA,NA,1,"LC",284
"3983",0,45920.859375,38,0.164000004529953,2.24260001182556,301.344799804688,290.765393066406,0.0020000000949949,0.00700000021606684,"Brycinus kingsleyae",808251.148529754,NA,NA,0,NA,NA,NA,NA,NA,1,NA,8729
"3985",0.689000010490417,2546.23803710938,0,1.44700002670288,1.44700002670288,302.670989990234,289.407276916504,0.00700000021606684,0.00800000037997961,"Diplotaxodon ecclesi",8395.9619470392,0,1,1,14.6000003814697,"commercial",0,4.2,"Carni.",1,"LC",100
"3988",2.26750001311302,107.46199798584,0,0.275499999523163,0.445875000208616,301.220500946045,296.161754608154,0.0023750000691507,0.00300000002607703,"Nannocharax micros",1375.13496628521,NA,NA,0,NA,NA,NA,NA,NA,1,"DD",16
"3992",0,37367.671875,43,0.25,2.68479995727539,301.499499511719,291.87438659668,0.0020000000949949,0.00499999988824129,"Nannocharax procatopus",451011.441973137,1,1,0,8,"of no interest",0,3.5,"Carni.",1,"LC",4565
"3993",0,12037.8349609375,46,0.317699992656708,4.01410002708434,310.594107055664,287.697106933594,0.00400000018998981,0.0209999997168779,"Synodontis serratus",725941.774798753,1,1,0,NA,NA,NA,NA,NA,2,"LC",2229
"3994",0.279074999690056,297.868011474609,0,0.293800009787083,0.635474985837936,299.063575744629,293.844351959229,0.0020000000949949,0.00400000018998981,"Aphyosemion caudofasciatum",4641.78637975751,1,0,0,NA,NA,NA,NA,NA,1,"DD",54
"3995",0.830624982714653,30968.673828125,0,0.153249997645617,1.02300000190735,301.451499938965,291.54825592041,0.0020000000949949,0.00700000021606684,"Chromidotilapia regani",91719.0323827402,1,0,0,NA,NA,NA,NA,NA,1,"VU",1066
"3997",0,1854.42199707031,17.6999999999999,0.343650004267693,1.19054998159409,303.487210083008,293.540008544922,0.00300000002607703,0.00899999961256981,"Neolebias axelrodi",31442.1366589513,1,0,0,NA,NA,NA,NA,NA,1,"EN",367
"4015",0.0591499985195696,3181.68994140625,15,0.237599996104836,1.03584997951984,303.366689300537,294.207730865479,0.00300000002607703,0.00600000005215406,"Parasicydium bandama",56961.5089036127,1,0,0,NA,NA,NA,NA,NA,1,"LC",624
"4017",0,45825.2890625,40,0.226999998092651,2.39219994544983,301.448199462891,294.4333984375,0.0020000000949949,0.00400000018998981,"Potamothrissa acutirostris",489353.969472805,1,1,0,7,"subsistence fisheries",0,NA,NA,1,"LC",5113
"4024",0,45918.515625,35,0.172674997150898,1.87965002655983,300.857574462891,293.385427093506,0.0020000000949949,0.00700000021606684,"Phractura bovei",35584.0689744534,1,1,0,NA,NA,NA,NA,NA,1,"DD",388
"4026",1.64132498502731,30968.673828125,0,0.388999998569489,0.61974999755621,301.586323547363,291.559027862549,0.00400000018998981,0.00600000005215406,"Aphyosemion hera",1204.7378367572,1,0,0,NA,NA,NA,NA,NA,1,"DD",14
"4028",0,45918.515625,42,0.234274997934699,2.51572505235672,301.683721923828,288.885555267334,0.0020000000949949,0.00800000037997961,"Labeobarbus caudovittatus",948207.052753115,1,1,0,NA,NA,NA,NA,NA,1,"LC",9652
"4031",0,2607.14404296875,44,0.473149999976158,3.3289999961853,304.670989990234,295.662347412109,0.00400000018998981,0.00700000021606684,"Batrachoides pacifici",5078.32084620861,0,1,1,NA,NA,NA,NA,NA,1,"LC",48
"4035",0.162749999761581,316.578002929688,1.69999999999999,0.0704500000923872,0.570400005578994,300.895909118652,284.961637878418,0.0020000000949949,0.00300000002607703,"Haplochromis macropsoides",16177.5782462457,0,1,1,7.69999980926514,NA,0,3.2,"Carni.",1,"LC",167
"4037",0,2175.03100585938,43,0.19200000166893,2.67300009727478,301.273010253906,287.554992675781,0.0020000000949949,0.00800000037997961,"Brycinus humilis",173311.447042591,NA,NA,0,NA,NA,NA,NA,NA,1,NA,1521
"4045",0,9131.9716796875,48,0.44497499987483,3.69542501568794,305.399417877197,287.797565460205,0.00899999961256981,0.0140000004321337,"Serranochromis longimanus",216866.864718022,1,0,0,30,NA,0,3.87,"Carni.",2,"LC",608
"4046",0.0687500024214387,30968.673828125,13.625,0.231000006198883,1.96125002205372,301.393375396729,291.284996032715,0.0020000000949949,0.00600000005215406,"Amphilius longirostris",286725.25151325,1,1,0,NA,NA,NA,NA,NA,1,"LC",3336
"4048",0,2546.23803710938,16,1.44700002670288,1.45000004768372,303.415716552734,289.331677246094,0.0081750002456829,0.00999999977648258,"Otopharynx tetraspilus",666.579624779861,1,1,0,15.6000003814697,"commercial",0,2.66,"Omni.",1,"LC",8
"4050",0,707.939025878906,43,0.486099988222122,2.66505000591278,304.489147949219,281.817008972168,0.00300000002607703,0.00700000021606684,"Enteromius mimus",154767.6769888,1,0,0,NA,NA,NA,NA,NA,1,"LC",739
"4055",0,45859.06640625,40,0.18914999589324,2.67047502994537,300.649545288086,293.051370239258,0.0020000000949949,0.00600000005215406,"Chiloglanis congicus",47882.607485413,1,0,0,NA,NA,NA,NA,NA,1,"LC",524
"4059",0,45825.2890625,45,0.229200002551079,2.84140005111694,300.7662109375,290.691394042969,0.00100000004749745,0.00600000005215406,"Labeobarbus macrolepidotus",349070.692785566,1,1,0,NA,NA,NA,NA,NA,1,"LC",3385
"4061",0,45771.859375,38.425,0.221000000834465,2.51427502036095,300.755268859863,293.172248077393,0.0020000000949949,0.00600000005215406,"Amphilius zairensis",99803.0890652278,1,1,0,NA,NA,NA,NA,NA,1,"LC",1104
"4062",0.417174992710352,703.588989257812,0,1.44200003147125,1.44200003147125,301.572998046875,292.190002441406,0.00300000002607703,0.00499999988824129,"Spathodus erythrodon",34890.675799273,0,1,1,8.5,"commercial",0,3.4,"Carni.",1,"LC",404
"4065",0,9036.9833984375,43,0.329849997907877,3.06777504086494,305.250830078125,286.681475067139,0.00499999988824129,0.0140000004321337,"Synodontis vanderwaali",105185.956211192,1,0,0,16.0300006866455,NA,0,NA,NA,2,"LC",338
"4071",0.709600019454956,514.588989257812,0,0.286299991607666,0.660399973392486,302.32041015625,290.738293457031,0.00400000018998981,0.00499999988824129,"Garra allostoma",5901.51185005901,1,0,0,NA,NA,NA,NA,NA,1,"VU",69
"4080",0,45918.515625,40,0.21957499794662,2.36700010299683,301.652436065674,288.680143737793,0.0020000000949949,0.00899999961256981,"Marcusenius monteiri",930099.966948739,1,1,0,NA,NA,NA,NA,NA,1,"LC",9384
"4083",0,2528.13891601562,34.5249999999999,0.0989499993622303,2.00259997248649,307.387637329102,296.076432800293,0.00400000018998981,0.00899999961256981,"Steatocranus irvinei",201500.820844468,1,0,0,NA,NA,NA,NA,NA,1,"LC",1580
"4084",0.689000010490417,2546.23803710938,0,1.44700002670288,1.44700002670288,302.670989990234,289.264279937744,0.00700000021606684,0.00899999961256981,"Maylandia zebra",3351.98526231642,0,1,1,11.3000001907349,"highly commercial",0,NA,NA,1,NA,40
"4092",8.72200012207031,703.588989257812,0,1.44200003147125,1.44200003147125,301.572998046875,292.190002441406,0.00300000002607703,0.00499999988824129,"Tropheus annectens",33012.5919769452,0,1,1,NA,NA,NA,NA,NA,1,"LC",386
"4098",0.689000010490417,2546.23803710938,0,1.44700002670288,1.44700002670288,302.916114807129,289.409999847412,0.00700000021606684,0.00899999961256981,"Mylochromis epichorialis",4694.31397546243,0,1,1,20,"commercial",0,3.5,"Carni.",1,"LC",56
"4099",0,12016.1474609375,44,0.377000004053116,2.93907500505447,300.286176300049,296.778307342529,0.0020000000949949,0.0020000000949949,"Dolichamphilius longiceps",2839.94914831016,1,0,0,NA,NA,NA,NA,NA,1,"DD",32
"4100",0.0585749994963408,3863.86206054688,20,0.195999994874001,1.9311250180006,301.420738983154,291.726620483398,0.00300000002607703,0.00499999988824129,"Hippopotamyrus castor",132429.006572284,1,0,0,NA,NA,NA,NA,NA,1,"LC",1544
"4101",0,9131.9716796875,49,0.652249991893768,3.68799996376038,304.219757080078,287.540985107422,0.00499999988824129,0.0140000004321337,"Enteromius thamalakanensis",584370.19789201,1,1,0,5,"commercial",0,2.56,"Omni.",2,"LC",2711
"4105",0,11.9099998474121,37.775,0.74350002259016,1.90710003376007,299.745251464844,288.274662017822,0.00807500032242387,0.00899999961256981,"Nothobranchius symoensi",335.889782926676,1,1,0,NA,NA,NA,NA,NA,3,"EN",4
"4108",0.689000010490417,2546.23803710938,0,1.44700002670288,1.44700002670288,302.635089874268,291.545044708252,0.00800000037997961,0.00892499967012554,"Tropheops tropheops",333.720344491116,0,1,1,14,"commercial",0,NA,NA,1,"LC",4
"4112",0,45918.515625,40,0.237000003457069,2.44760003089904,301.822802734375,293.715606689453,0.0020000000949949,0.00600000005215406,"Alestopetersius caudalis",483537.938884905,1,1,0,NA,NA,NA,NA,NA,1,"LC",4905
"4114",0.833000004291534,797.286010742188,0,1.89560000896454,1.97599995136261,299.78759765625,293.911010742188,0.0020000000949949,0.00300000002607703,"Haplochromis fischeri",74159.1565948698,0,1,1,NA,NA,NA,NA,NA,1,"VU",849
"4116",0,45825.2890625,44,0.226124996319413,2.87662509083748,301.11213684082,293.68962097168,0.0020000000949949,0.00499999988824129,"Tylochromis labrodon",218788.926422684,1,1,0,22.6000003814697,NA,0,2.61,"Omni.",1,"LC",2246
"4118",0,45920.859375,31,0.224999994039536,1.79350000619888,303.18798828125,291.700744628906,0.0020000000949949,0.00700000021606684,"Elops lacerta",156260.238470788,1,1,0,100,"commercial",1,4.24,"Carni.",1,"LC",1796
"4127",0,2547.44506835938,41.1,0.894474989175796,2.13549990057945,304.460941314697,280.833989715576,0.00700000021606684,0.0140250004129484,"Oreochromis karongae",6690.86020506613,1,1,0,42,"commercial",0,2,"Herbi.",1,"CR",80
"4129",0,588.421997070312,49,0.318100014328957,3.02670001983643,307.249798583984,295.54990234375,0.00499999988824129,0.00899999961256981,"Rhabdalestes brevidorsalis",9860.33290859717,1,0,0,NA,NA,NA,NA,NA,1,"LC",93
"4130",8.72200012207031,703.588989257812,0,1.44200003147125,1.44200003147125,301.572998046875,292.190002441406,0.00300000002607703,0.00499999988824129,"Cunningtonia longiventralis",33354.7184506497,0,1,1,NA,NA,NA,NA,NA,1,"LC",390
"4131",0,45825.2890625,37.55,0.141725004091859,2.85052511096,300.683383178711,293.008233642578,0.0020000000949949,0.00600000005215406,"Lamprologus teugelsi",24700.4803614699,1,1,0,NA,NA,NA,NA,NA,1,"VU",270
"4136",0,6513.93505859375,20.125,0.26800000667572,1.33762496709824,301.856113433838,293.582138061523,0.0020000000949949,0.00600000005215406,"Chilochromis duponti",79469.1207218378,1,1,0,22,NA,0,2.59,"Omni.",1,"LC",916
"4138",0.00300000002607703,801.331970214844,24,0.186000004410744,1.97599995136261,301.079010009766,286.130004882812,0.0020000000949949,0.00600000005215406,"Oreochromis variabilis",263458.96097303,1,1,0,30,"commercial",0,2,"Herbi.",1,"NT",2561
"4142",0.152399997040629,4468.94482421875,2,0.206550002470613,0.999150015413761,303.177194213867,292.756770324707,0.00300000002607703,0.00700000021606684,"Parauchenoglanis ahli",23805.3267242135,1,0,0,NA,NA,NA,NA,NA,1,"DD",278
"4144",0,17901.61328125,43,0.270000010728836,2.73499989509583,304.474729156494,286.115548706055,0.0020000000949949,0.0120000001043081,"Cyphomyrus discorhynchus",2224632.6951117,1,1,0,31,"minor commercial",0,3.2,"Carni.",1,"LC",21498
"4145",0,2546.23803710938,16,1.44700002670288,1.45000004768372,303.046699523926,289.295707702637,0.00700000021606684,0.00999999977648258,"Docimodus johnstoni",7292.64023344102,0,1,1,25,"commercial",0,4.2,"Carni.",1,"LC",87
"4147",0.0369749987730756,203.391006469727,10.275,0.251524996012449,1.32137500345707,299.680976104736,291.349035644531,0.00300000002607703,0.00600000005215406,"Labeobarbus rhinophorus",2546.77383606627,1,1,0,NA,NA,NA,NA,NA,1,"DD",22
"4148",0,45825.2890625,40,0.247999995946884,2.51109992265701,301.689045715332,288.148937988281,0.0020000000949949,0.00899999961256981,"Distichodus maculatus",1232772.05922746,1,1,0,NA,NA,NA,NA,NA,1,"LC",12519
"4150",0.689000010490417,2546.23803710938,0,1.44700002670288,1.44700002670288,301.864990234375,292.723999023438,0.00800000037997961,0.00800000037997961,"Melanochromis dialeptos",83.691823487896,0,1,1,7.94999980926514,NA,0,2,"Herbi.",1,"LC",1
"4151",0.689000010490417,2546.23803710938,0,1.44700002670288,1.44700002670288,302.66438293457,291.581720733643,0.00800000037997961,0.00899999961256981,"Tropheops novemfasciatus",834.438125360748,0,1,1,9,"commercial",0,2,"Herbi.",1,"LC",10
"4154",0.833000004291534,789.304016113281,0,1.97599995136261,1.97599995136261,298.594598388672,293.989990234375,0.0020000000949949,0.00300000002607703,"Haplochromis aelocephalus",70288.0030463266,0,1,1,12,NA,0,3.27,"Carni.",1,"CR",817
"4155",0,2610.11694335938,41.3,0.562500011920929,2.44349994659424,303.923208618164,283.659909057617,0.00700000021606684,0.0109999999403954,"Zaireichthys maravensis",56296.189340719,1,0,0,3.04999995231628,NA,0,NA,NA,3,"LC",629
"4157",0,45825.2890625,42,0.183100001886487,2.64070003032684,300.820007324219,294.792987823486,0.0020000000949949,0.00400000018998981,"Petrocephalus binotatus",195751.140067046,1,1,0,NA,NA,NA,NA,NA,1,"LC",1872
"4159",0,12016.1474609375,44,0.377000004053116,2.93907500505447,300.286176300049,296.778307342529,0.0020000000949949,0.0020000000949949,"Marcusenius bentleyi",2839.94914831016,1,0,0,NA,NA,NA,NA,NA,1,"DD",32
"4162",0.113549999147654,4742.22119140625,11,0.189549996703863,1.23139998912811,300.937141418457,291.597648620605,0.00300000002607703,0.00499999988824129,"Distichodus kolleri",104784.628122008,NA,NA,0,NA,NA,NA,NA,NA,1,"LC",1223
"4168",0,756.513977050781,37,0.230000004172325,2.2409999370575,308.317993164062,295.563995361328,0.00400000018998981,0.00899999961256981,"Parailia spiniserrata",69602.9301511093,1,0,0,NA,NA,NA,NA,NA,1,"LC",481
"4171",0,10605.4443359375,36.15,0.220700007304549,2.29329994022846,303.804283905029,279.927348327637,0.00927499965764582,0.0224499999545515,"Chelon auratus",3199.89314203268,1,1,0,61,"commercial",1,2.84,"Carni.",2,"LC",12
"4179",0.0777750017121434,909.528991699219,27.0749999999999,0.282924993336201,1.18237504065037,303.629373168945,294.424987792969,0.00400000018998981,0.00700000021606684,"Nimbapanchax petersi",58684.8764964703,1,1,0,NA,NA,NA,NA,NA,1,"EN",558
"4181",0.599400019645691,890.078002929688,0,0.342199999094009,0.992999970912933,302.022601318359,293.459606933594,0.00300000002607703,0.00819999966770409,"Sarotherodon steinbachi",4202.50772882648,0,1,1,11.3000001907349,NA,0,2.23,"Omni.",1,"CR",49
"4182",0.264999985694885,11712.7255859375,1,0.411949987709522,1.60899996161461,300.491596984863,291.998950195312,0.00300000002607703,0.00499999988824129,"Parananochromis axelrodi",40866.2053958418,1,0,0,9.11999988555908,NA,0,NA,NA,1,"EN",475
"4185",0.833000004291534,789.304016113281,0,1.97599995136261,1.97599995136261,298.594673919678,293.992588806152,0.0020000000949949,0.00300000002607703,"Haplochromis prognathus",70029.8147067808,0,1,1,14.1000003814697,NA,0,3.14,"Carni.",1,"DD",814
"4188",0,13524.0048828125,28.85,0.326049987971783,2.19244993925095,303.100959777832,293.071160888672,0.00300000002607703,0.00800000037997961,"Epiplatys biafranus",31629.0919588432,1,1,0,NA,NA,NA,NA,NA,1,"EN",367
"4190",0,5168.259765625,35,0.169199997186661,2.22540001869202,300.444000244141,296.588195800781,0.0020000000949949,0.0020000000949949,"Pollimyrus schreyeni",33646.2185369557,1,1,0,NA,NA,NA,NA,NA,1,"LC",385
"4192",0,36493.0546875,37,0.217999994754791,2.29970005750656,309.61605758667,293.930612182617,0.00300000002607703,0.0120000001043081,"Chrysichthys maurus",1038284.2429834,1,1,0,51,NA,0,2.69,"Omni.",1,"LC",9614
"4194",0,2248.39501953125,46.025,1.02259996309876,3.60329990983009,305.135688018799,290.298426818848,0.00800000037997961,0.0120000001043081,"Nothobranchius pienaari",4356.97831434001,1,1,0,3.84999990463257,NA,0,NA,NA,1,"LC",40
"4195",0,430.459014892578,18.15,0.736700004339218,1.28229995965958,300.232858276367,296.638452148438,0.0020000000949949,0.00300000002607703,"Enteromius okae",6453.81877094843,1,1,0,NA,NA,NA,NA,NA,1,"DD",75
"4196",0,45918.515625,39,0.224999994039536,2.38045008182526,301.598445129395,292.151300048828,0.0020000000949949,0.00600000005215406,"Clarias gabonensis",1123231.66305805,1,1,0,36,NA,0,3.27,"Carni.",1,"LC",12503
"4197",0,37364.69921875,42,0.229000002145767,2.61812502145767,301.125755310059,295.606502532959,0.0020000000949949,0.00400000018998981,"Aphyosemion elegans",356327.519606179,1,1,0,NA,NA,NA,NA,NA,1,"LC",3466
"4198",0.689000010490417,2546.23803710938,0,1.44700002670288,1.44700002670288,303.043180847168,289.298007965088,0.00700000021606684,0.00899999961256981,"Otopharynx speciosus",6876.2660956166,0,1,1,25.2000007629395,"commercial",0,4.2,"Carni.",1,"LC",82
"4201",0,6145.81005859375,39,0.380274999886751,1.91639999747276,302.251068878174,288.075012207031,0.00300000002607703,0.00899999961256981,"Engraulicypris moeruensis",74823.7855663267,NA,NA,0,NA,NA,NA,NA,NA,1,NA,692
"4205",0.0055250003002584,45918.515625,20,0.252000004053116,1.19590002894401,301.315042114258,294.135569000244,0.00400000018998981,0.00700000021606684,"Pollimyrus pedunculatus",11755.0090331811,1,1,0,NA,NA,NA,NA,NA,1,"DD",134
"4206",0.114000000059605,4742.22119140625,9,0.194999992847443,1.15400004386902,300.881988525391,291.263000488281,0.00300000002607703,0.00499999988824129,"Mastacembelus sanagali",133670.963197998,NA,NA,0,NA,NA,NA,NA,NA,1,"LC",1561
"4207",0.00967499958351254,21.9160003662109,22.325,1.17760002315044,1.7334250241518,301.549955749512,281.999770355225,0.017000000923872,0.0179249993525445,"Labeo seeberi",1676.93022089597,1,0,0,35.5,NA,0,2.51,"Omni.",2,"EN",4
"4209",8.72200012207031,703.588989257812,0,1.44200003147125,1.44200003147125,301.572998046875,292.190002441406,0.00300000002607703,0.00499999988824129,"Lepidiolamprologus cunningtoni",33012.5919769452,0,1,1,NA,NA,NA,NA,NA,1,"LC",386
"4212",0.689000010490417,2546.23803710938,0,1.44700002670288,1.44700002670288,301.488006591797,292.117004394531,0.00800000037997961,0.00800000037997961,"Melanochromis lepidiadaptes",83.5738857687492,0,1,1,8.72000026702881,NA,0,4.4,"Carni.",1,"CR",1
"4213",21.9029998779297,1609.28796386719,0,0.685999989509583,0.685999989509583,305.424865722656,299.920745849609,0.00300000002607703,0.00400000018998981,"Hemichromis exsul",8328.83092852185,0,1,1,NA,NA,NA,NA,NA,2,"LC",96
"4217",0.0939999967813492,1.80999994277954,6,1.08800005912781,1.08800005912781,304.303985595703,298.700012207031,0.00499999988824129,0.00499999988824129,"Alcolapia grahami",86.0129644510727,NA,NA,0,NA,NA,NA,NA,NA,1,NA,1
"4218",0.00909999962896109,45859.06640625,40,0.252000004053116,3.42359994649887,300.933410644531,292.779109191895,0.00300000002607703,0.00700000021606684,"Mormyrus cyaneus",9335.71281336562,1,1,0,NA,NA,NA,NA,NA,1,"VU",83
"4223",0,45918.515625,41,0.245000004768372,2.46810005903244,302.558551025391,293.585198974609,0.0020000000949949,0.00499999988824129,"Petrocephalus sauvagii",739880.547522566,1,1,0,NA,NA,NA,NA,NA,1,"LC",7299
"4224",0.00300000002607703,527.762023925781,43,0.340999993681908,1.8885999917984,300.592007446289,290.139791870117,0.00400000018998981,0.00600000005215406,"Chiloglanis trilobatus",22542.0928149061,1,0,0,NA,NA,NA,NA,NA,1,"LC",189
"4227",0.768400013446808,242.128997802734,13.3,0.687550002336502,1.44755001366138,299.403085327148,295.686408996582,0.00300000002607703,0.00300000002607703,"Scardinius erythrophthalmus",258.146720563579,1,1,0,NA,"minor commercial",0,2.89,"Carni.",1,"LC",3
"4229",1.30859997272491,381.43701171875,0,0.300000011920929,0.606399977207184,301.815991210938,293.542413330078,0.00300000002607703,0.00580000020563603,"Coptodon imbriferna",1456.6482365492,NA,NA,0,NA,NA,NA,NA,NA,1,NA,17
"4231",0,927.523986816406,36,0.18819999396801,1.97599995136261,302.199993896484,286.178198242187,0.0020000000949949,0.00600000005215406,"Enteromius jacksoni",398136.491157038,1,1,0,NA,NA,NA,NA,NA,1,"LC",3129
"4232",0,12638.6572265625,41,0.232699995487928,2.61369992494583,301.626406860352,292.240545654297,0.0020000000949949,0.00499999988824129,"Pseudocrenilabrus nicholsi",119129.609876354,1,1,0,NA,NA,NA,NA,NA,1,"LC",1159
"4233",0,4215.328125,39,0.462250006198883,1.93729999065399,303.976306152344,287.845045471191,0.00400000018998981,0.00999999977648258,"Petrocephalus squalostoma",29440.4210459601,1,1,0,NA,NA,NA,NA,NA,1,"DD",299
"4236",0,736.789001464844,36.9499999999999,0.680100005865097,2.30455006361008,305.075289916992,273.300238037109,0.0140000004321337,0.0270000007003546,"Carasobarbus harterti",76922.8646989733,1,0,0,25,NA,0,NA,NA,3,"CR",643
"4238",0,2727.44604492188,38.625,0.642000004649162,2.23712503910065,302.530368804932,279.158512115479,0.00600000005215406,0.0160000007599592,"Amphilius natalensis",185369.286300746,1,0,0,12.5,"commercial",0,3.2,"Carni.",3,"LC",1536
"4239",0.833000004291534,789.304016113281,0,1.97599995136261,1.97599995136261,298.594673919678,293.992588806152,0.0020000000949949,0.00300000002607703,"Haplochromis pharyngomylus",70029.8147067808,0,1,1,12.6000003814697,NA,0,3.24,"Carni.",1,"DD",814
"4241",0,45825.2890625,44,0.226999998092651,2.87619996070862,300.811206054687,294.155603027344,0.0020000000949949,0.00499999988824129,"Synodontis nummifer",332273.429811081,1,1,0,NA,NA,NA,NA,NA,1,"LC",3313
"4242",0.108000002801418,919.344970703125,11,0.237000003457069,1.44200003147125,299.865493774414,291.863006591797,0.00300000002607703,0.00400000018998981,"Orthochromis uvinzae",7627.31743445158,1,0,0,8.55000019073486,NA,0,2,"Herbi.",1,"CR",61
"4246",8.72200012207031,703.588989257812,0,1.44200003147125,1.44200003147125,301.572998046875,292.190002441406,0.00300000002607703,0.00499999988824129,"Xenotilapia boulengeri",33012.5919769452,0,1,1,15.3000001907349,"commercial",0,3.27,"Carni.",1,"LC",386
"4247",0,2922.8310546875,21,0.27942500859499,1.68587496578693,304.19702911377,293.402684783936,0.00300000002607703,0.00800000037997961,"Labeobarbus sacratus",123651.148953333,1,0,0,NA,NA,NA,NA,NA,1,"LC",1458
"4248",0,45620.22265625,41,0.237000003457069,2.55202504396439,301.602996826172,292.829936981201,0.0020000000949949,0.00499999988824129,"Clarias pachynema",1304297.09661004,1,1,0,NA,NA,NA,NA,NA,1,"LC",13560
"4251",0,11273.216796875,42,0.191825001314282,2.75022506713867,309.539348602295,289.78180770874,0.00300000002607703,0.0140000004321337,"Enteromius anema",347731.699753654,1,1,0,NA,NA,NA,NA,NA,2,"LC",2194
"4257",0,2546.23803710938,16,1.44700002670288,1.45000004768372,303.046699523926,289.295707702637,0.00700000021606684,0.00999999977648258,"Placidochromis subocularis",7292.64023344102,1,1,0,16.2000007629395,"commercial",0,3.43,"Carni.",1,NA,87
"4262",0.417174992710352,703.588989257812,0,1.44200003147125,1.44200003147125,301.572998046875,292.190002441406,0.00300000002607703,0.00499999988824129,"Petrochromis polyodon",34890.675799273,0,1,1,21,"commercial",0,2,"Herbi.",1,"LC",404
"4263",27.0389995574951,103.972999572754,0,0.337999999523163,0.337999999523163,295.157012939453,289.976599121094,0.0020000000949949,0.00220000008121133,"Haplochromis gracilior",2837.93065776997,0,1,1,NA,NA,NA,NA,NA,3,"LC",33
"4270",0.985249996185303,1382.3740234375,0,0.224300006777048,0.690500018000603,302.895506286621,290.625595092773,0.00300000002607703,0.00494999990332872,"Mastacembelus sexdecimspinus",10535.3004292425,1,1,0,NA,NA,NA,NA,NA,1,"NT",123
"4273",0.689000010490417,2546.23803710938,0,1.44700002670288,1.44700002670288,301.471008300781,291.680999755859,0.00800000037997961,0.00800000037997961,"Melanochromis chipokae",83.5138559146576,0,1,1,12," ",0,4.2,"Carni.",1,"CR",1
"4274",0.599400019645691,890.078002929688,0,0.342199999094009,0.992999970912933,302.022601318359,293.459606933594,0.00300000002607703,0.00819999966770409,"Sarotherodon caroli",4202.50772882648,0,1,1,18.6000003814697,NA,0,2,"Herbi.",1,"CR",49
"4277",0.833000004291534,789.304016113281,0,1.97599995136261,1.97599995136261,297.861999511719,294.049142456055,0.0020000000949949,0.00292500003124587,"Haplochromis oligolepis",344.197927015202,0,1,1,NA,NA,NA,NA,NA,1,"DD",4
"4278",0,2546.23803710938,16,1.44700002670288,1.45000004768372,303.046699523926,289.295707702637,0.00700000021606684,0.00999999977648258,"Dimidiochromis strigatus",7292.64023344102,0,1,1,24.3999996185303,"commercial",0,3.84,"Carni.",1,"LC",87
"4283",NA,NA,NA,NA,NA,NA,NA,NA,NA,"Platichthys flesus",1279.7514623396,1,0,0,60,"commercial",1,3.3,"Carni.",2,"LC",0
"4288",0,1327.42797851562,43,0.624150010943413,2.76269999742508,303.533460998535,281.586749267578,0.00800000037997961,0.0160000007599592,"Engraulicypris brevianalis",610381.263101436,1,1,0,7.5,NA,0,3.17,"Carni.",2,"LC",3527
"4289",0,5994.5439453125,39,0.440099993348122,1.90710000991821,301.868096923828,291.058502197266,0.00300000002607703,0.00499999988824129,"Synodontis dorsomaculatus",40369.5238765829,1,1,0,NA,NA,NA,NA,NA,1,"EN",373
"4290",0,13524.0048828125,27,0.239849995449185,2.03997503519058,303.670989990234,290.897599029541,0.00300000002607703,0.00899999961256981,"Arnoldichthys spilopterus",113361.32609351,1,0,0,9.60000038146973,"commercial",0,3.12,"Carni.",1,"EN",1318
"4292",0,1843.83898925781,45,0.55350000411272,2.86862501502037,300.918361663818,291.009994506836,0.0020000000949949,0.00512499990873039,"Sargochromis thysi",46849.5176832779,1,1,0,NA,NA,NA,NA,NA,1,"DD",516
"4293",0,4215.328125,39,0.358000010251999,2.23002493977547,300.895223999023,287.599906158447,0.00400000018998981,0.00967499972321089,"Schilbe banguelensis",110930.853781555,1,1,0,NA,NA,NA,NA,NA,3,"LC",1254
"4296",0.0268749995157123,45665.3515625,35,0.4166249781847,1.9237499833107,300.263000488281,292.915992736816,0.00424999993992969,0.00600000005215406,"Bagrus lubosicus",2401.04399602589,1,1,0,NA,NA,NA,NA,NA,1,"DD",26
"4300",0.196299996972084,36546,4,0.364200007915497,1.49869997501373,300.802291870117,292.315509033203,0.0020000000949949,0.00499999988824129,"Aphyosemion punctatum",64785.7973457221,1,0,0,NA,NA,NA,NA,NA,1,"LC",733
"4306",0,45920.859375,16.3249999999998,0.229350002855062,1.75842496752738,301.63064956665,291.409196472168,0.0020000000949949,0.00700000021606684,"Labeobarbus sandersi",223573.751391625,NA,NA,0,NA,NA,NA,NA,NA,1,"LC",2588
"4310",0.216999998688698,459.377990722656,3,0.336200000345707,0.788000008463859,302.636640930176,294.290043640137,0.00499999988824129,0.00655000014230609,"Synodontis tourei",4988.32724499682,1,0,0,NA,NA,NA,NA,NA,1,"CR",59
"4316",0.833000004291534,789.304016113281,0,1.97599995136261,1.97599995136261,298.594673919678,293.992588806152,0.0020000000949949,0.00300000002607703,"Haplochromis xanthopteryx",70029.8147067808,0,1,1,10.6700000762939,NA,0,3.12,"Carni.",1,"VU",814
"4318",0,5332.326171875,40.75,0.520499989390373,3.10849994421005,303.445510864258,287.767997741699,0.00300000002607703,0.00999999977648258,"Periophthalmus argentilineatus",11765.6756578625,0,0,0,19,"of no interest",1,3.26,"Carni.",1,"LC",131
"4321",0.0580000013113022,737.304016113281,30.6,0.354800003767014,1.68980000019074,301.667596435547,295.21259765625,0.00400000018998981,0.0046000000089407,"Labeobarbus urotaenia",1459.89436655412,1,1,0,NA,NA,NA,NA,NA,1,"DD",17
"4326",0,13524.0048828125,40,0.162825002148747,2.23052502274513,307.183013916016,292.414414978027,0.00300000002607703,0.00899999961256981,"Enteromius chlorotaenia",881305.517111105,1,1,0,NA,NA,NA,NA,NA,1,"LC",9554
"4332",0,45918.515625,26,0.200000002980232,1.64457501173019,304.714324951172,292.518802642822,0.00300000002607703,0.00800000037997961,"Brycinus longipinnis",1191202.02348957,NA,NA,0,NA,NA,NA,NA,NA,1,NA,13258
"4336",0.833000004291534,789.304016113281,0,1.97599995136261,1.97599995136261,298.594623565674,293.989990234375,0.0020000000949949,0.00300000002607703,"Haplochromis boops",70201.9485614657,0,1,1,19.3999996185303,NA,0,4.2,"Carni.",1,"DD",816
"4337",0.526549994945526,919.344970703125,0,0.313200008869171,1.44200003147125,301.55218963623,292.190002441406,0.00300000002607703,0.00499999988824129,"Trematocara variabile",42355.9006878504,1,1,0,NA,NA,NA,NA,NA,1,"LC",467
"4341",0.00300000002607703,13681.75,34,0.258899988234043,1.85654999911785,302.982622528076,293.338815307617,0.00300000002607703,0.00600000005215406,"Microctenopoma lineatum",25891.9825919588,1,1,0,NA,NA,NA,NA,NA,1,"DD",290
"4345",8.72200012207031,703.588989257812,0,1.44200003147125,1.44200003147125,301.572998046875,292.190002441406,0.00300000002607703,0.00499999988824129,"Julidochromis dickfeldi",33183.4448681446,0,1,1,11,"of potential interest",0,3.5,"Carni.",1,"LC",388
"4352",0,13524.0048828125,31,0.173699994385243,1.64330002069473,307.259497070312,292.704391479492,0.00300000002607703,0.00999999977648258,"Enteromius ablabes",1414955.17599001,1,1,0,9.60000038146973," ",0,2.45,"Omni.",1,"LC",14709
"4361",0,2962.44702148438,34,0.277575002610683,1.96035000681877,307.983265686035,294.14835357666,0.00400000018998981,0.00899999961256981,"Synodontis annectens",139600.033214242,1,0,0,NA,NA,NA,NA,NA,1,"LC",1304
"4365",0.783674988150597,2538.36596679688,0.775000000000006,0.273350010812283,0.897574973106384,302.494831085205,293.759806060791,0.00300000002607703,0.00677500017918647,"Chiloglanis polyodon",14467.3002316871,1,0,0,NA,NA,NA,NA,NA,1,"EN",170
"4367",0,17862.193359375,44,0.515999972820282,2.72449998855591,305.220101928711,287.38000793457,0.00700000021606684,0.0120000001043081,"Synodontis nebulosus",283735.886005777,1,0,0,15,"minor commercial",0,2.54,"Omni.",1,"LC",2757
"4368",0.169624998793006,2961.51196289062,2,0.276150008291006,0.951124998927116,301.306540679932,291.782622528076,0.0020000000949949,0.00499999988824129,"Plataplochilus ngaensis",26152.7418051611,1,1,0,NA,NA,NA,NA,NA,1,"LC",304
"4369",0,13524.0048828125,35,0.127000004053116,1.97192499935627,306.625931549072,294.684405517578,0.00300000002607703,0.00800000037997961,"Marcusenius abadii",342588.908095892,1,1,0,NA,NA,NA,NA,NA,1,"LC",3524
"4370",0.833000004291534,789.304016113281,0,1.97599995136261,1.97599995136261,299.022003173828,294.576357269287,0.00300000002607703,0.00300000002607703,"Enteromius sexradiatus",860.542986542458,0,1,1,NA,NA,NA,NA,NA,1,"DD",10
"4374",0.0432999996468425,801.331970214844,9.34999999999991,0.284650000929832,1.97599995136261,300.854402160645,286.172843933105,0.0020000000949949,0.00499999988824129,"Rastrineobola argentea",156412.618629866,1,1,0,8,"highly commercial",0,3.41,"Carni.",1,"LC",1667
"4390",0,45918.515625,41,0.198550000041723,2.50200009346008,301.613345336914,292.031304931641,0.0020000000949949,0.00499999988824129,"Petrocephalus christyi",711160.710611826,1,1,0,NA,NA,NA,NA,NA,1,"LC",7183
"4396",1.85547502636909,3435.68994140625,0,0.27022500783205,0.571775016188621,301.906643676758,293.761462402344,0.0020000000949949,0.00499999988824129,"Aphyosemion primigenium",28378.7371514075,1,0,0,NA,NA,NA,NA,NA,1,"VU",330
"4397",0,45918.515625,41,0.230200004577637,2.48859996795655,301.695611572266,291.073596191406,0.0020000000949949,0.00600000005215406,"Labeo lineatus",597339.985340977,1,1,0,NA,NA,NA,NA,NA,1,"LC",5809
"4399",8.72200012207031,703.588989257812,0,1.44200003147125,1.44200003147125,301.572998046875,292.190002441406,0.00300000002607703,0.00499999988824129,"Haplotaxodon microlepis",33183.4448681446,0,1,1,26,"commercial",0,3.4,"Carni.",1,"LC",388
"4400",0.599400019645691,890.078002929688,0,0.342199999094009,0.992999970912933,302.022601318359,293.459606933594,0.00300000002607703,0.00819999966770409,"Aphyosemion volcanum",4202.50772882648,1,1,0,NA,NA,NA,NA,NA,1,"EN",49
"4411",0.019500000285916,45346.265625,8,0.212499998509884,0.868500024080276,300.585510253906,294.415748596191,0.0020000000949949,0.00499999988824129,"Enteromius erythrozonus",9529.36942391187,1,1,0,NA,NA,NA,NA,NA,1,"DD",111
"4416",1.67309997081757,25769.677734375,0,0.299300000071526,1,301.322500610352,291.42890625,0.0020000000949949,0.00700000021606684,"Aphyosemion lamberti",38974.9214297384,1,0,0,NA,NA,NA,NA,NA,1,"LC",453
"4417",0.0552500005811453,8801.8447265625,2.39999999999999,0.235600008815527,0.697000026702881,300.217155456543,295.872952270508,0.0020000000949949,0.0020000000949949,"Enteromius papilio",2320.49267972552,1,1,0,NA,NA,NA,NA,NA,1,"DD",27
"4418",0.689000010490417,2546.23803710938,0,1.44700002670288,1.44700002670288,301.488006591797,292.117004394531,0.00800000037997961,0.00800000037997961,"Tropheops kamtambo",83.5738857687531,0,1,1,NA,NA,NA,NA,NA,1,"LC",1
"4421",0,2922.8310546875,17,0.48199999332428,1.52132497727871,303.85850982666,292.573441314697,0.00400000018998981,0.00899999961256981,"Amphilius kakrimensis",31338.1205773117,1,0,0,NA,NA,NA,NA,NA,1,"VU",370
"4423",3.53800010681152,543.231994628906,0,1.3289999961853,1.3289999961853,298.501007080078,288.878144836426,0.00600000005215406,0.00700000021606684,"Enteromius trispilopleura",2946.00893117719,0,1,1,NA,NA,NA,NA,NA,1,"LC",35
"4425",0,45825.2890625,41,0.229000002145767,2.5558000087738,301.846008300781,291.306994628906,0.0020000000949949,0.00600000005215406,"Pareutropius mandevillei",405349.719673628,1,1,0,NA,NA,NA,NA,NA,1,"LC",4049
"4429",0,7811.64501953125,45,0.233849997073412,2.9054499745369,300.632290649414,291.060438537598,0.00100000004749745,0.00499999988824129,"Nannocharax angolensis",165853.27195641,NA,NA,0,NA,NA,NA,NA,NA,1,NA,1515
"4435",5.40120005607605,6513.93505859375,0,0.26800000667572,0.52700001001358,302.100796508789,293.760400390625,0.0020000000949949,0.00499999988824129,"Aphyosemion exigoideum",9376.51511605307,1,1,0,NA,NA,NA,NA,NA,1,"LC",109
"4436",0,262.276000976562,31.175,0.557549990713596,1.9352500140667,299.445483398437,287.576097106934,0.00600000005215406,0.00999999977648258,"Hippopotamyrus aelsbroecki",8174.12430357927,1,1,0,NA,NA,NA,NA,NA,3,"DD",92
"4438",0.0164750002324581,45918.515625,33.4999999999999,0.252000004053116,1.43942497074604,301.189907836914,293.445656585693,0.00300000002607703,0.00700000021606684,"Chrysichthys polli",5992.43563900064,1,1,0,NA,NA,NA,NA,NA,1,"VU",54
"4439",0.162749999761581,316.578002929688,1.69999999999999,0.0704500000923872,0.570400005578994,300.895909118652,284.961637878418,0.0020000000949949,0.00300000002607703,"Haplochromis elegans",16177.5782462457,1,1,0,7.30000019073486,NA,0,3.2,"Carni.",1,"LC",167
"4444",0,17901.61328125,45,0.495225001871586,2.95000004768372,304.652335357666,282.688668060303,0.00700000021606684,0.0149999996647239,"Enteromius annectens",1039892.82190792,1,0,0,NA,NA,NA,NA,NA,2,"LC",8250
"4445",0,45825.2890625,44,0.244000002741814,2.74499988555908,300.820561218262,295.033697509766,0.00100000004749745,0.00400000018998981,"Phenacogrammus interruptus",526647.267267974,1,1,0,8,"commercial",0,3.01,"Carni.",1,"LC",5139
"4446",0,858.440002441406,40,0.148025001958013,2.01760007143021,300.891318511963,288.518724822998,0.00300000002607703,0.00632500010542576,"Engraulicypris spinifer",140590.820919374,1,1,0,NA,NA,NA,NA,NA,1,"LC",1148
"4448",0.0168000007979572,45918.515625,14.75,0.227775004506111,1.45117500424385,301.176309204102,293.87244720459,0.00400000018998981,0.00700000021606684,"Mormyrops parvus",2139.52135836836,1,1,0,NA,NA,NA,NA,NA,1,"DD",22
"4450",0.213200001418591,24197.966796875,0.0999999999999091,0.291799995303154,1.67470002174377,301.531399536133,291.882208251953,0.0020000000949949,0.00600000005215406,"Nannocharax maculicauda",116718.997675017,NA,NA,0,NA,NA,NA,NA,NA,1,"LC",1357
"4452",0.833000004291534,789.304016113281,0,1.97599995136261,1.97599995136261,298.594673919678,293.992588806152,0.0020000000949949,0.00300000002607703,"Haplochromis bicolor",70029.8147067808,0,1,1,15,NA,0,3.6,"Carni.",1,"VU",814
"4453",0,1569.18994140625,16.5,0.379749990999699,1.43875002861023,303.749008178711,290.898002624512,0.00300000002607703,0.0107499998994172,"Raiamas scarciensis",14530.2361901291,1,0,0,NA,NA,NA,NA,NA,1,"DD",171
"4454",0.00700000021606684,927.523986816406,32,0.180999994277954,1.97599995136261,301.376907348633,285.732557678223,0.0020000000949949,0.00600000005215406,"Enteromius cercops",226412.243954126,1,0,0,NA,NA,NA,NA,NA,1,"LC",1879
"4457",0,30686.83203125,17,0.224999994039536,1.19425005316734,301.856415557861,293.78491897583,0.0020000000949949,0.00600000005215406,"Plataplochilus cabindae",82318.5206884063,NA,NA,0,NA,NA,NA,NA,NA,1,NA,944
"4461",8.72200012207031,703.588989257812,0,1.44200003147125,1.44200003147125,301.572998046875,292.190002441406,0.00300000002607703,0.00499999988824129,"Julidochromis ornatus",33183.4448681446,0,1,1,8.5,"commercial",0,3.5,"Carni.",1,"LC",388
"4469",0,45825.2890625,42,0.18299999833107,2.82674992084503,309.867012023926,292.006256103516,0.0020000000949949,0.0140000004321337,"Labeo coubie",3176792.42306023,1,1,0,75,"commercial",0,NA,NA,1,"LC",23091
"4475",0,5122.18603515625,42,0.0897750031203032,2.63124994635582,309.266998291016,290.547205352783,0.00400000018998981,0.0140000004321337,"Enteromius pumilus",255045.771882249,1,0,0,NA,NA,NA,NA,NA,1,"LC",1712
"4477",0.833000004291534,789.304016113281,0,1.97599995136261,1.97599995136261,298.348455810547,294.375450134277,0.00300000002607703,0.00300000002607703,"Xenobarbus loveridgei",257.905049911531,0,1,1,NA,NA,NA,NA,NA,1,"DD",3
"4481",0.689000010490417,2546.23803710938,0,1.44700002670288,1.44700002670288,302.670989990234,291.543196105957,0.00800000037997961,0.00899999961256981,"Maylandia lanisticola",4599.10825991955,0,1,1,6.05999994277954,NA,0,NA,NA,1,NA,55
"4482",0.887699997425079,11712.7255859375,0,0.421000003814697,1.27719995379448,302.31298828125,290.376989746094,0.00300000002607703,0.00800000037997961,"Stomatorhinus ivindoensis",10236.2249524605,1,1,0,NA,NA,NA,NA,NA,1,"EN",119
"4483",0,45825.2890625,42,0.246999993920326,2.60999989509583,301.734008789062,294.370703125,0.0020000000949949,0.00400000018998981,"Synodontis angelicus",695332.716691677,1,1,0,NA,NA,NA,NA,NA,1,"LC",6979
"4488",8.72200012207031,703.588989257812,0,1.44200003147125,1.44200003147125,301.572998046875,292.190002441406,0.00300000002607703,0.00499999988824129,"Telmatochromis vittatus",33012.5919769452,0,1,1,8.60000038146973,"commercial",0,NA,NA,1,"LC",386
"4490",0.680999994277954,30968.673828125,0,0.168999999761581,1.17200005054474,301.417999267578,291.617004394531,0.0020000000949949,0.00600000005215406,"Paramormyrops longicaudatus",130857.34700609,1,0,0,23.7999992370605,NA,0,NA,NA,1,"VU",1521
"4492",0.00700000021606684,14300.6025390625,29,0.272349998354912,1.89885004162788,301.650325775146,293.328314208984,0.00300000002607703,0.00499999988824129,"Pollimyrus brevis",97884.3292894404,1,1,0,NA,NA,NA,NA,NA,1,"LC",1124
"4496",0,45825.2890625,43,0.232999995350838,2.71842501759529,301.598470306397,294.441009521484,0.0020000000949949,0.00499999988824129,"Belonophago tinanti",257155.265610443,1,1,0,NA,NA,NA,NA,NA,1,"LC",2582
"4497",0,17901.61328125,45,0.306800007820129,3.08019995689392,309.488391113281,284.577386474609,0.00400000018998981,0.0130000002682209,"Megalops cyprinoides",403792.744522176,1,1,0,150,"minor commercial",1,3.91000008583069,"Carni.",2,"DD",2553
"4498",8.72200012207031,703.588989257812,0,1.44200003147125,1.44200003147125,301.572998046875,292.190002441406,0.00300000002607703,0.00499999988824129,"Trematocara marginatum",33012.5919769452,0,1,1,NA,NA,NA,NA,NA,1,"LC",386
"4499",0.264099998772144,919.344970703125,0,0.179000005125999,1.44200003147125,301.161010742188,287.445109558105,0.0020000000949949,0.00499999988824129,"Ctenochromis horei",56107.7774082358,1,1,0,NA,NA,NA,NA,NA,1,"LC",622
"4500",8.72200012207031,703.588989257812,0,1.44200003147125,1.44200003147125,301.572998046875,292.190002441406,0.00300000002607703,0.00499999988824129,"Greenwoodochromis bellcrossi",33354.7184506497,0,1,1,NA,NA,NA,NA,NA,1,"LC",390
"4501",0,45825.2890625,47,0.272000014781952,3.26974999904633,302.82250213623,287.467987060547,0.0020000000949949,0.0120000001043081,"Nannocharax macropterus",1373941.3076954,1,1,0,6,NA,0,NA,NA,1,"LC",11451
"4504",0,3994.98803710938,32,0.150000005960464,1.99580004811287,308.438995361328,294.153991699219,0.00400000018998981,0.0109999999403954,"Enteromius pobeguini",577493.517812538,1,0,0,NA,NA,NA,NA,NA,1,"LC",4923
"4509",0.0320000015199184,36493.0546875,29,0.247349994629622,1.31449996232986,303.779556274414,294.424987792969,0.00300000002607703,0.00600000005215406,"Epiplatys chaperi",176010.221996449,1,1,0,NA,NA,NA,NA,NA,1,"NT",1735
"4512",0,24197.966796875,38,0.165000006556511,2.32039995193481,308.769610595703,292.388391113281,0.00300000002607703,0.0130000002682209,"Enteromius callipterus",1117230.64560227,1,1,0,NA,NA,NA,NA,NA,1,"LC",10353
"4513",0,37364.69921875,23.4499999999998,0.151274993643165,1.46645001471043,300.709046173096,294.039317321777,0.0020000000949949,0.00400000018998981,"Congochromis sabinae",92960.1861617861,1,1,0,NA,NA,NA,NA,NA,1,"LC",1052
"4518",0.267249988019466,11712.7255859375,0,0.367000013589859,1.5951500415802,300.552258300781,291.575758361816,0.0020000000949949,0.00600000005215406,"Ivindomyrus opdenboschi",59089.3764051466,NA,NA,0,NA,NA,NA,NA,NA,1,"VU",687
"4522",0,37367.671875,44,0.300999999046326,2.8484500169754,303.164340209961,287.407989501953,0.0020000000949949,0.0130000002682209,"Synodontis nigromaculatus",795991.595645622,1,1,0,38.5,"subsistence fisheries",0,3.38,"Carni.",1,"LC",6623
"4523",0,13524.0048828125,43,0.195999994874001,2.78319997787475,310.006408691406,291.954986572266,0.00400000018998981,0.0140000004321337,"Siluranodon auritus",1978624.00825209,1,1,0,14,NA,0,2.86,"Carni.",1,"LC",14513
"4525",0.00370000014081597,480.52099609375,31.3,0.106899997591972,1.71439995765686,299.413198852539,286.326501464844,0.00100000004749745,0.00999999977648258,"Labeo polli",16746.5278368608,1,1,0,NA,NA,NA,NA,NA,3,"DD",189
"4529",0.499000012874603,235.300003051758,0,1.37300002574921,1.37300002574921,298.033996582031,290.243988037109,0.00700000021606684,0.00700000021606684,"Oreochromis chungruruensis",84.9258630313988,0,1,1,15.3999996185303,NA,0,NA,NA,3,"CR",1
"4530",8.72200012207031,703.588989257812,0,1.44200003147125,1.44200003147125,301.572998046875,292.190002441406,0.00300000002607703,0.00499999988824129,"Lamprologus ocellatus",33012.5919769452,0,1,1,5.80000019073486,"commercial",0,3.45,"Carni.",1,"LC",386
"4531",0,45825.2890625,42,0.200800004601479,2.64040002822876,300.826190185547,294.842791748047,0.0020000000949949,0.00400000018998981,"Marcusenius schilthuisiae",210623.111225159,1,1,0,NA,NA,NA,NA,NA,1,"LC",2033
"4532",0,45620.22265625,42,0.175999999046326,2.53307507634163,301.563795471191,295.23445892334,0.0020000000949949,0.00499999988824129,"Tylochromis pulcher",123302.23108164,1,1,0,22.8999996185303,NA,0,3.2,"Carni.",1,"LC",1302
"4534",0,1192.03198242188,24.125,0.12899999320507,1.23050004243851,299.765113830566,291.653381347656,0.00100000004749745,0.00400000018998981,"Atopochilus macrocephalus",70091.5867117077,1,1,0,NA,NA,NA,NA,NA,1,"DD",556
"4535",0,45918.515625,24,0.252000004053116,1.42460001707077,301.700506591797,293.50269317627,0.0020000000949949,0.00700000021606684,"Aphyosemion escherichi",116478.044031669,1,1,0,NA,NA,NA,NA,NA,1,"LC",1315
"4537",0.689000010490417,2546.23803710938,0,1.44700002670288,1.44700002670288,303.043180847168,289.298007965088,0.00700000021606684,0.00899999961256981,"Lethrinops christyi",6876.2660956166,0,1,1,NA,NA,NA,NA,NA,1,"LC",82
"4538",8.72200012207031,703.588989257812,0,1.44200003147125,1.44200003147125,301.572998046875,292.190002441406,0.00300000002607703,0.00499999988824129,"Tropheus kasabae",33012.5919769452,0,1,1,NA,NA,NA,NA,NA,1,"LC",386
"4541",0.17660000026226,37307.2734375,2,0.214200001955032,1.4996000289917,301.647192382812,291.036590576172,0.0020000000949949,0.00600000005215406,"Paramormyrops sphekodes",284037.75531521,1,0,0,11.3800001144409,NA,0,NA,NA,1,"LC",3305
"4545",0,946.164978027344,43.05,0.207500004023314,2.73097509145737,297.445193481445,288.44181137085,0.00300000002607703,0.00600000005215406,"Schilbe angolensis",7931.78573750912,1,1,0,NA,NA,NA,NA,NA,1,"DD",80
"4548",0.0304499994963408,45737.828125,35,0.250999987125397,1.86104999780655,300.620039367676,292.991390991211,0.00300000002607703,0.00600000005215406,"Lamprologus lethops",3772.62325065123,1,1,0,NA,NA,NA,NA,NA,1,"DD",39
"4550",0,95.2429962158203,32.425,0.0440249986946583,1.88954998254776,309.527679443359,275.089324951172,0.0209999997168779,0.028999999165535,"Astatotilapia desfontainii",158633.993015109,NA,NA,0,NA,NA,NA,NA,NA,2,NA,544
"4552",0,2590.998046875,29.025,0.602949985861778,1.81427501142025,302.619338226318,282.844004058838,0.00300000002607703,0.0179999992251396,"Notoglanidium maculatum",6817.95166645863,1,0,0,NA,NA,NA,NA,NA,1,"VU",80
"4553",1.06389998346567,1131.64001464844,0,0.334374997019768,0.766550023853779,301.177033996582,295.35036315918,0.00300000002607703,0.00400000018998981,"Heterotilapia cessiana",12654.7482631372,1,0,0,NA,NA,NA,NA,NA,1,"EN",148
"4555",0.0147499998565763,937.736022949219,6.3,0.346850001811981,1.03460001647472,302.074194335937,291.333804321289,0.00300000002607703,0.0109499999321997,"Konia dikume",4717.56909834871,0,1,1,11.1999998092651,NA,0,3.2,"Carni.",1,"CR",55
"4558",0.833000004291534,789.304016113281,0,1.97599995136261,1.97599995136261,298.594598388672,293.989990234375,0.0020000000949949,0.00300000002607703,"Haplochromis acidens",70288.0030463266,0,1,1,12.8000001907349,NA,0,3,"Carni.",1,"DD",817
"4559",0.689000010490417,2546.23803710938,0,1.44700002670288,1.44700002670288,302.144012451172,292.093138122559,0.00800000037997961,0.00800000037997961,"Placidochromis intermedius",334.782468437134,0,1,1,NA,NA,NA,NA,NA,1,"LC",4
"4561",0,3181.68994140625,21.6,0.239200001955032,1.31900000572205,301.748199462891,293.609197998047,0.0020000000949949,0.00600000005215406,"Chromidotilapia mamonekenei",63394.6464186654,NA,NA,0,NA,NA,NA,NA,NA,1,"LC",737
"4563",0,45859.06640625,39,0.172674997150898,2.63252508044243,300.726497650146,293.046730041504,0.0020000000949949,0.00600000005215406,"Lamprologus werneri",35498.2833081543,1,1,0,NA,NA,NA,NA,NA,1,"VU",388
"4566",0,13524.0048828125,28.775,0.365450010448694,2.11487496495247,303.809086608887,289.326781463623,0.00300000002607703,0.00999999977648258,"Epiplatys longiventralis",69520.0321730896,1,1,0,NA,NA,NA,NA,NA,1,"EN",810
"4567",0,4215.328125,37.45,0.452349999547005,1.87360001802444,300.951441955566,288.203349304199,0.00300000002607703,0.00700000021606684,"Parakneria malaissei",14342.9747658247,NA,NA,0,NA,NA,NA,NA,NA,1,"DD",143
"4569",0,37425.43359375,18,0.204999998211861,1.44820003509522,301.5998046875,290.262408447266,0.0020000000949949,0.00700000021606684,"Enteromius rubrostigma",300237.890305928,NA,NA,0,NA,NA,NA,NA,NA,1,"LC",3465
"4571",0.0451750014908612,462.993011474609,30.3,0.0995249992236495,1.55037502646446,300.0158203125,284.870997619629,0.00100000004749745,0.00300000002607703,"Potamothrissa whiteheadi",11269.8396042825,1,0,0,4.69999980926514,"of no interest",0,NA,NA,1,"DD",128
"4572",0.689000010490417,2546.23803710938,0,1.44700002670288,1.44700002670288,303.043180847168,289.298007965088,0.00700000021606684,0.00899999961256981,"Tramitichromis intermedius",6876.2660956166,0,1,1,16,"commercial",0,3.35,"Carni.",1,"LC",82
"4579",0,109.133003234863,39,0.678274986147881,2.46142507791519,301.578231811523,279.623155212402,0.00899999961256981,0.017724999692291,"Sandelia capensis",105094.841413636,1,0,0,20,"commercial",0,3.79,"Carni.",2,"DD",532
"4580",0,4.72599983215332,9,1.18499994277954,1.18499994277954,301.9169921875,297.015991210938,0.00499999988824129,0.00499999988824129,"Nothobranchius hengstleri",253.528530317207,0,1,1,4.13000011444092,NA,0,NA,NA,1,"EN",1
"4581",0,17901.61328125,44,0.517000019550323,2.69889988899231,304.975512695312,287.007189941406,0.00499999988824129,0.0120000001043081,"Marcusenius macrolepidotus",733169.650817033,1,1,0,32,"commercial",0,3.2,"Carni.",1,"LC",7645
"4583",0,13524.0048828125,43,0.237250003963709,2.80100011825562,309.304740905762,292.118011474609,0.00400000018998981,0.0130000002682209,"Distichodus brevipinnis",1005517.24811998,1,1,0,59,"commercial",0,2,"Herbi.",1,"LC",8251
"4584",21.9029998779297,1609.28796386719,0,0.685999989509583,0.685999989509583,305.424591064453,299.923596191406,0.00300000002607703,0.00400000018998981,"Brycinus ferox",8414.7713261449,NA,NA,0,NA,NA,NA,NA,NA,2,NA,97
"4585",0,2610.11694335938,41,0.476149991154671,2.3044999718666,303.863105773926,282.298254394531,0.00700000021606684,0.0130000002682209,"Enteromius arcislongae",70188.022945673,1,1,0,NA,NA,NA,NA,NA,1,"LC",815
"4588",0,37425.43359375,26,0.248174996301532,1.67047500014305,303.394012451172,290.861913299561,0.00300000002607703,0.00899999961256981,"Enneacampus kaupi",474374.545542018,1,1,0,16.5," ",0,2.73,"Omni.",1,"LC",5408
"4590",0,421.359985351562,46,1.03474994301796,2.80870010852814,299.467056274414,292.410003662109,0.0020000000949949,0.00400000018998981,"Gnathonemus barbatus",6216.66263301699,1,1,0,NA,NA,NA,NA,NA,1,"DD",63
"4596",8.72200012207031,703.588989257812,0,1.44200003147125,1.44200003147125,301.572998046875,292.190002441406,0.00300000002607703,0.00499999988824129,"Chelaethiops minutus",33354.7184506497,0,1,1,NA,NA,NA,NA,NA,1,"LC",390
"4601",0,30347.138671875,42.4499999999999,0.168049996346235,2.67099993228912,301.205693054199,296.360539245605,0.0020000000949949,0.00400000018998981,"Nannothrissa parva",66063.6110751707,1,1,0,4.19999980926514,"subsistence fisheries",0,2.66,"Omni.",1,"LC",623
"4606",0.689000010490417,2546.23803710938,0,1.44700002670288,1.44700002670288,301.47900390625,292.109008789062,0.00800000037997961,0.00800000037997961,"Labidochromis pallidus",83.5439592053947,0,1,1,NA,NA,NA,NA,NA,1,"LC",1
"4609",0,919.344970703125,36,0.187899994850159,1.55669995546341,301.40719909668,288.08639831543,0.0020000000949949,0.00600000005215406,"Labeobarbus tropidolepis",128336.943227812,1,1,0,NA,NA,NA,NA,NA,1,"LC",1357
"4621",0,1524.92602539062,42,1.01599998474121,3.31339993476868,307.367193603516,296.549200439453,0.00320000005885959,0.00680000018328428,"Labeo boulengeri",11375.694100389,1,0,0,NA,NA,NA,NA,NA,2,"DD",89
"4628",0.833000004291534,789.304016113281,0,1.97599995136261,1.97599995136261,298.594673919678,293.992588806152,0.0020000000949949,0.00300000002607703,"Haplochromis welcommei",70029.8147067808,0,1,1,10.5,NA,0,3.26,"Carni.",1,"VU",814
"4630",0.689000010490417,2546.23803710938,0,1.44700002670288,1.44700002670288,303.043180847168,289.298007965088,0.00700000021606684,0.00899999961256981,"Ctenopharynx nitidus",6876.2660956166,0,1,1,13.8999996185303,"commercial",0,3.5,"Carni.",1,"LC",82
"4636",0.433599996566772,5070.841796875,0,0.733200025558472,1.43540000915527,299.451190185547,291.704400634766,0.0020000000949949,0.00620000008493662,"Enteromius aloyi",6278.33152552257,NA,NA,0,NA,NA,NA,NA,NA,1,"DD",73
"4637",0,45920.859375,30,0.217274993285537,1.61580002605915,301.555876922607,291.31953125,0.0020000000949949,0.00600000005215406,"Phractura brevicauda",393417.006383253,1,1,0,NA,NA,NA,NA,NA,1,"LC",4412
"4638",0.790000021457672,2.77999997138977,0,0.28999999165535,0.28999999165535,295.234985351562,292.31201171875,0.0020000000949949,0.0020000000949949,"Haplochromis exspectatus",86.0484689958878,0,1,1,NA,NA,NA,NA,NA,1,"VU",1
"4643",0.417174992710352,703.588989257812,0,1.44200003147125,1.44200003147125,301.572998046875,292.190002441406,0.00300000002607703,0.00499999988824129,"Pseudosimochromis marginatus",34890.675799273,0,1,1,10," ",0,NA,NA,1,NA,404
"4647",0.385124996304512,890.078002929688,0,0.369250011444092,0.996099977195263,302.469630432129,286.794367218018,0.00222500007948838,0.00809999967459586,"Aphyosemion poliaki",7720.41627408374,1,0,0,NA,NA,NA,NA,NA,1,"EN",90
"4648",0,14785.6494140625,42,0.517124985158444,2.5617498934269,305.111999511719,285.953675842285,0.00700000021606684,0.0120000001043081,"Oreochromis mortimeri",361877.460349424,1,1,0,48,"commercial",0,2.7,"Omni.",3,"CR",2930
"4654",0.0469999983906746,6371.3427734375,21,0.37309999614954,2.24392495751381,300.494895172119,292.083082580566,0.0020000000949949,0.00600000005215406,"Parauchenoglanis pantherinus",79262.6883144036,NA,NA,0,NA,NA,NA,NA,NA,1,"VU",922
"4658",0.00560000017285347,43.3699989318848,19.8,0.297800010442734,1.26380002498627,297.198986816406,289.366796875,0.0042000001296401,0.00499999988824129,"Enteromius roussellei",1184.75308026537,1,1,0,NA,NA,NA,NA,NA,3,"DD",9
"4659",0,1847.01196289062,42,0.75597498267889,2.99009999036789,307.691061401367,299.373040771484,0.00300000002607703,0.00502499989233911,"Phreatichthys andruzzii",4719.15464882968,NA,NA,0,NA,NA,NA,NA,NA,2,NA,40
"4669",0,13524.0048828125,29,0.22147500179708,1.87015000581741,303.871530914307,292.147222900391,0.00300000002607703,0.00899999961256981,"Poropanchax luxophthalmus",213540.890033875,1,1,0,4," ",0,NA,NA,1,"LC",2460
"4671",0,17901.61328125,44,0.435999989509583,2.92347506284714,307.298417663574,285.828781890869,0.00400000018998981,0.0109999999403954,"Pisodonophis boro",984674.034531064,1,1,0,100,"minor commercial",1,4.03,"Carni.",2,"LC",6822
"4673",4.11639986038208,46.9910011291504,4,0.806199991703033,0.948400020599365,310.250390625,282.117395019531,0.0272000007331371,0.0299999993294477,"Aphanius saourensis",5874.02698802009,NA,NA,0,NA,NA,NA,NA,NA,2,NA,9
"4674",0,333.955993652344,35.125,0.490250006318092,2.06787499785423,301.437999725342,289.271507263184,0.00700000021606684,0.00899999961256981,"Nothobranchius kirki",6478.28177012112,1,1,0,NA,NA,NA,NA,NA,1,"VU",76
"4675",0,45859.06640625,42,0.184000000357628,2.87100005149841,309.266998291016,291.870498657227,0.00300000002607703,0.0140000004321337,"Heterotis niloticus",1108205.70291102,1,1,0,100,"commercial",0,2.9300000667572,"Carni.",1,"LC",7941
"4676",1.72699999809265,4484.31103515625,0,0.383800011873245,0.904799997806549,300.347210693359,292.916387939453,0.0020000000949949,0.00479999994859099,"Channallabes ogooensis",7655.49178940106,NA,NA,0,NA,NA,NA,NA,NA,1,"DD",89
"4680",0,3274.53393554688,23.3249999999999,0.295674998313189,1.55465001165867,302.697998046875,288.022498321533,0.00300000002607703,0.0120000001043081,"Coelotilapia joka",73950.9033628168,1,0,0,NA,NA,NA,NA,NA,1,"EN",868
"4682",0,9473.2900390625,48,0.510399985313416,3.48379998207092,303.689392089844,287.467987060547,0.00499999988824129,0.0130000002682209,"Rhabdalestes maunensis",1001809.50204592,1,1,0,8.5,"commercial",0,3.34,"Carni.",2,"LC",6417
"4683",0.689000010490417,2546.23803710938,0,1.44700002670288,1.44700002670288,300.908996582031,292.502990722656,0.00700000021606684,0.00700000021606684,"Placidochromis macroceps",84.3398314721336,0,1,1,NA,NA,NA,NA,NA,1,"DD",1
"4685",0.470999985933304,4484.31103515625,0,0.11599999666214,0.875,300.238006591797,293.751007080078,0.0020000000949949,0.00400000018998981,"Aphyosemion rectogoense",24170.5066000688,1,0,0,NA,NA,NA,NA,NA,1,"VU",281
"4690",0,30347.138671875,40,0.225249994546175,2.40499991178513,301.896751403809,293.333740234375,0.0020000000949949,0.00499999988824129,"Labeobarbus mawambiensis",274402.752463994,1,1,0,NA,NA,NA,NA,NA,1,"LC",2771
"4693",0,9131.9716796875,46,0.432300007343292,3.5066999912262,305.210601806641,287.712307739258,0.00800000037997961,0.0140000004321337,"Synodontis woosnami",206427.133977094,1,0,0,20.5,NA,0,2.42,"Omni.",2,"LC",573
"4695",0,45920.859375,44,0.245700006186962,2.78800010681152,301.394305419922,291.019906616211,0.00100000004749745,0.00600000005215406,"Channallabes apus",1038728.9531527,1,1,0,NA,NA,NA,NA,NA,1,"LC",10149
"4701",0,13524.0048828125,40.2249999999999,0.258774999529123,2.66205002069473,309.377990722656,293.972188568115,0.00300000002607703,0.0130000002682209,"Synodontis resupinatus",258412.479195984,1,1,0,26,"commercial",0,2.62,"Omni.",2,"LC",1552
"4704",0,37367.671875,44,0.231000006198883,2.81677492856979,300.749546813965,291.398986816406,0.00100000004749745,0.00499999988824129,"Nanochromis teugelsi",1543317.00744592,1,1,0,NA,NA,NA,NA,NA,1,"LC",15210
"4706",0,45825.2890625,42,0.181624995544553,2.60575005412102,301.296997070312,293.975490570068,0.0020000000949949,0.00499999988824129,"Epiplatys multifasciatus",981922.945767451,1,1,0,NA,NA,NA,NA,NA,1,"DD",9826
"4707",2.2856250166893,1363.66101074219,0,0.305225003510714,0.551925015449524,300.548236846924,293.395922088623,0.00300000002607703,0.00499999988824129,"Labeo curriei",1537.12159386384,1,0,0,NA,NA,NA,NA,NA,1,"CR",18
"4718",8.72200012207031,703.588989257812,0,1.44200003147125,1.44200003147125,301.572998046875,292.190002441406,0.00300000002607703,0.00499999988824129,"Lamprologus signatus",33012.5919769452,0,1,1,5.5,"commercial",0,3.6,"Carni.",1,"LC",386
"4719",0.0164750008378178,10097.5234375,12,0.247999995946884,1.40652498006821,301.901051330566,293.457971191406,0.0020000000949949,0.00600000005215406,"Nannopetersius lamberti",80790.3567404436,1,1,0,NA,NA,NA,NA,NA,1,"LC",940
"4720",0,13524.0048828125,40,0.160999998450279,2.59862500429153,309.054992675781,292.885986328125,0.00300000002607703,0.0130000002682209,"Distichodus rostratus",1459223.11875372,1,1,0,76,"commercial",0,2.57999992370605,"Omni.",1,"LC",12536
"4726",8.72200012207031,703.588989257812,0,1.44200003147125,1.44200003147125,301.572998046875,292.190002441406,0.00300000002607703,0.00499999988824129,"Xenotilapia albini",32927.6349325844,0,1,1,NA,NA,NA,NA,NA,1,"DD",385
"4728",0,45859.06640625,41,0.237000003457069,2.47044990062713,301.615644836426,293.441703796387,0.0020000000949949,0.00499999988824129,"Synodontis notatus",570791.468079495,1,1,0,NA,NA,NA,NA,NA,1,"LC",5495
"4729",0,9131.9716796875,48,0.496324997395277,3.52735008597374,303.69006729126,287.373640441895,0.00499999988824129,0.0140000004321337,"Oreochromis andersonii",947660.08919812,1,1,0,61,"commercial",0,2.39,"Omni.",2,"VU",5054
"4730",0,45825.2890625,37.75,0.0642500026151538,2.00537504255772,300.812488555908,294.417991638184,0.0020000000949949,0.00400000018998981,"Atopochilus chabanaudi",3948.6275505585,1,1,0,NA,NA,NA,NA,NA,1,"DD",46
"4733",0.00899999961256981,11712.7255859375,28,0.231000006198883,2.22150002717972,301.492091369629,291.879106140137,0.0020000000949949,0.00600000005215406,"Enteromius martorelli",276971.200804832,1,1,0,NA,NA,NA,NA,NA,1,"LC",3155
"4735",0,11694.5556640625,46,0.126000002026558,4.32959995269775,309.833102416992,287.189706420898,0.0020000000949949,0.0209999997168779,"Mormyrus caschive",313484.555165466,1,1,0,100,NA,0,3.2,"Carni.",2,"LC",1589
"4738",0.017399999499321,73.4250030517578,37.85,1.39374998211861,2.69199996590614,302.195346069336,296.673045349121,0.00499999988824129,0.00499999988824129,"Nothobranchius rubripinnis",597.622345063263,1,1,0,NA,NA,NA,NA,NA,1,"EN",7
"4740",0,45825.2890625,42,0.250449994206429,2.57999992370605,301.846008300781,294.415699768066,0.0020000000949949,0.00499999988824129,"Polypterus weeksii",466068.619849999,1,1,0,NA,NA,NA,NA,NA,1,"LC",4699
"4741",0,736.789001464844,32,0.535000026226044,2.07799994945526,301.673740386963,280.047370910645,0.0130000002682209,0.0189999993890524,"Pomatoschistus microps",11381.7388943766,1,1,0,9,"of no interest",1,3.2,"Carni.",3,"LC",156
"4742",0,789.304016113281,34,0.273000001907349,1.97599995136261,300.56944732666,284.213554382324,0.00300000002607703,0.00600000005215406,"Amphilius lujani",21080.1544104061,1,0,0,NA,NA,NA,NA,NA,1,"LC",223
"4747",0.417174992710352,703.588989257812,0,1.44200003147125,1.44200003147125,301.572998046875,292.190002441406,0.00300000002607703,0.00499999988824129,"Synodontis polli",34890.675799273,0,1,1,NA,NA,NA,NA,NA,1,"LC",404
"4749",0,45825.2890625,42,0.233674996718764,2.59862492084503,301.514007568359,293.711678314209,0.0020000000949949,0.00600000005215406,"Parachanna insignis",468101.895781959,1,1,0,NA,NA,NA,NA,NA,1,"LC",4788
"4751",0,6091.5322265625,33,0.152999997138977,1.89199998378753,307.711590576172,293.426409912109,0.00400000018998981,0.00999999977648258,"Enteromius macinensis",784037.292789806,1,1,0,NA,NA,NA,NA,NA,1,"LC",6865
"4755",0.0230000000447035,2397.17700195312,25.9,0.823700013756752,2.54190005064011,299.591859436035,292.448341369629,0.00300000002607703,0.00499999988824129,"Euchilichthys dybowskii",24668.0573728656,1,0,0,NA,NA,NA,NA,NA,1,"LC",283
"4764",0,7468.005859375,45,0.299725007265806,2.9698250412941,300.682230377197,290.386716461182,0.00100000004749745,0.00499999988824129,"Marcusenius dundoensis",156577.866294129,1,1,0,NA,NA,NA,NA,NA,1,"DD",1510
"4766",0,14785.6494140625,47,0.446000009775162,3.3592999458313,304.858303833008,285.825091552734,0.00499999988824129,0.0130000002682209,"Pharyngochromis acuticeps",1428678.12799614,1,1,0,NA,NA,NA,NA,NA,2,"LC",9949
"4767",0,190.630996704102,32.775,0.836100003123283,1.76434997320175,297.936587524414,277.950135803223,0.00745000008028001,0.0133250003214926,"Psammogobius knysnaensis",935.417225323237,1,0,0,7.5,NA,0,NA,NA,3,"LC",10
"4770",0,45918.515625,43,0.206175000593066,2.71582505106926,301.817993164062,289.681352233887,0.0020000000949949,0.00700000021606684,"Odaxothrissa losera",1743032.00747141,1,0,0,14.3500003814697,"subsistence fisheries",0,NA,NA,1,"LC",17728
"4771",0,4215.328125,40,0.439100010693073,2.17485004663467,302.813043212891,287.519161987305,0.00300000002607703,0.00899999961256981,"Tylochromis mylodon",59402.2604624895,1,1,0,22,"commercial",0,3.29,"Carni.",1,"LC",603
"4772",27.0389995574951,103.972999572754,0,0.337999999523163,0.337999999523163,295.157012939453,289.976599121094,0.0020000000949949,0.00220000008121133,"Haplochromis olivaceus",2837.93065776997,0,1,1,8.89999961853027,NA,0,NA,NA,3,"LC",33
"4776",0,439.285003662109,23.6,0.263824991881847,1.67767503261566,300.507567596436,279.804840087891,0.00499999988824129,0.00600000005215406,"Oreochromis jipe",6956.95780429941,1,1,0,50,"commercial",0,2,"Herbi.",1,"EN",58
"4779",0,703.588989257812,35.5,0.546000003814697,1.74750000238419,301.05549621582,287.197998046875,0.00499999988824129,0.00650000013411045,"Chiloglanis kalambo",5192.14821747836,1,0,0,4.40000009536743,"of no interest",0,NA,NA,1,"VU",61
"4782",1.06987500190735,1158.28894042969,0,0.223125005140901,0.612624995410442,302.65926361084,290.499378204346,0.00300000002607703,0.00400000018998981,"Polypterus teugelsi",7365.08427734965,1,0,0,41.5,NA,0,NA,NA,1,"DD",86
"4788",0.599400019645691,890.078002929688,0,0.342199999094009,0.992999970912933,302.022601318359,293.459606933594,0.00300000002607703,0.00819999966770409,"Stomatepia mariae",4202.50772882648,0,1,1,NA,NA,NA,NA,NA,1,"CR",49
"4790",0,7106.158203125,45,0.288550003618002,2.77870004177093,301.396449279785,291.199112701416,0.00100000004749745,0.00499999988824129,"Serranochromis spei",160109.434716531,1,1,0,NA,NA,NA,NA,NA,1,"LC",1432
"4791",0,11608.4775390625,40,0.228499997407198,2.36599999666214,301.63200378418,292.178253173828,0.0020000000949949,0.00499999988824129,"Microstomatichthyoborus katangae",118537.076550785,1,1,0,NA,NA,NA,NA,NA,1,"LC",1131
"4792",0.689000010490417,2546.23803710938,0,1.44700002670288,1.44700002670288,303.043180847168,289.298007965088,0.00700000021606684,0.00899999961256981,"Protomelas annectens",6876.2660956166,0,1,1,NA,NA,NA,NA,NA,1,"LC",82
"4793",0,45825.2890625,42,0.233949997276068,2.71205001473427,300.798532867432,294.96446762085,0.0020000000949949,0.00400000018998981,"Distichodus noboli",310333.825327205,1,1,0,NA,NA,NA,NA,NA,1,"LC",3140
"4798",0.17875000089407,1700.67602539062,4,0.19225000217557,0.802500009536743,300.681999206543,290.847999572754,0.00300000002607703,0.00499999988824129,"Doumea sanaga",69425.9835082059,NA,NA,0,NA,NA,NA,NA,NA,1,"LC",811
"4800",0,9131.9716796875,43,0.398249989748001,2.76844989061356,304.158361816406,287.407989501953,0.00499999988824129,0.0130000002682209,"Clariallabes platyprosopos",100641.818906496,1,0,0,29.5,NA,0,4.2,"Carni.",2,"LC",558
"4805",0,9131.9716796875,48,0.426099988818169,3.49530005455017,304.116088867188,287.375802612305,0.00499999988824129,0.0130000002682209,"Labeobarbus codringtonii",173832.475383179,1,0,0,39,NA,0,3.65,"Carni.",2,"LC",1029
"4806",0,17901.61328125,46,0.504000008106232,3.0782000541687,305.098394775391,287.857604980469,0.00700000021606684,0.0120000001043081,"Malapterurus shirensis",381329.192313397,1,0,0,NA,NA,NA,NA,NA,1,"LC",3713
"4811",0,3277.625,36,0.162000000476837,2.17600011825562,308.364013671875,294.285003662109,0.00499999988824129,0.0109999999403954,"Nannocharax lineomaculatus",168812.926064714,1,1,0,NA,NA,NA,NA,NA,1,"LC",1601
"4813",0,60.4309997558594,37.5,0.33712499588728,2.330874979496,308.520240783691,296.415130615234,0.0109999999403954,0.0120000001043081,"Alloblennius jugularis",3328.40643877063,NA,NA,0,NA,NA,NA,NA,NA,2,"LC",6
"4817",0.22355000115931,2538.36596679688,1,0.282274998724461,1.08892502188683,302.716681671143,293.365997314453,0.00300000002607703,0.00899999961256981,"Marcusenius meronai",25516.3409531026,1,0,0,NA,NA,NA,NA,NA,1,"EN",300
"4820",0,192.233993530273,40.725,0.448550006747246,2.46112497448921,302.667652893066,279.728958129883,0.00400000018998981,0.0140000004321337,"Carassius auratus",28028.0774473059,1,1,0,48,"commercial",0,2.86,"Carni.",3,"LC",252
"4822",0,13524.0048828125,35.1500000000001,0.174999997019768,2.37535005807877,308.561004638672,294.342987060547,0.00300000002607703,0.0120000001043081,"Clypeobarbus hypsolepis",333339.18994487,1,0,0,NA,NA,NA,NA,NA,1,"LC",2475
"4823",0,5633.46484375,37.05,0.496350008249283,2.03359999656677,302.937211608887,287.2609375,0.00400000018998981,0.00600000005215406,"Opsaridium loveridgii",98980.9494727895,1,1,0,NA,NA,NA,NA,NA,1,"LC",599
"4825",0,2488.02392578125,33,0.533700013160706,1.50750002861023,301.526095581055,289.711596679688,0.00300000002607703,0.00499999988824129,"Labeobarbus altipinnis",7223.3756629481,1,1,0,NA,NA,NA,NA,NA,1,"LC",77
"4826",0,45825.2890625,43,0.24702499397099,2.70992503762245,301.02378692627,295.092987060547,0.00100000004749745,0.00400000018998981,"Congochromis squamiceps",464588.143288779,1,1,0,NA,NA,NA,NA,NA,1,"LC",4722
"4827",0,2488.02392578125,33,0.533700013160706,1.50750002861023,301.526095581055,289.711596679688,0.00300000002607703,0.00499999988824129,"Parakneria lufirae",7223.3756629481,1,1,0,NA,NA,NA,NA,NA,1,"DD",77
"4828",0,45825.2890625,43,0.235300000011921,2.73585003614426,301.106843566895,294.363157653809,0.0020000000949949,0.00600000005215406,"Microctenopoma ansorgii",272369.660252889,1,1,0,NA,NA,NA,NA,NA,1,"LC",2807
"4830",0,841.357971191406,48,0.231000006198883,2.93899989128113,301.032012939453,293.880004882812,0.0020000000949949,0.00499999988824129,"Clariallabes manyangae",7299.72794438436,1,1,0,NA,NA,NA,NA,NA,1,"DD",41
"4831",0,9131.9716796875,47,0.444425000250339,3.38700008392334,303.239185333252,287.361269378662,0.00499999988824129,0.0130000002682209,"Enteromius multilineatus",1131139.42046494,1,1,0,4.5,"commercial",0,NA,NA,3,"LC",8578
"4833",0,45918.515625,42,0.200000002980232,2.54817508459091,301.734008789062,291.565657043457,0.0020000000949949,0.00600000005215406,"Chrysichthys cranchii",952721.992353758,1,1,0,NA,NA,NA,NA,NA,1,"LC",9434
"4835",0.639949995279312,452.679992675781,0,0.433649995923042,0.855300027132034,302.571249389648,287.003736877441,0.0020000000949949,0.00415000014472753,"Tylochromis trewavasae",3002.91946512575,1,0,0,20,NA,0,3.24,"Carni.",1,"DD",35
"4838",0.00909999962896109,45859.06640625,40,0.252000004053116,3.42359994649887,300.933410644531,292.779109191895,0.00300000002607703,0.00700000021606684,"Mastacembelus aviceps",9335.71281336562,1,0,0,NA,NA,NA,NA,NA,1,"VU",83
"4845",0.0700000002980232,30968.673828125,14.2999999999997,0.348700001835823,2.06599996089935,301.145291137695,291.628903198242,0.0020000000949949,0.00600000005215406,"Epiplatys neumanni",199036.742328077,1,0,0,NA,NA,NA,NA,NA,1,"LC",2309
"4848",0,45920.859375,44,0.279149994254112,3.3289999961853,304.233546447754,292.271461486816,0.00300000002607703,0.00700000021606684,"Lutjanus goreensis",12549.8484089694,1,0,0,80,"minor commercial",1,3.97,"Carni.",1,"DD",135
"4849",0,37367.671875,41,0.277999997138977,2.26654995679855,300.802001953125,287.894989013672,0.00100000004749745,0.00899999961256981,"Nannocharax wittei",272434.203189305,NA,NA,0,NA,NA,NA,NA,NA,1,NA,2843
"4850",0.689000010490417,2546.23803710938,0,1.44700002670288,1.44700002670288,303.043180847168,289.298007965088,0.00700000021606684,0.00899999961256981,"Lethrinops stridei",6876.2660956166,0,1,1,13,"commercial",0,2,"Herbi.",1,"DD",82
"4855",0,17901.61328125,43.6749999999993,0.349325002729893,2.86367502808571,304.955666351318,281.340615844727,0.00300000002607703,0.0149999996647239,"Psammogobius biocellatus",1073184.67274886,1,1,0,19.7999992370605,"of no interest",1,NA,NA,1,"LC",9174
"4857",0,2378.85498046875,32.45,0.944550004601479,2.24949998557567,303.169455718994,294.305445098877,0.00499999988824129,0.00700000021606684,"Nothobranchius lucius",2045.76461441908,1,1,0,5.36999988555908,NA,0,NA,NA,1,"NT",22
"4860",0,4742.22119140625,20.1,0.23189999461174,1.3331999540329,302.029998779297,290.165802001953,0.00300000002607703,0.00899999961256981,"Fundulopanchax fallax",47803.4058935403,1,1,0,NA,NA,NA,NA,NA,1,"EN",557
"4861",1.42700002193451,575.367980957031,0,0.28522499576211,0.535624975711107,300.68423538208,293.996995544434,0.00300000002607703,0.00400000018998981,"Enteromius lauzannei",3747.24995899451,1,0,0,NA,NA,NA,NA,NA,1,"VU",44
"4864",0,5122.18603515625,48,0.145999997854233,4.35450005531311,309.266998291016,291.96549987793,0.00600000005215406,0.0140000004321337,"Micropanchax kingii",161793.897719862,1,1,0,4,NA,0,NA,NA,2,"LC",901
"4876",0,45918.515625,41,0.221000000834465,2.50115005373955,301.734008789062,293.568379974365,0.0020000000949949,0.00499999988824129,"Eugnathichthys eetveldii",626728.82239757,1,1,0,NA,NA,NA,NA,NA,1,"LC",6138
"4881",0,13524.0048828125,42,0.158999994397163,2.73260006904602,309.927606201172,292.914001464844,0.00400000018998981,0.0140000004321337,"Marcusenius senegalensis",2069663.82031803,1,1,0,32.0999984741211,"minor commercial",0,2.79,"Omni.",1,"LC",15377
"4885",0.2153500020504,11712.7255859375,2,0.415149994194508,1.5951500415802,300.737893676758,292.020552062988,0.00300000002607703,0.00499999988824129,"Neolebias kerguennae",45340.5420747062,NA,NA,0,NA,NA,NA,NA,NA,1,"EN",527
"4888",0,4215.328125,39,0.346000000834465,2.3309999704361,300.890502929688,287.865005493164,0.00450000003911555,0.00999999977648258,"Nannocharax minutus",46101.8433602338,NA,NA,0,NA,NA,NA,NA,NA,3,NA,501
"4893",8.72200012207031,703.588989257812,0,1.44200003147125,1.44200003147125,301.572998046875,292.190002441406,0.00300000002607703,0.00499999988824129,"Mastacembelus flavidus",33012.5919769452,0,1,1,NA,NA,NA,NA,NA,1,"LC",386
"4903",0.0149999996647239,927.523986816406,26,0.120999999344349,1.97599995136261,301.201188659668,284.983758544922,0.0020000000949949,0.00600000005215406,"Astatoreochromis alluaudi",232689.306821896,1,1,0,19,"commercial",0,3.6,"Carni.",1,"LC",2119
"4907",0.689000010490417,2546.23803710938,0,1.44700002670288,1.44700002670288,302.670989990234,290.738022613525,0.00800000037997961,0.00899999961256981,"Labidochromis vellicans",1168.45461059626,0,1,1,6.69999980926514,"commercial",0,2,"Herbi.",1,"LC",14
"4909",0,1024.88098144531,40,0.588399985432625,2.50744997262955,302.701441955566,279.404911804199,0.00800000037997961,0.0140000004321337,"Redigobius dewaali",169502.236427955,1,0,0,5.59999990463257,NA,0,3.36,"Carni.",3,"LC",1675
"4911",0,2607.14404296875,44,0.332424991577864,3.3289999961853,303.142832183838,294.424987792969,0.00400000018998981,0.00700000021606684,"Notoglanidium walkeri",18917.8773908584,1,1,0,NA,NA,NA,NA,NA,1,"NT",192
"4912",0.0314999994821847,343.946990966797,21.65,0.121700000762939,1.65124997496604,299.948445129394,291.31950378418,0.00300000002607703,0.00499999988824129,"Orthochromis rubrolabialis",9760.64509218185,1,0,0,NA,NA,NA,NA,NA,1,"EN",95
"4913",0.595249995589256,2945.0400390625,1,0.499500006437302,1.14849998056889,302.759742736816,292.735496520996,0.00400000018998981,0.00874999980442226,"Scriptaphyosemion etzeli",935.223000566747,1,1,0,NA,NA,NA,NA,NA,1,"CR",11
"4914",0.0285499999299645,548.260009765625,31.9,0.188850001990795,1.75540000796318,305.659503173828,296.049942016602,0.00499999988824129,0.00700000021606684,"Synodontis comoensis",52279.2606537983,1,0,0,NA,NA,NA,NA,NA,1,"LC",503
"4915",0.0705999979749322,668.252990722656,3,0.433974993228912,1.3289999961853,308.130452728272,285.577143096924,0.00499999988824129,0.0130000002682209,"Labeobarbus megastoma",12968.8578893625,1,1,0,82.4000015258789,NA,0,3.1800000667572,"Carni.",3,"LC",154
"4921",0.689000010490417,2546.23803710938,0,1.44700002670288,1.44700002670288,302.802268981934,289.403015136719,0.00700000021606684,0.00899999961256981,"Diplotaxodon limnothrissa",12927.206021921,0,1,1,15.3999996185303,"commercial",0,3.13,"Carni.",1,"LC",154
"4923",0,2546.23803710938,16,1.44700002670288,1.45000004768372,303.377307128906,289.287808227539,0.00700000021606684,0.00999999977648258,"Caprichromis orthognathus",3100.1167566456,0,1,1,19.5,"commercial",0,4,"Carni.",1,"LC",37
"4925",0.0184000008739531,45918.515625,14.25,0.230325004458427,1.43252500891686,301.172909545898,293.885346984863,0.00400000018998981,0.00700000021606684,"Micralestes holargyreus",2569.5107953274,1,1,0,NA,NA,NA,NA,NA,1,"DD",24
"4927",0,13524.0048828125,37,0.151074993237853,2.20192490816116,308.384783172607,294.096008300781,0.00400000018998981,0.0109999999403954,"Mormyrus macrophthalmus",416423.308764872,1,1,0,NA,NA,NA,NA,NA,1,"LC",3444
"4928",0.833000004291534,789.304016113281,0,1.97599995136261,1.97599995136261,298.594623565674,293.989990234375,0.0020000000949949,0.00300000002607703,"Haplochromis estor",70201.9485614657,0,1,1,17,NA,0,4.2,"Carni.",1,"DD",816
"4931",0.0444500006735325,2003.27404785156,21,0.85244999229908,2.45055004358292,299.410403442383,292.434359741211,0.00300000002607703,0.00499999988824129,"Synodontis pardalis",15383.5365212904,1,1,0,NA,NA,NA,NA,NA,1,"EN",179
"4936",0.0462000012397766,8097.2041015625,20.5999999999999,0.264800000190735,1.38900005817413,301.195794677734,293.251995849609,0.0020000000949949,0.00600000005215406,"Amphilius pulcher",91193.1428889336,1,0,0,NA,NA,NA,NA,NA,1,"LC",1057
"4939",0.0710000023245811,2610.23388671875,24,0.203549995273352,1.12844998836517,304.671395874023,294.63974609375,0.00300000002607703,0.00700000021606684,"Enteromius trispilos",362333.651935968,1,0,0,NA,NA,NA,NA,NA,1,"LC",3903
"4940",0,17901.61328125,45,0.42960000038147,2.87380003929138,302.928399658203,283.645404052734,0.00400000018998981,0.0120000001043081,"Planiliza melinopterus",200034.198660052,NA,NA,0,NA,NA,NA,NA,NA,1,NA,1545
"4941",0.0381999999284745,174.751007080078,12.6,0.477099987864494,1.04490005373955,296.674896240234,290.684091186523,0.00400000018998981,0.00499999988824129,"Labeobarbus ethiopicus",426.192833465294,0,1,1,NA,NA,NA,NA,NA,3,"EN",5
"4943",2.26750001311302,107.46199798584,0,0.275499999523163,0.445875000208616,301.220500946045,296.161754608154,0.0023750000691507,0.00300000002607703,"Enteromius tegulifer",1375.13496628521,NA,NA,0,NA,NA,NA,NA,NA,1,"DD",16
"4944",0.0168000007979572,45918.515625,14.75,0.227775004506111,1.45117500424385,301.176309204102,293.87244720459,0.00400000018998981,0.00700000021606684,"Oreochromis lepidurus",2139.52135836836,1,1,0,NA,NA,NA,NA,NA,1,"EN",22
"4948",0,2385.04711914062,44,0.254100008308887,2.47780004143715,302.28800201416,289.20252456665,0.00499999988824129,0.00899999961256981,"Pareutropius longifilis",188217.354975269,1,1,0,NA,NA,NA,NA,NA,1,"LC",1422
"4953",0.162749998271465,763.440002441406,0.25,0.448250003159046,1.036749958992,301.029495239258,293.876007080078,0.00300000002607703,0.00499999988824129,"Enteromius boboi",6071.35920387774,1,0,0,NA,NA,NA,NA,NA,1,"CR",71
"4955",0.0517499991692603,331.755004882812,28.625,0.275750007480383,1.1161250025034,303.665626525879,296.209014892578,0.00300000002607703,0.00499999988824129,"Coptodon discolor",51407.9567580598,1,1,0,NA,NA,NA,NA,NA,1,"NT",456
"4963",0,227.733001708984,39.15,0.390499994158745,2.50912494659424,308.981275177002,284.258763885498,0.00700000021606684,0.0130000002682209,"Pomadasys argenteus",3839.99421921858,1,0,0,70,"commercial",1,3.36,"Carni.",2,"LC",38
"4968",0,45825.2890625,30,0.214000001549721,2.1594250023365,300.801951599121,292.151150512695,0.0020000000949949,0.00499999988824129,"Microsynodontis batesii",394129.976283405,NA,NA,0,NA,NA,NA,NA,NA,1,"DD",4542
"4970",27.0389995574951,103.972999572754,0,0.337999999523163,0.337999999523163,295.157012939453,289.976599121094,0.0020000000949949,0.00220000008121133,"Haplochromis paucidens",2837.93065776997,0,1,1,NA,NA,NA,NA,NA,3,"LC",33
"4971",0,9131.9716796875,48,0.503875009715557,3.50699996948242,303.926364898682,287.461006164551,0.00600000005215406,0.0140000004321337,"Enteromius barnardi",763628.466048268,1,1,0,7,"commercial",0,2.63,"Omni.",2,"LC",4676
"4975",0,11670.0654296875,42,0.180949994921684,3.0621000289917,309.259002685547,289.689852905273,0.0020000000949949,0.0140000004321337,"Synodontis frontosus",341906.535909856,1,1,0,34.2000007629395,NA,0,2.79,"Omni.",1,"LC",2599
"4976",0.0193999998271465,45859.06640625,41.8,0.252000004053116,1.43559997081757,301.201599121094,293.394396972656,0.00300000002607703,0.00700000021606684,"Labeobarbus dartevellei",2397.98523964026,1,1,0,NA,NA,NA,NA,NA,1,"DD",17
"4978",0.689000010490417,2546.23803710938,0,1.44700002670288,1.44700002670288,302.670114135742,292.093339538574,0.00800000037997961,0.00800000037997961,"Placidochromis boops",668.409036324841,0,1,1,NA,NA,NA,NA,NA,1,"LC",8
"4980",0,9478.6494140625,48,0.447700008749962,3.46460001468659,304.449801635742,287.259103393555,0.00499999988824129,0.0130000002682209,"Enteromius poechii",988948.45266033,1,1,0,11,"minor commercial",0,3.35,"Carni.",2,"LC",6669
"4981",0,12016.1474609375,44,0.377000004053116,2.93907500505447,300.286176300049,296.778307342529,0.0020000000949949,0.0020000000949949,"Amarginops platus",2839.94914831016,1,1,0,NA,NA,NA,NA,NA,1,"DD",32
"4982",0,45918.515625,40,0.172999992966652,2.51900005340576,301.486999511719,292.443551635742,0.0020000000949949,0.00600000005215406,"Microctenopoma nanum",1766907.66453224,1,1,0,NA,NA,NA,NA,NA,1,"LC",18635
"4983",110.603996276855,1156.61901855469,0,0.578999996185303,0.578999996185303,300.488006591797,297.656997680664,0.0020000000949949,0.0020000000949949,"Nanochromis transvestitus",1806.20941578989,0,1,1,NA,NA,NA,NA,NA,1,"EN",21
"4984",0,1854.42199707031,26.425,0.152999997138977,1.38324999511242,304.074827575684,293.60400390625,0.00457500001648441,0.00800000037997961,"Marcusenius brucii",75477.7344839847,1,0,0,NA,NA,NA,NA,NA,1,"DD",824
"4987",0.0126250002067536,16501.240234375,40.25,0.266124997287989,2.4020000398159,300.425487518311,296.324626922607,0.0020000000949949,0.00300000002607703,"Lamprologus tumbanus",4560.53903315996,0,1,1,NA,NA,NA,NA,NA,1,"EN",36
"4988",0.0200999995693564,2556.30395507812,29.6999999999999,0.24600000679493,1.23069995641708,301.314602661133,293.611492919922,0.00300000002607703,0.00600000005215406,"Enteromius rouxi",41999.2493574387,NA,NA,0,NA,NA,NA,NA,NA,1,"DD",485
"4989",0,14403.857421875,38,0.299600011110306,2.31219992637634,301.821606445313,293.561193847656,0.0020000000949949,0.00600000005215406,"Congothrissa gossei",38283.7777022497,1,0,0,3.5,"subsistence fisheries",0,3.33,"Carni.",1,"DD",433
"4990",0.689000010490417,2546.23803710938,0,1.44700002670288,1.44700002670288,302.670989990234,289.649002075195,0.00800000037997961,0.00899999961256981,"Pseudotropheus purpuratus",1339.5468642556,0,1,1,NA,NA,NA,NA,NA,1,"LC",16
"4991",0.440000008046627,37.140998840332,0,0.0606499996036291,0.403899998962879,293.016549682617,285.328141784668,0.00100000004749745,0.00300000002607703,"Haplochromis erythromaculatus",1978.59369783675,1,1,0,10.3000001907349,NA,0,NA,NA,3,"EN",23
"4992",0.689000010490417,2546.23803710938,0,1.44700002670288,1.44700002670288,302.688391113281,290.149194335938,0.00800000037997961,0.00899999961256981,"Nimbochromis fuscotaeniatus",2760.38238050639,0,1,1,25,"commercial",0,4.2,"Carni.",1,"VU",33
"4993",0,12016.1474609375,41,0.226649997383356,2.57792496085167,301.510180664062,291.166947174072,0.0020000000949949,0.00499999988824129,"Zaireichthys heterurus",108027.232490905,1,1,0,NA,NA,NA,NA,NA,1,"LC",1034
"4995",0.833000004291534,789.304016113281,0,1.97599995136261,1.97599995136261,298.594623565674,293.989990234375,0.0020000000949949,0.00300000002607703,"Haplochromis diplotaenia",70201.9485614657,0,1,1,11,NA,0,4.2,"Carni.",1,"DD",816
"4996",8.72200012207031,703.588989257812,0,1.44200003147125,1.44200003147125,301.572998046875,292.190002441406,0.00300000002607703,0.00499999988824129,"Lophiobagrus brevispinis",33012.5919769452,0,1,1,NA,NA,NA,NA,NA,1,"LC",386
"4997",0.00157500001369045,11449.4208984375,27,0.0970000028610229,1.63375000059605,299.955430603027,287.886245727539,0.0020000000949949,0.0020000000949949,"Labeobarbus paucisquamatus",81708.9495341357,NA,NA,0,NA,NA,NA,NA,NA,1,NA,942
"4999",0,1043.26098632812,46,0.426800000667572,3.00230008363724,300.577297973633,297.117286682129,0.0020000000949949,0.0020000000949949,"Synodontis robertsi",13319.4276580219,1,1,0,NA,NA,NA,NA,NA,1,"DD",115
"5006",0,67.4010009765625,33.025,0.712774999439716,1.81234994530678,303.976609039307,273.475589752197,0.0219999998807907,0.0309999994933605,"Salaria atlantica",3766.2425792225,NA,NA,0,NA,NA,NA,NA,NA,3,NA,40
"5009",0,13524.0048828125,32,0.146999999880791,1.9027000427246,306.752691650391,292.836141967773,0.00300000002607703,0.00800000037997961,"Phractura clauseni",341997.656684785,1,0,0,NA,NA,NA,NA,NA,1,"LC",3443
"5010",0,536.257995605469,43,0.67715000808239,3.15880007743835,300.822946166992,288.204058837891,0.00534999994561076,0.00899999961256981,"Nannocharax fasciolaris",8476.82448055933,1,1,0,NA,NA,NA,NA,NA,2,"DD",55
"5011",1.30859997272491,381.43701171875,0,0.300000011920929,0.606399977207184,301.815991210938,293.542413330078,0.00300000002607703,0.00580000020563603,"Coptodon thysi",1456.6482365492,0,1,1,NA,NA,NA,NA,NA,1,"CR",17
"5012",0.00909999962896109,45859.06640625,40,0.252000004053116,3.42359994649887,300.933410644531,292.779109191895,0.00300000002607703,0.00700000021606684,"Steatocranus glaber",9335.71281336562,1,1,0,NA,NA,NA,NA,NA,1,"VU",83
"5013",0,45918.515625,40,0.231025005877018,2.53079990148544,301.586680603027,293.508020782471,0.0020000000949949,0.00600000005215406,"Labeo barbatus",336125.443715222,1,0,0,NA,NA,NA,NA,NA,1,"LC",3482
"5014",8.72200012207031,703.588989257812,0,1.44200003147125,1.44200003147125,301.572998046875,292.190002441406,0.00300000002607703,0.00499999988824129,"Xenotilapia spiloptera",33012.5919769452,0,1,1,NA,NA,NA,NA,NA,1,"DD",386
"5015",0,12037.8349609375,47,0.446750003099442,4.4536248922348,311.197443389893,289.420835876465,0.00600000005215406,0.0149999996647239,"Nannocharax niloticus",172744.658250828,1,0,0,NA,NA,NA,NA,NA,2,"DD",852
"5019",0,45918.515625,41,0.208175004646182,2.53099989891052,301.807837677002,290.402707672119,0.0020000000949949,0.00600000005215406,"Micralestes stormsi",1029162.9557868,1,1,0,NA,NA,NA,NA,NA,1,"LC",10568
"5020",0.383650003373623,2100.81494140625,0,0.30179999768734,1.324100035429,301.053442382812,293.649305725098,0.00300000002607703,0.00600000005215406,"Aphyosemion heinemanni",5411.4949087238,1,0,0,NA,NA,NA,NA,NA,1,"DD",63
"5023",0.326999992132187,12357.0498046875,0,0.155775002762675,1.53822499811649,300.91180267334,292.068674468994,0.0020000000949949,0.00499999988824129,"Parananochromis ornatus",99108.577151465,NA,NA,0,NA,NA,NA,NA,NA,1,"EN",1152
"5025",0.297550003230572,22.0179996490479,0,0.724674977362156,0.750324986875057,306.903623962402,297.026268768311,0.00800000037997961,0.00800000037997961,"Nothobranchius occultus",422.373311469475,1,1,0,NA,NA,NA,NA,NA,2,"DD",2
"5026",0,490.212005615234,39,0.230524995550513,2.20080007910728,297.519671630859,287.39599609375,0.00300000002607703,0.00700000021606684,"Labeobarbus clarkeae",9067.78324835414,1,1,0,NA,NA,NA,NA,NA,2,"DD",94
"5031",0.0486249988898635,4742.22119140625,21.125,0.202999994158745,1.91150003671646,301.355628967285,293.342872619629,0.00300000002607703,0.00499999988824129,"Campylomormyrus phantasticus",54534.5793726259,NA,NA,0,NA,NA,NA,NA,NA,1,"LC",636
"5033",0.689000010490417,2546.23803710938,0,1.44700002670288,1.44700002670288,302.659188842773,289.403015136719,0.00700000021606684,0.00800000037997961,"Diplotaxodon greenwoodi",26520.5883195937,0,1,1,24.7000007629395,"commercial",0,4.2,"Carni.",1,"LC",315
"5034",0.689000010490417,2546.23803710938,0,1.44700002670288,1.44700002670288,301.864990234375,292.723999023438,0.00800000037997961,0.00800000037997961,"Iodotropheus stuartgranti",83.691823487896,0,1,1,NA,NA,NA,NA,NA,1,"LC",1
"5035",0.689000010490417,2546.23803710938,0,1.44700002670288,1.44700002670288,302.988053894043,289.465687561035,0.00700000021606684,0.00800000037997961,"Lethrinops mylodon",3940.32942711829,0,1,1,20.2000007629395,"commercial",0,3.37,"Carni.",1,"LC",47
"5036",0.417174992710352,703.588989257812,0,1.44200003147125,1.44200003147125,301.572998046875,292.190002441406,0.00300000002607703,0.00499999988824129,"Petrochromis trewavasae",34890.675799273,0,1,1,18," ",0,2,"Herbi.",1,"LC",404
"5038",0,37367.671875,41.8,0.2074000030756,2.10699992179871,302.43359375,292.28359375,0.00100000004749745,0.00600000005215406,"Labeo dhonti",210681.451691256,1,1,0,NA,NA,NA,NA,NA,1,"LC",1889
"5051",NA,NA,NA,NA,NA,NA,NA,NA,NA,"Nothobranchius streltsovi",85.4658319182816,1,1,0,5.11999988555908,NA,0,NA,NA,1,"VU",0
"5055",0,45918.515625,43,0.192125000059605,2.70299991965294,300.900508880615,293.050994873047,0.0020000000949949,0.00700000021606684,"Synodontis caudalis",90420.4225748307,1,0,0,NA,NA,NA,NA,NA,1,"LC",966
"5056",0,919.344970703125,31.95,0.121099999547005,1.5614500105381,301.641947937012,286.791551208496,0.0020000000949949,0.00600000005215406,"Amphilius jacksonii",29620.4943835381,1,0,0,15,NA,0,2.96,"Carni.",1,"LC",283
"5059",0,288.881988525391,30.675,0.505924993753433,1.87902502119541,304.639628601074,286.943375396729,0.00400000018998981,0.0106749998871237,"Alcolapia alcalica",12896.5304498533,NA,NA,0,NA,NA,NA,NA,NA,1,NA,134
"5066",1.35855001807213,37307.2734375,0,0.226099996268749,1.00497499406338,301.671947479248,288.864388275146,0.0020000000949949,0.00700000021606684,"Neolebias gossei",41476.1925020534,NA,NA,0,NA,NA,NA,NA,NA,1,"LC",482
"5068",0,2922.8310546875,15.825,0.494349988549948,1.40429998040199,304.000102233887,293.375912475586,0.00400000018998981,0.00899999961256981,"Leptocypris konkoureensis",14218.5807924757,1,0,0,NA,NA,NA,NA,NA,1,"VU",168
"5069",1.99570001363754,1147.47998046875,0,0.253699991106987,0.512100011110306,301.166749572754,294.927410888672,0.00300000002607703,0.00400000018998981,"Enteromius carcharhinoides",3667.09216418555,1,0,0,NA,NA,NA,NA,NA,1,"CR",43
"5071",0.689000010490417,2546.23803710938,0,1.44700002670288,1.44700002670288,302.728045654297,292.515211486816,0.00800000037997961,0.00800000037997961,"Aulonocara guentheri",251.022544618195,0,1,1,15,"commercial",0,3.5,"Carni.",1,"EN",3
"5088",1.4576000213623,1085.38793945312,0,0.310000002384186,0.394400006532669,300.507611083984,295.025189208984,0.00320000005885959,0.00400000018998981,"Epiplatys coccinatus",768.23235898292,1,0,0,NA,NA,NA,NA,NA,1,"CR",9
"5089",0,45825.2890625,42,0.186875006183982,2.56299996376038,301.429363250732,291.166366577148,0.0020000000949949,0.00600000005215406,"Parauchenoglanis punctatus",1137709.33635401,1,1,0,NA,NA,NA,NA,NA,1,"LC",11516
"5090",0,2579.22900390625,40,0.51112499833107,2.0251250565052,302.396373748779,290.048377990723,0.00300000002607703,0.00499999988824129,"Labeo kibimbi",21933.9154094822,1,1,0,NA,NA,NA,NA,NA,1,"LC",216
"5092",0,17901.61328125,45,0.513025011122227,2.77887504100799,303.834967041016,283.777282714844,0.00499999988824129,0.0140000004321337,"Hemigrammopetersius barnardi",656571.230352448,1,1,0,7,"of no interest",0,3.38,"Carni.",1,"LC",6122
"5093",0.0284499995876104,3046.15600585938,23.55,0.356574998050928,1.90029997825623,300.62222442627,293.242880249023,0.00300000002607703,0.00499999988824129,"Paramormyrops retrodorsalis",37293.8940371758,NA,NA,0,NA,NA,NA,NA,NA,1,NA,430
"5095",3.53800010681152,543.231994628906,0,1.3289999961853,1.3289999961853,298.501007080078,288.878144836426,0.00600000005215406,0.00700000021606684,"Labeobarbus macrophtalmus",2946.00893117719,0,1,1,42.5,NA,0,3.42000007629395,"Carni.",1,"EN",35
"5099",0,847.75,32.375,0.266499992460012,2.0191251039505,301.91300201416,286.352737426758,0.00499999988824129,0.00600000005215406,"Enteromius quadripunctatus",29684.5330394771,1,0,0,NA,NA,NA,NA,NA,1,"DD",276
"5105",0,3162.02905273438,35.1,0.157000005245209,1.57660000324248,301.584405517578,293.474911499023,0.00300000002607703,0.00700000021606684,"Plataplochilus loemensis",34842.277944082,NA,NA,0,NA,NA,NA,NA,NA,1,NA,397
"5106",0.181149994581938,37307.2734375,2,0.239049992710352,1.54994995594025,301.491903686523,291.585664367676,0.0020000000949949,0.00600000005215406,"Parakneria abbreviata",276338.549551445,NA,NA,0,NA,NA,NA,NA,NA,1,"LC",3203
"5110",0,17901.61328125,45,0.517000019550323,3.04819993972778,305.059393310547,285.32958984375,0.00700000021606684,0.0140000004321337,"Synodontis zambezensis",964404.712576738,1,0,0,43,"minor commercial",0,2.66,"Omni.",2,"LC",7793
"5111",0,12016.1474609375,43.9,0.380200004577637,2.91180002689362,300.280404663086,296.720593261719,0.0020000000949949,0.0020000000949949,"Phractura fasciata",4474.66401118992,1,0,0,NA,NA,NA,NA,NA,1,"DD",45
"5115",0.0125500001944602,737.304016113281,36.45,0.356000006198883,1.85752499699593,301.714596557617,295.237645721436,0.00400000018998981,0.00499999988824129,"Petrocephalus hutereaui",4723.13130917601,1,1,0,NA,NA,NA,NA,NA,1,"DD",52
"5119",0.00172500000335276,3.25200009346008,12.775,0.859525021910667,1.22147494852543,295.974774932861,282.254070281982,0.0109999999403954,0.0120000001043081,"Pseudobarbus senticeps",357.097797500464,1,0,0,7.92999982833862,NA,0,NA,NA,3,"CR",4
"5129",8.72200012207031,703.588989257812,0,1.44200003147125,1.44200003147125,301.572998046875,292.190002441406,0.00300000002607703,0.00499999988824129,"Callochromis macrops",33354.7184506497,1,1,0,NA,NA,NA,NA,NA,1,"LC",390
"5135",0.00327500007115305,45665.3515625,34.725,0.242924996465445,1.65949996709824,301.945883178711,293.12762298584,0.0020000000949949,0.00600000005215406,"Tetracamphilius pectinatus",11744.7113018625,1,1,0,3.36999988555908,NA,0,NA,NA,1,"DD",132
"5136",0.689000010490417,2546.23803710938,0,1.44700002670288,1.44700002670288,303.043180847168,289.298007965088,0.00700000021606684,0.00899999961256981,"Genyochromis mento",6876.2660956166,0,1,1,12.6000003814697,"commercial",0,4.4,"Carni.",1,"LC",82
"5140",0,45825.2890625,40,0.231000006198883,2.47399997711182,301.725006103516,292.993011474609,0.0020000000949949,0.00600000005215406,"Euchilichthys guentheri",517854.200940527,1,1,0,NA,NA,NA,NA,NA,1,"LC",5201
"5144",0.689000010490417,2546.23803710938,0,1.44700002670288,1.44700002670288,302.158996582031,289.280107116699,0.00800000037997961,0.00899999961256981,"Abactochromis labrosus",1933.82859661721,0,1,1,NA,NA,NA,NA,NA,1,"LC",23
"5149",0,2922.8310546875,15,0.494249988347292,1.40037502348423,303.951240539551,293.372512817383,0.00400000018998981,0.00899999961256981,"Synodontis levequei",17426.7903729055,1,0,0,NA,NA,NA,NA,NA,1,"VU",206
"5151",0.0369749987730756,203.391006469727,10.275,0.251524996012449,1.32137500345707,299.680976104736,291.349035644531,0.00300000002607703,0.00600000005215406,"Labeobarbus boulengeri",2546.77383606627,NA,NA,0,NA,NA,NA,NA,NA,1,NA,22
"5152",0,2546.23803710938,16,1.44700002670288,1.45000004768372,303.046699523926,289.295707702637,0.00700000021606684,0.00999999977648258,"Dimidiochromis kiwinge",7292.64023344102,0,1,1,30,"commercial",0,4.2,"Carni.",1,"LC",87
"5158",0,4176.18212890625,39.4,0.453200000524521,2.1199999332428,302.122802734375,281.694586181641,0.00499999988824129,0.0160000007599592,"Enteromius motebensis",87121.5066430647,1,0,0,NA,NA,NA,NA,NA,2,"NT",465
"5162",0,11349.0703125,36,0.245850006490946,1.82440002262592,305.660754394531,294.829599761963,0.00499999988824129,0.00700000021606684,"Synodontis omias",78687.0531702917,1,1,0,NA,NA,NA,NA,NA,1,"LC",918
"5165",0,653.552001953125,41.1,0.446100005507469,2.95569989681244,302.073208618164,286.615588378906,0.00400000018998981,0.00999999977648258,"Thoracochromis buysi",51663.7171046581,1,1,0,NA,NA,NA,NA,NA,2,"LC",237
"5167",0,9131.9716796875,46.425,0.432575003802776,3.50642501115799,305.230123901367,287.238291168213,0.00600000005215406,0.0149999996647239,"Synodontis leopardinus",235650.07371203,1,0,0,19.6000003814697,NA,0,3.68,"Carni.",2,"LC",664
"5169",0,4742.22119140625,30.3,0.206100000441074,1.74920001029968,303.701995849609,290.411010742188,0.00300000002607703,0.00899999961256981,"Erpetoichthys calabaricus",64439.4008133635,1,1,0,37,"of no interest",0,3.26,"Carni.",1,"NT",749
"5174",0,45825.2890625,40,0.221000000834465,2.44942501783371,301.734008789062,294.360952758789,0.0020000000949949,0.00499999988824129,"Pollimyrus nigripinnis",419103.892580735,1,1,0,NA,NA,NA,NA,NA,1,"LC",4494
"5186",0.355400010943413,150.294006347656,0,0.407600000500679,0.775800001621247,298.447613525391,292.774795532227,0.00300000002607703,0.00400000018998981,"Eleotris acanthopoma",2423.03619895682,NA,NA,0,NA,NA,NA,NA,NA,2,NA,5
"5189",0.174699999392033,6371.3427734375,2.55000000000001,0.247899995744228,1.22940000891686,301.64020690918,291.648448181152,0.00245000006398186,0.00700000021606684,"Benitochromis batesii",42880.936009144,1,0,0,NA,NA,NA,NA,NA,1,"VU",499
"5191",8.72200012207031,703.588989257812,0,1.44200003147125,1.44200003147125,301.572998046875,292.190002441406,0.00300000002607703,0.00499999988824129,"Brycinus rhodopleura",33354.7184506497,1,1,0,30,"commercial",0,NA,NA,1,"LC",390
"5193",0,297.511993408203,43.775,0.660800012946129,2.98275007009506,310.585807800293,296.240531158447,0.00499999988824129,0.0105249998625368,"Nothobranchius nubaensis",8791.92353586446,1,1,0,4.98999977111816,NA,0,NA,NA,2,"VU",20
"5194",0,4215.328125,41,0.398999989032745,2.40650004148483,301.184997558594,287.633255004883,0.00400000018998981,0.00999999977648258,"Enteromius neefi",344655.505619955,1,1,0,NA,NA,NA,NA,NA,3,"LC",3831
"5196",0,9131.9716796875,43,0.419999986886978,2.89150010347366,303.284596252441,287.638000488281,0.00300000002607703,0.0130000002682209,"Serranochromis thumbergi",590099.803339487,1,1,0,33,"subsistence fisheries",0,3.7,"Carni.",3,"LC",4315
"5200",8.72200012207031,703.588989257812,0,1.44200003147125,1.44200003147125,301.572998046875,292.190002441406,0.00300000002607703,0.00499999988824129,"Tanganicodus irsacae",33012.5919769452,0,1,1,7,"commercial",0,3.5,"Carni.",1,"LC",386
"5201",0,492.930999755859,32,0.106299996934831,1.61502504944801,302.348217010498,280.921970367432,0.00300000002607703,0.00700000021606684,"Amphilius lampei",49458.5994008346,1,0,0,NA,NA,NA,NA,NA,1,"DD",414
"5209",0,17901.61328125,47,0.409999996423721,3.35199999809265,303.44528427124,287.467987060547,0.0020000000949949,0.0120000001043081,"Microctenopoma intermedium",1249015.73175388,1,1,0,6.19999980926514,"commercial",0,3.2,"Carni.",3,"LC",10790
"5214",0.689000010490417,2546.23803710938,0,1.44700002670288,1.44700002670288,303.017791748047,289.285607910156,0.00700000021606684,0.00899999961256981,"Gephyrochromis lawsi",2767.9040295971,0,1,1,NA,NA,NA,NA,NA,1,"LC",33
"5215",0.118100003153086,1.28299999237061,25.9,0.434999985992909,0.751350018382072,310.514646911621,292.839364624023,0.0160000007599592,0.0160000007599592,"Eucinostomus gula",2048.14066684581,1,0,0,25.5,"minor commercial",1,3.13,"Carni.",2,"LC",3
"5216",0,45918.515625,43,0.229000002145767,2.71007503271103,301.441533660889,293.577778625488,0.0020000000949949,0.00600000005215406,"Hydrocynus goliath",474009.823288783,1,1,0,NA,NA,NA,NA,NA,1,"LC",4638
"5217",0,3062.65795898438,38.075,0.434925001114607,2.29020003676415,307.693883514404,289.118891906738,0.00300000002607703,0.00700000021606684,"Neobola bottegoi",8135.01291015676,1,1,0,NA,NA,NA,NA,NA,1,"DD",78
"5222",0,9131.9716796875,47,0.418000012636185,3.37440004348755,303.228802490234,287.296405029297,0.00400000018998981,0.0130000002682209,"Nannocharax multifasciatus",1176504.78253888,1,0,0,6,"of no interest",0,2.75,"Omni.",3,NA,8905
"5224",0,752.523986816406,32.7,0.273600003123283,2.01630003452301,307.680297851562,283.617092895508,0.00400000018998981,0.00899999961256981,"Garra aethiopica",22483.6849660368,1,0,0,NA,NA,NA,NA,NA,2,"LC",213
"5225",0,10.6999998092651,40.05,0.748349975794554,2.67787494659424,309.024932098389,291.771131134033,0.0074750002939254,0.0120000001043081,"Platycephalus indicus",2238.98773004834,1,1,0,100,"commercial",1,4.23,"Carni.",2,"DD",20
"5229",0,9036.9833984375,42.05,1.07507499456406,2.81209990382194,306.803996276855,288.273986816406,0.00999999977648258,0.0130000002682209,"Pollimyrus marianne",9513.22495162562,1,0,0,NA,NA,NA,NA,NA,2,"LC",34
"5233",0,13524.0048828125,40,0.165999993681908,2.62209997177124,309.088012695312,292.186950683594,0.00400000018998981,0.0130000002682209,"Brevimyrus niger",1265796.23853896,1,1,0,15,NA,0,2.94,"Carni.",1,"LC",8819
"5234",0.0240000002086163,792.474975585938,22.15,0.413799991458654,1.31750003993511,299.880135345459,295.637230682373,0.0020000000949949,0.00300000002607703,"Aphyosemion lefiniense",3265.99161473413,NA,NA,0,NA,NA,NA,NA,NA,1,"DD",38
"5236",0,566.075012207031,36,0.708374984562397,2.07287499308586,302.007865905762,280.976001739502,0.00800000037997961,0.0130000002682209,"Labeobarbus nelspruitensis",54429.8510356814,1,0,0,NA,NA,NA,NA,NA,3,"NT",516
"5238",0.00300000002607703,1.84399998188019,33.95,1.98474997878075,2.20325011014938,301.309909057617,286.773559570312,0.0130000002682209,0.0130000002682209,"Tilapia guinasana",1543.65632882045,0,1,1,14," ",0,2,"Herbi.",2,"CR",3
"5239",21.9029998779297,1609.28796386719,0,0.685999989509583,0.685999989509583,305.424591064453,299.923596191406,0.00300000002607703,0.00400000018998981,"Brycinus minutus",8414.7713261449,NA,NA,0,NA,NA,NA,NA,NA,2,NA,97
"5248",0.0168000007979572,45918.515625,14.75,0.227775004506111,1.45117500424385,301.176309204102,293.87244720459,0.00400000018998981,0.00700000021606684,"Stomatorhinus schoutedeni",2139.52135836836,1,1,0,NA,NA,NA,NA,NA,1,"DD",22
"5253",0,45825.2890625,41,0.203100001066923,2.57845003604889,301.570698547363,294.090097045898,0.0020000000949949,0.00499999988824129,"Petrocephalus grandoculis",397453.014309084,1,1,0,NA,NA,NA,NA,NA,1,"LC",4023
"5256",0.689000010490417,2546.23803710938,0,1.44700002670288,1.44700002670288,303.043180847168,289.298007965088,0.00700000021606684,0.00899999961256981,"Otopharynx heterodon",6876.2660956166,0,1,1,NA,NA,NA,NA,NA,1,"LC",82
"5257",27.0389995574951,103.972999572754,0,0.337999999523163,0.337999999523163,295.157012939453,289.976599121094,0.0020000000949949,0.00220000008121133,"Haplochromis occultidens",2837.93065776997,0,1,1,NA,NA,NA,NA,NA,3,"LC",33
"5258",8.72200012207031,703.588989257812,0,1.44200003147125,1.44200003147125,301.572998046875,292.190002441406,0.00300000002607703,0.00499999988824129,"Bathybates fasciatus",33354.7184506497,0,1,1,39.7000007629395,"commercial",0,4.2,"Carni.",1,"LC",390
"5259",0,45920.859375,41,0.181999996304512,2.66700005531311,309.505004882812,291.320007324219,0.0020000000949949,0.0130000002682209,"Brycinus macrolepidotus",4518010.83563983,1,1,0,53,"commercial",0,2.75,"Omni.",1,"LC",37973
"5269",0,45825.2890625,42,0.160999998450279,2.71730000972748,300.794204711914,295.028894042969,0.0020000000949949,0.00300000002607703,"Polypterus mokelembembe",128679.030157912,1,1,0,NA,NA,NA,NA,NA,1,"LC",1397
"5272",0.689000010490417,2546.23803710938,0,1.44700002670288,1.44700002670288,302.659188842773,289.403015136719,0.00700000021606684,0.00800000037997961,"Bathyclarias atribranchus",26520.5883195937,0,1,1,60,"of no interest",0,3.061,"Carni.",1,"LC",315
"5273",0.114000000059605,4742.22119140625,9,0.194999992847443,1.15400004386902,300.881988525391,291.263000488281,0.00300000002607703,0.00499999988824129,"Prolabeops melanhypopterus",133670.963197998,NA,NA,0,NA,NA,NA,NA,NA,1,"LC",1561
"5282",0.691074997559189,295.774993896484,12.95,0.509600004553795,1.23432505130768,307.054233551025,297.658891296387,0.00800000037997961,0.00800000037997961,"Enteromius parablabes",844.64684486355,1,0,0,6.19999980926514,NA,0,2.77,"Omni.",1,"LC",4
"5288",0,4329.9990234375,30,0.195624994114041,1.61537502706051,306.663997650146,293.60400390625,0.00499999988824129,0.00899999961256981,"Polypterus ansorgii",40019.2334170004,1,1,0,NA,NA,NA,NA,NA,1,"LC",466
"5289",0.541125006973743,401.52099609375,0,0.2321249935776,0.756000004708767,302.333988189697,294.455993652344,0.00300000002607703,0.00400000018998981,"Fundulopanchax kamdemi",3942.77264211391,0,0,0,7.30000019073486,NA,0,NA,NA,1,"LC",46
"5290",0,3274.53393554688,22,0.275999993085861,1.65824998915195,303.736492156982,291.114364624023,0.00300000002607703,0.00999999977648258,"Petrocephalus tenuicauda",203517.457308722,1,0,0,NA,NA,NA,NA,NA,1,"LC",2396
"5297",0.0383500006981194,286.084014892578,27.65,0.254500003904104,2.13105005025864,307.615837097168,295.859883880615,0.00499999988824129,0.00932499966584146,"Brycinus luteus",11538.0077262664,1,0,0,NA,NA,NA,NA,NA,1,"EN",68
"5302",0,3903.67700195312,33.875,0.701849985122681,1.53562503755093,300.32873840332,289.915779876709,0.00700000021606684,0.00700000021606684,"Orthochromis luongoensis",845.165140088442,1,1,0,NA,NA,NA,NA,NA,1,"EN",10
"5305",0,45918.515625,40,0.164000004529953,2.38737508654594,301.688995361328,292.320007324219,0.0020000000949949,0.00600000005215406,"Pareutropius debauwi",1050583.62789881,1,1,0,NA,NA,NA,NA,NA,1,"LC",10916
"5308",0.833000004291534,789.304016113281,0,1.97599995136261,1.97599995136261,298.594598388672,293.989990234375,0.0020000000949949,0.00300000002607703,"Haplochromis altigenis",70288.0030463266,0,1,1,20.2000007629395,NA,0,4.2,"Carni.",1,"DD",817
"5323",0,2538.36596679688,19,0.294999986886978,1.48252497315407,303.43826675415,290.099983215332,0.00300000002607703,0.0108249999117106,"Mastacembelus taiaensis",44897.455656188,1,0,0,NA,NA,NA,NA,NA,1,"NT",528
"5324",37.8289985656738,3169.208984375,0,0.887000024318695,0.887000024318695,300.830001831055,294.5,0.00400000018998981,0.00500000012107193,"Microthrissa moeruensis",5184.69109620886,0,1,1,4.09999990463257,"minor commercial",0,NA,NA,1,NA,61
"5328",0,2548.85009765625,41,0.495474991947413,2.06917489171028,303.35072479248,283.35707321167,0.00700000021606684,0.0120000001043081,"Mastacembelus shiranus",69977.313738417,1,1,0,26,"commercial",0,4,"Carni.",3,"LC",798
"5329",0.689000010490417,2546.23803710938,0,1.44700002670288,1.44700002670288,303.043180847168,289.298007965088,0.00700000021606684,0.00899999961256981,"Copadichromis pleurostigmoides",6876.2660956166,0,1,1,NA,NA,NA,NA,NA,1,"LC",82
"5337",0.0689750021323562,6371.3427734375,6.14999999999999,0.244674994796515,0.899374987185,301.651012420654,293.252986907959,0.00292500003124587,0.00415000017965212,"Eleotris pisonis",3266.82301567277,1,0,0,25,NA,1,3.72,"Carni.",1,"LC",38
"5339",0,30347.138671875,40,0.244000002741814,2.55829992294311,301.885986328125,294.286288452148,0.0020000000949949,0.00499999988824129,"Chrysichthys wagenaari",286691.07875611,1,1,0,NA,NA,NA,NA,NA,1,"LC",2957
"5341",0,11905.806640625,48,0.52715000808239,3.48499989509583,304.823629760742,286.562084960937,0.00507499990053477,0.0140000004321337,"Marcusenius altisambesi",1294834.02289568,1,1,0,NA,NA,NA,NA,NA,2,"LC",6684
"5343",0,45920.859375,31,0.244150003045797,1.82500004768372,304.215101623535,291.738693237305,0.00300000002607703,0.00800000037997961,"Aplocheilichthys spilauchen",763924.936485664,1,1,0,8," ",0,NA,NA,1,"LC",8247
"5351",0,55.9720001220703,42.9,0.999000012874603,3.13989998102188,302.465455627441,279.035450744629,0.0140000004321337,0.0179999992251396,"Pseudobarbus calidus",10389.0733702298,1,0,0,NA,NA,NA,NA,NA,2,"NT",63
"5352",0,45825.2890625,43,0.210350002348423,2.67674995660782,301.598545837402,294.697998046875,0.0020000000949949,0.00499999988824129,"Nannocharax uniocellatus",365300.992238588,NA,NA,0,NA,NA,NA,NA,NA,1,NA,3419
"5356",0.0466249992139637,1351.68603515625,14.85,0.254000008106232,1.29255004227161,300.450425720215,294.525672149658,0.00100000004749745,0.00400000018998981,"Hemigrammopetersius pulcher",14401.7911131948,1,1,0,NA,NA,NA,NA,NA,1,"DD",142
"5358",0,5168.259765625,40,0.191500000655651,2.50025010108948,300.396987915039,296.592010498047,0.0020000000949949,0.0020000000949949,"Tricuspidalestes caeruleus",46380.6695825512,1,1,0,NA,NA,NA,NA,NA,1,"LC",531
"5363",0.0470749985426664,1320.34997558594,26.925,0.308299998939037,1.58634996712208,300.644012451172,293.247082519531,0.00300000002607703,0.00499999988824129,"Hippopotamyrus macroterops",24577.360875422,1,1,0,NA,NA,NA,NA,NA,1,"DD",284
"5364",0.689000010490417,2546.23803710938,0,1.44700002670288,1.44700002670288,302.93210144043,289.519387817383,0.00700000021606684,0.00800000037997961,"Diplotaxodon macrops",4447.32614848209,0,1,1,12.5,NA,0,2.81,"Carni.",1,"LC",53
"5366",0.00300000002607703,3169.208984375,31,0.39725000411272,1.46500000357628,300.704498291016,288.90673828125,0.00400000018998981,0.00700000021606684,"Tilapia baloni",22131.0217902288,1,1,0,NA,NA,NA,NA,NA,1,"LC",231
"5367",0.689000010490417,2546.23803710938,0,1.44700002670288,1.44700002670288,302.670989990234,289.403015136719,0.00700000021606684,0.00800000037997961,"Mchenga inornata",29454.7533964954,0,1,1,10,"commercial",0,3.4,"Carni.",1,"DD",350
"5368",8.72200012207031,703.588989257812,0,1.44200003147125,1.44200003147125,301.572998046875,292.190002441406,0.00300000002607703,0.00499999988824129,"Lates angustifrons",33012.5919769452,0,1,1,200,"commercial",0,4.5,"Carni.",1,"EN",386
"5369",0,1843.83898925781,45,0.33500000834465,2.87040004730225,300.866204833984,290.998406982422,0.0020000000949949,0.00499999988824129,"Amphilius lentiginosus",74039.5764229481,1,1,0,NA,NA,NA,NA,NA,1,"DD",777
"5372",0.689000010490417,2546.23803710938,0,1.44700002670288,1.44700002670288,303.043180847168,289.298007965088,0.00700000021606684,0.00899999961256981,"Mylochromis gracilis",6876.2660956166,0,1,1,22,"commercial",0,3.99,"Carni.",1,"LC",82
"5374",8.72200012207031,703.588989257812,0,1.44200003147125,1.44200003147125,301.572998046875,292.190002441406,0.00300000002607703,0.00499999988824129,"Grammatotria lemairii",33354.7184506497,0,1,1,26,"commercial",0,2.74,"Omni.",1,"LC",390
"5375",0.689000010490417,2546.23803710938,0,1.44700002670288,1.44700002670288,301.454010009766,292.283996582031,0.00800000037997961,0.00800000037997961,"Maylandia estherae",83.9468206076889,0,1,1,7.92000007629395,"commercial",0,2,"Herbi.",1,NA,1
"5378",0,2296.251953125,43,0.718400007486343,2.32209994792938,302.736798095703,285.681988525391,0.00410000015981495,0.0109999999403954,"Chrysichthys hildae",29774.1877051747,1,0,0,NA,NA,NA,NA,NA,3,"DD",365
"5379",0.425899988412857,5070.841796875,0,0.361599990725517,1.46129996776581,299.451089477539,291.357406616211,0.0020000000949949,0.00600000005215406,"Synodontis woleuensis",20383.4415291541,NA,NA,0,NA,NA,NA,NA,NA,1,"DD",237
"5380",0.00845000017434359,90.4229965209961,25.15,0.483250005543232,1.44145002961159,300.31315612793,291.170606994629,0.00400000018998981,0.00499999988824129,"Nothobranchius neumanni",4369.47039390129,1,1,0,NA,NA,NA,NA,NA,1,"LC",27
"5382",0.317850008606911,797.286010742188,0.174999999999955,0.6294249817729,1.97599995136261,301.133547973633,293.911010742188,0.0020000000949949,0.00400000018998981,"Haplochromis lividus",82157.5045718859,0,1,1,9,NA,0,2.4,"Omni.",1,"DD",914
"5383",0.689000010490417,2546.23803710938,0,1.44700002670288,1.44700002670288,302.144012451172,292.534490966797,0.00705000022426248,0.00800000037997961,"Placidochromis argyrogaster",252.094588079952,0,1,1,NA,NA,NA,NA,NA,1,"LC",3
"5384",0.697749987244606,2214.14306640625,0,0.264749988913536,0.910750024020672,301.404369354248,294.483238220215,0.00300000002607703,0.00499999988824129,"Labeobarbus parawaldroni",74850.8873866548,1,0,0,NA,NA,NA,NA,NA,1,"LC",876
"5387",0.689000010490417,2546.23803710938,0,1.44700002670288,1.44700002670288,302.705792236328,290.994995117188,0.00800000037997961,0.00899999961256981,"Melanochromis auratus",2089.22131410333,0,1,1,11,"highly commercial",0,2,"Herbi.",1,"LC",25
"5390",0,847.75,42,0.251599997282028,2.9079999923706,309.555010986328,287.879595947266,0.00400000018998981,0.0130000002682209,"Leiognathus equulus",291888.809464231,1,0,0,NA,NA,NA,NA,NA,2,"LC",1185
"5392",0,5.71400022506714,34,0.554550015926361,2.19934998750687,306.316461181641,280.251690673828,0.0234500001184642,0.0240000002086163,"Chaenogobius annularis",1683.48228925654,1,1,0,NA,NA,NA,NA,NA,2,"LC",19
"5396",0,9050.8017578125,47,0.287999987602234,3.36450001597404,303.397758483887,287.245620727539,0.00300000002607703,0.0140000004321337,"Hippopotamyrus ansorgii",1501587.38624287,1,1,0,NA,NA,NA,NA,NA,2,"LC",9646
"5400",0.417174992710352,703.588989257812,0,1.44200003147125,1.44200003147125,301.572998046875,292.190002441406,0.00300000002607703,0.00499999988824129,"Plecodus paradoxus",34890.675799273,1,1,0,NA,NA,NA,NA,NA,1,"LC",404
"5401",0,526.754028320312,31.4,0.311999988555908,1.60739998817444,301.256005859375,282.857604980469,0.00300000002607703,0.00800000037997961,"Garra makiensis",28273.7585910545,1,1,0,NA,NA,NA,NA,NA,3,"LC",289
"5404",0,5099.9267578125,45.5,0.537499994039536,3.00100004673004,308.802001953125,293.883499145508,0.00750000029802322,0.0109999999403954,"Nothobranchius rubroreticulatus",7840.70311209267,1,1,0,NA,NA,NA,NA,NA,2,"NT",21
"5405",0.0789999982342124,570.757019042969,20.05,0.190999999642372,1.44957500100136,306.636486816406,288.042058563232,0.00397500018589199,0.00800000037997961,"Garra blanfordii",19445.4105872301,1,0,0,NA,NA,NA,NA,NA,2,"LC",160
"5413",0,45825.2890625,40,0.208000004291534,2.45630006790161,301.272451782227,292.122537231445,0.0020000000949949,0.00499999988824129,"Petrocephalus microphthalmus",672953.979519515,1,1,0,NA,NA,NA,NA,NA,1,"LC",7075
"5417",0,1294.81994628906,26,0.48199999332428,1.77695000171661,303.81298828125,293.533127593994,0.00400000018998981,0.00800000037997961,"Paramphilius teugelsi",22316.8055163705,1,0,0,NA,NA,NA,NA,NA,1,"LC",264
"5419",0.417174992710352,703.588989257812,0,1.44200003147125,1.44200003147125,301.572998046875,292.190002441406,0.00300000002607703,0.00499999988824129,"Neolamprologus schreyeni",34890.675799273,0,1,1,NA,NA,NA,NA,NA,1,"VU",404
"5421",0.0026250000228174,14403.857421875,34.125,0.184000000357628,1.71499997377396,301.959125518799,295.309627532959,0.00300000002607703,0.00499999988824129,"Synodontis vaillanti",6519.22319489193,1,1,0,NA,NA,NA,NA,NA,1,"DD",76
"5424",0,45825.2890625,41,0.228000000119209,2.55945001840591,303.62230682373,293.772903442383,0.0020000000949949,0.00800000037997961,"Phractolaemus ansorgii",340402.456084122,1,1,0,25,NA,0,2.69,"Omni.",1,"LC",3635
"5427",0,45825.2890625,43,0.232999995350838,2.63227505087852,301.274993896484,292.35578918457,0.0020000000949949,0.00400000018998981,"Phenacogrammus aurantiacus",385382.218762769,1,1,0,NA,NA,NA,NA,NA,1,"LC",3904
"5428",0,960.926025390625,45,0.437275002151728,3.24507493376732,300.800048065186,288.088012695312,0.00400000018998981,0.00800000037997961,"Opsaridium leleupi",32977.5935173109,1,1,0,NA,NA,NA,NA,NA,3,"DD",374
"5429",0,7747.39599609375,40,0.340549995005131,2.39170002937317,303.466896057129,288.367247009277,0.00365000013262033,0.0109999999403954,"Serranochromis stappersi",58133.5804029127,1,1,0,NA,NA,NA,NA,NA,1,"LC",547
"5431",0,45918.515625,42,0.224999994039536,2.60999989509583,301.597099304199,289.618988037109,0.0020000000949949,0.00700000021606684,"Labeo weeksii",970322.956343671,1,1,0,NA,NA,NA,NA,NA,1,"LC",9299
"5432",2.97900009155273,29.7450008392334,0,0.679000020027161,0.679000020027161,306.738006591797,283.828002929688,0.0230000000447035,0.0230000000447035,"Kuhlia marginata",1479.21374794364,1,0,0,NA,NA,NA,NA,NA,2,"LC",1
"5436",0,4357.98486328125,46,0.392150006443262,3.17907490134239,300.278440093994,290.400232696533,0.00197500009380747,0.00499999988824129,"Marcusenius macrophthalmus",21699.0964219194,1,1,0,NA,NA,NA,NA,NA,1,"DD",200
"5437",0.0209749997127801,1406.73901367188,37,0.262975011020899,1.83442499041557,302.162760162353,294.32742767334,0.0020000000949949,0.00499999988824129,"Enteromius amanpoae",59457.9460942509,1,0,0,NA,NA,NA,NA,NA,1,"LC",600
"5440",0,45825.2890625,38,0.161950000375509,2.27820011377335,300.828202819824,294.587362670898,0.0020000000949949,0.00499999988824129,"Mastacembelus greshoffi",118352.07964572,1,1,0,NA,NA,NA,NA,NA,1,"LC",1239
"5441",0,45825.2890625,41,0.235750000923872,2.53024995326996,301.753757476807,289.389755249023,0.0020000000949949,0.00600000005215406,"Nannocharax brevis",501806.708942665,1,1,0,NA,NA,NA,NA,NA,1,"LC",5176
"5444",0,5633.46484375,38,0.275075004994869,2.2148499250412,303.145920562744,285.081678771973,0.00300000002607703,0.00600000005215406,"Astatotilapia bloyeti",407854.349633685,NA,NA,0,NA,NA,NA,NA,NA,1,NA,3124
"5446",0,1796.74096679688,43.4,0.330000001192093,2.73420009613037,300.318804931641,287.481604003906,0.0020000000949949,0.00899999961256981,"Enteromius lujae",82215.355748795,1,1,0,NA,NA,NA,NA,NA,2,"DD",745
"5447",8.72200012207031,703.588989257812,0,1.44200003147125,1.44200003147125,301.572998046875,292.190002441406,0.00300000002607703,0.00499999988824129,"Lepidiolamprologus kendalli",33012.5919769452,0,1,1,16," ",0,4.2,"Carni.",1,"DD",386
"5449",0,18384.869140625,42,0.228000000119209,2.70487505197525,300.807384490967,296.326877593994,0.0020000000949949,0.00300000002607703,"Clypeobarbus matthesi",105303.610355267,NA,NA,0,NA,NA,NA,NA,NA,1,NA,1106
"5453",0.010074999788776,5168.259765625,35.925,0.12459999807179,2.05302489995956,300.548564147949,296.902283477783,0.0020000000949949,0.0020000000949949,"Synodontis camelopardalis",7658.36854521843,1,1,0,NA,NA,NA,NA,NA,1,"DD",84
"5454",0.689000010490417,2546.23803710938,0,1.44700002670288,1.44700002670288,301.864990234375,292.723999023438,0.00800000037997961,0.00800000037997961,"Copadichromis geertsi",83.691823487896,0,1,1,12.8199996948242,NA,0,NA,NA,1,"LC",1
"5456",0,2548.85009765625,46,0.514224989712238,2.62287500500679,306.588693237305,286.302433013916,0.00800000037997961,0.0120000001043081,"Labeo mesops",9319.98727725188,1,1,0,39,"commercial",0,2,"Herbi.",1,"CR",110
"5461",0,198.854995727539,45.55,0.667099997401237,2.38844993114471,302.196792602539,293.724909973145,0.00445000005420297,0.00600000005215406,"Nothobranchius cardinalis",8315.38388295661,1,1,0,2.71000003814697,NA,0,NA,NA,1,"VU",59
"5464",0.0188000001013279,143.813995361328,40.2,0.283399999141693,1.89560000896454,307.411401367188,296.555206298828,0.00600000005215406,0.00899999961256981,"Cromeria occidentalis",7090.01831628866,1,0,0,4.40000009536743,NA,0,NA,NA,1,"LC",65
"5467",0.3192999958992,703.588989257812,0,0.179000005125999,1.44200003147125,301.522090148926,287.226708984375,0.0020000000949949,0.00499999988824129,"Acapoeta tanganicae",42810.3486646984,1,1,0,61,"commercial",0,2,"Herbi.",1,"LC",495
"5468",0,45918.515625,43,0.226999998092651,2.60537507534027,301.594381713867,293.01533203125,0.0020000000949949,0.00600000005215406,"Distichodus atroventralis",522973.156487781,1,1,0,NA,NA,NA,NA,NA,1,"LC",5174
"5473",0,18384.869140625,42,0.17399999499321,2.67939991950989,300.786209106445,295.795892333984,0.0020000000949949,0.00300000002607703,"Phenacogrammus polli",152189.106395664,1,1,0,NA,NA,NA,NA,NA,1,"LC",1637
"5474",0,17901.61328125,42,0.266000002622604,2.80762493610382,308.150745391846,281.86625289917,0.00300000002607703,0.0189999993890524,"Kuhlia mugil",795629.75903757,1,1,0,40,"minor commercial",1,3.83,"Carni.",2,"LC",4996
"5475",0.000549999997019766,15.5640001296997,12.85,1.3532250225544,1.47577497363091,298.809938812256,289.09136428833,0.00800000037997961,0.00800000037997961,"Galaxias maculatus",167.412631710205,1,1,0,19,"commercial",1,NA,NA,3,"LC",2
"5476",0,45918.515625,41,0.245075004920363,2.50485010743141,301.651932525635,291.968589019775,0.0020000000949949,0.00499999988824129,"Labeo longipinnis",690239.893871381,1,1,0,NA,NA,NA,NA,NA,1,"LC",6924
"5480",0.689000010490417,2546.23803710938,0,1.44700002670288,1.44700002670288,301.200012207031,292.605010986328,0.00700000021606684,0.00700000021606684,"Placidochromis phenochilus",84.6927014578362,0,1,1,NA,NA,NA,NA,NA,1,"EN",1
"5485",0.417174992710352,703.588989257812,0,1.44200003147125,1.44200003147125,301.572998046875,292.190002441406,0.00300000002607703,0.00499999988824129,"Neolamprologus furcifer",34890.675799273,0,1,1,15," ",0,3.36,"Carni.",1,"LC",404
"5486",0,1567.5419921875,43.575,0.674825005233288,3.0324499964714,303.305260467529,287.274465942383,0.00600000005215406,0.0109999999403954,"Silhouettea sibayi",21662.1056412669,0,1,1,NA,NA,NA,NA,NA,1,"EN",258
"5489",0.417174992710352,703.588989257812,0,1.44200003147125,1.44200003147125,301.572998046875,292.190002441406,0.00300000002607703,0.00499999988824129,"Neolamprologus gracilis",34890.675799273,0,1,1,NA,NA,NA,NA,NA,1,"LC",404
"5493",0.0381500010029412,15.7589998245239,6.825,0.651649974286556,1.05635003000498,301.639775848389,297.688231658936,0.00300000002607703,0.00300000002607703,"Mauligobius nigri",171.69961528892,1,0,0,NA,NA,NA,NA,NA,1,"LC",2
"5494",0.00600000005215406,927.523986816406,27.2,0.165999993681908,1.97599995136261,301.201989746094,285.215002441406,0.0020000000949949,0.00600000005215406,"Brycinus jacksonii",220279.219349351,NA,NA,0,NA,NA,NA,NA,NA,1,NA,1913
"5500",0.000975000008475035,31.1229991912842,30.375,0.787000000476837,1.55459997951984,296.975720977783,281.953777313232,0.0109999999403954,0.0130000002682209,"Pseudobarbus swartzi",1503.28740675119,1,0,0,8.10999965667725,NA,0,NA,NA,3,"VU",14
"5504",1.01585001051426,480.52099609375,0,0.0960750008001924,0.293874999880791,298.213696289063,284.710750579834,0.00100000004749745,0.0020000000949949,"Labeobarbus brauni",7053.50585230253,1,1,0,NA,NA,NA,NA,NA,1,"DD",82
"5507",0,719.429016113281,40.9,0.522599989175797,2.97729997634888,303.220599365234,290.490591430664,0.00800000037997961,0.00999999977648258,"Nothobranchius krysanovi",2378.78663754682,1,1,0,3.11999988555908,NA,0,NA,NA,1,"VU",29
"5511",0,45920.859375,44.95,0.293399992585182,3.0946999669075,304.518740844727,289.785299682617,0.00235000007087365,0.0102500001434237,"Arius latiscutatus",4933.75187495005,NA,NA,0,NA,NA,NA,NA,NA,1,NA,55
"5514",0,14403.857421875,38,0.130999997258186,2.26989997625351,309.049987792969,292.531042480469,0.00400000018998981,0.0130000002682209,"Enteromius baudoni",345921.927167294,1,1,0,NA,NA,NA,NA,NA,1,"LC",3363
"5516",0.689000010490417,2546.23803710938,0,1.44700002670288,1.44700002670288,302.66813659668,291.503044891357,0.00800000037997961,0.00899999961256981,"Placidochromis hennydaviesae",333.689005550304,0,1,1,10,"commercial",0,3.31,"Carni.",1,"LC",4
"5517",0,3448.60205078125,41,0.568600010871887,2.40659992694855,307.220989990234,295.785504150391,0.00800000037997961,0.00899999961256981,"Raiamas shariensis",7032.77046938922,NA,NA,0,NA,NA,NA,NA,NA,1,NA,69
"5520",0,45825.2890625,42,0.25,2.60025003552437,301.839996337891,294.384746551514,0.0020000000949949,0.00499999988824129,"Neolebias trilineatus",663018.358689752,1,1,0,NA,NA,NA,NA,NA,1,"LC",6776
"5521",0,4468.94482421875,28,0.241625003516674,2.16124993562698,302.686744689941,293.195747375488,0.00300000002607703,0.00837500009220093,"Notoglanidium akiri",22972.4659398256,1,1,0,NA,NA,NA,NA,NA,1,"EN",266
"5522",0.0152999999932945,100.490997314453,27.7,0.165000002086163,1.13380000591278,298.892208862305,288.285098266602,0.0020000000949949,0.00400000018998981,"Orthochromis mazimeroensis",19499.9703108869,1,0,0,7.19999980926514,NA,0,2,"Herbi.",1,"EN",173
"5523",0,4215.328125,34.25,0.413750007748604,1.70475000143051,303.710510253906,289.037490844727,0.00400000018998981,0.00700000021606684,"Kneria paucisquamata",37915.2824809001,1,1,0,NA,NA,NA,NA,NA,1,"LC",391
"5528",0,12011.134765625,45.55,0.392449997365475,4.14540004730225,310.803546142578,288.581498718262,0.00400000018998981,0.0199999995529652,"Synodontis caudovittatus",170186.251419634,NA,NA,0,NA,NA,NA,NA,NA,2,"DD",779
"5529",0.0723000025376677,909.528991699219,30.675,0.270975007861853,1.23607498109341,303.61935043335,296.157989501953,0.00400000018998981,0.00499999988824129,"Epiplatys etzeli",24286.5368667729,1,1,0,NA,NA,NA,NA,NA,1,"EN",214
"5530",0.833000004291534,789.304016113281,0,1.97599995136261,1.97599995136261,298.594623565674,293.989990234375,0.0020000000949949,0.00300000002607703,"Haplochromis cronus",70201.9485614657,0,1,1,13.5,NA,0,4,"Carni.",1,"DD",816
"5532",0,7468.005859375,42,0.205125001072884,2.12375000119209,300.423094177246,292.180778503418,0.00100000004749745,0.00499999988824129,"Microctenopoma nigricans",143507.223755524,1,1,0,NA,NA,NA,NA,NA,1,"LC",1234
"5534",0.689000010490417,2546.23803710938,0,1.44700002670288,1.44700002670288,303.021881103516,291.12458114624,0.00700000021606684,0.00800000037997961,"Lethrinops gossei",3525.80895778019,0,1,1,14.3999996185303,"commercial",0,3.2,"Carni.",1,"LC",42
"5535",0,17901.61328125,45,0.508275012671948,2.8700749874115,304.017513275146,282.518097686768,0.00499999988824129,0.0130000002682209,"Awaous aeneofuscus",859344.290028939,1,1,0,NA,NA,NA,NA,NA,1,"LC",8812
"5538",0,13524.0048828125,29.9000000000001,0.161099998652935,1.72980002164841,304.427908325195,293.809796142578,0.00300000002607703,0.00800000037997961,"Clarias ebriensis",366008.345405135,1,1,0,31.5,NA,0,3.42,"Carni.",1,"LC",3925
"5540",0,13768.8310546875,41,0.245000004768372,2.70960004329681,300.739892578125,296.164102172852,0.0020000000949949,0.00300000002607703,"Aphyosemion castaneum",142560.652856169,1,1,0,NA,NA,NA,NA,NA,1,"LC",1605
"5542",0.689000010490417,2546.23803710938,0,1.44700002670288,1.44700002670288,301.85471572876,292.294996643066,0.00800000037997961,0.00800000037997961,"Pseudotropheus johannii",167.638644095585,0,1,1,10," ",0,NA,NA,1,"LC",2
"5544",0,13530.982421875,32,0.254275004565716,1.85090001225472,304.939840698242,290.756447601318,0.0020000000949949,0.00999999977648258,"Tilapia busumana",93573.6487707268,1,1,0,NA,NA,NA,NA,NA,1,"LC",852
"5545",0.548000025749206,1391.18701171875,0,0.196199998259544,0.530200004577637,303.516003417969,294.931201171875,0.00400000018998981,0.00700000021606684,"Enteromius kissiensis",12978.4501217685,1,0,0,NA,NA,NA,NA,NA,1,"DD",153
"5549",0,7763.2158203125,45,0.437800002098084,3.23839993476867,300.799597167969,288.088012695312,0.00400000018998981,0.00800000037997961,"Parakneria damasi",33235.0153341486,NA,NA,0,NA,NA,NA,NA,NA,3,"DD",377
"5551",0.417174992710352,703.588989257812,0,1.44200003147125,1.44200003147125,301.572998046875,292.190002441406,0.00300000002607703,0.00499999988824129,"Paracyprichromis nigripinnis",34890.675799273,0,1,1,11,"commercial",0,3.4,"Carni.",1,"LC",404
"5556",0.417174992710352,703.588989257812,0,1.44200003147125,1.44200003147125,301.572998046875,292.190002441406,0.00300000002607703,0.00499999988824129,"Synodontis granulosus",34890.675799273,0,1,1,NA,NA,NA,NA,NA,1,"LC",404
"5561",0.417174992710352,703.588989257812,0,1.44200003147125,1.44200003147125,301.572998046875,292.190002441406,0.00300000002607703,0.00499999988824129,"Pseudosimochromis curvifrons",34890.675799273,0,1,1,14,"commercial",0,2,"Herbi.",1,"LC",404
"5563",0.689000010490417,2546.23803710938,0,1.44700002670288,1.44700002670288,301.864990234375,292.723999023438,0.00800000037997961,0.00800000037997961,"Maylandia chrysomallos",83.691823487896,NA,NA,0,NA,NA,NA,NA,NA,1,NA,1
"5565",0,954.385986328125,44.95,0.330674991756678,3.25635005831719,300.672144317627,294.786933898926,0.0020000000949949,0.00382500016130507,"Neolebias philippei",7650.686255897,1,1,0,NA,NA,NA,NA,NA,1,"DD",88
"5569",8.72200012207031,703.588989257812,0,1.44200003147125,1.44200003147125,301.572998046875,292.190002441406,0.00300000002607703,0.00499999988824129,"Baileychromis centropomoides",33354.7184506497,0,1,1,NA,NA,NA,NA,NA,1,"LC",390
"5571",0,45859.06640625,43,0.226774997636676,2.69259989857674,301.572270965576,293.512654876709,0.0020000000949949,0.00600000005215406,"Synodontis soloni",153557.797564925,1,1,0,NA,NA,NA,NA,NA,1,"LC",1552
"5579",0.186200000345707,111.314002990723,0.899999999999999,0.157600004971027,0.523400020599365,297.706597900391,291.048709106445,0.00100000004749745,0.00489999991841614,"Doumea angolensis",6796.38756560037,1,0,0,NA,NA,NA,NA,NA,1,"LC",45
"5581",0.214624997228384,1209.87902832031,7.62499999999994,0.25242500975728,0.574000000953674,300.472634887695,293.539353942871,0.0020000000949949,0.00499999988824129,"Brachypetersius notospilus",16156.6312934154,NA,NA,0,NA,NA,NA,NA,NA,1,"DD",188
"5583",0.689000010490417,2546.23803710938,0,1.44700002670288,1.44700002670288,302.144012451172,293.132995605469,0.00800000037997961,0.00800000037997961,"Placidochromis koningsi",167.754756607819,0,1,1,NA,NA,NA,NA,NA,1,"DD",2
"5592",0.689000010490417,2546.23803710938,0,1.44700002670288,1.44700002670288,302.916114807129,289.409999847412,0.00700000021606684,0.00899999961256981,"Copadichromis cyaneus",4694.31397546243,0,1,1,19,"commercial",0,3.4,"Carni.",1,"LC",56
"5596",0,11496.783203125,29.35,0.314499992132187,1.71879996657372,303.997749328613,296.183695983887,0.00400000018998981,0.00534999994561076,"Synodontis xiphias",19406.3361074073,0,1,1,NA,NA,NA,NA,NA,1,"CR",227
"5597",0,9036.9833984375,27,0.307974998652935,1.7849999666214,305.191986083984,290.910335540771,0.00300000002607703,0.00999999977648258,"Tilapia brevimanus",236664.447581547,1,0,0,NA,NA,NA,NA,NA,1,"LC",2760
"5602",0,1284.30895996094,37,0.263999998569489,1.57477502822876,300.035619354248,295.063188934326,0.00100000004749745,0.0020000000949949,"Schwetzochromis neodon",12494.2914183932,1,1,0,NA,NA,NA,NA,NA,1,"LC",132
"5603",0.115000002086163,1328.81005859375,2.25,0.208750005811453,0.84425000846386,301.976249694824,290.48600769043,0.00300000002607703,0.00600000005215406,"Labeobarbus versluysii",43755.4481002545,NA,NA,0,NA,NA,NA,NA,NA,1,"LC",511
"5604",21.9029998779297,3085.00805664062,0,0.685999989509583,0.685999989509583,305.445263671875,299.866967773438,0.00300000002607703,0.00400000018998981,"Micropanchax rudolfianus",8672.36933225014,NA,NA,0,NA,NA,NA,NA,NA,2,NA,100
"5606",0,45825.2890625,41,0.188999995589256,2.55155004262924,301.68585357666,292.010181427002,0.0020000000949949,0.00499999988824129,"Leptocypris weeksii",522047.76584273,1,1,0,NA,NA,NA,NA,NA,1,"LC",5344
"5607",1.06987500190735,1158.28894042969,0,0.223125005140901,0.612624995410442,302.65926361084,290.499378204346,0.00300000002607703,0.00400000018998981,"Pungu maclareni",7365.08427734965,0,1,1,10,NA,0,2.74,"Omni.",1,"CR",86
"5609",0.115800002962351,703.588989257812,10.75,0.119249998405576,1.44200003147125,299.75251159668,284.705342102051,0.0020000000949949,0.00400000018998981,"Chiloglanis asymetricaudalis",9625.46217629624,1,0,0,7.59999990463257,"of no interest",0,2.57,"Omni.",1,"EN",107
"5610",0,183.660003662109,29.1,0.44475000500679,1.83545003533363,298.658660888672,282.458848571777,0.00899999961256981,0.0130000002682209,"Micropterus salmoides",7706.89168618972,1,1,0,97,"minor commercial",0,4.42,"Carni.",3,"LC",79
"5611",0,2546.23803710938,16,1.44700002670288,1.45000004768372,303.393200683594,289.340600585938,0.00800000037997961,0.00999999977648258,"Lethrinops turneri",2086.0629604497,0,1,1,NA,NA,NA,NA,NA,1,"LC",25
"5616",0,45825.2890625,41,0.25,2.58904998898506,302.274011993408,291.334014892578,0.0020000000949949,0.00600000005215406,"Gnathonemus petersii",1334758.10902634,1,1,0,35,"subsistence fisheries",0,3.13,"Carni.",1,"LC",13560
"5618",0,602.568969726562,43.65,1.00362504422665,2.63712506890297,299.463483428955,290.747985839844,0.00499999988824129,0.00700000021606684,"Paramormyrops jacksoni",7236.59752011563,1,0,0,NA,NA,NA,NA,NA,1,"DD",48
"5620",0.484600023925304,890.078002929688,0,0.358475008606911,1.00702498704195,302.523026275635,292.256964874268,0.00300000002607703,0.0060999998124316,"Benitochromis finleyi",6003.81507451964,NA,NA,0,NA,NA,NA,NA,NA,1,"EN",70
"5621",0.689000010490417,2546.23803710938,0,1.44700002670288,1.44700002670288,302.670989990234,290.935745239258,0.00800000037997961,0.00899999961256981,"Lethrinops lunaris",1920.03493274815,0,1,1,NA,NA,NA,NA,NA,1,"LC",23
"5622",0.833000004291534,789.304016113281,0,1.97599995136261,1.97599995136261,298.594623565674,293.989990234375,0.0020000000949949,0.00300000002607703,"Haplochromis labriformis",70201.9485614657,0,1,1,NA,NA,NA,NA,NA,1,"DD",816
"5624",0.833000004291534,789.304016113281,0,1.97599995136261,1.97599995136261,298.594623565674,293.989990234375,0.0020000000949949,0.00300000002607703,"Haplochromis artaxerxes",70201.9485614657,0,1,1,14.6999998092651,NA,0,3.6,"Carni.",1,"DD",816
"5625",0,2548.85009765625,46,0.645075005292892,2.46919998526573,303.046054840088,288.37205581665,0.00700000021606684,0.00899999961256981,"Synodontis njassae",18698.7778368305,1,1,0,19.2000007629395,"minor commercial",0,3.1,"Carni.",1,"LC",220
"5626",0,7055.5361328125,32,0.190799999237061,1.61780002117157,301.551000976562,288.261401367187,0.0020000000949949,0.00600000005215406,"Enteromius urostigma",92556.5719030349,1,1,0,NA,NA,NA,NA,NA,1,"LC",929
"5627",0.0717500016093254,11712.7255859375,9,0.297149993479252,2.04405000209808,301.051651000977,291.756958007812,0.0020000000949949,0.00600000005215406,"Clarias longior",62506.4091435078,NA,NA,0,NA,NA,NA,NA,NA,1,"LC",727
"5630",0.161800000816584,37307.2734375,5,0.185900004208088,1.4640999853611,301.506260681152,291.21324005127,0.0020000000949949,0.00700000021606684,"Distichodus hypostomatus",213388.932647197,NA,NA,0,NA,NA,NA,NA,NA,1,"LC",2479
"5638",0.689000010490417,2546.23803710938,0,1.44700002670288,1.44700002670288,303.046550750732,289.887829589844,0.00700000021606684,0.00877499978523701,"Nyassachromis purpurans",846.855465882458,0,1,1,18,"commercial",0,3.4,"Carni.",1,"LC",10
"5639",0,11273.2822265625,40,0.136999994516373,2.40779998302459,301.683990478516,287.299649047852,0.0020000000949949,0.00999999977648258,"Clarias liocephalus",919725.016698158,1,1,0,32,"commercial",0,3.26,"Carni.",1,"LC",8943
"5642",0,11658.8447265625,44,0.243000000715256,3.43172507882118,309.693423461914,290.429070281982,0.00499999988824129,0.0179999992251396,"Heterobranchus bidorsalis",673229.973214775,1,1,0,NA,NA,NA,NA,NA,2,"LC",3298
"5644",0,10605.4443359375,37.2,0.203600007295609,2.33739993572235,303.852209472656,279.885797119141,0.0162000007927418,0.0225999999791384,"Syngnathus typhle",2975.97275784544,1,1,0,35,"of no interest",1,3.4,"Carni.",2,"LC",9
"5646",0,2556.30395507812,36.7,0.345600000023842,1.93110001087189,301.251907348633,293.468301391602,0.00400000018998981,0.00700000021606684,"Labeobarbus roylii",22474.5644085592,NA,NA,0,NA,NA,NA,NA,NA,1,"EN",253
"5647",0,45814.21875,26,0.222200003266335,1.37760002613068,301.656396484375,291.419995117188,0.0020000000949949,0.00600000005215406,"Nannocharax parvus",204727.614458142,1,1,0,NA,NA,NA,NA,NA,1,"LC",2345
"5650",21.9029998779297,1609.28796386719,0,0.685999989509583,0.685999989509583,305.446813964844,299.926446533203,0.00300000002607703,0.00400000018998981,"Haplochromis rudolfianus",8500.82980217615,0,1,1,NA,NA,NA,NA,NA,2,"LC",98
"5651",0,2546.23803710938,16,1.44700002670288,1.45000004768372,303.377307128906,289.287808227539,0.00700000021606684,0.00999999977648258,"Champsochromis caeruleus",3100.1167566456,0,1,1,32.2000007629395,"commercial",0,4.2,"Carni.",1,"LC",37
"5653",0,17901.61328125,47,0.432800000905991,3.37899994850159,303.548791503906,287.467987060547,0.00300000002607703,0.0130000002682209,"Enteromius haasianus",1203363.89334569,1,1,0,3.20000004768372,"commercial",0,NA,NA,3,"LC",9633
"5654",0,45920.859375,44.875,0.293999992311001,3.09124997258186,304.507865905762,288.668628692627,0.0023750000691507,0.0108749999199063,"Bathygobius casamancus",5674.00535554501,1,1,0,NA,NA,NA,NA,NA,1,"LC",56
"5656",0.105249999091029,94.8290023803711,5.75,0.100000003352761,0.660500004887581,296.543251037598,286.543998718262,0.00100000004749745,0.00300000002607703,"Labeobarbus claudinae",2751.46223158076,1,1,0,NA,NA,NA,NA,NA,1,"VU",31
"5657",0,11076.9248046875,43,0.224000006914139,2.80364992618561,310.134833526611,291.99652557373,0.00499999988824129,0.0149999996647239,"Andersonia leptura",2049085.69293141,1,0,0,NA,NA,NA,NA,NA,2,"LC",14488
"5658",0.00127500001108274,3109.66088867188,30.725,0.576850003004074,1.91792495250702,307.515490722656,296.9181640625,0.00400000018998981,0.00657500014640391,"Phoxinus phoxinus",5065.63844902546,1,1,0,14,"minor commercial",0,3.27,"Carni.",2,"LC",18
"5660",0,1904.48706054688,42.925,0.181074994429946,2.71072489619255,300.077266693115,288.730834960938,0.0020000000949949,0.00700000021606684,"Kneria angolensis",97808.008823435,1,1,0,NA,NA,NA,NA,NA,1,"LC",1044
"5662",8.72200012207031,703.588989257812,0,1.44200003147125,1.44200003147125,301.572998046875,292.190002441406,0.00300000002607703,0.00499999988824129,"Xenochromis hecqui",33012.5919769452,0,1,1,30," ",0,4.4,"Carni.",1,"DD",386
"5668",0.417174992710352,703.588989257812,0,1.44200003147125,1.44200003147125,301.572998046875,292.190002441406,0.00300000002607703,0.00499999988824129,"Neolamprologus petricola",34890.675799273,0,1,1,14,"commercial",0,3.2,"Carni.",1,"LC",404
"5670",0,309.269012451172,38,0.398949989676476,2.1901500582695,305.688011169434,274.99673614502,0.0130000002682209,0.0230000000447035,"Labeobarbus aeneus",362090.274425252,1,1,0,50,"commercial",0,3.11,"Carni.",2,"LC",1000
"5671",8.72200012207031,703.588989257812,0,1.44200003147125,1.44200003147125,301.572998046875,292.190002441406,0.00300000002607703,0.00499999988824129,"Telmatochromis temporalis",33012.5919769452,0,1,1,10.1999998092651,"commercial",0,3.02,"Carni.",1,"LC",386
"5672",0,5196.6171875,43,0.542999982833862,2.335174959898,302.53928604126,289.337789916992,0.00499999988824129,0.00899999961256981,"Enteromius zanzibaricus",153947.57781043,1,1,0,NA,NA,NA,NA,NA,1,"LC",1698
"5674",0,1365.64294433594,16,0.461000002920628,1.40449997782707,304.187511444092,293.586002349854,0.00400000018998981,0.00800000037997961,"Labeo rouaneti",7277.35074528019,1,0,0,NA,NA,NA,NA,NA,1,"VU",86
"5675",0,45931.53515625,34,0.237000003457069,2.09460005760193,305.273809814453,288.802795410156,0.00300000002607703,0.00899999961256981,"Eleotris senegalensis",1051816.6627429,1,1,0,NA,NA,NA,NA,NA,1,"LC",10177
"5680",0.927224989235401,8097.2041015625,0,0.286099998652935,1.17425004839897,301.771295928955,293.208938598633,0.0020000000949949,0.00499999988824129,"Atopodontus adriaensi",45748.173299994,NA,NA,0,NA,NA,NA,NA,NA,1,"DD",532
"5682",0.0700000002980232,5.6560001373291,13,1.21099996566772,1.21099996566772,303.699005126953,280.013000488281,0.0240000002086163,0.0240000002086163,"Anguilla japonica",1818.04817963873,1,1,0,150,"highly commercial",1,3.55,"Carni.",2,"EN",1
"5690",0.689000010490417,2546.23803710938,0,1.44700002670288,1.44700002670288,302.670989990234,291.291244506836,0.00800000037997961,0.00899999961256981,"Nyassachromis nigritaeniatus",2921.79288648067,0,1,1,21,"commercial",0,3.4,"Carni.",1,"LC",35
"5691",0.017000000923872,927.523986816406,24.675,0.188999995589256,1.97599995136261,301.83635635376,285.958139801025,0.0020000000949949,0.00600000005215406,"Synodontis victoriae",131556.347194179,1,1,0,35,NA,0,3.28,"Carni.",1,"LC",1254
"5693",0.689000010490417,2546.23803710938,0,1.44700002670288,1.44700002670288,303.043180847168,289.298007965088,0.00700000021606684,0.00899999961256981,"Otopharynx decorus",6876.2660956166,0,1,1,18,"commercial",0,3.5,"Carni.",1,"LC",82
"5694",0,17901.61328125,45,0.500424981117249,3.09539995193481,304.157131958008,284.013554382324,0.00400000018998981,0.0120000001043081,"Scatophagus tetracanthus",236094.302505689,1,1,0,30,"minor commercial",1,2.77,"Omni.",1,"LC",2032
"5695",0.143949999287725,316.578002929688,2,0.0633500009775162,0.597249990701675,299.575954437256,283.941947174072,0.0020000000949949,0.00300000002607703,"Haplochromis schubotziellus",14026.4132505725,1,1,0,7.90000009536743,NA,0,2.4,"Omni.",1,"LC",142
"5696",0,736.789001464844,39,0.303999990224838,2.99399995803833,304.971008300781,273.558013916016,0.0130000002682209,0.0270000007003546,"Luciobarbus maghrebensis",176551.762588505,1,0,0,170.600006103516,NA,0,NA,NA,3,NA,1601
"5705",0,45771.859375,42,0.252000004053116,2.87719995975494,301.163793945312,292.9625,0.00300000002607703,0.00700000021606684,"Notoglanidium pallidum",18600.516979953,1,1,0,NA,NA,NA,NA,NA,1,"VU",197
"5706",0.689000010490417,2546.23803710938,0,1.44700002670288,1.44700002670288,302.142803955078,289.276806640625,0.00800000037997961,0.00899999961256981,"Otopharynx spelaeotes",1430.77712588527,0,1,1,11.7200002670288,NA,0,NA,NA,1,"LC",17
"5707",0,2546.23803710938,16,1.44700002670288,1.45000004768372,303.046699523926,289.295707702637,0.00700000021606684,0.00999999977648258,"Caprichromis liemi",7292.64023344102,0,1,1,19.1000003814697,"commercial",0,4,"Carni.",1,"LC",87
"5708",0.689000010490417,2546.23803710938,0,1.44700002670288,1.44700002670288,301.429992675781,292.595001220703,0.00800000037997961,0.00800000037997961,"Labidochromis freibergi",84.1614107759323,0,1,1,NA,NA,NA,NA,NA,1,"LC",1
"5713",0,5332.326171875,38.425,0.789949989318848,3.2247999548912,303.556085205078,287.08653793335,0.00300000002607703,0.00999999977648258,"Hilsa kelee",6044.73839103813,1,0,0,35,"highly commercial",1,2.85,"Carni.",1,"LC",64
"5716",0.25,1391.18701171875,3,0.252300000190735,0.898699986934661,303.509002685547,294.224304199219,0.00400000018998981,0.00700000021606684,"Enteromius raimbaulti",24824.0564460042,1,0,0,NA,NA,NA,NA,NA,1,"VU",293
"5719",0.0444749996997417,2590.998046875,3.92499999999995,0.284999996423721,1.09479996263981,302.245883178711,293.643207550049,0.00300000002607703,0.00600000005215406,"Scriptaphyosemion liberiense",78831.9986881038,1,1,0,NA,NA,NA,NA,NA,1,"LC",924
"5720",0.689000010490417,2546.23803710938,0,1.44700002670288,1.44700002670288,302.670989990234,290.808508300781,0.00800000037997961,0.00899999961256981,"Mylochromis anaphyrmus",4934.88465827685,0,1,1,NA,NA,NA,NA,NA,1,"LC",59
"5722",0,37364.69921875,40,0.146899999678135,2.50210008621216,301.787188720703,292.362390136719,0.0020000000949949,0.00499999988824129,"Clarias hilli",528971.246368644,1,1,0,NA,NA,NA,NA,NA,1,"LC",5517
"5723",0,4215.328125,41,0.224999994039536,2.1473250746727,300.900421142578,288.120837402344,0.00300000002607703,0.00899999961256981,"Micropanchax fuelleborni",210514.733812333,NA,NA,0,NA,NA,NA,NA,NA,1,NA,1734
"5724",0,3274.53393554688,20,0.277999997138977,1.52199995517731,303.398986816406,290.71686706543,0.00300000002607703,0.00999999977648258,"Hippopotamyrus paugyi",165301.22502043,1,0,0,NA,NA,NA,NA,NA,1,"LC",1944
"5725",0,7559.7177734375,41.9,0.354099985957146,2.64850001335144,301.322698974609,288.5,0.00499999988824129,0.00899999961256981,"Clypeobarbus bellcrossi",21209.843129039,1,0,0,NA,NA,NA,NA,NA,3,"DD",245
"5727",0,2175.03100585938,38,0.413999993354082,2.48399993777275,301.484493255615,293.446758270264,0.00300000002607703,0.00800000037997961,"Chrysichthys bocagii",7895.16838372643,1,0,0,NA,NA,NA,NA,NA,2,"LC",56
"5729",0.417174992710352,703.588989257812,0,1.44200003147125,1.44200003147125,301.572998046875,292.190002441406,0.00300000002607703,0.00499999988824129,"Neolamprologus pleuromaculatus",34890.675799273,0,1,1,NA,NA,NA,NA,NA,1,"LC",404
"5732",0,45918.515625,43,0.200900004804134,2.7500999212265,300.855209350586,293.672204589844,0.0020000000949949,0.00600000005215406,"Labeo falcipinnis",173902.873706208,1,1,0,NA,NA,NA,NA,NA,1,"LC",1757
"5733",0,2175.03100585938,43,0.458799990266562,3.05312502980232,301.483094024658,288.342578887939,0.00400000018998981,0.00827500016894191,"Hippopotamyrus pappenheimi",15773.6103670901,1,1,0,NA,NA,NA,NA,NA,2,"LC",110
"5734",0,17901.61328125,45,0.522525008022785,3.10030003786087,303.109593200684,284.527621459961,0.00400000018998981,0.0109999999403954,"Eleotris melanosoma",268945.903140178,1,0,0,26,"minor commercial",1,NA,NA,1,"LC",3008
"5735",0,2922.8310546875,10.6,0.275,1.32840001583099,303.55400390625,293.355609130859,0.00300000002607703,0.00899999961256981,"Enteromius tiekoroi",62569.5191513008,1,0,0,NA,NA,NA,NA,NA,1,"NT",737
"5737",0.183099998533726,30968.673828125,2,0.316400000452995,1.15430001020432,301.375302124023,291.421502685547,0.0020000000949949,0.00600000005215406,"Aphyosemion mimbon",40352.5680346671,1,0,0,NA,NA,NA,NA,NA,1,"LC",469
"5738",0,45918.515625,42,0.177000001072884,2.70300006866455,309.674011230469,291.790692138672,0.0020000000949949,0.0140000004321337,"Auchenoglanis occidentalis",4809646.34630271,1,1,0,70,"commercial",0,2.9,"Carni.",1,"LC",36509
"5742",0,3012.11206054688,43,0.668875008821487,2.45274993777275,303.235507965088,286.137615203857,0.00600000005215406,0.0109999999403954,"Amphilius laticaudatus",60841.8651289638,1,0,0,NA,NA,NA,NA,NA,1,"LC",746
"5743",0.0692000016570091,30968.673828125,15,0.21259999871254,1.92939999103546,301.6412109375,291.652197265625,0.0020000000949949,0.00600000005215406,"Labeobarbus progenys",208243.896912533,1,1,0,NA,NA,NA,NA,NA,1,"LC",2425
"5744",0,3274.53393554688,33,0.277999997138977,1.97417497634888,305.558381652832,289.913001251221,0.00400000018998981,0.00999999977648258,"Scriptaphyosemion geryi",161237.651460483,1,1,0,NA,NA,NA,NA,NA,1,"LC",1800
"5745",0.833000004291534,789.304016113281,0,1.97599995136261,1.97599995136261,298.594673919678,293.992588806152,0.0020000000949949,0.00300000002607703,"Haplochromis pitmani",70029.8147067808,0,1,1,5.5,NA,0,4.2,"Carni.",1,"DD",814
"5746",0,45825.2890625,41,0.181999996304512,2.67799997329712,309.592010498047,292.084967041016,0.0020000000949949,0.0140000004321337,"Lates niloticus",5374946.65463458,1,1,0,200,"highly commercial",0,3.95,"Carni.",1,"LC",41480
"5749",0,17901.61328125,44,0.310549995303154,2.82489992380142,303.913148498535,285.563102722168,0.0020000000949949,0.0130000002682209,"Enteromius radiatus",1811634.16907533,1,1,0,12,"commercial",0,2.76,"Omni.",1,"LC",15743
"5751",0,9131.9716796875,49,0.582099987566471,3.64142500162125,304.436595916748,287.734985351562,0.00499999988824129,0.0130000002682209,"Coptostomabarbus wittei",580320.763741808,1,1,0,4,"commercial",0,2.74,"Omni.",2,"LC",3182
"5753",0.0358749986626208,37425.43359375,17,0.208000004291534,1.86650004982948,301.580112457275,291.590877532959,0.0020000000949949,0.00600000005215406,"Labeo batesii",658991.146964341,NA,NA,0,NA,NA,NA,NA,NA,1,"LC",7636
"5757",0,37367.671875,45,0.291999995708466,2.98300004005432,304.862406921387,284.109605407715,0.0020000000949949,0.0130000002682209,"Enteromius eutaenia",1291926.64404805,1,1,0,14," ",0,3.2,"Carni.",1,"LC",10527
"5763",0,37425.43359375,20,0.208000004291534,1.29275001585484,301.630748748779,291.091377258301,0.0020000000949949,0.00600000005215406,"Enteromius trispilomimus",161260.843188153,NA,NA,0,NA,NA,NA,NA,NA,1,"LC",1866
"5764",0,45825.2890625,39,0.173699994385242,2.6053249835968,300.634212493896,293.986999511719,0.0020000000949949,0.00499999988824129,"Leptoglanis bouilloni",24812.0094166946,1,1,0,NA,NA,NA,NA,NA,1,"DD",288
"5769",0,483.723999023438,24.35,0.37865000218153,1.64310002326965,301.041795349121,284.276593017578,0.00400000018998981,0.00700000021606684,"Mormyrus hildebrandti",31387.5126578873,NA,NA,0,NA,NA,NA,NA,NA,1,"DD",227
"5771",0,45825.2890625,42.0250000000001,0.205975000187755,2.65010009407997,301.871002197266,294.877641296387,0.0020000000949949,0.00499999988824129,"Stomatorhinus patrizii",312833.20117202,1,1,0,NA,NA,NA,NA,NA,1,"LC",3040
"5773",0,45918.515625,42,0.2336499966681,2.60934994220734,301.734008789062,292.76824798584,0.0020000000949949,0.00499999988824129,"Distichodus fasciolatus",1045314.23513073,1,1,0,60,"of no interest",0,2,"Herbi.",1,"LC",10307
"5774",0.137749999761581,703.588989257812,4.5,0.136750003322959,1.44200003147125,299.482009887695,284.725242614746,0.0020000000949949,0.00400000018998981,"Haplochromis graueri",13410.5950132207,1,1,0,11.8000001907349,NA,0,NA,NA,1,"LC",151
"5776",0.0129750002641231,2100.81494140625,28,0.418424999713898,2.37405006885529,300.639861297607,293.6233253479,0.0020000000949949,0.00499999988824129,"Parauchenoglanis longiceps",34353.4866405254,NA,NA,0,NA,NA,NA,NA,NA,1,"EN",400
"5777",0,3777.22509765625,32,0.271075002104044,1.91047500967979,303.693639373779,290.155567169189,0.00400000018998981,0.00999999977648258,"Fundulopanchax filamentosus",80254.9878544287,1,1,0,5.5,"of no interest",0,3.38,"Carni.",1,"LC",910
"5778",0.689000010490417,2546.23803710938,0,1.44700002670288,1.44700002670288,302.916114807129,289.409999847412,0.00700000021606684,0.00899999961256981,"Protomelas insignis",4694.31397546243,0,1,1,20.2999992370605,"commercial",0,2.5,"Omni.",1,"LC",56
"5782",0.0753750028088689,3863.86206054688,16,0.225249994546175,1.49799998104572,300.756870269775,292.451251983643,0.00300000002607703,0.00499999988824129,"Chrysichthys longidorsalis",58778.2210037567,NA,NA,0,NA,NA,NA,NA,NA,1,"VU",686
"5785",0,8801.8447265625,40,0.159999996423721,2.16245000958442,300.397733306885,288.276756286621,0.0020000000949949,0.00499999988824129,"Brachypetersius cadwaladeri",127794.619397564,1,1,0,NA,NA,NA,NA,NA,1,"LC",1292
"5786",0,45859.06640625,42,0.189999997615814,2.57089997529983,301.734008789062,292.019912719727,0.0020000000949949,0.00499999988824129,"Bagrus ubangensis",478515.173829429,1,1,0,31.5,NA,0,4.2,"Carni.",1,"LC",4743
"5787",0,496.622985839844,35.975,0.229050002247095,2.20894996523857,302.266180419922,289.48843536377,0.00400000018998981,0.00600000005215406,"Atopochilus vogti",41062.9488874524,1,0,0,NA,NA,NA,NA,NA,1,"DD",322
"5788",0.0618249992839992,4742.22119140625,18.3499999999999,0.195999994874001,1.53047503829002,301.879389953613,292.546327972412,0.00300000002607703,0.00499999988824129,"Leptocypris crossensis",64657.5196117802,1,0,0,NA,NA,NA,NA,NA,1,"LC",754
"5791",0.00327500007115304,341.794006347656,39.725,0.760274986922741,2.91407492160797,308.048791503906,299.173952484131,0.00400000018998981,0.00600000005215406,"Nothobranchius bojiensis",3871.14467280826,1,1,0,NA,NA,NA,NA,NA,2,"VU",12
"5792",0,13524.0048828125,35,0.164000004529953,2.03940002918243,307.868011474609,293.371708679199,0.00300000002607703,0.00999999977648258,"Rhabdalestes septentrionalis",1057444.17046925,1,0,0,NA,NA,NA,NA,NA,1,"LC",9799
"5793",0,13524.0048828125,35,0.230000004172325,2.0703000664711,308.783996582031,292.0830078125,0.00300000002607703,0.0130000002682209,"Mastacembelus cryptacanthus",546281.853706693,1,1,0,NA,NA,NA,NA,NA,1,"LC",6215
"5794",0,13524.0048828125,39,0.159999996423721,2.40272507071495,309.187350463867,293.384741210937,0.00400000018998981,0.0109999999403954,"Synodontis ocellifer",1452561.88637284,1,1,0,49,"commercial",0,3.12,"Carni.",1,"LC",11772
"5795",0,2547.44506835938,40.15,0.462250000238419,2.35529993772507,303.532206726074,281.676608276367,0.00600000005215406,0.0130000002682209,"Labeobarbus latirostris",54494.3727440174,1,1,0,NA,NA,NA,NA,NA,1,"DD",635
"5797",0,239.003997802734,41,0.269250005483627,2.4683749973774,300.386619567871,293.305881500244,0.0020000000949949,0.00300000002607703,"Atopochilus pachychilus",13979.7221303855,1,1,0,NA,NA,NA,NA,NA,1,"DD",136
"5798",0.564925015717745,2080.52099609375,0,0.232274993881583,0.715524981915951,302.693723297119,294.945046234131,0.00300000002607703,0.00600000005215406,"Fundulopanchax ndianus",4451.34875569239,1,1,0,NA,NA,NA,NA,NA,1,"LC",52
"5801",0,45920.859375,31,0.250099992007017,1.89769999980926,301.955255126953,289.152893066406,0.0020000000949949,0.00800000037997961,"Pelmatolapia cabrae",195591.310869935,1,1,0,NA,NA,NA,NA,NA,1,"LC",2103
"5802",0,45918.515625,42,0.247999995946884,2.62260000705719,301.738806152344,293.666397094727,0.0020000000949949,0.00499999988824129,"Chrysichthys habereri",528647.355475744,1,1,0,NA,NA,NA,NA,NA,1,"LC",5349
"5804",0,9131.9716796875,47,0.403124999254942,3.33475002646446,303.173885345459,287.352115631104,0.00300000002607703,0.0120000001043081,"Clarias stappersii",1282683.2991367,1,1,0,41,"subsistence fisheries",0,4.5,"Carni.",3,"LC",10086
"5805",0.689000010490417,2546.23803710938,0,1.44700002670288,1.44700002670288,301.77975769043,289.159967803955,0.00700000021606684,0.0087249998236075,"Melanochromis loriae",1011.69384458268,0,1,1,11.3999996185303," ",0,NA,NA,1,"LC",12
"5806",0,45346.265625,28,0.153999999165535,1.73199999332428,304.915008544922,291.733599853516,0.00300000002607703,0.00800000037997961,"Malapterurus beninensis",576362.979239863,1,1,0,NA,NA,NA,NA,NA,1,"LC",6529
"5814",0,12037.8349609375,45,0.337600004673004,3.92720007896424,310.742205810547,284.941198730469,0.00499999988824129,0.0209999997168779,"Hemichromis letourneuxi",645669.922669749,0,1,1,NA,NA,NA,NA,NA,2,"LC",2185
"5815",0,13524.0048828125,28,0.102249998599291,1.91475003957748,305.039756774902,292.72624206543,0.00300000002607703,0.00899999961256981,"Phago loricatus",141448.528378337,1,0,0,16.5,"of no interest",0,3.73,"Carni.",1,"LC",1571
"5819",0,3274.53393554688,24,0.165000006556511,1.40137499570847,304.525749206543,293.802368164062,0.00300000002607703,0.00700000021606684,"Heterobranchus isopterus",617121.091431355,1,1,0,NA,NA,NA,NA,NA,1,"LC",6706
"5823",0,919.344970703125,40,0.263200008869171,1.88919997215271,301.161010742188,288.021600341797,0.00300000002607703,0.00700000021606684,"Labeo fuelleborni",157517.662148261,1,1,0,NA,NA,NA,NA,NA,1,"DD",1529
"5824",0.00300000002607703,13681.75,33.35,0.387200000137091,1.85635000169277,301.655059051514,293.28549041748,0.00300000002607703,0.00600000005215406,"Synodontis multimaculatus",22812.8474039613,1,1,0,NA,NA,NA,NA,NA,1,"DD",254
"5826",0,13524.0048828125,29,0.387749999761581,2.24274998903275,303.02025604248,287.944511413574,0.00300000002607703,0.0109999999403954,"Fundulopanchax arnoldi",37109.8964136547,1,1,0,NA,NA,NA,NA,NA,1,"EN",431
"5828",0,566.075012207031,35,0.690249972045422,2.00762501358986,302.032382965088,281.115009307861,0.00800000037997961,0.0130000002682209,"Enteromius brevipinnis",25380.5319878395,1,0,0,4.5,"of no interest",0,3.5,"Carni.",3,"NT",236
"5829",0.0649499978870153,24197.966796875,18,0.214950003474951,1.90019997954369,301.209864807129,291.715788269043,0.00300000002607703,0.00499999988824129,"Labeobarbus micronema",161320.056342582,NA,NA,0,NA,NA,NA,NA,NA,1,"LC",1879
"5832",0.0423250000923872,352.269989013672,13.0499999999999,0.216650002077222,0.949599982798095,300.184745788574,291.130619812012,0.0020000000949949,0.00767500032670794,"Labeobarbus macroceps",13159.9108448775,1,1,0,NA,NA,NA,NA,NA,1,"DD",134
"5833",0,374.5419921875,32,0.326600007712841,1.89234997630119,304.67234954834,275.325961303711,0.0189999993890524,0.0270000007003546,"Luciobarbus setivimensis",129872.621575426,1,0,0,NA,NA,NA,NA,NA,3,"LC",1027
"5834",0.465049986541271,2427.31201171875,0,0.251450002938509,0.695550011098385,301.096851348877,293.776159667969,0.0020000000949949,0.00499999988824129,"Synodontis acanthoperca",15823.1942848622,NA,NA,0,NA,NA,NA,NA,NA,1,"DD",184
"5839",0,45920.859375,30,0.231000006198883,1.81900000572205,304.548263549805,291.559371948242,0.00300000002607703,0.00899999961256981,"Periophthalmus barbarus",836276.701592398,1,1,0,14.6999998092651,"subsistence fisheries",1,3.36,"Carni.",1,"LC",8916
"5841",0.833000004291534,789.304016113281,0,1.97599995136261,1.97599995136261,298.594623565674,293.989990234375,0.0020000000949949,0.00300000002607703,"Haplochromis empodisma",70201.9485614657,0,1,1,11.6999998092651,NA,0,2.91,"Carni.",1,"DD",816
"5843",0.833000004291534,789.304016113281,0,1.97599995136261,1.97599995136261,298.594673919678,293.992588806152,0.0020000000949949,0.00300000002607703,"Haplochromis mento",70029.8147067808,0,1,1,17.7999992370605,NA,0,4.2,"Carni.",1,"DD",814
"5845",0,5296.1767578125,46.525,0.302324994653463,2.91509998440743,300.013349914551,293.923417663574,0.00100000004749745,0.00300000002607703,"Zaireichthys flavomaculatus",36712.049236337,1,1,0,NA,NA,NA,NA,NA,1,"DD",220
"5847",0,3274.53393554688,19.725,0.387824992090464,1.53442498445511,303.517051696777,290.874017333984,0.00400000018998981,0.00999999977648258,"Callopanchax toddi",34989.2062591415,1,0,0,NA,NA,NA,NA,NA,1,"LC",412
"5849",0.833000004291534,789.304016113281,0,1.97599995136261,1.97599995136261,298.730402374268,293.855461120605,0.0020000000949949,0.00300000002607703,"Haplochromis macrocephalus",75275.99539497,0,1,1,10.5900001525879,"of no interest",0,3.04,"Carni.",1,"VU",862
"5851",0.689000010490417,2546.23803710938,0,1.44700002670288,1.44700002670288,303.043180847168,289.298007965088,0.00700000021606684,0.00899999961256981,"Mylochromis formosus",6876.2660956166,0,1,1,12.6999998092651,"commercial",0,4.01,"Carni.",1,"LC",82
"5852",0,18384.869140625,48,0.179500003531575,3.09950007200241,300.804108428955,296.512908172607,0.0020000000949949,0.00300000002607703,"Mormyrops microstoma",14021.3301883608,1,1,0,NA,NA,NA,NA,NA,1,"DD",110
"5855",0,204.828002929688,35,0.530500009655952,2.20624995231628,301.638748168945,278.603744506836,0.00899999961256981,0.0179999992251396,"Enteromius pallidus",195273.619056564,1,1,0,NA,NA,NA,NA,NA,3,"LC",671
"5856",0,45825.2890625,44,0.24099999666214,2.74799990653992,301.734008789062,294.804992675781,0.00100000004749745,0.00499999988824129,"Synodontis nigriventris",463773.811779595,1,1,0,9.60000038146973,"of no interest",0,2.93,"Carni.",1,"LC",4530
"5857",0,45620.22265625,44,0.190799999982119,2.84644995927811,300.858001708984,292.064849853516,0.00100000004749745,0.00400000018998981,"Clariallabes heterocephalus",124921.221180124,1,1,0,NA,NA,NA,NA,NA,1,"LC",1279
"5859",0.0217000003205612,45433.30859375,7.59999999999997,0.217899997532368,0.855500024557112,300.577709960938,294.416648864746,0.0020000000949949,0.00499999988824129,"Zaireichthys zonatus",9872.41774612641,1,1,0,2.5,"of no interest",0,NA,NA,1,"DD",115
"5860",0,707.939025878906,41.975,0.322074996680021,2.41005001068115,304.230987548828,282.870436096191,0.00300000002607703,0.00600000005215406,"Neobola fluviatilis",157727.21324899,1,0,0,NA,NA,NA,NA,NA,1,"CR",882
"5863",0.833000004291534,789.304016113281,0,1.97599995136261,1.97599995136261,298.594673919678,293.992588806152,0.0020000000949949,0.00300000002607703,"Haplochromis pachycephalus",70029.8147067808,0,1,1,23.2000007629395,NA,0,4.2,"Carni.",1,"DD",814
"5864",0,13524.0048828125,43,0.234049997478724,2.99094994068146,309.094950866699,289.493960571289,0.00400000018998981,0.017000000923872,"Marcusenius cyprinoides",1633725.4992821,1,1,0,33,"minor commercial",0,3.04,"Carni.",2,"LC",11403
"5865",8.72200012207031,703.588989257812,0,1.44200003147125,1.44200003147125,301.572998046875,292.190002441406,0.00300000002607703,0.00499999988824129,"Dinotopterus cunningtoni",33354.7184506497,0,1,1,NA,NA,NA,NA,NA,1,"NT",390
"5866",0,13524.0048828125,42,0.173599994182587,2.69359998703003,309.07041015625,292.320794677734,0.00300000002607703,0.0130000002682209,"Synodontis nigrita",1811026.66173088,0,1,1,NA,NA,NA,NA,NA,1,"LC",14385
"5870",0.0532499993219972,2556.30395507812,15,0.300674990564585,0.87322498857975,301.313845825195,293.940324401855,0.0020000000949949,0.00600000005215406,"Notoglanidium boutchangai",19074.257950646,1,0,0,NA,NA,NA,NA,NA,1,"LC",222
"5871",0.264099998772144,919.344970703125,0,0.179000005125999,1.44200003147125,301.161010742188,287.445109558105,0.0020000000949949,0.00499999988824129,"Gnathochromis pfefferi",56107.7774082358,1,1,0,NA,NA,NA,NA,NA,1,"LC",622
"5872",0.689000010490417,2546.23803710938,0,1.44700002670288,1.44700002670288,303.043180847168,289.298007965088,0.00700000021606684,0.00899999961256981,"Taeniochromis holotaenia",6876.2660956166,0,1,1,22,"commercial",0,3.85,"Carni.",1,"LC",82
"5874",0.025000000372529,208.578002929688,35,0.125949997082353,2.26307501196861,307.006534576416,296.42342376709,0.00400000018998981,0.00800000037997961,"Synodontis macrophthalmus",17898.2112700631,1,0,0,NA,NA,NA,NA,NA,1,"CR",174
"5876",0,12037.8349609375,47,0.354100000858307,4.44939980506897,310.780905151367,287.757391357422,0.00499999988824129,0.0209999997168779,"Thoracochromis wingatii",556561.07562341,0,1,1,NA,NA,NA,NA,NA,2,"DD",1565
"5877",0.689000010490417,2546.23803710938,0,1.44700002670288,1.44700002670288,303.043180847168,289.298007965088,0.00700000021606684,0.00899999961256981,"Hemitaeniochromis brachyrhynchus",6876.2660956166,0,1,1,123.599998474121,NA,0,NA,NA,1,"LC",82
"5879",0,45918.515625,42,0.200000002980232,2.58105008602142,301.527082824707,291.633877563477,0.0020000000949949,0.00499999988824129,"Campylomormyrus elephas",616676.44532073,1,1,0,NA,NA,NA,NA,NA,1,"LC",6200
"5883",0,752.841979980469,42.4,0.354599988460541,3.10939989089966,304.583990478516,289.057800292969,0.00220000008121133,0.0110000001266599,"Gobioides africanus",4251.75915186019,1,0,0,NA,NA,NA,NA,NA,1,"LC",49
"5888",0.833000004291534,789.304016113281,0,1.97599995136261,1.97599995136261,298.691095733643,293.850059509277,0.0020000000949949,0.00300000002607703,"Marcusenius rheni",14622.6660140434,0,1,1,NA,NA,NA,NA,NA,1,"DD",170
"5889",0.0469500002451241,37425.43359375,12,0.194950000569224,1.19605003893375,301.589189147949,291.424852752686,0.0020000000949949,0.00600000005215406,"Doumea typica",291005.025730588,1,0,0,NA,NA,NA,NA,NA,1,"LC",3380
"5895",0,847.75,33.15,0.270399996638298,1.98907505869865,301.786097717285,286.414637756348,0.00499999988824129,0.00600000005215406,"Oreochromis korogwe",37153.5322711074,1,1,0,16.1000003814697,NA,0,3.2,"Carni.",1,"LC",338
"5897",0,45825.2890625,44,0.248999997973442,2.84399993419647,300.82855682373,294.697998046875,0.0020000000949949,0.00400000018998981,"Clariallabes melas",375974.993294238,1,1,0,NA,NA,NA,NA,NA,1,"LC",3699
"5903",0.689000010490417,2546.23803710938,0,1.44700002670288,1.44700002670288,302.638389587402,292.483100891113,0.00800000037997961,0.00800000037997961,"Pseudotropheus brevis",250.328725129143,0,1,1,12," ",0,2.78,"Omni.",1,"EN",3
"5904",0.287274998426437,797.286010742188,1,0.189049995690584,1.97599995136261,301.12438659668,290.879663848877,0.0020000000949949,0.00400000018998981,"Haplochromis nubilus",91106.9898678236,1,1,0,9.30000019073486,NA,0,3.35,"Carni.",1,"VU",1008
"5905",0,1310.708984375,44,0.700499996542931,3.44399988651276,309.28199005127,292.503257751465,0.00899999961256981,0.0149999996647239,"Petrocephalus keatingii",48560.6223641439,1,0,0,NA,NA,NA,NA,NA,2,"DD",131
"5908",0,3716.01000976562,45,0.358399998396635,2.91877490282059,300.386959838867,290.925387573242,0.00100000004749745,0.00499999988824129,"Parakneria vilhenae",21675.7151264177,1,1,0,NA,NA,NA,NA,NA,1,"DD",198
"5909",0,785.924987792969,30.1,0.268600001186132,1.67967501282692,299.721002960205,292.681436920166,0.0020000000949949,0.00400000018998981,"Parakneria ladigesi",7652.5934798573,1,1,0,NA,NA,NA,NA,NA,1,"DD",70
"5911",0.689000010490417,2546.23803710938,0,1.44700002670288,1.44700002670288,301.864990234375,292.723999023438,0.00800000037997961,0.00800000037997961,"Copadichromis verduyni",83.691823487896,0,1,1,NA,NA,NA,NA,NA,1,"LC",1
"5912",0,4215.328125,38,0.398674999922514,2.20545003414154,300.902192687988,287.524666595459,0.00400000018998981,0.00899999961256981,"Labeobarbus stappersii",82442.4619571692,1,1,0,NA,NA,NA,NA,NA,3,"LC",890
"5913",0.833000004291534,789.304016113281,0,1.97599995136261,1.97599995136261,298.594623565674,293.989990234375,0.0020000000949949,0.00300000002607703,"Haplochromis crassilabris",70201.9485614657,0,1,1,15,NA,0,3.2,"Carni.",1,"CR",816
"5920",0,14300.6025390625,42,0.177000001072884,2.84132505655288,309.690329742432,287.420345306396,0.00300000002607703,0.0160000007599592,"Oreochromis niloticus",7241370.2436649,1,1,0,60,"highly commercial",0,2.01999998092651,"Herbi.",2,"LC",44668
"5921",0.237800008058548,4468.94482421875,1.39999999999999,0.211799997091293,0.894799983501434,302.519610595703,290.527398681641,0.00300000002607703,0.00700000021606684,"Tetraodon pustulatus",8993.91732890428,1,0,0,NA,NA,NA,NA,NA,1,"EN",105
"5925",0.923199981451035,1384.73803710938,0,0.259800001978874,0.720800012350082,301.440505981445,294.760803222656,0.00300000002607703,0.00489999991841613,"Epiplatys ruhkopfi",10679.8956855712,1,1,0,NA,NA,NA,NA,NA,1,"EN",125
"5926",0,3274.53393554688,20,0.298324996978044,1.51490004658699,303.425667572021,289.46169128418,0.00300000002607703,0.0109999999403954,"Pelvicachromis roloffi",131983.434474988,1,0,0,NA,NA,NA,NA,NA,1,"LC",1552
"5927",0.0133250003214926,2100.81494140625,28,0.403474998474121,2.37302506566048,300.62169418335,293.634104919434,0.0020000000949949,0.00499999988824129,"Synodontis steindachneri",35554.7943649057,NA,NA,0,NA,NA,NA,NA,NA,1,"LC",414
"5929",0,6503.158203125,37.025,0.434400002658367,2.34677495956421,302.181211090088,285.898676300049,0.0020000000949949,0.0120000001043081,"Enteromius profundus",37629.1806746793,0,1,1,6.30000019073486,NA,0,3.2,"Carni.",1,"LC",400
"5935",0,13524.0048828125,41,0.158999994397163,2.62800002098083,309.838989257812,293.016659545898,0.00400000018998981,0.0140000004321337,"Labeo senegalensis",2037017.30346614,1,1,0,NA,NA,NA,NA,NA,1,"LC",17143
"5938",0.689000010490417,2546.23803710938,0,1.44700002670288,1.44700002670288,301.806011962891,289.533407592773,0.00710000023245811,0.00889999968931079,"Mchenga flavimanus",421.950209173698,0,1,1,12,"commercial",0,3.4,"Carni.",1,"LC",5
"5941",0,847.75,34.15,0.273800003528595,2.01995010375976,301.813453674316,286.473287963867,0.00499999988824129,0.00600000005215406,"Rhabdalestes tangensis",34234.7915694095,1,0,0,NA,NA,NA,NA,NA,1,"LC",315
"5944",0,22.7059993743896,40.625,1.15710002481937,3.11464999318123,301.474475097656,279.037827301025,0.0149999996647239,0.0179999992251396,"Pseudobarbus erubescens",4340.91402571341,1,0,0,NA,NA,NA,NA,NA,3,"CR",28
"5945",0,45825.2890625,43,0.23199999332428,2.89519997835159,309.042042541504,289.37985534668,0.00300000002607703,0.0130000002682209,"Schilbe uranoscopus",964167.292310804,1,1,0,NA,NA,NA,NA,NA,2,"LC",7319
"5949",0.0443750005215406,2610.23388671875,27,0.180000007152557,1.3072499781847,306.415618896484,294.861240386963,0.00300000002607703,0.00700000021606684,"Mastacembelus nigromarginatus",495942.99811593,1,0,0,NA,NA,NA,NA,NA,1,"LC",5176
"5950",0.0023250000202097,534.267028808594,32.45,0.10700000077486,1.61387501358986,306.951583862305,295.524925231934,0.00600000005215406,0.00899999961256981,"Synodontis arnoulti",13686.353558748,1,0,0,NA,NA,NA,NA,NA,1,"LC",112
"5951",0.689000010490417,2546.23803710938,0,1.44700002670288,1.44700002670288,302.659378051758,291.661948394775,0.00800000037997961,0.00899999961256981,"Mylochromis obtusus",1502.68297701508,0,1,1,NA,NA,NA,NA,NA,1,"LC",18
"5952",0,12638.6572265625,40,0.219199997186661,2.58790004253387,302.247695922852,291.331686401367,0.0020000000949949,0.00499999988824129,"Oreochromis upembae",148110.89005621,1,1,0,21,NA,0,2.48000001907349,"Omni.",1,"LC",1405
"5955",8.72200012207031,703.588989257812,0,1.44200003147125,1.44200003147125,301.572998046875,292.190002441406,0.00300000002607703,0.00499999988824129,"Triglachromis otostigma",33012.5919769452,0,1,1,12,"commercial",0,2.7,"Omni.",1,"LC",386
"5956",0.417174992710352,703.588989257812,0,1.44200003147125,1.44200003147125,301.572998046875,292.190002441406,0.00300000002607703,0.00499999988824129,"Neolamprologus tetracanthus",34890.675799273,0,1,1,20,"commercial",0,3.76,"Carni.",1,"LC",404
"5958",0,3274.53393554688,23,0.307000011205673,1.67050002515316,303.789863586426,290.744869232178,0.00300000002607703,0.00999999977648258,"Coptodon louka",174549.00661418,1,1,0,25,NA,0,2,"Herbi.",1,"LC",2056
"5961",0,2546.23803710938,16,1.44700002670288,1.45000004768372,303.375982666016,289.288358306885,0.00700000021606684,0.00999999977648258,"Cyathochromis obliquidens",3184.27816742153,0,1,1,15,"commercial",0,2,"Herbi.",1,"LC",38
"5963",1.01585001051426,480.52099609375,0,0.0960750008001924,0.293874999880791,298.213696289063,284.710750579834,0.00100000004749745,0.0020000000949949,"Labeobarbus longidorsalis",7053.50585230253,1,1,0,NA,NA,NA,NA,NA,1,"DD",82
"5964",0,13524.0048828125,35,0.210725001245737,1.9924250036478,306.421830749512,291.587776947021,0.00300000002607703,0.00899999961256981,"Clarias macromystax",184370.560172541,1,1,0,NA,NA,NA,NA,NA,1,"LC",2064
"5965",0.0480000004172325,37425.43359375,13,0.19425000436604,1.17900002002716,301.571617126465,291.509239196777,0.0020000000949949,0.00600000005215406,"Labeobarbus compiniei",315067.96969478,NA,NA,0,NA,NA,NA,NA,NA,1,"LC",3646
"5966",8.72200012207031,703.588989257812,0,1.44200003147125,1.44200003147125,301.572998046875,292.190002441406,0.00300000002607703,0.00499999988824129,"Bathybagrus graueri",33354.7184506497,1,0,0,36,"commercial",0,4.25,"Carni.",1,NA,390
"5969",0.689000010490417,2546.23803710938,0,1.44700002670288,1.44700002670288,303.043180847168,289.298007965088,0.00700000021606684,0.00899999961256981,"Mylochromis ericotaenia",6876.2660956166,0,1,1,20.6000003814697,"commercial",0,3.5,"Carni.",1,"LC",82
"5971",0,17901.61328125,46,0.36599999666214,3.22900009155273,303.345741271973,287.463989257812,0.0020000000949949,0.0120000001043081,"Ctenopoma multispine",1679905.81751045,1,1,0,13.5,"commercial",0,3.78,"Carni.",1,"LC",14611
"5973",0,5633.46484375,43.35,0.563249999284744,2.6545000910759,302.908996582031,288.438603210449,0.00400000018998981,0.00600000005215406,"Synodontis matthesi",87241.110269446,1,0,0,NA,NA,NA,NA,NA,1,"LC",667
"5974",0,13524.0048828125,32,0.150025005638599,1.72097495794296,306.971960449219,292.983051300049,0.00300000002607703,0.00899999961256981,"Chromidotilapia guntheri",1071426.94710856,1,0,0,18,"commercial",0,NA,NA,1,"LC",10882
"5981",1.24124994874001,2111.02099609375,0,0.329999998211861,0.778999999165535,301.099243164062,293.105003356934,0.00300000002607703,0.00600000005215406,"Coptodon coffea",4357.95002914575,1,0,0,NA,NA,NA,NA,NA,1,"CR",51
"5983",0.0120000001043081,7106.158203125,36.075,0.248849997669458,1.59507502317429,300.638451385498,295.525989532471,0.00100000004749745,0.0020000000949949,"Bathyaethiops breuseghemi",61230.7247971928,1,1,0,NA,NA,NA,NA,NA,1,"LC",438
"5985",0,2546.23803710938,16,1.44700002670288,1.45000004768372,303.208511352539,289.309005737305,0.00700000021606684,0.00999999977648258,"Dimidiochromis compressiceps",5110.68811328686,0,1,1,23,"commercial",0,4.2,"Carni.",1,"LC",61
"5986",0,13524.0048828125,42,0.174999997019768,2.78200006484985,309.761993408203,292.45355682373,0.00300000002607703,0.0140000004321337,"Brycinus nurse",3338886.49489203,1,1,0,25,"minor commercial",0,2.80999994277954,"Carni.",1,NA,23183
"5989",0.833000004291534,789.304016113281,0,1.97599995136261,1.97599995136261,298.594623565674,293.989990234375,0.0020000000949949,0.00300000002607703,"Haplochromis gilberti",70201.9485614657,0,1,1,15,NA,0,3.95,"Carni.",1,"DD",816
"5990",0.288500003516674,1139.9580078125,1.25,0.315499998629093,0.929749995470047,300.70849609375,293.660247802734,0.0020000000949949,0.00325000006705523,"Aphyosemion etsamense",9550.76582664521,1,0,0,3.24000000953674,NA,0,NA,NA,1,"DD",111
"5993",0.00240000002086163,37425.43359375,15,0.253600007295609,1.25119996070862,301.997985839844,291.304803466797,0.0020000000949949,0.00700000021606684,"Aphyosemion splendopleure",92192.951339222,1,1,0,NA,NA,NA,NA,NA,1,"LC",1073
"5994",8.72200012207031,703.588989257812,0,1.44200003147125,1.44200003147125,301.572998046875,292.190002441406,0.00300000002607703,0.00499999988824129,"Xenotilapia longispinis",33012.5919769452,0,1,1,16.2999992370605,"commercial",0,3.1,"Carni.",1,"LC",386
"5997",0.11000000089407,789.304016113281,9.69999999999993,0.0886000007390976,1.97599995136261,300.307107543945,285.301696777344,0.0020000000949949,0.00400000018998981,"Lacustricola vitschumbaensis",51287.859706395,NA,NA,0,NA,NA,NA,NA,NA,1,NA,533
"5998",0,4319.72216796875,46,0.383650004118681,3.1798249065876,300.282689666748,290.382479095459,0.0017250000819331,0.00499999988824129,"Opsaridium maculicauda",19217.5685711306,1,1,0,NA,NA,NA,NA,NA,1,"DD",190
"6000",0.689000010490417,2546.23803710938,0,1.44700002670288,1.44700002670288,301.429992675781,292.595001220703,0.00800000037997961,0.00800000037997961,"Pseudotropheus perileucos",84.1614107759323,0,1,1,8,NA,0,2,"Herbi.",1,"LC",1
"6002",0.00277500002412125,1735.05200195312,8.05000000000004,0.407875008136034,1.09082494974136,302.512827301025,286.024466705322,0.0020000000949949,0.0160000007599592,"Benitochromis nigrodorsalis",6691.72811940764,1,0,0,NA,NA,NA,NA,NA,1,"EN",78
"6004",0.833000004291534,789.304016113281,0,1.97599995136261,1.97599995136261,298.594673919678,293.992588806152,0.0020000000949949,0.00300000002607703,"Haplochromis luteus",70029.8147067808,0,1,1,13.25,NA,0,2.59,"Omni.",1,"VU",814
"6006",8.72200012207031,703.588989257812,0,1.44200003147125,1.44200003147125,301.572998046875,292.190002441406,0.00300000002607703,0.00499999988824129,"Cardiopharynx schoutedeni",33354.7184506497,0,1,1,15,"commercial",0,3.4,"Carni.",1,"LC",390
"6010",0.417174992710352,703.588989257812,0,1.44200003147125,1.44200003147125,301.572998046875,292.190002441406,0.00300000002607703,0.00499999988824129,"Ophthalmotilapia boops",34890.675799273,0,1,1,15,NA,0,3.4,"Carni.",1,"LC",404
"6014",0.0222500001545995,6717.47314453125,14.125,0.254749994724989,1.05012498795986,301.900245666504,293.74373626709,0.0020000000949949,0.00600000005215406,"Labeobarbus axelrodi",71851.8673630999,NA,NA,0,NA,NA,NA,NA,NA,1,"LC",836
"6019",0.689000010490417,2546.23803710938,0,1.44700002670288,1.44700002670288,302.708291625977,289.734188842773,0.00700000021606684,0.00800000037997961,"Alticorpus mentale",6457.11530378825,0,1,1,NA,NA,NA,NA,NA,1,"LC",77
"6020",0,309.269012451172,41.625,0.41787500679493,2.1937500834465,304.969879150391,274.757625579834,0.0130000002682209,0.0199999995529652,"Labeobarbus kimberleyensis",270106.823082477,1,0,0,82.5,NA,0,3.59,"Carni.",2,"NT",696
"6025",0,2488.02392578125,33,0.533700013160706,1.50750002861023,301.526095581055,289.711596679688,0.00300000002607703,0.00499999988824129,"Labeobarbus iphthimostoma",7223.3756629481,1,1,0,NA,NA,NA,NA,NA,1,"DD",77
"6026",0.689000010490417,2546.23803710938,0,1.44700002670288,1.44700002670288,303.043180847168,289.298007965088,0.00700000021606684,0.00899999961256981,"Mchenga eucinostomus",6876.2660956166,0,1,1,14,"commercial",0,3.02,"Carni.",1,"LC",82
"6030",0.901000022888184,8.04399967193604,0,0.822000026702881,0.822000026702881,299.631988525391,293.747985839844,0.00499999988824129,0.00499999988824129,"Nothobranchius seegersi",1112.67895981963,1,1,0,6.19999980926514,NA,0,NA,NA,1,"VU",1
"6033",0,4742.22119140625,30,0.153674998506904,1.77392500936985,305.654998779297,293.540008544922,0.00300000002607703,0.00800000037997961,"Schilbe micropogon",287439.211640768,1,1,0,21,NA,0,2.91,"Carni.",1,"LC",3108
"6034",0,338.898986816406,31,0.260949994623661,1.63514994978905,298.954495239258,287.460549926758,0.00300000002607703,0.00700000021606684,"Chiloglanis sardinhai",23588.4096063629,1,1,0,NA,NA,NA,NA,NA,2,"LC",195
"6037",0.0447250006720424,927.523986816406,15.425,0.0951499991118908,0.930075001716615,302.091724395752,288.175727844238,0.0020000000949949,0.00400000018998981,"Enteromius trinotatus",45766.072289061,1,1,0,NA,NA,NA,NA,NA,1,"LC",464
"6038",1.00569997429848,1131.64001464844,0,0.328800010681152,0.768800014257431,301.270101928711,294.898788452148,0.00300000002607703,0.00400000018998981,"Malapterurus thysi",22995.980909832,NA,NA,0,NA,NA,NA,NA,NA,1,NA,269
"6043",0.833000004291534,789.304016113281,0,1.97599995136261,1.97599995136261,298.594673919678,293.992588806152,0.0020000000949949,0.00300000002607703,"Haplochromis nigrescens",70029.8147067808,0,1,1,11.5,NA,0,4.2,"Carni.",1,"DD",814
"6045",0,12638.6572265625,40,0.103000000119209,2.60849997997284,300.552807617188,287.435601806641,0.0020000000949949,0.00300000002607703,"Chromidotilapia schoutedeni",81543.0559350744,1,1,0,NA,NA,NA,NA,NA,1,"LC",925
"6047",0,17901.61328125,45,0.502575001120567,2.87442504167557,303.531005859375,282.491873931885,0.00400000018998981,0.0130000002682209,"Terapon jarbua",483907.829173388,1,1,0,36,"minor commercial",1,3.75,"Carni.",1,"LC",4504
"6049",0,1933.77294921875,35.55,0.224350000917912,2.0243500828743,303.573254394531,287.408297729492,0.00300000002607703,0.00700000021606684,"Synodontis punctulatus",87010.314062201,1,0,0,NA,NA,NA,NA,NA,2,"DD",619
"6051",0.689000010490417,2546.23803710938,0,1.44700002670288,1.44700002670288,302.668099975586,291.684648895264,0.00800000037997961,0.00899999961256981,"Mylochromis ensatus",1669.68035153938,0,1,1,20.7099990844727,NA,0,NA,NA,1,"LC",20
"6054",0.326999992132187,11712.7255859375,0,0.409999996423721,1.51699995994568,300.470001220703,292.299011230469,0.00300000002607703,0.00499999988824129,"Aphyosemion cyanostictum",62033.1924296034,1,1,0,NA,NA,NA,NA,NA,1,"LC",721
"6056",0,45825.2890625,39,0.214000001549721,2.30047503113747,301.946990966797,288.874521636963,0.0020000000949949,0.00800000037997961,"Alestes macrophthalmus",1798994.06286275,1,1,0,60,"commercial",0,2,"Herbi.",1,"LC",18902
"6057",0.162749999761581,316.578002929688,1.69999999999999,0.0704500000923872,0.570400005578994,300.895909118652,284.961637878418,0.0020000000949949,0.00300000002607703,"Haplochromis labiatus",16177.5782462457,1,1,0,10.8999996185303,NA,0,NA,NA,1,"NT",167
"6058",0,45825.2890625,40,0.152500002458692,2.95582498311996,300.665200042725,293.0145362854,0.0020000000949949,0.00600000005215406,"Labeo sorex",27540.42950978,1,0,0,NA,NA,NA,NA,NA,1,"DD",302
"6061",0.689000010490417,2546.23803710938,0,1.44700002670288,1.44700002670288,302.59499206543,289.403015136719,0.00700000021606684,0.00800000037997961,"Rhamphochromis ferox",25431.1252954917,0,1,1,45,"commercial",0,4.2,"Carni.",1,"DD",302
"6064",0,45825.2890625,37,0.181999996304512,2.45939992666244,301.159046936035,292.20240020752,0.0020000000949949,0.00600000005215406,"Enteromius jae",592688.333683363,1,1,0,NA,NA,NA,NA,NA,1,"LC",6467
"6076",0,13768.8310546875,40,0.114000000059605,2.57300001382828,300.737503051758,291.221504211426,0.0020000000949949,0.00400000018998981,"Hypsopanchax platysternus",194981.335214902,1,0,0,NA,NA,NA,NA,NA,1,"LC",2071
"6078",0,1567.5419921875,41.75,0.762250021100044,2.6332500576973,303.214004516602,280.0732421875,0.00800000037997961,0.0149999996647239,"Enteromius viviparus",303513.671344833,1,1,0,7,"commercial",0,2.87,"Carni.",3,"LC",2491
"6080",0,45918.515625,41,0.177050001174211,2.57534997463226,300.819807434082,293.640014648438,0.0020000000949949,0.00600000005215406,"Stomatorhinus puncticulatus",168560.400230846,1,1,0,NA,NA,NA,NA,NA,1,"LC",1603
"6084",0,3414.10595703125,44,0.333299997448921,2.23810007572174,308.147186279297,297.639199829102,0.00400000018998981,0.00600000005215406,"Pardiglanis tarabinii",34657.757757397,1,0,0,NA,NA,NA,NA,NA,2,"DD",173
"6085",0.337524998188019,11712.7255859375,0,0.336025005578995,1.27699995040894,300.415980529785,290.476498413086,0.00267500004847534,0.00732500026933848,"Channallabes teugelsi",12730.7759018319,NA,NA,0,NA,NA,NA,NA,NA,1,"DD",148
"6088",0,5633.46484375,40,0.571824985742569,2.29587498903274,303.018005371094,287.308990478516,0.00400000018998981,0.00700000021606684,"Synodontis rufigiensis",193147.630324083,1,0,0,NA,NA,NA,NA,NA,1,"LC",1612
"6090",0,4378.11083984375,42,0.319999992847443,2.70499992370605,309.506011962891,291.367004394531,0.00400000018998981,0.00899999961256981,"Chiloglanis niloticus",130536.02841751,1,0,0,NA,NA,NA,NA,NA,1,"DD",1041
"6092",0,13524.0048828125,29.5,0.160999998450279,1.99599999189377,304.463012695312,293.060501098633,0.00300000002607703,0.00899999961256981,"Synodontis melanopterus",140032.073234052,1,0,0,NA,NA,NA,NA,NA,1,"NT",1581
"6097",0,5070.841796875,37,0.279000014066696,2.45300006866455,300.98113861084,292.811940002441,0.0020000000949949,0.00499999988824129,"Epiplatys sangmelinensis",136268.381700666,1,1,0,NA,NA,NA,NA,NA,1,"LC",1515
"6099",0.417174992710352,703.588989257812,0,1.44200003147125,1.44200003147125,301.572998046875,292.190002441406,0.00300000002607703,0.00499999988824129,"Plecodus straeleni",34890.675799273,0,1,1,16,NA,0,4.3,"Carni.",1,"LC",404
"6100",0.689000010490417,2546.23803710938,0,1.44700002670288,1.44700002670288,303.04235534668,289.306007385254,0.00700000021606684,0.00899999961256981,"Chilotilapia rhoadesii",6960.42750639254,0,1,1,22.5,"commercial",0,3.37,"Carni.",1,"LC",83
"6102",8.72200012207031,703.588989257812,0,1.44200003147125,1.44200003147125,301.572998046875,292.190002441406,0.00300000002607703,0.00499999988824129,"Bathybagrus stappersii",33354.7184506497,0,0,0,45,"subsistence fisheries",0,3.31,"Carni.",1,NA,390
"6103",0,45825.2890625,42,0.184100000560284,2.67320001125336,300.816009521484,294.795812988281,0.0020000000949949,0.00400000018998981,"Micralestes lualabae",225980.721403361,1,1,0,NA,NA,NA,NA,NA,1,"LC",2325
"6106",0.417174992710352,703.588989257812,0,1.44200003147125,1.44200003147125,301.572998046875,292.190002441406,0.00300000002607703,0.00499999988824129,"Synodontis petricola",34890.675799273,0,1,1,NA,NA,NA,NA,NA,1,"LC",404
"6112",0,877.27099609375,27.6,0.400800007581711,1.66020002365112,302.628009033203,286.390203857422,0.00400000018998981,0.00700000021606684,"Chiloglanis modjensis",29610.2230909149,1,0,0,NA,NA,NA,NA,NA,2,"DD",185
"6113",0.689000010490417,2546.23803710938,0,1.44700002670288,1.44700002670288,303.017791748047,289.285607910156,0.00700000021606684,0.00899999961256981,"Lethrinops leptodon",2767.9040295971,0,1,1,NA,NA,NA,NA,NA,1,"LC",33
"6115",0.689000010490417,2546.23803710938,0,1.44700002670288,1.44700002670288,302.72409362793,291.723297119141,0.00800000037997961,0.00800000037997961,"Maylandia barlowi",1086.75510037489,0,0,0,8.10000038146973,"commercial",0,3.4,"Carni.",1,NA,13
"6120",0,12016.1474609375,39,0.298150008171797,2.32284996509552,301.577478790283,288.075012207031,0.0020000000949949,0.00899999961256981,"Chrysichthys sharpii",265520.534017291,1,1,0,NA,NA,NA,NA,NA,1,"LC",2684
"6121",0.163799998164177,2067.5380859375,0.200000000000003,0.433199995756149,1.03279995918274,301.021795654297,293.740789794922,0.00300000002607703,0.00519999992102385,"Monopterus boueti",6242.56542960019,1,0,0,NA,NA,NA,NA,NA,1,"DD",73
"6123",0,17901.61328125,46,0.524999976158142,3.1123500585556,303.243988037109,285.328392028809,0.00400000018998981,0.0109999999403954,"Hippichthys spicifer",171433.717756554,1,0,0,18,"of no interest",1,NA,NA,1,"LC",1527
"6124",0,1484.27197265625,42,0.824999988079071,2.73399996757507,303.519012451172,281.471984863281,0.00999999977648258,0.0160000007599592,"Chetia flaviventris",239893.674183575,1,1,0,20,NA,0,3.98,"Carni.",2,"LC",1041
"6132",0,2556.30395507812,23.425,0.33899998664856,1.34862502813339,301.336972808838,294.523927307129,0.00400000018998981,0.00600000005215406,"Chromidotilapia elongata",12359.8985363744,NA,NA,0,NA,NA,NA,NA,NA,1,"DD",144
"6135",0,45825.2890625,42,0.221000000834465,2.60475007295608,301.557949829102,294.418855285645,0.0020000000949949,0.00499999988824129,"Mormyrus ovis",467171.968872675,1,1,0,NA,NA,NA,NA,NA,1,"LC",4675
"6136",0,45918.515625,38,0.136899998411536,2.1883249938488,300.965550231934,293.196328735352,0.0020000000949949,0.00700000021606684,"Mormyrops curtus",92411.9593714248,1,1,0,NA,NA,NA,NA,NA,1,"LC",950
"6138",0,3414.10595703125,38.525,0.578275002539158,2.62517499923706,306.112051391602,297.496800994873,0.00300000002607703,0.00499999988824129,"Nothobranchius patrizii",13595.7663817762,1,1,0,NA,NA,NA,NA,NA,2,"LC",74
"6140",0,241.753005981445,39,0.180549995601177,2.09150002002716,299.840946960449,291.55023651123,0.0020000000949949,0.00499999988824129,"Aphyosemion labarrei",14199.8553158297,1,0,0,NA,NA,NA,NA,NA,1,"LC",155
"6145",0,45825.2890625,42,0.233999997377396,2.60994989871979,301.635986328125,293.698141479492,0.0020000000949949,0.00499999988824129,"Tetraodon miurus",629793.147417992,1,1,0,NA,NA,NA,NA,NA,1,"LC",6243
"6150",8.72200012207031,703.588989257812,0,1.44200003147125,1.44200003147125,301.572998046875,292.190002441406,0.00300000002607703,0.00499999988824129,"Bathybates leo",33354.7184506497,0,1,1,26,"commercial",0,4.2,"Carni.",1,"LC",390
"6153",0.833000004291534,789.304016113281,0,1.97599995136261,1.97599995136261,298.594623565674,293.989990234375,0.0020000000949949,0.00300000002607703,"Haplochromis eutaenia",70201.9485614657,0,1,1,10.5,NA,0,3.6,"Carni.",1,"DD",816
"6154",0.0295249995775521,45633.43359375,36.825,0.380250000208616,2.86424991488457,300.483587646484,292.342266845703,0.00400000018998981,0.00600000005215406,"Thoracochromis bakongo",9163.81452361991,NA,NA,0,NA,NA,NA,NA,NA,1,NA,88
"6155",0,45918.515625,34,0.140425001457334,2.04417507052421,304.926443481445,293.512828826904,0.00300000002607703,0.00800000037997961,"Pollimyrus adspersus",388923.089103819,1,1,0,9.80000019073486,NA,0,NA,NA,1,"LC",4378
"6159",8.72200012207031,703.588989257812,0,1.44200003147125,1.44200003147125,301.572998046875,292.190002441406,0.00300000002607703,0.00499999988824129,"Trematocara macrostoma",33012.5919769452,0,1,1,NA,NA,NA,NA,NA,1,"LC",386
"6162",0.150149999558926,2222.06201171875,0.849999999999994,0.339299987256527,1.054399985075,301.143190002441,293.20499420166,0.00300000002607703,0.00600000005215406,"Paramphilius firestonei",10857.0831660411,1,0,0,NA,NA,NA,NA,NA,1,"EN",127
"6166",0,518.599975585938,34.4,0.737000000476837,2.27859997749329,304.715588378906,298.877990722656,0.00400000018998981,0.00499999988824129,"Nothobranchius fasciatus",1979.04407113932,1,1,0,NA,NA,NA,NA,NA,2,"VU",9
"6169",0,1882.01098632812,47,0.409525002539158,3.21932506561279,300.600419616699,287.373714447021,0.00499999988824129,0.00999999977648258,"Kneria polli",93319.2031365077,1,0,0,NA,NA,NA,NA,NA,3,"LC",1022
"6177",0.833000004291534,789.304016113281,0,1.97599995136261,1.97599995136261,298.594623565674,293.989990234375,0.0020000000949949,0.00300000002607703,"Haplochromis lacrimosus",70201.9485614657,0,1,1,9.69999980926514,NA,0,2.82,"Carni.",1,"DD",816
"6179",0,456.35400390625,46.475,1.05072497427464,3.08264994621277,299.777027893066,290.234909057617,0.0020000000949949,0.00499999988824129,"Enteromius petchkovskyi",9925.6940387259,1,1,0,NA,NA,NA,NA,NA,1,"DD",102
"6180",0.833000004291534,789.304016113281,0,1.97599995136261,1.97599995136261,298.730402374268,293.855461120605,0.0020000000949949,0.00300000002607703,"Haplochromis rufocaudalis",75275.99539497,0,1,1,10.039999961853,NA,0,2,"Herbi.",1,"LC",862
"6181",0.689000010490417,2546.23803710938,0,1.44700002670288,1.44700002670288,302.670989990234,291.532595825195,0.00800000037997961,0.00899999961256981,"Ctenopharynx intermedius",4430.89726985364,0,1,1,21,"commercial",0,3.4,"Carni.",1,"LC",53
"6188",0,490.212005615234,39,0.239874998107553,2.19200006127357,299.022510528564,287.39599609375,0.00300000002607703,0.00700000021606684,"Labeobarbus ensifer",11614.5570844204,1,1,0,NA,NA,NA,NA,NA,2,"LC",116
"6195",0.689000010490417,2546.23803710938,0,1.44700002670288,1.44700002670288,303.043180847168,289.298007965088,0.00700000021606684,0.00899999961256981,"Aulonocara rostratum",6876.2660956166,0,1,1,18," ",0,3.5,"Carni.",1,"LC",82
"6198",0,693.377014160156,39,0.596249979734421,2.42300009727478,301.807884216309,279.36515045166,0.00800000037997961,0.0149999996647239,"Gilchristella aestuaria",219959.867682369,0,1,1,9,"subsistence fisheries",1,NA,NA,3,"LC",1710
"6202",2.25604999065399,2427.31201171875,0,0.268650010228157,0.577900019288063,301.106245422363,293.867961120605,0.0020000000949949,0.00499999988824129,"Aphyosemion joergenscheeli",13329.6769053178,1,0,0,NA,NA,NA,NA,NA,1,"LC",155
"6204",0,2610.11694335938,41,0.498049996048212,2.10257492661476,303.612963104248,284.429883575439,0.00700000021606684,0.0109749999362974,"Oreochromis shiranus",106667.864334303,1,1,0,39,"commercial",0,2,"Herbi.",3,"LC",1202
"6205",0,2546.23803710938,16,1.44700002670288,1.45000004768372,303.046699523926,289.295707702637,0.00700000021606684,0.00999999977648258,"Protomelas triaenodon",7292.64023344102,1,1,0,NA,NA,NA,NA,NA,1,"LC",87
"6206",0,527.762023925781,42,0.403899994492531,1.99770001173019,301.15380859375,287.209399414062,0.00400000018998981,0.00700000021606684,"Oreochromis rukwaensis",76901.168550577,1,1,0,33,"commercial",0,NA,NA,1,"VU",733
"6209",0,13524.0048828125,28.3,0.302699992060661,2.18309996128082,303.08610534668,293.071697998047,0.00300000002607703,0.00800000037997961,"Ctenopoma nebulosum",33515.2714954844,1,1,0,NA,NA,NA,NA,NA,1,"EN",389
"6211",0.689000010490417,2546.23803710938,0,1.44700002670288,1.44700002670288,302.712317657471,291.017423248291,0.00800000037997961,0.00899999961256981,"Melanochromis heterochromis",1839.07485538097,0,1,1,NA,NA,NA,NA,NA,1,"LC",22
"6225",0,5633.46484375,40,0.535000026226044,2.28399991989136,302.989990234375,287.415985107422,0.00400000018998981,0.00700000021606684,"Hydrocynus tanzaniae",241587.415150908,1,0,0,NA,NA,NA,NA,NA,1,"LC",2001
"6226",0.00300000002607703,57.1699981689453,32.85,0.199725002422929,1.65352503061295,302.588394927979,296.176443481445,0.00400000018998981,0.00499999988824129,"Nannocharax pteron",5479.05339432017,1,1,0,NA,NA,NA,NA,NA,1,"DD",64
"6227",0.900375016033649,6371.3427734375,0,0.260875005275011,0.955250009894371,301.241512298584,291.579364776611,0.0020000000949949,0.00700000021606684,"Benitochromis riomuniensis",16848.3477680479,NA,NA,0,NA,NA,NA,NA,NA,1,"EN",196
"6228",0,17901.61328125,46,0.16455000564456,3.13979998826981,304.0482421875,287.019604492188,0.0020000000949949,0.0130000002682209,"Clarias ngamensis",658179.348128394,1,1,0,73,"commercial",0,3.16,"Carni.",2,"LC",4823
"6235",0.689000010490417,2546.23803710938,0,1.44700002670288,1.44700002670288,303.043180847168,289.298007965088,0.00700000021606684,0.00899999961256981,"Tramitichromis lituris",6876.2660956166,0,1,1,16.7999992370605,"commercial",0,3.35,"Carni.",1,"LC",82
"6236",0.0415999993681908,5070.841796875,22.2,0.280000001192093,2.24159994125366,300.532006835938,292.66279296875,0.0020000000949949,0.00499999988824129,"Aphyosemion exiguum",140382.344229405,1,1,0,NA,NA,NA,NA,NA,1,"LC",1633
"6240",0,17901.61328125,45,0.401249997317791,2.96875005960464,305.0419921875,285.581245422363,0.00300000002607703,0.0130000002682209,"Labeo congoro",982035.677589175,1,0,0,NA,NA,NA,NA,NA,1,"LC",8571
"6243",0,7572.171875,43.025,0.89897498935461,2.7182249546051,301.720518493652,288.526532745361,0.00797500037588179,0.0109999999403954,"Sargochromis mortimeri",5056.92783509344,1,1,0,27.7000007629395,"subsistence fisheries",0,2.95,"Carni.",3,"LC",40
"6247",0,45825.2890625,35.6,0.120600003004074,2.04099988937378,300.652209472656,293.986999511719,0.0020000000949949,0.00499999988824129,"Poropanchax myersi",19066.182021758,1,0,0,NA,NA,NA,NA,NA,1,"EN",217
"6248",0,5332.326171875,39,0.604699993133545,3.192799949646,308.279797363281,292.027200317383,0.00300000002607703,0.0120000001043081,"Lutjanus ehrenbergii",11304.8489336624,1,0,0,35,"minor commercial",1,3.62,"Carni.",2,"LC",69
"6250",0,649.924011230469,36.2,0.659900024533272,2.26530003547668,298.656607055664,286.434692382812,0.00800000037997961,0.00999999977648258,"Kneria maydelli",15367.6910670631,1,0,0,NA,NA,NA,NA,NA,2,"LC",37
"6254",1.06752500534058,1158.28894042969,0,0.223075005039573,0.613974995911121,302.398783111572,290.49642868042,0.00300000002607703,0.00400000018998981,"Fundulopanchax mirabilis",7193.91699219597,1,0,0,NA,NA,NA,NA,NA,1,"DD",84
"6255",0.188199999183416,1188.11096191406,1.67500000000001,0.0979499999433756,0.493375010788441,299.538094329834,288.119602966309,0.0020000000949949,0.0020000000949949,"Labeobarbus pellegrini",29059.2244136128,1,1,0,NA,NA,NA,NA,NA,1,"DD",334
"6258",0,45825.2890625,44,0.248899997770786,2.83329994678497,301.531704711914,294.879803466797,0.0020000000949949,0.00400000018998981,"Ctenopoma weeksii",451224.983291743,1,1,0,NA,NA,NA,NA,NA,1,"LC",4477
"6259",0,11496.783203125,33,0.226999998092651,1.76380004882812,305.684896850586,292.360794067383,0.00300000002607703,0.00899999961256981,"Fundulopanchax gardneri",394052.977758498,1,1,0,NA,NA,NA,NA,NA,1,"LC",4605
"6265",0.543375015258789,11712.7255859375,0,0.478750001639128,1.38900005817413,300.491497039795,292.165489196777,0.00300000002607703,0.00499999988824129,"Aphyosemion georgiae",54724.1783338969,1,1,0,NA,NA,NA,NA,NA,1,"LC",636
"6267",0,37367.671875,41,0.250399994850159,2.5565999507904,301.907800292969,294.440191650391,0.0020000000949949,0.00499999988824129,"Nannocharax taenia",524039.899108042,1,1,0,NA,NA,NA,NA,NA,1,"LC",5457
"6268",0,508.868011474609,35.325,0.837150010466576,2.49452500343323,302.212265777588,292.617802429199,0.00407500016735867,0.00869999963324517,"Eugnathogobius indicus",336.365348668221,1,0,0,2.70000004768372,NA,1,NA,NA,1,"DD",4
"6270",0.417174992710352,703.588989257812,0,1.44200003147125,1.44200003147125,301.572998046875,292.190002441406,0.00300000002607703,0.00499999988824129,"Phyllonemus typus",34890.675799273,0,1,1,8.80000019073486,"of potential interest",0,4.04,"Carni.",1,"LC",404
"6275",0,2610.11694335938,40,0.513499975204468,2.0349999666214,304.169006347656,284.580993652344,0.00700000021606684,0.00999999977648258,"Opsaridium tweddleorum",95375.3214377634,1,0,0,NA,NA,NA,NA,NA,3,"DD",1101
"6276",0,2546.23803710938,16,1.44700002670288,1.45000004768372,303.046699523926,289.295707702637,0.00700000021606684,0.00999999977648258,"Copadichromis chrysonotus",7292.64023344102,0,1,1,16.2999992370605," ",0,3.4,"Carni.",1,"LC",87
"6281",0.364699994027615,5070.841796875,0,0.866149976849556,1.49530001878738,299.44783782959,291.833108520508,0.0020000000949949,0.00600000005215406,"Microsynodontis nannoculus",8168.8037403307,NA,NA,0,NA,NA,NA,NA,NA,1,"DD",95
"6286",0.188299994170666,24197.966796875,1,0.376149989664555,1.72120003700256,300.580801391602,291.680909729004,0.0020000000949949,0.00600000005215406,"Synodontis albolineatus",103819.86241539,NA,NA,0,NA,NA,NA,NA,NA,1,"LC",1207
"6287",0,45825.2890625,42,0.180000007152557,2.66225003004074,300.830892944336,294.157096862793,0.0020000000949949,0.00499999988824129,"Cyphomyrus macrops",199532.299828003,1,1,0,NA,NA,NA,NA,NA,1,"LC",2023
"6290",0.22112499922514,3142.125,6.25,0.373749997466803,1.49862498044968,299.413131713867,293.59049987793,0.00300000002607703,0.00400000018998981,"Aphyosemion seegersi",15141.067566227,1,0,0,NA,NA,NA,NA,NA,1,"DD",176
"6291",0,3414.10595703125,35,0.607925002276897,2.57972501516342,304.918978881836,296.978646850586,0.00300000002607703,0.00499999988824129,"Nothobranchius jubbi",24426.1284068667,1,1,0,6,"commercial",0,3.2,"Carni.",2,"LC",128
"6292",0,45918.515625,41,0.23199999332428,2.50297502279282,301.888982391357,293.359108734131,0.0020000000949949,0.00499999988824129,"Myomyrus macrops",716704.041552227,1,1,0,NA,NA,NA,NA,NA,1,"LC",7082
"6293",0.0140000004321337,927.523986816406,22.5249999999999,0.0900000035762787,1.44200003147125,301.386673736572,286.263163757324,0.0020000000949949,0.00600000005215406,"Enteromius pellegrini",102233.392459424,1,1,0,NA,NA,NA,NA,NA,1,"LC",1140
"6296",8.72200012207031,703.588989257812,0,1.44200003147125,1.44200003147125,301.572998046875,292.190002441406,0.00300000002607703,0.00499999988824129,"Bathybates graueri",33354.7184506497,0,1,1,30,"commercial",0,4.2,"Carni.",1,"LC",390
"6297",0,45859.06640625,36,0.154550000280142,2.14379993677139,300.807899475098,293.638554382324,0.0020000000949949,0.00600000005215406,"Nanochromis parilus",105699.472167524,1,1,0,4.40000009536743," ",0,3.26,"Carni.",1,"LC",1143
"6299",0,942.606994628906,37,0.184000000357628,1.97599995136261,303.068947601318,287.46188583374,0.0020000000949949,0.00700000021606684,"Brycinus sadleri",163887.953004972,1,1,0,13.8000001907349,"minor commercial",0,3.2,"Carni.",1,NA,1410
"6300",0,824.745971679688,30,0.57520000115037,1.65674996972084,301.554698181152,286.511428070068,0.00300000002607703,0.0082250002073124,"Lacustricola omoculatus",10224.3042612132,NA,NA,0,NA,NA,NA,NA,NA,3,NA,72
"6302",0.689000010490417,2546.23803710938,0,1.44700002670288,1.44700002670288,302.670114135742,291.75309753418,0.00800000037997961,0.00800000037997961,"Copadichromis atripinnis",668.234386224091,0,1,1,NA,NA,NA,NA,NA,1,"LC",8
"6304",0.0107250001979992,38.5369987487793,29,0.156149998307228,1.20844997465611,299.010529327393,289.445624542236,0.00300000002607703,0.00400000018998981,"Orthochromis mosoensis",7555.69951292548,1,0,0,7.75,NA,0,2,"Herbi.",1,"EN",68
"6310",0,7763.2158203125,37,0.202699998021126,1.74109998941421,301.572998046875,288.008203125,0.0020000000949949,0.00700000021606684,"Enteromius oligogrammus",132152.72755436,1,1,0,NA,NA,NA,NA,NA,1,"LC",1349
"6312",0,13524.0048828125,29.925,0.224999994039536,1.99939999878406,303.742784881592,291.920281219482,0.00300000002607703,0.00899999961256981,"Pareutropius buffei",131311.599770142,1,0,0,NA,NA,NA,NA,NA,1,"LC",1524
"6313",0,3274.53393554688,31,0.268574999272823,1.85184999108314,305.654998779297,292.506391143799,0.00300000002607703,0.00899999961256981,"Clarias buettikoferi",314688.855466472,1,0,0,NA,NA,NA,NA,NA,1,"LC",3464
"6318",0,222.705993652344,36,0.350475011020899,2.42304989695549,301.403688049316,291.305519866943,0.00392500017769635,0.00700000021606684,"Heteromormyrus pauciradiatus",11307.5057651653,1,1,0,NA,NA,NA,NA,NA,1,"DD",78
"6321",0,2546.23803710938,40,0.861050000786781,1.96920002698898,300.49250793457,284.180043029785,0.00700000021606684,0.00899999961256981,"Enteromius seymouri",12993.9327866065,1,0,0,NA,NA,NA,NA,NA,3,"VU",123
"6323",0.689000010490417,2546.23803710938,0,1.44700002670288,1.44700002670288,301.429992675781,292.595001220703,0.00800000037997961,0.00800000037997961,"Labidochromis gigas",84.1614107759323,0,1,1,NA,NA,NA,NA,NA,1,"LC",1
"6330",0,3274.53393554688,26,0.291199994087219,1.73740000724792,305.190795898438,291.075592041016,0.00300000002607703,0.00999999977648258,"Marcusenius thomasi",212607.397957221,1,0,0,20,NA,0,2.52,"Omni.",1,"LC",2505
"6331",0,17901.61328125,45,0.504999995231628,2.98740004301071,303.518005371094,286.115837097168,0.00400000018998981,0.0109999999403954,"Ophiocara porocephala",354911.657140354,1,0,0,34,"of no interest",1,3.26,"Carni.",1,NA,3694
"6333",0.0109999999403954,45918.515625,40,0.251399993896484,3.19019994735718,301.010809326172,292.731994628906,0.00300000002607703,0.00700000021606684,"Teleogramma gracile",23546.3852951022,1,1,0,NA,NA,NA,NA,NA,1,"VU",217
"6334",0,37367.671875,42,0.202650003507733,2.57399988174438,301.54273223877,294.008902740479,0.0020000000949949,0.00400000018998981,"Clariallabes laticeps",457483.512886823,1,1,0,NA,NA,NA,NA,NA,1,"LC",4574
"6335",0.144875004887581,6717.47314453125,2,0.157000005245209,0.933375015854836,301.829242706299,293.515991210938,0.0020000000949949,0.00499999988824129,"Chromidotilapia melaniae",32327.2680069337,NA,NA,0,NA,NA,NA,NA,NA,1,"LC",376
"6336",0,4261.53515625,43,0.310000002384186,3.25699996948242,309.032403564453,293.602807617188,0.00700000021606684,0.0130000002682209,"Marcusenius deboensis",2104.47731040303,1,1,0,NA,NA,NA,NA,NA,1,"DD",25
"6338",8.72200012207031,703.588989257812,0,1.44200003147125,1.44200003147125,301.572998046875,292.190002441406,0.00300000002607703,0.00499999988824129,"Xenotilapia bathyphila",33012.5919769452,0,0,0,10.3000001907349,"commercial",0,3.3,"Carni.",1,NA,386
"6342",0,2475.02709960938,43.7,0.561749976873398,3.05114996433258,301.994088745117,295.585345458984,0.00300000002607703,0.00499999988824129,"Phenacogrammus taeniatus",3609.61878869438,1,1,0,NA,NA,NA,NA,NA,1,"DD",27
"6343",0,1569.18994140625,19.375,0.345375005155802,1.4338750243187,303.545616149902,290.782127380371,0.00300000002607703,0.0103749998379499,"Leptocypris taiaensis",19215.3380823162,1,0,0,NA,NA,NA,NA,NA,1,"EN",226
"6344",0,13524.0048828125,41,0.163000002503395,2.74719996452332,309.423400878906,291.970989990234,0.00400000018998981,0.0140000004321337,"Raiamas senegalensis",2643808.5913625,1,1,0,NA,NA,NA,NA,NA,1,"LC",20433
"6345",0,17901.61328125,44,0.222000002861023,2.92712509632111,308.431751251221,283.487880706787,0.00400000018998981,0.0199999995529652,"Planiliza macrolepis",569140.299182761,1,0,0,60,"commercial",1,2.8,"Carni.",2,"LC",3276
"6347",0.0130000002682209,927.523986816406,30,0.180999994277954,1.97599995136261,301.202239990234,285.287757873535,0.0020000000949949,0.00600000005215406,"Marcusenius victoriae",185802.345285775,1,1,0,26,NA,0,3.35,"Carni.",1,"LC",1671
"6350",0.0131750007160008,2556.30395507812,20.675,0.339774999767542,1.03374999463558,301.32756729126,294.560778045654,0.00400000018998981,0.00600000005215406,"Amphilius dimonikensis",9615.48767481276,1,0,0,NA,NA,NA,NA,NA,1,"VU",112
"6353",0,78.8560028076172,41.7,0.808700001239777,3.02780001163482,302.047900390625,279.051306152344,0.0131000002846122,0.0179999992251396,"Pseudobarbus serra",15507.3845234729,1,0,0,NA,NA,NA,NA,NA,2,"NT",85
"6355",0.689000010490417,2546.23803710938,0,1.44700002670288,1.44700002670288,302.628490447998,291.525745391846,0.00800000037997961,0.00899999961256981,"Tropheops kumwera",500.47264827935,0,1,1,NA,NA,NA,NA,NA,1,"NT",6
"6360",0,1024.88098144531,43,0.772124990820885,2.6611250936985,303.320873260498,281.182628631592,0.00800000037997961,0.0160000007599592,"Chiloglanis swierstrai",265430.301905307,1,0,0,7,"of no interest",0,3.5,"Carni.",2,"LC",1666
"6361",0,4215.328125,38,0.382075003534555,2.14527496099472,300.756011962891,287.665162658691,0.00400000018998981,0.00899999961256981,"Amphilius cryptobullatus",126794.704370458,1,1,0,NA,NA,NA,NA,NA,3,"LC",1430
"6362",0,5606.25,24.75,0.942900007963181,1.81779997348785,303.174104309082,294.208094787598,0.00499999988824129,0.00700000021606684,"Nothobranchius lourensi",1789.40078213029,1,1,0,NA,NA,NA,NA,NA,1,"NT",19
"6363",0,3274.53393554688,18,0.272000014781952,1.42992495298386,303.291468048096,290.135483551025,0.00300000002607703,0.00999999977648258,"Malapterurus barbatus",143364.873871612,1,1,0,NA,NA,NA,NA,NA,1,"LC",1684
"6368",0.689000010490417,2546.23803710938,0,1.44700002670288,1.44700002670288,303.043180847168,289.298007965088,0.00700000021606684,0.00899999961256981,"Tyrannochromis nigriventer",6876.2660956166,0,1,1,17,NA,0,4.2,"Carni.",1,"LC",82
"6374",0.00889999961946159,45918.515625,40,0.200425004959106,2.12064993381501,301.117554473877,292.968125915527,0.00300000002607703,0.00700000021606684,"Labeo rectipinnis",16020.7491401204,1,1,0,NA,NA,NA,NA,NA,1,"VU",160
"6375",0,3413.77807617188,43.55,0.445350001752377,2.78979991674423,309.377299499512,294.925205993652,0.00400000018998981,0.00700000021606684,"Parailia somalensis",92943.722652395,1,0,0,NA,NA,NA,NA,NA,1,"DD",379
"6377",0,45918.515625,35.65,0.181850000470877,2.12160003185272,300.820552062988,292.962205505371,0.0020000000949949,0.00700000021606684,"Steatocranus casuarius",47396.5961047682,1,1,0,NA,NA,NA,NA,NA,1,"LC",495
"6378",0,1413.92102050781,28.8,0.34420000910759,1.72999994754791,307.759606933594,286.776403808594,0.00400000018998981,0.00899999961256981,"Labeobarbus nedgia",70770.8022766259,1,1,0,70.6999969482422,NA,0,3.34999990463257,"Carni.",1,"LC",769
"6381",0,10733.521484375,42,0.119349998421967,3.07924997210503,305.701956176758,277.563375854492,0.0120000001043081,0.0240000002086163,"Atherina boyeri",235398.116908706,1,1,0,20,"commercial",1,3.22,"Carni.",2,"LC",1708
"6382",0,12638.6572265625,44,0.349299992620945,2.90284998416901,300.580993652344,296.459439086914,0.0020000000949949,0.00300000002607703,"Trachyglanis ineac",35451.0104026981,1,1,0,NA,NA,NA,NA,NA,1,"LC",387
"6389",0,1567.5419921875,43,0.842350003123283,2.95455002784729,303.280995178223,284.473712158203,0.00700000021606684,0.0126500002108514,"Serranochromis meridianus",53662.3976598763,1,1,0,37,NA,0,3.76,"Carni.",1,"EN",535
"6390",0.0270000007003546,1074.28796386719,26.75,0.220249999314547,1.71850004792213,300.352493286133,294.082260131836,0.0020000000949949,0.00400000018998981,"Labeobarbus iturii",32333.7642344272,1,1,0,NA,NA,NA,NA,NA,1,"DD",371
"6391",0,3274.53393554688,27,0.270075009763241,1.71877498030663,305.252917480469,293.148458862305,0.00300000002607703,0.00800000037997961,"Tylochromis intermedius",410927.205162109,1,0,0,NA,NA,NA,NA,NA,1,"LC",4564
"6394",0.833000004291534,789.304016113281,0,1.97599995136261,1.97599995136261,298.594623565674,293.989990234375,0.0020000000949949,0.00300000002607703,"Haplochromis cryptogramma",70201.9485614657,0,1,1,9.39999961853027,NA,0,3.39,"Carni.",1,"DD",816
"6395",8.72200012207031,703.588989257812,0,1.44200003147125,1.44200003147125,301.572998046875,292.190002441406,0.00300000002607703,0.00499999988824129,"Xenotilapia ochrogenys",33012.5919769452,0,1,1,11,"commercial",0,3.16000008583069,"Carni.",1,"LC",386
"6397",21.9029998779297,1609.28796386719,0,0.685999989509583,0.685999989509583,305.446813964844,299.926446533203,0.00300000002607703,0.00400000018998981,"Haplochromis macconneli",8500.82980217615,0,1,1,NA,NA,NA,NA,NA,2,"LC",98
"6399",0.689000010490417,2546.23803710938,0,1.44700002670288,1.44700002670288,303.043180847168,289.298007965088,0.00700000021606684,0.00899999961256981,"Otopharynx selenurus",6876.2660956166,0,1,1,17.5,"commercial",0,2.82,"Carni.",1,"DD",82
"6403",0,4215.328125,39,0.377600005269051,2.21514995098114,300.790000915527,287.631204223633,0.00400000018998981,0.00899999961256981,"Synodontis katangae",140617.240239759,1,1,0,NA,NA,NA,NA,NA,3,"LC",1567
"6404",0,37425.43359375,38,0.23199999332428,2.25200009346008,306.493839263916,292.321614074707,0.0020000000949949,0.00700000021606684,"Nannaethiops unitaeniatus",703298.735540553,1,1,0,6.19999980926514," ",0,3,"Carni.",1,"LC",7204
"6405",0,45825.2890625,43,0.21980000436306,2.77140007019043,301.545196533203,294.735400390625,0.0020000000949949,0.00400000018998981,"Mastacembelus traversi",169625.143566109,1,1,0,NA,NA,NA,NA,NA,1,"LC",1625
"6412",0,45825.2890625,42,0.191099999845028,2.67839990854263,300.813945007324,294.759053039551,0.0020000000949949,0.00400000018998981,"Nannocharax schoutedeni",170004.378970202,1,1,0,NA,NA,NA,NA,NA,1,"LC",1803
"6416",0,13524.0048828125,45,0.222925004735589,3.19129998087883,310.386993408203,287.610424804688,0.00400000018998981,0.0179999992251396,"Tetraodon lineatus",1326536.64402753,1,1,0,43,"of no interest",0,3.6,"Carni.",2,"LC",7158
"6417",0.0621750003658235,36493.0546875,17,0.272725005447865,2.07627495527267,301.344548034668,291.417722320557,0.0020000000949949,0.00600000005215406,"Brycinus opisthotaenia",222747.327153547,NA,NA,0,NA,NA,NA,NA,NA,1,NA,2590
"6421",0,834.591003417969,44.125,0.473875004798174,2.56350007653236,299.895137786865,287.407989501953,0.00499999988824129,0.00999999977648258,"Chetia gracilis",28915.1063645223,1,1,0,NA,NA,NA,NA,NA,2,"LC",196
"6425",0,37367.671875,45,0.210200004279613,2.69650001525879,300.799603271484,291.454293823242,0.00100000004749745,0.00499999988824129,"Campylomormyrus tshokwe",126556.134311038,1,1,0,NA,NA,NA,NA,NA,1,"LC",1093
"6432",0,45918.515625,42,0.184350001066923,2.72064998149872,308.135896301269,292.881988525391,0.0020000000949949,0.0120000001043081,"Xenomystus nigri",1311687.3061764,1,1,0,30,"of no interest",0,3.27999997138977,"Carni.",1,"LC",13295
"6434",0.0606500018388033,2100.81494140625,11.7,0.312250001728535,2.17505005598068,300.884448242187,293.462139892578,0.0020000000949949,0.00600000005215406,"Schilbe nyongensis",12627.2063201743,1,0,0,NA,NA,NA,NA,NA,1,"DD",147
"6435",0,31.7889995574951,13.5,0.25874999910593,1.39750003814697,299.271751403809,287.016761779785,0.00499999988824129,0.00600000005215406,"Oreochromis hunteri",1288.63189016193,0,1,1,30,NA,0,2,"Herbi.",1,"CR",11
"6438",0,758.56201171875,43,0.764749997854233,2.72465006113052,303.347840881348,281.171891784668,0.00899999961256981,0.0140000004321337,"Opsaridium peringueyi",181055.237366055,1,0,0,NA,NA,NA,NA,NA,2,"LC",1367
"6439",0.034250000026077,97.4069976806641,25,0.113500002771616,1.02412500977516,296.638751983643,285.644374847412,0.00100000004749745,0.00300000002607703,"Labeobarbus ruandae",11430.4591425988,1,0,0,26.2000007629395,NA,0,NA,NA,3,"NT",116
"6444",8.72200012207031,703.588989257812,0,1.44200003147125,1.44200003147125,301.572998046875,292.190002441406,0.00300000002607703,0.00499999988824129,"Bathybates minor",33354.7184506497,1,1,0,20.5,"commercial",0,4.2,"Carni.",1,"LC",390
"6447",0.0322499992325902,789.304016113281,33.75,0.145624997094274,1.97599995136261,300.591259002686,292.232749938965,0.0020000000949949,0.00400000018998981,"Nothobranchius robustus",20390.0574150033,1,1,0,NA,NA,NA,NA,NA,1,"LC",186
"6449",0.0413000011816621,3277.625,27,0.142150003835559,1.27732501626014,308.069365692139,293.967083740234,0.00400000018998981,0.00999999977648258,"Gobiocichla wonderi",52634.4107147176,1,0,0,6.19999980926514,NA,0,2,"Herbi.",1,"NT",564
"6452",0.0521000010892749,49.6380004882812,27.95,0.282250013947487,1.88174996972084,307.345007324219,295.415658569336,0.00800000037997961,0.00999999977648258,"Micropanchax ehrichi",10918.8701089015,1,0,0,NA,NA,NA,NA,NA,1,"LC",83
"6455",8.72200012207031,703.588989257812,0,1.44200003147125,1.44200003147125,301.572998046875,292.190002441406,0.00300000002607703,0.00499999988824129,"Cyathopharynx furcifer",33354.7184506497,0,1,1,21,"commercial",0,3.4,"Carni.",1,"LC",390
"6460",0,45433.30859375,43.725,0.250999987125397,2.89045003056526,300.648348999023,294.74962387085,0.0020000000949949,0.00499999988824129,"Labeo alticentralis",4555.57698691516,1,1,0,NA,NA,NA,NA,NA,1,"DD",52
"6468",0,13524.0048828125,27,0.324299997091293,2.04355003833771,303.401705932617,289.828443908691,0.00300000002607703,0.00999999977648258,"Micropanchax scheeli",112189.300658365,NA,NA,0,NA,NA,NA,NA,NA,1,NA,1307
"6470",0,17901.61328125,43,0.270999997854233,2.73300004005432,303.943018341064,281.908971405029,0.0020000000949949,0.0149999996647239,"Enteromius paludinosus",2863986.23931184,1,1,0,15,"commercial",0,2.94000005722046,"Carni.",1,"LC",21280
"6471",0,17901.61328125,44,0.209999996423721,2.87219996452332,308.09580078125,282.146008300781,0.00400000018998981,0.0130000002682209,"Hippichthys cyanospilos",550827.114611998,1,0,0,16,"of no interest",1,NA,NA,1,"LC",4833
"6475",0,37307.2734375,33,0.232999995350838,1.99060000181198,305.162551879883,292.330244445801,0.00300000002607703,0.00899999961256981,"Laeviscutella dekimpei",683729.573223092,1,1,0,5.48999977111816,"subsistence fisheries",0,NA,NA,1,"LC",7015
"6476",0.011049999948591,45859.06640625,40,0.250999987125397,3.20680001378059,300.86349029541,292.7760597229,0.00300000002607703,0.00700000021606684,"Mastacembelus crassus",13108.336064017,1,0,0,NA,NA,NA,NA,NA,1,"VU",122
"6478",0,30347.138671875,42,0.237000003457069,2.57827504873276,301.922819519043,294.232518005371,0.0020000000949949,0.00499999988824129,"Pollimyrus pulverulentus",246692.45435431,1,1,0,NA,NA,NA,NA,NA,1,"LC",2470
"6480",0,37307.2734375,37,0.165275000408292,2.17085003852844,301.499880981445,289.182006835938,0.0020000000949949,0.00777500034309921,"Grasseichthys gabonensis",50166.7437441208,1,0,0,NA,NA,NA,NA,NA,1,"VU",570
"6483",0,37367.671875,46,0.25900000333786,3.01004998683929,307.506097412109,288.329937744141,0.0020000000949949,0.0120000001043081,"Micropanchax hutereaui",2220949.12558909,1,1,0,NA,NA,NA,NA,NA,1,"LC",19559
"6486",0.417174992710352,703.588989257812,0,1.44200003147125,1.44200003147125,301.572998046875,292.190002441406,0.00300000002607703,0.00499999988824129,"Neolamprologus fasciatus",34890.675799273,0,1,1,15,"commercial",0,NA,NA,1,"LC",404
"6487",0,45920.859375,42.025,0.292799992859364,3.08839989304543,304.529615783691,289.798828125,0.00232500007259659,0.0103750001406297,"Gerres nigri",4934.95646794702,1,1,0,20,"commercial",1,3.19,"Carni.",1,"LC",54
"6488",0.689000010490417,2546.23803710938,0,1.44700002670288,1.44700002670288,302.670989990234,290.632068634033,0.00800000037997961,0.00899999961256981,"Mylochromis sphaerodon",5187.31596095994,0,1,1,NA,NA,NA,NA,NA,1,"LC",62
"6494",0,17901.61328125,45,0.0509999990463257,2.95072491765021,309.313823699951,291.469724273682,0.00400000018998981,0.0130000002682209,"Ellochelon vaigiensis",379228.730529227,1,1,0,63,"commercial",1,2.39,"Omni.",2,"LC",2264
"6496",0.689000010490417,2546.23803710938,0,1.44700002670288,1.44700002670288,302.53791885376,292.129528808594,0.00800000037997961,0.00800000037997961,"Petrotilapia chrysos",334.614419555878,0,1,1,NA,NA,NA,NA,NA,1,"LC",4
"6501",0,2488.02392578125,39.2,0.522200012207031,2.52039999961853,301.513403320312,289.22939453125,0.00300000002607703,0.00600000005215406,"Chiloglanis microps",14188.0283371883,1,1,0,NA,NA,NA,NA,NA,1,"LC",137
"6502",0.689000010490417,2546.23803710938,0,1.44700002670288,1.44700002670288,301.221984863281,293.014007568359,0.00700000021606684,0.00700000021606684,"Stigmatochromis pleurospilus",84.7367086763954,0,1,1,NA,NA,NA,NA,NA,1,"DD",1
"6508",0.689000010490417,2546.23803710938,0,1.44700002670288,1.44700002670288,302.513000488281,292.484985351562,0.00800000037997961,0.00800000037997961,"Placidochromis trewavasae",83.453119406147,0,1,1,NA,NA,NA,NA,NA,1,"LC",1
"6510",0,5633.46484375,47,0.659950025379658,3.15302502512932,302.908996582031,290.960405731201,0.00499999988824129,0.00600000005215406,"Lacustricola lacustris",30655.3189010202,NA,NA,0,NA,NA,NA,NA,NA,1,NA,280
"6511",8.72200012207031,703.588989257812,0,1.44200003147125,1.44200003147125,301.572998046875,292.190002441406,0.00300000002607703,0.00499999988824129,"Telmatochromis bifrenatus",33012.5919769452,0,1,1,9,"commercial",0,NA,NA,1,"LC",386
"6514",0,45825.2890625,42,0.238999992609024,2.57614998221397,301.699153900146,288.449005126953,0.0020000000949949,0.00899999961256981,"Congoglanis alula",792554.969754918,1,1,0,14.1000003814697,NA,0,NA,NA,1,"LC",7998
"6519",0.0247500003315508,2556.30395507812,26,0.245350005477667,1.1636499941349,301.316291809082,293.631796264648,0.00300000002607703,0.00600000005215406,"Enteromius kuiluensis",39256.2265044729,NA,NA,0,NA,NA,NA,NA,NA,1,"DD",455
"6520",0,13524.0048828125,28,0.225349994748831,1.91175001859665,303.985992431641,291.924955749512,0.0020000000949949,0.00899999961256981,"Gymnallabes typus",145395.378193268,1,1,0,NA,NA,NA,NA,NA,1,"LC",1695
"6523",0.417174992710352,703.588989257812,0,1.44200003147125,1.44200003147125,301.572998046875,292.190002441406,0.00300000002607703,0.00499999988824129,"Lepidiolamprologus hecqui",34890.675799273,NA,NA,0,NA,NA,NA,NA,NA,1,NA,404
"6531",0.269699996709824,2275.02905273438,2,0.141000002622604,0.828400003910065,304.25,293.848211669922,0.00400000018998981,0.00700000021606684,"Labeobarbus petitjeani",34996.6883887186,1,0,0,NA,NA,NA,NA,NA,1,"LC",413
"6532",0.0883000001311302,45328.32421875,8,0.199600002169609,1.80779999494553,301.463201904297,290.009497070312,0.0020000000949949,0.00700000021606684,"Clarias submarginatus",337924.555074879,1,1,0,16,NA,0,NA,NA,1,"VU",3853
"6533",0.143949999287725,316.578002929688,2,0.0633500009775162,0.597249990701675,299.575954437256,283.941947174072,0.0020000000949949,0.00300000002607703,"Haplochromis oregosoma",14026.4132505725,1,1,0,NA,NA,NA,NA,NA,1,"NT",142
"6535",0.689000010490417,2546.23803710938,0,1.44700002670288,1.44700002670288,301.848499298096,289.174869537354,0.00700000021606684,0.00862499990034848,"Aulonocara stuartgranti",1348.00153362188,0,1,1,11.8000001907349,"commercial",0,3.5,"Carni.",1,"LC",16
"6542",0.028999999165535,1854.42199707031,23.425,0.191149999946356,1.31875000596047,303.799426269531,295.279447937012,0.00499999988824129,0.006425000121817,"Labeobarbus lagensis",22927.4559305958,1,1,0,NA,NA,NA,NA,NA,1,"DD",264
"6544",8.72200012207031,703.588989257812,0,1.44200003147125,1.44200003147125,301.572998046875,292.190002441406,0.00300000002607703,0.00499999988824129,"Ectodus descampsii",33354.7184506497,0,1,1,10.3999996185303,"commercial",0,2.48,"Omni.",1,NA,390
"6561",0.00947499985340984,927.523986816406,30,0.180999994277954,1.97599995136261,301.343846893311,284.630004882812,0.0020000000949949,0.00700000021606684,"Hippopotamyrus grahami",163443.130968277,1,1,0,NA,NA,NA,NA,NA,1,"LC",1434
"6566",0.819800019264221,2067.5380859375,0,0.295800000429153,0.805800020694732,301.311602783203,294.146002197266,0.00300000002607703,0.00499999988824129,"Coptodon walteri",47270.3537671093,1,0,0,NA,NA,NA,NA,NA,1,"EN",553
"6570",0.689000010490417,2546.23803710938,0,1.44700002670288,1.44700002670288,303.043180847168,289.298007965088,0.00700000021606684,0.00899999961256981,"Lethrinops parvidens",6876.2660956166,0,1,1,14,"commercial",0,3.35,"Carni.",1,"LC",82
"6574",0,497.122009277344,39.1,0.778374978899956,3.61170003414154,302.741179656982,292.176552581787,0.00400000018998981,0.00899999961256981,"Osteomugil engeli",2040.66446390629,1,0,0,47.7000007629395,"commercial",1,NA,NA,1,"LC",24
"6577",0,18384.869140625,42,0.22749999910593,2.68099999427795,300.814498901367,296.252990722656,0.0020000000949949,0.00300000002607703,"Congocharax olbrechtsi",97645.3993975246,1,1,0,NA,NA,NA,NA,NA,1,"LC",1021
"6579",0.417174992710352,703.588989257812,0,1.44200003147125,1.44200003147125,301.572998046875,292.190002441406,0.00300000002607703,0.00499999988824129,"Petrochromis fasciolatus",34890.675799273,0,1,1,15,"commercial",0,2,"Herbi.",1,"LC",404
"6583",0,45859.06640625,42,0.250999987125397,2.6882000207901,300.814297485352,291.178088378906,0.0020000000949949,0.00600000005215406,"Labeo macrostoma",177563.248477852,1,1,0,NA,NA,NA,NA,NA,1,"LC",1915
"6584",0,109.133003234863,30.975,0.984600026905537,2.1045499175787,298.399131011963,281.000909423828,0.0109999999403954,0.0149999996647239,"Pseudobarbus burchelli",8764.35483617861,1,0,0,13.5,NA,0,2.88,"Carni.",2,"CR",42
"6588",461.98669766113,45920.859375,0,0.268975003808737,0.914024994522333,301.78709564209,295.325631713867,0.00407500019064173,0.00692500021541491,"Microdesmus africanus",171.167115442809,1,0,0,NA,NA,NA,NA,NA,1,"DD",2
"6590",0,17901.61328125,43,0.256000012159348,2.64422503709793,304.301221466064,284.455428314209,0.0020000000949949,0.0130000002682209,"Microphis fluviatilis",3234277.94614694,1,0,0,21,"subsistence fisheries",1,3.4,"Carni.",1,"DD",28232
"6597",0,5332.326171875,43.55,0.0399000009521842,2.87010000944138,309.603211975098,283.95259552002,0.00400000018998981,0.0130000002682209,"Elops machnata",274138.102205221,1,0,0,118,"commercial",1,3.86,"Carni.",2,"LC",1819
"6598",0,37425.43359375,27,0.248999997973442,1.90600001811981,306.549987792969,291.698542785645,0.00300000002607703,0.00899999961256981,"Kribia kribensis",609366.00959065,1,1,0,NA,NA,NA,NA,NA,1,"LC",6787
"6599",0.0136250003706664,25.1000003814697,40,0.387625008821487,2.00724998116493,303.105495452881,295.340370178223,0.00400000018998981,0.00499999988824129,"Distichodus langi",16569.7623388055,1,1,0,NA,NA,NA,NA,NA,1,"DD",106
"6603",0,11349.0703125,25,0.224000006914139,1.47425002455711,304.055999755859,292.777392578125,0.00300000002607703,0.00800000037997961,"Schilbe brevianalis",113617.444952944,1,1,0,NA,NA,NA,NA,NA,1,"LC",1327
"6604",0.0782000005245209,12.7200002670288,17.2,0.578600001335144,1.75750002861023,307.253009033203,297.854107666016,0.00300000002607703,0.00499999988824129,"Squalius cephalus",1710.21962065149,1,1,0,60,"minor commercial",0,3.60999989509583,"Carni.",2,"LC",13
"6605",0.00909999962896109,45859.06640625,40,0.181650002300739,3.14369988441468,300.861990356445,292.898739624023,0.00300000002607703,0.00700000021606684,"Lamprologus tigripictilis",12426.2987407599,1,1,0,NA,NA,NA,NA,NA,1,"VU",123
"6607",0.689000010490417,2546.23803710938,0,1.44700002670288,1.44700002670288,303.043180847168,289.298007965088,0.00700000021606684,0.00899999961256981,"Taeniolethrinops cyrtonotus",6876.2660956166,0,1,1,11.1999998092651,"of no interest",0,NA,NA,1,"LC",82
"6610",8.72200012207031,703.588989257812,0,1.44200003147125,1.44200003147125,301.572998046875,292.190002441406,0.00300000002607703,0.00499999988824129,"Xenotilapia tenuidentata",33012.5919769452,0,1,1,NA,NA,NA,NA,NA,1,"LC",386
"6611",0,5994.5439453125,42,0.353249989449978,2.46850007772446,301.580497741699,288.069244384766,0.00300000002607703,0.00899999961256981,"Nannocharax luapulae",171420.682620118,1,1,0,NA,NA,NA,NA,NA,3,"LC",1811
"6614",0,45328.32421875,44,0.27700001001358,2.90799999237061,304.940949249268,284.895376586914,0.0020000000949949,0.0130000002682209,"Coptodon rendalli",1913676.66454161,1,1,0,45,"commercial",0,2.13,"Herbi.",1,"LC",15268
"6617",0,45918.515625,42,0.25,2.61999988555908,302.726127624512,289.163131713867,0.0020000000949949,0.00700000021606684,"Citharinus congicus",642585.482712291,1,1,0,NA,NA,NA,NA,NA,1,"LC",5826
"6618",0.00712500021327287,37307.2734375,15.975,0.157000005245209,1.63359994590282,301.500881958008,288.861999511719,0.0020000000949949,0.00999999977648258,"Microsynodontis notata",17382.4440157521,NA,NA,0,NA,NA,NA,NA,NA,1,"DD",202
"6620",8.72200012207031,703.588989257812,0,1.44200003147125,1.44200003147125,301.572998046875,292.190002441406,0.00300000002607703,0.00499999988824129,"Lophiobagrus aquilus",33012.5919769452,0,1,1,NA,NA,NA,NA,NA,1,"LC",386
"6622",0.689000010490417,2546.23803710938,0,1.44700002670288,1.44700002670288,302.916114807129,289.409999847412,0.00700000021606684,0.00899999961256981,"Lethrinops altus",4694.31397546243,0,1,1,15.8000001907349,"commercial",0,3.5,"Carni.",1,"LC",56
"6626",0,37367.671875,42,0.199625002220273,2.70357505083084,300.860262298584,296.062719726562,0.0020000000949949,0.00300000002607703,"Marcusenius kutuensis",117840.112692563,1,1,0,NA,NA,NA,NA,NA,1,"LC",1190
"6627",0,45918.515625,39.2749999999999,0.232899999246001,2.26027497053146,301.654114532471,293.41075668335,0.0020000000949949,0.00600000005215406,"Lamprologus congoensis",124079.242332423,1,1,0,NA,NA,NA,NA,NA,1,"LC",1310
"6631",0,45825.2890625,42,0.246999993920326,2.61204998493195,301.417042541504,288.776957702637,0.0020000000949949,0.00899999961256981,"Labeo chariensis",789090.519947853,1,1,0,NA,NA,NA,NA,NA,1,"LC",7759
"6633",0,7714.2119140625,39,0.165000006556511,1.97599995136261,302.23815612793,286.712689208984,0.0020000000949949,0.00899999961256981,"Petrocephalus catostoma",813268.166890199,1,1,0,15,"subsistence fisheries",0,3.36,"Carni.",1,"LC",7839
"6634",8.72200012207031,703.588989257812,0,1.44200003147125,1.44200003147125,301.572998046875,292.190002441406,0.00300000002607703,0.00499999988824129,"Chalinochromis brichardi",33354.7184506497,0,1,1,12," ",0,3.5,"Carni.",1,"LC",390
"6635",0,45825.2890625,44,0.228075000271201,2.6988750398159,302.93118057251,293.27477722168,0.00100000004749745,0.00600000005215406,"Ctenopoma ocellatum",375153.616925748,1,1,0,NA,NA,NA,NA,NA,1,"LC",3524
"6636",0.916499984264374,1158.28894042969,0,0.225800006091595,0.902799981832504,302.280703735352,290.509701538086,0.00300000002607703,0.00570000000298022,"Fundulopanchax cinnamomeus",11396.463565698,1,0,0,NA,NA,NA,NA,NA,1,"EN",133
"6637",0,45859.06640625,41,0.202999994158745,2.51300001144409,308.433460235596,288.584872436523,0.0020000000949949,0.0130000002682209,"Heterobranchus longifilis",3187240.56100869,1,1,0,150,"minor commercial",0,3.72,"Carni.",1,"LC",26952
"6642",0.417174992710352,703.588989257812,0,1.44200003147125,1.44200003147125,301.572998046875,292.190002441406,0.00300000002607703,0.00499999988824129,"Phyllonemus filinemus",34890.675799273,0,1,1,NA,NA,NA,NA,NA,1,"LC",404
"6643",0.028999999165535,37307.2734375,12,0.248999997973442,1.71299996376038,302.504205322266,290.959985351563,0.0020000000949949,0.00700000021606684,"Epiplatys sexfasciatus",155087.05321602,1,1,0,10,"commercial",0,3.58,"Carni.",1,"LC",1785
"6645",0,2922.8310546875,15,0.423824988305569,1.4032999932766,304.110920715332,293.392910766602,0.00400000018998981,0.00899999961256981,"Epiplatys guineensis",25200.4774688789,1,0,0,NA,NA,NA,NA,NA,1,"VU",298
"6647",0.0195999994874001,1979.19995117188,32.2,0.245800006389618,1.45280001163483,301.174005126953,293.541595458984,0.00300000002607703,0.00600000005215406,"Aphyosemion thysi",27145.8013582102,1,0,0,NA,NA,NA,NA,NA,1,"VU",313
"6648",0,736.789001464844,35,0.363825003057718,2.04572492241859,304.281718444824,275.340811157227,0.0149999996647239,0.0260000005364418,"Salaria fluviatilis",170726.812205341,NA,NA,0,NA,NA,NA,NA,NA,3,NA,1618
"6650",0.0781000018119812,919.344970703125,15.3999999999999,0.236600002646446,1.2384999871254,299.696801757813,291.859405517578,0.00300000002607703,0.00400000018998981,"Serranochromis janus",6427.30734592015,1,1,0,NA,NA,NA,NA,NA,1,"DD",53
"6655",0,2546.23803710938,16,1.44700002670288,1.45000004768372,303.046699523926,289.295707702637,0.00700000021606684,0.00999999977648258,"Cyrtocara moorii",7292.64023344102,0,1,1,NA,NA,NA,NA,NA,1,"VU",87
"6656",0.689000010490417,2546.23803710938,0,1.44700002670288,1.44700002670288,302.675340270996,289.397444152832,0.00700000021606684,0.00899999961256981,"Eclectochromis ornatus",30205.312827778,NA,NA,0,NA,NA,NA,NA,NA,1,NA,359
"6658",0,5.54199981689453,38.7,0.738100016117096,2.38380000591278,302.408996582031,285.617294311523,0.0130000002682209,0.0137000003829598,"Clarias cavernicola",5436.50288585932,1,0,0,16.1000003814697,"of no interest",0,2.77,"Omni.",2,"CR",13
"6663",0.689000010490417,2546.23803710938,0,1.44700002670288,1.44700002670288,303.043180847168,289.298007965088,0.00700000021606684,0.00899999961256981,"Nyassachromis prostoma",6876.2660956166,0,1,1,NA,NA,NA,NA,NA,1,"LC",82
"6665",0,45633.43359375,40,0.234999999403954,2.42637498378754,301.927547454834,291.99427947998,0.0020000000949949,0.00600000005215406,"Enteromius atromaculatus",530370.20060695,1,1,0,NA,NA,NA,NA,NA,1,"LC",5510
"6668",0.689000010490417,2546.23803710938,0,1.44700002670288,1.44700002670288,302.659188842773,289.403015136719,0.00700000021606684,0.00800000037997961,"Bathyclarias euryodon",26520.5883195937,NA,NA,0,NA,NA,NA,NA,NA,1,NA,315
"6669",0,527.762023925781,42,0.405249990522861,2.00225004553795,301.18025970459,287.160743713379,0.00400000018998981,0.00700000021606684,"Chiloglanis mbozi",70071.9901963928,0,1,1,NA,NA,NA,NA,NA,1,"VU",671
"6675",0,7106.158203125,37.925,0.209999993443489,1.77270000576973,300.420690155029,288.707524871826,0.00100000004749745,0.00800000037997961,"Hypsopanchax jubbi",134968.660521924,1,0,0,5,"commercial",0,NA,NA,1,"LC",1244
"6676",1.01199996471405,971.463989257812,0,0.32600000500679,0.767000019550323,301.407989501953,294.644989013672,0.00300000002607703,0.00499999988824129,"Chiloglanis normani",10341.3766921154,0,1,1,NA,NA,NA,NA,NA,1,"EN",121
"6683",0,45825.2890625,41.2999999999997,0.14300000667572,2.59819993972778,301.221710205078,291.912991333008,0.0020000000949949,0.00400000018998981,"Malapterurus melanochir",353361.229209645,1,1,0,NA,NA,NA,NA,NA,1,"LC",3629
"6684",0.00957500033546239,2556.30395507812,20,0.271924994885921,1.23479999899864,301.315042114258,291.823021697998,0.00300000002607703,0.00600000005215406,"Labeobarbus lucius",12162.261510879,1,1,0,NA,NA,NA,NA,NA,1,"DD",134
"6689",0,45620.22265625,42,0.248999997973442,2.50290002822876,301.803686523437,294.365292358398,0.0020000000949949,0.00499999988824129,"Nannocharax elongatus",393524.198367668,1,1,0,NA,NA,NA,NA,NA,1,"LC",3925
"6690",0.689000010490417,2546.23803710938,0,1.44700002670288,1.44700002670288,302.916114807129,289.409999847412,0.00700000021606684,0.00899999961256981,"Cheilochromis euchilus",4694.31397546243,0,1,1,35,"commercial",0,3.2,"Carni.",1,NA,56
"6701",0,509.673004150391,25.1,0.380900011956692,1.73805003762245,302.176745605469,285.099263000488,0.00400000018998981,0.00700000021606684,"Mormyrus tenuirostris",39810.8315001295,1,0,0,NA,NA,NA,NA,NA,1,"LC",279
"6703",0,4374.953125,46,0.295999996364117,2.89200001955032,300.406745910645,294.013496398926,0.00100000004749745,0.00300000002607703,"Marcusenius intermedius",31443.2242383216,1,1,0,NA,NA,NA,NA,NA,1,"DD",271
"6711",0.123100000992417,3863.86206054688,8.64999999999998,0.230049999058247,1.05615002512932,300.772348022461,290.049057006836,0.00300000002607703,0.00499999988824129,"Marcusenius sanagaensis",38959.4809446952,NA,NA,0,NA,NA,NA,NA,NA,1,"VU",455
"6712",0,9036.9833984375,48,0.4311250038445,3.34762504696846,303.398368835449,286.027248382568,0.00400000018998981,0.0160000007599592,"Pollimyrus castelnaui",785789.277368237,1,1,0,7,"of no interest",0,3.2,"Carni.",2,"LC",2016
"6723",0.0987999990582466,36493.0546875,17,0.288000005483627,1.44599997997284,302.902606201172,292.501397705078,0.0020000000949949,0.00700000021606684,"Pollimyrus eburneensis",60264.2993284164,0,1,1,NA,NA,NA,NA,NA,1,"LC",673
"6725",0,5606.25,27,0.898499995470047,1.91750001907349,302.92350769043,295.629501342773,0.00499999988824129,0.00600000005215406,"Nothobranchius annectens",1876.07411599132,1,1,0,NA,NA,NA,NA,NA,1,"NT",21
"6731",0,439.285003662109,24.45,0.225299999862909,1.70924999117851,300.324841308594,279.327648925781,0.00400000018998981,0.00600000005215406,"Labeobarbus pagenstecheri",22946.4350745418,1,0,0,NA,NA,NA,NA,NA,1,"DD",223
"6734",0.866100001335144,1131.64001464844,0,0.325099989771843,0.7757000207901,301.383499145508,294.854385375977,0.00300000002607703,0.00400000018998981,"Micralestes eburneensis",24364.8971539244,1,0,0,NA,NA,NA,NA,NA,1,"EN",285
"6735",27.0389995574951,103.972999572754,0,0.337999999523163,0.337999999523163,295.157012939453,289.976599121094,0.0020000000949949,0.00220000008121133,"Haplochromis nigroides",2837.93065776997,0,1,1,7.5,NA,0,NA,NA,3,"LC",33
"6736",21.9029998779297,1609.28796386719,0,0.685999989509583,0.685999989509583,305.425415039062,300.006623840332,0.00300000002607703,0.00400000018998981,"Lates longispinis",8070.49323122656,0,1,1,NA,NA,NA,NA,NA,2,"DD",94
"6742",0,707.939025878906,36,0.457000005245209,2.5768000125885,304.393389892578,282.350402832031,0.00300000002607703,0.00660000015050169,"Synodontis zanzibaricus",85832.2889729009,1,0,0,NA,NA,NA,NA,NA,1,"DD",377
"6743",0.833000004291534,789.304016113281,0,1.97599995136261,1.97599995136261,299.022003173828,294.330152130127,0.00300000002607703,0.00300000002607703,"Enteromius viktorianus",1893.16897295765,0,1,1,NA,NA,NA,NA,NA,1,"DD",22
"6744",0.162749999761581,316.578002929688,1.69999999999999,0.0704500000923872,0.570400005578994,300.895909118652,284.961637878418,0.0020000000949949,0.00300000002607703,"Haplochromis schubotzi",16177.5782462457,1,1,0,12.5,NA,0,3.2,"Carni.",1,"LC",167
"6745",0,2546.23803710938,16,1.44700002670288,1.45000004768372,303.208511352539,289.309005737305,0.00700000021606684,0.00999999977648258,"Mylochromis labidodon",5110.68811328686,0,1,1,NA,NA,NA,NA,NA,1,"LC",61
"6746",0,5332.326171875,39,0.597599995136261,3.21839995384216,308.301397705078,292.014599609375,0.00400000018998981,0.0120000001043081,"Gobiodon rivulatus",9282.55673507178,1,1,0,6.40000009536743,"commercial",1,NA,NA,1,"LC",65
"6747",0,45931.53515625,42,0.207800003886223,2.68979989290237,301.21526184082,293.055999755859,0.0020000000949949,0.00700000021606684,"Chrysichthys dendrophorus",127752.047756568,1,1,0,NA,NA,NA,NA,NA,1,"VU",1319
"6749",0,45920.859375,20,0.208000004291534,1.49925004839897,301.750553894043,291.087350463867,0.0020000000949949,0.00700000021606684,"Epiplatys singa",162918.553286492,1,1,0,NA,NA,NA,NA,NA,1,"LC",1859
"6751",0.606400001049042,675.557983398438,0,0.201299995183945,0.527500021457672,300.984808349609,294.146597290039,0.00300000002607703,0.00499999988824129,"Epiplatys hildegardae",16107.9010849751,1,0,0,NA,NA,NA,NA,NA,1,"LC",189
"6757",0,45918.515625,38,0.160999998450279,2.30240001678467,301.591003417969,291.263592529297,0.0020000000949949,0.00600000005215406,"Opsaridium ubangiense",1458841.34256041,1,1,0,NA,NA,NA,NA,NA,1,"LC",15265
"6758",0.689000010490417,2546.23803710938,0,1.44700002670288,1.44700002670288,301.48755645752,291.70240020752,0.00800000037997961,0.00800000037997961,"Maylandia xanstomachus",250.547819787209,0,0,0,12.5,"commercial",0,2,"Herbi.",1,NA,3
"6759",0,13524.0048828125,25.3,0.22039999961853,1.86879999637604,302.738897705078,290.478802490234,0.00300000002607703,0.00899999961256981,"Procatopus similis",91838.7540033009,1,0,0,6," ",0,NA,NA,1,"LC",1069
"6760",0,45825.2890625,43,0.248999997973442,2.67937496304512,301.522117614746,291.830131530762,0.0020000000949949,0.00499999988824129,"Pollimyrus tumifrons",501419.632253774,1,1,0,NA,NA,NA,NA,NA,1,"LC",4986
"6762",8.72200012207031,703.588989257812,0,1.44200003147125,1.44200003147125,301.572998046875,292.190002441406,0.00300000002607703,0.00499999988824129,"Limnochromis auritus",33012.5919769452,1,1,0,NA,NA,NA,NA,NA,1,"LC",386
"6765",0,17901.61328125,45,0.227099998295307,2.97512508630752,309.142944335938,291.109654998779,0.00300000002607703,0.0120000001043081,"Aurigequula fasciata",161270.293598639,1,0,0,21,"minor commercial",1,3.43,"Carni.",1,"LC",1212
"6768",0,4329.9990234375,41,0.141275003179908,2.67672506570816,309.689602661133,293.434544372559,0.00499999988824129,0.0140000004321337,"Synodontis gobroni",368074.768396838,1,1,0,NA,NA,NA,NA,NA,2,"LC",2412
"6772",0.357200002670288,2538.36596679688,1,0.285000002384186,0.992200005054474,302.708801269531,294.126397705078,0.00300000002607703,0.00600000005215406,"Enteromius bigornei",63716.4741735006,1,0,0,NA,NA,NA,NA,NA,1,"LC",745
"6773",0,2546.23803710938,16,1.44700002670288,1.45000004768372,303.046699523926,289.295707702637,0.00700000021606684,0.00999999977648258,"Trematocranus placodon",7292.64023344102,0,1,1,25,"commercial",0,3.37,"Carni.",1,"LC",87
"6774",0.061774999089539,213.606994628906,22.15,0.238774993270636,1.45427495539188,300.953495025635,295.165171813965,0.00300000002607703,0.00400000018998981,"Notoglanidium depierrei",6684.90853342311,NA,NA,0,NA,NA,NA,NA,NA,1,"DD",78
"6778",0,3274.53393554688,31,0.266999989748001,1.81452503502369,307.1669921875,293.053087615967,0.00300000002607703,0.00899999961256981,"Chrysichthys johnelsi",425571.776087799,1,0,0,NA,NA,NA,NA,NA,1,"LC",4580
"6781",0,45328.32421875,39,0.370025001466274,2.23177507519722,301.504916381836,287.674076080322,0.0020000000949949,0.00899999961256981,"Tylochromis bangwelensis",164907.448336593,1,1,0,27.5,NA,0,3.2,"Carni.",3,"LC",1850
"6783",0,14785.6494140625,48,0.400000005960464,3.35199999809265,304.858877563477,287.375830841064,0.00400000018998981,0.0130000002682209,"Enteromius fasciolatus",861526.211173282,1,1,0,6,"minor commercial",0,2.97,"Carni.",3,"LC",6394
"6785",0,37367.671875,45,0.232999995350838,2.88709998130798,300.821911621094,296.012908935547,0.0020000000949949,0.00300000002607703,"Brachypetersius huloti",224565.72939201,1,1,0,NA,NA,NA,NA,NA,1,"LC",2229
"6787",0,45825.2890625,41,0.184000000357628,2.5400999546051,301.830755615234,293.226805114746,0.0020000000949949,0.00499999988824129,"Synodontis greshoffi",1112090.26737979,1,1,0,NA,NA,NA,NA,NA,1,"LC",11059
"6793",0,653.473022460938,41.45,0.768900018930435,2.86530007123947,302.465145874023,286.569692993164,0.00600000005215406,0.0120000001043081,"Thoracochromis albolabris",56344.474753082,1,1,0,15.1000003814697,NA,0,NA,NA,2,"LC",183
"6799",0,10605.4443359375,36.6,0.355799996852875,2.28639998435974,308.512591552734,285.749597167969,0.00700000002980232,0.0168000008910894,"Lagocephalus sceleratus",7880.78893689901,0,0,0,110,"of no interest",1,4.01,"Carni.",2,"LC",9
"6801",0.294325008243322,2080.52099609375,0,0.22845000103116,0.814749974012375,302.858757781982,290.457899475098,0.00300000002607703,0.00700000021606684,"Doumea thysi",24839.723492607,1,0,0,NA,NA,NA,NA,NA,1,"LC",290
"6804",0,2488.02392578125,33,0.533700013160706,1.50750002861023,301.526095581055,289.711596679688,0.00300000002607703,0.00499999988824129,"Kneria katangae",7223.3756629481,1,1,0,NA,NA,NA,NA,NA,1,"LC",77
"6806",0.0864000026136637,0.163000002503395,44,0.431150007247925,0.547049987316132,309.061701965332,289.752256774902,0.0189999993890524,0.0189999993890524,"Enteromius deserti",464026.405006106,1,0,0,NA,NA,NA,NA,NA,2,"NT",3
"6807",0.689000010490417,2546.23803710938,0,1.44700002670288,1.44700002670288,301.813513183594,289.422857666016,0.00800000037997961,0.0089499996509403,"Melanochromis mpoto",253.549496086174,0,1,1,9.10999965667725,NA,0,NA,NA,1,"LC",3
"6808",0,736.789001464844,35,0.545649990439415,2.02189989089966,303.222355651855,274.670390319824,0.0140000004321337,0.025000000372529,"Cobitis maroccana",58731.277087897,1,0,0,NA,NA,NA,NA,NA,3,"LC",675
"6812",0,422.101013183594,33.525,0.775449992716312,2.09824993014336,299.676966094971,278.199841308594,0.00899999961256981,0.0160000007599592,"Labeo rubromaculatus",33541.0579382899,1,0,0,50,"of potential interest",0,2,"Herbi.",3,"VU",300
"6813",8.72200012207031,703.588989257812,0,1.44200003147125,1.44200003147125,301.572998046875,292.190002441406,0.00300000002607703,0.00499999988824129,"Lepidiolamprologus elongatus",33012.5919769452,0,1,1,32.5,"commercial",0,4.2,"Carni.",1,"LC",386
"6814",0.417174992710352,703.588989257812,0,1.44200003147125,1.44200003147125,301.572998046875,292.190002441406,0.00300000002607703,0.00499999988824129,"Lepidiolamprologus boulengeri",34890.675799273,NA,NA,0,NA,NA,NA,NA,NA,1,NA,404
"6820",0,13524.0048828125,45,0.209999993443489,3.02865006923675,310.114990234375,290.011961364746,0.00400000018998981,0.0160000007599592,"Bagrus bajad",1984919.92852277,1,1,0,112,"commercial",0,3.39,"Carni.",2,"LC",12455
"6821",0,30347.138671875,41.6749999999997,0.237000003457069,2.60737500786781,301.635986328125,293.27087097168,0.0020000000949949,0.00499999988824129,"Enteromius lukusiensis",354330.585883143,1,1,0,NA,NA,NA,NA,NA,1,"LC",3534
"6823",0,13524.0048828125,43,0.183324998989701,3.23777509927749,309.096008300781,290.034059143066,0.00300000002607703,0.0130000002682209,"Chelaethiops bibie",539743.699188087,1,1,0,5.5,NA,0,2.25,"Omni.",2,"LC",3494
"6828",0,17508.447265625,43,0.189999997615814,2.65599989891052,303.327197265625,282.813195800781,0.0020000000949949,0.0140000004321337,"Amphilius uranoscopus",1537816.96003083,1,1,0,19.5,"of potential interest",0,2.86,"Carni.",1,"LC",13705
"6829",0.228324998542666,919.344970703125,1,0.179000005125999,1.44200003147125,301.370272827148,287.34753036499,0.0020000000949949,0.00499999988824129,"Bathybagrus sianenna",49066.4198224221,1,0,0,23,"subsistence fisheries",0,3.72,"Carni.",1,NA,544
"6834",0.417174992710352,703.588989257812,0,1.44200003147125,1.44200003147125,301.572998046875,292.190002441406,0.00300000002607703,0.00499999988824129,"Stolothrissa tanganicae",34890.675799273,0,1,1,10,"highly commercial",0,2.74,"Omni.",1,"LC",404
"6835",0.417174992710352,703.588989257812,0,1.44200003147125,1.44200003147125,301.572998046875,292.190002441406,0.00300000002607703,0.00499999988824129,"Neolamprologus caudopunctatus",34890.675799273,0,1,1,6.5,"commercial",0,3.4,"Carni.",1,"LC",404
"6838",8.72200012207031,703.588989257812,0,1.44200003147125,1.44200003147125,301.572998046875,292.190002441406,0.00300000002607703,0.00499999988824129,"Trematocara unimaculatum",33012.5919769452,NA,NA,0,NA,NA,NA,NA,NA,1,"LC",386
"6839",NA,NA,NA,NA,NA,NA,NA,NA,NA,"Kuhlia rupestris",1258.47175939897,1,0,0,45,"commercial",1,3.22,"Carni.",2,"LC",0
"6844",0,10742.6826171875,45.8,0.424399989843369,3.8163999080658,305.379608154297,280.315008544922,0.0130000002682209,0.0199999995529652,"Alosa fallax",79688.3603135942,1,0,0,60,"minor commercial",1,3.58999991416931,"Carni.",2,"LC",289
"6845",0,45920.859375,34,0.252000004053116,2.00319995880127,305.322198486328,292.993011474609,0.00300000002607703,0.00899999961256981,"Ethmalosa fimbriata",845171.620528088,1,1,0,46,"highly commercial",1,2.52,"Omni.",1,"LC",7489
"6846",0,45825.2890625,41,0.216849994659424,2.57029994726181,301.598143005371,292.764863586426,0.0020000000949949,0.00600000005215406,"Labeo greenii",394623.312404397,1,1,0,NA,NA,NA,NA,NA,1,"LC",4115
"6848",0,5332.326171875,40,0.748325003683567,2.72222490310669,308.194696807861,282.725025177002,0.00400000018998981,0.0128250002395362,"Acanthopagrus berda",14333.3347533228,1,1,0,90,"commercial",1,3.5,"Carni.",3,"LC",128
"6853",8.72200012207031,703.588989257812,0,1.44200003147125,1.44200003147125,301.572998046875,292.190002441406,0.00300000002607703,0.00499999988824129,"Lamprologus finalimus",33012.5919769452,0,1,1,NA,NA,NA,NA,NA,1,"DD",386
"6854",0,6167.31982421875,38,0.442024993151426,1.61044997274876,301.560425567627,290.310092163086,0.00300000002607703,0.00499999988824129,"Labeo lualabaensis",48957.3938943103,1,1,0,NA,NA,NA,NA,NA,1,"LC",424
"6857",0.455825010687113,2214.14306640625,1,0.178000003099442,0.64917498677969,303.619995117188,293.974737548828,0.00300000002607703,0.00700000021606684,"Archiaphyosemion guineense",113346.488050807,1,1,0,NA,NA,NA,NA,NA,1,"LC",1332
"6859",0,45918.515625,40.2999999999993,0.244700004160404,2.52900004386902,303.282989501953,290.542395019531,0.0020000000949949,0.00800000037997961,"Micralestes humilis",1257031.82471367,1,1,0,NA,NA,NA,NA,NA,1,"LC",13029
"6863",0,45825.2890625,43,0.230150004476309,2.5484250664711,300.90327911377,294.911894989014,0.00100000004749745,0.00400000018998981,"Synodontis flavitaeniatus",252882.486223023,1,1,0,NA,NA,NA,NA,NA,1,"LC",2304
"6864",0,7808.18603515625,37,0.435899993777275,1.79389998912811,301.684997558594,290.82169342041,0.0020000000949949,0.00499999988824129,"Enteromius kamolondoensis",91716.7989891188,1,1,0,NA,NA,NA,NA,NA,1,"LC",835
"6866",0,2547.44506835938,44.8,0.795400029420853,2.22300002574921,306.16399230957,281.029507446289,0.00800000037997961,0.0139000004157424,"Bagrus meridionalis",10524.9355532001,1,1,0,150,"commercial",0,3.93,"Carni.",1,"CR",125
"6867",0,45825.2890625,42,0.232999995350838,2.63032507896423,301.680071258545,294.441009521484,0.0020000000949949,0.00499999988824129,"Leptoglanis xenognathus",212356.263004326,1,1,0,NA,NA,NA,NA,NA,1,"LC",2142
"6871",0,45825.2890625,44,0.248999997973442,2.73600006103516,301.691873168945,294.183856964111,0.0020000000949949,0.00499999988824129,"Schilbe marmoratus",748730.384056873,1,1,0,21.7000007629395," ",0,NA,NA,1,"LC",7298
"6874",0,5332.326171875,40.375,0.719124980270863,2.87787491083145,308.295997619629,285.351993560791,0.00362500012852252,0.0120000001043081,"Arothron immaculatus",12214.2594487646,1,0,0,37.5,"minor commercial",1,3.32,"Carni.",2,"LC",106
"6876",0.028999999165535,1854.42199707031,23.55,0.190899999439716,1.32749999761581,303.799548339844,296.62614440918,0.00499999988824129,0.00600000005215406,"Labeo brachypoma",22499.9210925591,1,1,0,NA,NA,NA,NA,NA,1,"DD",259
"6883",0.00300000002607703,16182.1865234375,33,0.331474988907576,1.78209998607635,301.986168670654,293.987732696533,0.00300000002607703,0.00517499991692598,"Ctenochromis oligacanthus",77722.0993881901,NA,NA,0,NA,NA,NA,NA,NA,1,NA,834
"6884",0,13524.0048828125,32,0.152099995315075,1.87240002155304,305.378997802734,294.016812133789,0.00300000002607703,0.00700000021606684,"Clarias agboyiensis",314712.742405057,1,1,0,29,NA,0,NA,NA,1,"LC",3325
"6885",8.72200012207031,703.588989257812,0,1.44200003147125,1.44200003147125,301.572998046875,292.190002441406,0.00300000002607703,0.00499999988824129,"Trematocara zebra",33012.5919769452,0,1,1,NA,NA,NA,NA,NA,1,"DD",386
"6887",0.833000004291534,789.304016113281,0,1.97599995136261,1.97599995136261,298.594673919678,293.992588806152,0.0020000000949949,0.00300000002607703,"Haplochromis piceatus",70029.8147067808,0,1,1,9,NA,0,3.3,"Carni.",1,"VU",814
"6891",0,45918.515625,40,0.233749996870756,2.51675003767014,301.624992370605,292.32674407959,0.0020000000949949,0.00600000005215406,"Enteromius holotaenia",960032.253630135,1,1,0,12," ",0,2.83,"Carni.",1,"LC",9991
"6893",0.417174992710352,703.588989257812,0,1.44200003147125,1.44200003147125,301.572998046875,292.190002441406,0.00300000002607703,0.00499999988824129,"Neolamprologus obscurus",34890.675799273,0,1,1,NA,NA,NA,NA,NA,1,"LC",404
"6897",NA,NA,NA,NA,NA,NA,NA,NA,NA,"Eubleekeria splendens",1114.05117998469,1,0,0,23,"commercial",1,2.94,"Carni.",2,"LC",0
"6903",0,270.111999511719,37.2,0.354800003767014,2.3731999874115,305.084588623047,273.285607910156,0.017000000923872,0.0280000008642673,"Luciobarbus nasus",57278.3991666798,1,0,0,NA,NA,NA,NA,NA,3,"EX",513
"6904",0,45859.06640625,42,0.220174999162555,2.64459992647171,301.573129272461,291.661447906494,0.0020000000949949,0.00600000005215406,"Petrocephalus balayi",349546.36198424,1,1,0,NA,NA,NA,NA,NA,1,"LC",3568
"6906",0,13524.0048828125,40,0.149000003933907,2.47159991264343,308.497985839844,291.555993652344,0.00400000018998981,0.0120000001043081,"Synodontis sorex",1461676.68229292,1,1,0,NA,NA,NA,NA,NA,1,"LC",12617
"6910",0,653.552001953125,40,0.243125000968575,2.74200010299683,301.503574371338,287.062101745605,0.00300000002607703,0.0120000001043081,"Orthochromis machadoi",96570.3630208986,1,1,0,NA,NA,NA,NA,NA,2,"LC",498
"6911",0.689000010490417,2546.23803710938,0,1.44700002670288,1.44700002670288,303.043180847168,289.298007965088,0.00700000021606684,0.00899999961256981,"Stigmatochromis macrorhynchos",6876.2660956166,0,1,1,12.8199996948242,NA,0,NA,NA,1,"LC",82
"6915",0,3274.53393554688,22,0.298174997419119,1.55109997093677,303.331270599365,288.668167877197,0.00300000002607703,0.0109999999403954,"Callopanchax occidentalis",97886.7201497319,1,1,0,8,"commercial",0,3.27,"Carni.",1,"LC",1150
"6919",0.00400000018998981,3169.208984375,32,0.170399997383356,1.54265001416206,300.756011962891,289.043794250488,0.0020000000949949,0.00700000021606684,"Lacustricola matthesi",49936.8104944644,1,1,0,NA,NA,NA,NA,NA,1,"EN",535
"6920",0,3012.11206054688,43,0.668875008821487,2.45274993777275,303.235507965088,286.137615203857,0.00600000005215406,0.0109999999403954,"Parakneria mossambica",60841.8651289638,1,0,0,NA,NA,NA,NA,NA,1,"LC",746
"6926",0.689000010490417,2546.23803710938,0,1.44700002670288,1.44700002670288,303.043180847168,289.298007965088,0.00700000021606684,0.00899999961256981,"Dimidiochromis dimidiatus",6876.2660956166,0,1,1,20,"commercial",0,4.02,"Carni.",1,"LC",82
"6927",0,45920.859375,42,0.199650002270937,2.57399988174438,301.503997802734,288.805255126953,0.0020000000949949,0.00899999961256981,"Brycinus grandisquamis",991036.214479273,1,1,0,NA,NA,NA,NA,NA,1,"LC",10147
"6928",0.203150000795722,37425.43359375,1,0.208000004291534,1.4944249778986,301.53595199585,291.406797790527,0.0020000000949949,0.00600000005215406,"Labeobarbus malacanthus",325498.538426579,NA,NA,0,NA,NA,NA,NA,NA,1,"LC",3784
"6931",0,11076.9248046875,41,0.17399999499321,2.48759994506836,308.042999267578,292.872009277344,0.00300000002607703,0.0109999999403954,"Poropanchax normani",1781498.95621996,1,1,0,4.5," ",0,3.35,"Carni.",1,"LC",15497
"6935",0,2546.23803710938,16,1.44700002670288,1.45000004768372,303.046699523926,289.295707702637,0.00700000021606684,0.00999999977648258,"Protomelas similis",7292.64023344102,0,1,1,18,"commercial",0,2,"Herbi.",1,"LC",87
"6938",0.689000010490417,2546.23803710938,0,1.44700002670288,1.44700002670288,301.258805847168,289.412738037109,0.00700000021606684,0.00795000037178397,"Placidochromis platyrhynchos",253.221815116524,0,1,1,NA,NA,NA,NA,NA,3,"LC",3
"6941",0.0692750014364719,1924.57995605469,30,0.282999992370605,1.18067497909069,303.632376098633,296.157330322266,0.00300000002607703,0.00499999988824129,"Lepidarchus adonis",49560.4478377206,1,1,0,NA,NA,NA,NA,NA,1,"VU",494
"6944",0.689000010490417,2546.23803710938,0,1.44700002670288,1.44700002670288,302.644989013672,292.542999267578,0.00800000037997961,0.00800000037997961,"Mchenga cyclicos",83.4531194061356,0,1,1,12.1199998855591,NA,0,3.4,"Carni.",1,"NT",1
"6946",0,3239.66796875,39,0.908999979496002,2.70065002441406,303.217755126953,288.147305297852,0.0020000000949949,0.0130000002682209,"Sargochromis greenwoodi",155713.757194414,1,1,0,30,"subsistence fisheries",0,3.66,"Carni.",2,"LC",1067
"6951",0,10733.521484375,42,0.113975000008941,3.01434994339943,305.700161743164,277.312063598633,0.0160000007599592,0.0240000002086163,"Syngnathus abaster",185020.381288097,1,0,0,22.1000003814697,NA,1,3.2,"Carni.",2,"LC",1400
"6953",0.417174992710352,703.588989257812,0,1.44200003147125,1.44200003147125,301.572998046875,292.190002441406,0.00300000002607703,0.00499999988824129,"Neolamprologus mustax",34890.675799273,0,1,1,9,"commercial",0,3.45,"Carni.",1,"LC",404
"6956",0.360249999910593,30686.83203125,0.125,0.244000004604459,0.963500000536442,301.213005065918,292.107864379883,0.0020000000949949,0.00499999988824129,"Plataplochilus terveri",20299.5145962227,1,0,0,NA,NA,NA,NA,NA,1,"EN",236
"6963",0,2578.76489257812,34.4499999999999,0.265824991464615,1.7678499996662,301.593141174316,293.521273040771,0.00400000018998981,0.00672500017099079,"Neolebias spilotaenia",36124.5379653059,NA,NA,0,NA,NA,NA,NA,NA,1,"VU",412
"6964",0.00899999961256981,36549.51953125,32,0.232999995350838,2.16272502541542,301.385181427002,292.006703948975,0.0020000000949949,0.00600000005215406,"Enteromius guirali",571471.506092947,1,1,0,NA,NA,NA,NA,NA,1,"LC",6338
"6965",0.290500000119209,2610.23388671875,2,0.342000007629395,0.988000005483627,301.429992675781,293.837997436523,0.00300000002607703,0.00499999988824129,"Brycinus derhami",22538.5429524676,NA,NA,0,NA,NA,NA,NA,NA,1,NA,261
"6970",0.689000010490417,2546.23803710938,0,1.44700002670288,1.44700002670288,301.855565643311,292.132179260254,0.00800000037997961,0.00800000037997961,"Taeniolethrinops furcicauda",167.265709256645,0,1,1,21,"commercial",0,2.84,"Carni.",1,"LC",2
"6971",0,919.344970703125,34,0.180300005525351,1.55424994826317,301.163552856445,288.375958251953,0.0020000000949949,0.00600000005215406,"Astatotilapia burtoni",156083.444582371,1,1,0,15,"subsistence fisheries",0,3.05,"Carni.",1,"LC",1607
"6972",0,2546.23803710938,16,1.44700002670288,1.45000004768372,303.377307128906,289.287808227539,0.00700000021606684,0.00999999977648258,"Protomelas kirkii",3100.1167566456,1,1,0,18,"commercial",0,3.41,"Carni.",1,"LC",37
"6973",0.833000004291534,789.304016113281,0,1.97599995136261,1.97599995136261,298.594673919678,293.992588806152,0.0020000000949949,0.00300000002607703,"Haplochromis rubripinnis",70029.8147067808,0,1,1,10.4300003051758,NA,0,3.3,"Carni.",1,"LC",814
"6974",0,45825.2890625,42,0.237000003457069,2.57999992370605,301.790400695801,294.697998046875,0.00100000004749745,0.00499999988824129,"Ctenopoma acutirostre",547395.289669964,1,1,0,NA,NA,NA,NA,NA,1,"LC",5387
"6980",0.451999992132187,11712.7255859375,0,0.338799994438887,1.45742503404617,300.856733703613,291.525292205811,0.00300000002607703,0.00700000021606684,"Paramormyrops hopkinsi",33553.9553165159,NA,NA,0,NA,NA,NA,NA,NA,1,"VU",390
"6982",0.417174992710352,703.588989257812,0,1.44200003147125,1.44200003147125,301.572998046875,292.190002441406,0.00300000002607703,0.00499999988824129,"Ophthalmotilapia ventralis",34890.675799273,0,1,1,15,"commercial",0,NA,NA,1,"LC",404
"6984",0,13524.0048828125,42,0.164250005036592,2.67075002193451,309.721755981445,292.911987304688,0.00400000018998981,0.0140000004321337,"Nannocharax occidentalis",711921.255520663,1,0,0,NA,NA,NA,NA,NA,1,"LC",5971
"6985",0,45825.2890625,26.975,0.161925004795194,1.39792502522468,300.662024688721,293.986999511719,0.0020000000949949,0.00499999988824129,"Synodontis pulcher",19563.3098176113,1,1,0,NA,NA,NA,NA,NA,1,"DD",228
"6987",0,11508.1298828125,43,0.146999999880791,2.8608500957489,309.414854431152,291.814401245117,0.00400000018998981,0.0149999996647239,"Citharinus latus",1084170.70417811,1,1,0,84,"commercial",0,2.19,"Herbi.",1,"LC",7579
"6991",0.689000010490417,2546.23803710938,0,1.44700002670288,1.44700002670288,303.043180847168,289.298007965088,0.00700000021606684,0.00899999961256981,"Lethrinops furcifer",6876.2660956166,0,1,1,19.5,"commercial",0,3.2,"Carni.",1,"LC",82
"6994",0,45825.2890625,45,0.202225006371737,2.03732510209084,300.815782928467,293.390314483643,0.00100000004749745,0.00499999988824129,"Aphyosemion cognatum",144314.383311562,1,1,0,NA,NA,NA,NA,NA,1,"LC",1324
"6997",8.72200012207031,703.588989257812,0,1.44200003147125,1.44200003147125,301.572998046875,292.190002441406,0.00300000002607703,0.00499999988824129,"Mastacembelus tanganicae",33012.5919769452,0,1,1,NA,NA,NA,NA,NA,1,"LC",386
"6998",0,2546.23803710938,16,1.44700002670288,1.45000004768372,303.403796386719,289.336401367187,0.00800000037997961,0.00999999977648258,"Lethrinops lethrinus",1417.67928565678,1,1,0,20,"commercial",0,3.5,"Carni.",1,"LC",17
"7003",0.417174992710352,703.588989257812,0,1.44200003147125,1.44200003147125,301.572998046875,292.190002441406,0.00300000002607703,0.00499999988824129,"Neolamprologus toae",34890.675799273,0,1,1,12,"commercial",0,NA,NA,1,"LC",404
"7009",0.162874999642372,316.578002929688,1.65000000000001,0.0589750012382865,0.485000010579825,299.527758789062,283.867579650879,0.0020000000949949,0.00300000002607703,"Labeobarbus alluaudi",8175.00422496109,1,0,0,NA,NA,NA,NA,NA,1,"DD",88
"7013",0,5332.326171875,39.35,0.542550006508827,3.15699994564056,308.436099243164,296.373693847656,0.00300000002607703,0.0120000001043081,"Thryssa baelama",6827.03909215362,1,0,0,NA,NA,NA,NA,NA,2,"LC",39
"7014",0.417174992710352,703.588989257812,0,1.44200003147125,1.44200003147125,301.572998046875,292.190002441406,0.00300000002607703,0.00499999988824129,"Neolamprologus longior",34890.675799273,0,1,1,NA,NA,NA,NA,NA,1,"LC",404
"7015",0,45918.515625,38,0.165000006556511,2.26200008392334,303.985992431641,291.644409179688,0.0020000000949949,0.00600000005215406,"Clarias camerunensis",2135907.99296742,1,1,0,46.5999984741211,NA,0,3.5,"Carni.",1,"LC",22769
"7021",0,3274.53393554688,21,0.280000001192093,1.60399997234344,305.269012451172,291.828002929688,0.00300000002607703,0.00899999961256981,"Mastacembelus liberiensis",241646.037606345,1,0,0,NA,NA,NA,NA,NA,1,"LC",2841
"7024",0,45620.22265625,41,0.215900005400181,2.55900001525879,301.282611083984,292.440509033203,0.0020000000949949,0.00499999988824129,"Neolebias trewavasae",770453.284549513,1,1,0,4.09999990463257,NA,0,2.8,"Carni.",1,"LC",8237
"7025",0,4215.328125,31.5,0.434499993920326,1.49099999666214,302.29850769043,290.099502563477,0.00499999988824129,0.00700000021606684,"Chiloglanis macropterus",12962.3962091838,1,1,0,NA,NA,NA,NA,NA,1,"VU",141
"7030",0.689000010490417,2546.23803710938,0,1.44700002670288,1.44700002670288,301.180125427246,289.362355041504,0.00800000037997961,0.00800000037997961,"Petrotilapia flaviventris",336.923168481876,0,1,1,11.1199998855591,NA,0,NA,NA,1,"LC",4
"7031",0,17901.61328125,46,0.486000001430511,3.13899993896484,304.543798828125,285.409802246094,0.00600000005215406,0.0120000001043081,"Oreochromis placidus",372510.946301358,1,1,0,35.5,"commercial",0,NA,NA,1,"LC",3993
"7034",0.157050005346537,37307.2734375,2,0.290099991858006,1.78237496912479,301.389949798584,290.929635620117,0.00300000002607703,0.00600000005215406,"Paramormyrops curvifrons",115440.728850404,1,0,0,NA,NA,NA,NA,NA,1,"LC",1342
"7039",0.0241249996470287,1735.05200195312,5.54999999999998,0.300000011920929,1.05975003838539,302.181387329102,289.295975494385,0.00300000002607703,0.0128249999834224,"Chiloglanis disneyi",9430.13310669835,1,0,0,NA,NA,NA,NA,NA,1,"LC",110
"7045",0.430125007033348,30968.673828125,0,0.174024995043874,1.3648500084877,301.320789337158,291.634027862549,0.0020000000949949,0.00697500021196893,"Parananochromis brevirostris",134383.463189557,NA,NA,0,NA,NA,NA,NA,NA,1,"VU",1562
"7047",0,504.4169921875,35.225,0.306850002706051,1.94582502245903,307.383135986328,285.614446258545,0.00400000018998981,0.00899999961256981,"Garra ignestii",52174.0558149675,1,0,0,NA,NA,NA,NA,NA,2,"LC",432
"7048",8.72200012207031,703.588989257812,0,1.44200003147125,1.44200003147125,301.572998046875,292.190002441406,0.00300000002607703,0.00499999988824129,"Xenotilapia melanogenys",33012.5919769452,NA,NA,0,NA,NA,NA,NA,NA,1,"DD",386
"7049",0,2547.44506835938,38,0.479974999278784,1.88792499601841,302.928466033936,284.124642181396,0.00600000005215406,0.0109999999403954,"Enteromius litamba",121907.96370466,1,1,0,35,"commercial",0,3.98,"Carni.",1,"DD",1414
"7052",0.00300000002607703,45918.515625,23,0.208000004291534,1.94592499732971,301.545013427734,291.230671691895,0.0020000000949949,0.00700000021606684,"Oreochromis schwebischi",358958.125540098,1,1,0,30,NA,0,2,"Herbi.",1,"LC",4030
"7054",0,3274.53393554688,22.0499999999997,0.296000003814697,1.56329996585846,303.971307373047,291.690400695801,0.00300000002607703,0.00899999961256981,"Synodontis waterloti",222351.979532161,1,0,0,14.1000003814697,"minor commercial",0,2.48,"Omni.",1,"LC",2519
"7055",1.08462498188019,11712.7255859375,0,0.776425014436245,1.27969999611378,300.435549926758,290.314505004883,0.00300000002607703,0.00800000037997961,"Microsynodontis laevigata",8088.98952207439,1,0,0,8.5,NA,0,NA,NA,1,"DD",94
"7083",0.599400019645691,890.078002929688,0,0.342199999094009,0.992999970912933,302.022601318359,293.459606933594,0.00300000002607703,0.00819999966770409,"Sarotherodon linnellii",4202.50772882648,0,1,1,18.5,NA,0,2.57,"Omni.",1,"CR",49
"7088",0.402149999141693,1328.81005859375,0,0.231574998795986,1.00364998281002,302.150657653809,291.027443695068,0.00300000002607703,0.00669999977108084,"Fundulopanchax traudeae",12348.5941419661,NA,NA,0,NA,NA,NA,NA,NA,1,"DD",144
"7090",0,45918.515625,41,0.231000006198883,2.54365006685257,301.437380981445,293.139707183838,0.0020000000949949,0.00600000005215406,"Myomyrus macrodon",210308.858025728,1,1,0,NA,NA,NA,NA,NA,1,"LC",1950
"7091",0.833000004291534,789.304016113281,0,1.97599995136261,1.97599995136261,298.594673919678,293.992588806152,0.0020000000949949,0.00300000002607703,"Haplochromis melanopus",70029.8147067808,0,1,1,NA,NA,NA,NA,NA,1,"DD",814
"7093",0,4261.53515625,34,0.108999997377396,1.64909998774528,306.863006591797,295.980576324463,0.00400000018998981,0.00800000037997961,"Synodontis velifer",224493.076432026,1,0,0,NA,NA,NA,NA,NA,1,"LC",2090
"7096",0,45825.2890625,45,0.275000005960464,3.02967499494553,304.817021179199,285.405326080322,0.0020000000949949,0.0130000002682209,"Micralestes acutidens",3696315.34440966,1,1,0,9,"of no interest",0,2.88,"Carni.",1,"LC",31014
"7098",0,109.133003234863,40,0.677999973297119,2.55955007076263,301.725560760498,279.400443267822,0.00899999961256981,0.0179999992251396,"Galaxias zebratus",93496.9205909836,1,1,0,7.5,"of no interest",0,3.5,"Carni.",2,"DD",494
"7105",0,5633.46484375,45,0.558124989271164,2.64624997973442,302.893249511719,289.438125610352,0.00499999988824129,0.00700000021606684,"Distichodus rufigiensis",195602.701195824,1,0,0,NA,NA,NA,NA,NA,1,"LC",1776
"7112",0,281.787994384766,39.925,0.546649993956089,2.133850055933,299.811560821533,283.783209228516,0.00600000005215406,0.00899999961256981,"Parakneria tanzaniae",12758.8470885378,NA,NA,0,NA,NA,NA,NA,NA,3,"VU",124
"7115",0.240850002318621,44.5379981994629,7.70000000000001,0.194149996340275,0.667000007629395,299.180700683594,295.502490234375,0.0020000000949949,0.0020000000949949,"Brycinus fwaensis",1627.35588483788,NA,NA,0,NA,NA,NA,NA,NA,1,NA,19
"7116",0,45631.30078125,38.925,0.176149999350309,2.06637499928474,300.544862365723,291.651095581055,0.00300000002607703,0.00499999988824129,"Labeobarbus robertsi",18400.9350931071,1,0,0,NA,NA,NA,NA,NA,1,"DD",204
"7120",0,13524.0048828125,41,0.172999992966652,2.71940007209778,310.031408691406,292.073596191406,0.00300000002607703,0.0149999996647239,"Leptocypris niloticus",1859442.02542006,1,1,0,NA,NA,NA,NA,NA,1,"LC",12865
"7123",0.0399999991059303,5070.841796875,23,0.24099999666214,2.28682501912117,300.639812469482,292.490325927734,0.0020000000949949,0.00499999988824129,"Nannocharax intermedius",101632.32647855,1,1,0,NA,NA,NA,NA,NA,1,"LC",1184
"7128",0,45825.2890625,42,0.200850004702806,2.61999988555908,300.81414642334,295.142556762695,0.0020000000949949,0.00300000002607703,"Monostichodus mesmaekersi",197404.38675872,NA,NA,0,NA,NA,NA,NA,NA,1,NA,1915
"7133",0.0189999993890524,801.331970214844,23.6500000000001,0.189999997615814,1.97599995136261,301.126893615723,286.179850769043,0.0020000000949949,0.00600000005215406,"Oreochromis esculentus",216239.751186848,0,1,1,50,"commercial",0,2.49,"Omni.",1,"NT",2135
"7134",0.689000010490417,2546.23803710938,0,1.44700002670288,1.44700002670288,303.043180847168,289.298007965088,0.00700000021606684,0.00899999961256981,"Lethrinops longimanus",6876.2660956166,0,1,1,15.3000001907349,"commercial",0,3.2,"Carni.",1,"LC",82
"7135",0.689000010490417,2546.23803710938,0,1.44700002670288,1.44700002670288,302.916114807129,289.409999847412,0.00700000021606684,0.00899999961256981,"Hemitaeniochromis urotaenia",4694.31397546243,0,1,1,NA,NA,NA,NA,NA,1,"LC",56
"7139",0.0856000021100044,4742.22119140625,14,0.186200004816055,1.34340000152588,301.028204345703,291.700396728516,0.00300000002607703,0.00499999988824129,"Nannocharax rubrolabiatus",87833.6178064122,NA,NA,0,NA,NA,NA,NA,NA,1,"VU",1025
"7140",0,12037.8349609375,43,0.123999997973442,3.06399989128113,310.116032409668,287.171789550781,0.0020000000949949,0.0179999992251396,"Enteromius perince",1453576.17308581,1,1,0,NA,NA,NA,NA,NA,2,"LC",7752
"7141",0,37367.671875,45.3,0.360799995064735,2.52660000324249,300.939199829102,294.522494506836,0.00100000004749745,0.0023000000743195,"Amphilius maesii",61870.7912866157,1,1,0,NA,NA,NA,NA,NA,1,"DD",589
"7144",0,13524.0048828125,28,0.224475000798702,1.89699995517731,303.683990478516,291.204093933105,0.00300000002607703,0.00899999961256981,"Aphyosemion calliurum",170556.183351155,1,1,0,NA,NA,NA,NA,NA,1,"LC",1980
"7149",0.370949998497963,4484.31103515625,2,0.27919999808073,0.868899986147881,300.794499206543,293.530345153809,0.0020000000949949,0.00499999988824129,"Aphyosemion coeleste",36365.6736950262,1,1,0,NA,NA,NA,NA,NA,1,"VU",423
"7151",0.689000010490417,2546.23803710938,0,1.44700002670288,1.44700002670288,302.708291625977,289.734188842773,0.00700000021606684,0.00800000037997961,"Diplotaxodon argenteus",6457.11530378825,0,1,1,20.3999996185303,"commercial",0,4.2,"Carni.",1,"LC",77
"7152",0,10742.6826171875,45.625,0.295249991118908,3.79074996709824,304.866622924805,279.202995300293,0.00600000005215406,0.023625000147149,"Anguilla anguilla",49681.8741437571,1,1,0,121.5,"commercial",1,3.67,"Carni.",2,"CR",336
"7153",3.53800010681152,543.231994628906,0,1.3289999961853,1.3289999961853,298.501007080078,288.878144836426,0.00600000005215406,0.00700000021606684,"Garra tana",2946.00893117719,0,1,1,10.8299999237061,"of no interest",0,NA,NA,1,"VU",35
"7158",0.833000004291534,789.304016113281,0,1.97599995136261,1.97599995136261,298.594673919678,293.992588806152,0.0020000000949949,0.00300000002607703,"Haplochromis tyrianthinus",70029.8147067808,0,1,1,10.5,NA,0,3.5,"Carni.",1,"DD",814
"7159",0,13524.0048828125,27,0.237050003558397,1.8689000159502,303.794847869873,291.875779724121,0.00300000002607703,0.00899999961256981,"Brienomyrus longianalis",280324.321182551,1,1,0,16,NA,0,NA,NA,1,"LC",3142
"7160",0,605.405029296875,33.9,0.603650006651878,2.13314999341965,303.119593811035,286.771838378906,0.00400000018998981,0.00700000021606684,"Kneria ruaha",20793.7313529124,1,0,0,57.5,NA,0,2,"Herbi.",1,"VU",183
"7162",0.716699987649918,2610.23388671875,0,0.259299999475479,0.947100007534027,301.724099731445,293.858288574219,0.00300000002607703,0.00499999988824129,"Malapterurus punctatus",117387.543076774,1,1,0,NA,NA,NA,NA,NA,1,"VU",1373
"7163",0,649.924011230469,36,0.324500001966953,2.11575001478195,298.646743774414,287.292251586914,0.00300000002607703,0.009249999653548,"Sargochromis coulteri",15533.693313817,1,1,0,NA,NA,NA,NA,NA,2,"LC",71
"7164",0,3994.98803710938,41,0.198750000447035,2.79750007390976,309.66374206543,294.342987060547,0.00400000018998981,0.0120000001043081,"Nothobranchius thierryi",491994.618628739,NA,NA,0,NA,NA,NA,NA,NA,2,NA,2711
"7166",0.0861499989405274,30968.673828125,10,0.277999997138977,1.8936999887228,301.13597869873,291.797727203369,0.0020000000949949,0.00600000005215406,"Aphyosemion cameronense",222154.01556441,1,1,0,NA,NA,NA,NA,NA,1,"LC",2584
"7167",8.72200012207031,703.588989257812,0,1.44200003147125,1.44200003147125,301.572998046875,292.190002441406,0.00300000002607703,0.00499999988824129,"Lamprologus kungweensis",33012.5919769452,0,1,1,NA,NA,NA,NA,NA,1,"CR",386
"7174",0,1156.61901855469,42,0.578999996185303,2.49975010752678,300.556011199951,297.652008056641,0.0020000000949949,0.0020000000949949,"Paraphago rostratus",4213.91385635794,1,1,0,NA,NA,NA,NA,NA,1,"DD",46
"7177",0.417174992710352,703.588989257812,0,1.44200003147125,1.44200003147125,301.572998046875,292.190002441406,0.00300000002607703,0.00499999988824129,"Synodontis multipunctatus",34890.675799273,0,1,1,27.5,"minor commercial",0,3.39,"Carni.",1,"LC",404
"7178",0.0309999994933605,37425.43359375,18,0.208075004443526,1.84877497553825,301.600862121582,291.056418609619,0.0020000000949949,0.00600000005215406,"Labeobarbus steindachneri",674376.045045363,1,1,0,NA,NA,NA,NA,NA,1,"LC",7804
"7180",0,45825.2890625,42,0.237000003457069,2.52247500419617,301.573780822754,292.71522064209,0.0020000000949949,0.00499999988824129,"Leptocypris weynsii",572652.538888066,1,1,0,NA,NA,NA,NA,NA,1,"LC",5564
"7182",0,288.881988525391,33.025,0.643074993789196,1.81359994709492,305.001007080078,283.08890914917,0.00400000018998981,0.00499999988824129,"Alcolapia ndalalani",3697.32339608599,NA,NA,0,NA,NA,NA,NA,NA,1,NA,40
"7183",0.59799998998642,2961.51196289062,0,0.320350008457899,1.21729998290539,301.082949829102,291.426382446289,0.0020000000949949,0.00499999988824129,"Aphyosemion maculatum",36821.5770304098,1,0,0,NA,NA,NA,NA,NA,1,"LC",428
"7185",0.0397749992087483,3265.27587890625,27.075,0.143574996292591,1.14782502949238,306.92054901123,295.581411743164,0.00685000019147992,0.00899999961256981,"Mormyrops oudoti",9328.07297180285,1,0,0,NA,NA,NA,NA,NA,1,"EN",78
"7186",0.689000010490417,2546.23803710938,0,1.44700002670288,1.44700002670288,303.043180847168,289.298007965088,0.00700000021606684,0.00899999961256981,"Mylochromis melanotaenia",6876.2660956166,0,1,1,NA,NA,NA,NA,NA,1,"LC",82
"7187",NA,NA,NA,NA,NA,NA,NA,NA,NA,"Nothobranchius torgashevi",171.206004342381,1,1,0,4.30999994277954,NA,0,NA,NA,1,"VU",0
"7188",0.689000010490417,2546.23803710938,0,1.44700002670288,1.44700002670288,301.813513183594,289.422857666016,0.00800000037997961,0.0089499996509403,"Tropheops gracilior",253.549496086174,0,1,1,11.1999998092651,NA,0,NA,NA,1,"LC",3
"7190",0.00300000002607703,45918.515625,26,0.176750000566244,1.5477499961853,301.819000244141,291.165740966797,0.0020000000949949,0.00700000021606684,"Coptodon tholloni",260048.526089736,1,1,0,NA,NA,NA,NA,NA,1,"LC",2911
"7191",0,45825.2890625,43,0.243000000715256,2.70264998674393,301.342195129395,292.702703857422,0.0020000000949949,0.00499999988824129,"Mormyrops zanclirostris",723125.07742082,1,1,0,NA,NA,NA,NA,NA,1,"LC",7579
"7193",0.00300000002607703,16182.1865234375,36,0.349649998545647,1.93704999685287,302.013502502441,291.718054199219,0.00300000002607703,0.00600000005215406,"Tetracamphilius notatus",155014.308606813,1,1,0,NA,NA,NA,NA,NA,1,"LC",1627
"7194",0,5633.46484375,47,0.711500003933907,3.28700006008148,302.954490661621,291.428741455078,0.00499999988824129,0.00600000005215406,"Nothobranchius janpapi",20731.1272084704,1,1,0,NA,NA,NA,NA,NA,1,"LC",191
"7195",0,45328.32421875,28,0.187000006437302,2.03375003933906,304.036474609375,292.37799911499,0.00300000002607703,0.00800000037997961,"Synodontis obesus",202561.673813187,1,1,0,NA,NA,NA,NA,NA,1,"LC",2222
"7197",0,1284.30895996094,37,0.263999998569489,1.57477502822876,300.035619354248,295.063188934326,0.00100000004749745,0.0020000000949949,"Thoracochromis callichromus",12494.2914183932,1,1,0,NA,NA,NA,NA,NA,1,"LC",132
"7199",0,1226.93505859375,42,0.795024996995926,2.68032504320145,303.403659820557,281.039720916748,0.00800000037997961,0.0160000007599592,"Marcusenius pongolensis",400106.897714012,1,1,0,NA,NA,0,NA,NA,2,"LC",2268
"7200",0.689000010490417,2546.23803710938,0,1.44700002670288,1.44700002670288,301.8506980896,289.167418670654,0.00732500026933849,0.00867499986197799,"Aulonocara gertrudae",1179.06952985245,0,1,1,NA,NA,NA,NA,NA,1,"LC",14
"7204",0.833000004291534,789.304016113281,0,1.97599995136261,1.97599995136261,298.730402374268,293.855461120605,0.0020000000949949,0.00300000002607703,"Haplochromis nyererei",75275.99539497,0,1,1,7.69999980926514,NA,0,2.49,"Omni.",1,"LC",862
"7207",0,736.789001464844,36,0.359475010633469,2.2140500664711,303.959991455078,276.004518127441,0.0130000002682209,0.0240000002086163,"Carasobarbus fritschii",112496.484362306,1,0,0,18,NA,0,NA,NA,3,"LC",1034
"7208",0,45918.515625,40.375,0.168250003829598,2.59562489390373,300.878871917725,293.257244110107,0.0020000000949949,0.00700000021606684,"Schilbe congensis",32599.7524344048,1,1,0,NA,NA,NA,NA,NA,1,"LC",346
"7209",0,1284.30895996094,37,0.263999998569489,1.57477502822876,300.035619354248,295.063188934326,0.00100000004749745,0.0020000000949949,"Thoracochromis brauschi",12494.2914183932,1,1,0,NA,NA,NA,NA,NA,1,"LC",132
"7211",0,36908.328125,39,0.197999998927116,2.3692500591278,300.775698852539,295.410035705566,0.0020000000949949,0.00300000002607703,"Alestopetersius bifasciatus",122005.85263996,1,1,0,NA,NA,NA,NA,NA,1,"LC",1147
"7215",0,37367.671875,41.4250000000002,0.244000002741814,2.51070004105568,301.493854522705,294.472064208984,0.00100000004749745,0.00400000018998981,"Microstomatichthyoborus bashforddeani",450350.615345091,1,1,0,NA,NA,NA,NA,NA,1,"LC",4464
"7217",0.0132750003132969,9036.9833984375,21,0.200000002980232,2.00817505717278,302.425994873047,291.110546875,0.00300000002607703,0.00600000005215406,"Coptodon cameronensis",195496.666413857,NA,NA,0,NA,NA,NA,NA,NA,1,"LC",2252
"7219",0.599400019645691,890.078002929688,0,0.342199999094009,0.992999970912933,302.022601318359,293.459606933594,0.00300000002607703,0.00819999966770409,"Benitochromis conjunctus",4202.50772882648,NA,NA,0,NA,NA,NA,NA,NA,1,"EN",49
"7220",0,5633.46484375,41.3499999999999,0.482599994540215,2.25405002832413,303.070097351074,287.159651184082,0.00499999988824129,0.00899999961256981,"Enteromius atkinsoni",156594.702210268,1,0,0,NA,NA,NA,NA,NA,1,"LC",1587
"7221",0,663.908996582031,16.6,0.496199989318848,1.3791999578476,302.303009033203,288.798388671875,0.00380000015720725,0.0124000001698732,"Ladigesia roloffi",2811.33616284653,1,0,0,NA,NA,NA,NA,NA,1,"CR",33
"7231",0.833000004291534,789.304016113281,0,1.97599995136261,1.97599995136261,298.594598388672,293.989990234375,0.0020000000949949,0.00300000002607703,"Haplochromis heusinkveldi",70288.0256271077,0,1,1,7.59999990463257,NA,0,3.4,"Carni.",1,"CR",817
"7235",0,7811.64501953125,45,0.249524999037385,2.95547500252724,300.618953704834,290.538394165039,0.00100000004749745,0.00499999988824129,"Enteromius chiumbeensis",213545.649351056,1,1,0,NA,NA,NA,NA,NA,1,"LC",1982
"7237",0.689000010490417,2546.23803710938,0,1.44700002670288,1.44700002670288,303.043180847168,289.298007965088,0.00700000021606684,0.00899999961256981,"Placidochromis johnstoni",6876.2660956166,1,1,0,20,"commercial",0,3.5,"Carni.",1,"LC",82
"7238",1.12400004267693,37307.2734375,0,0.203499995172024,0.829500004649162,301.610511779785,288.863510131836,0.0020000000949949,0.00825000018812716,"Plataplochilus chalcopyrus",30202.6033386125,1,0,0,NA,NA,NA,NA,NA,1,"EN",351
"7243",0,422.101013183594,38,0.580924971401691,2.27067497968673,301.175311279297,279.20891418457,0.00800000037997961,0.0149999996647239,"Pseudomyxus capensis",177994.995466358,1,1,0,45,"commercial",1,2.77,"Omni.",3,NA,1480
"7251",0,565.142028808594,42.825,0.526525016129017,2.77582503557205,300.200012207031,296.688455963135,0.0020000000949949,0.0020000000949949,"Neolebias gracilis",7658.19266963391,1,1,0,3.90000009536743,NA,0,NA,NA,1,"DD",88
"7254",0,2175.03100585938,36.45,0.277549996227026,2.43714991211891,301.504843139648,291.402408599854,0.00300000002607703,0.00800000037997961,"Schilbe bocagii",26257.0774351011,1,1,0,NA,NA,NA,NA,NA,2,"LC",192
"7257",81.6480026245117,5606.25,0,1.01999998092651,1.01999998092651,302.234985351562,296.575988769531,0.00499999988824129,0.00499999988824129,"Nothobranchius fuscotaeniatus",85.2087687557068,1,0,0,NA,NA,NA,NA,NA,1,"CR",1
"7264",0,45920.859375,27,0.209999993443489,1.73199999332428,305.286911010742,291.673306274414,0.0020000000949949,0.00899999961256981,"Brienomyrus brachyistius",856679.562874934,1,1,0,20,NA,0,2.8,"Carni.",1,"LC",9533
"7266",0,9478.6494140625,45,0.36599999666214,3.00832495093346,303.693647766113,281.65938873291,0.0020000000949949,0.0160000007599592,"Tilapia sparrmanii",1971673.67389433,1,1,0,23.5,"subsistence fisheries",0,2.68,"Omni.",2,"LC",14668
"7267",0,834.591003417969,44.8,0.486600005626678,2.59320001602173,299.625,287.407989501953,0.00499999988824129,0.00999999977648258,"Parakneria fortuita",16756.4364070844,1,0,0,5.69999980926514,NA,0,2,"Herbi.",2,"DD",169
"7270",0,45859.06640625,40,0.244000002741814,2.50510003566742,301.846008300781,293.770204162598,0.0020000000949949,0.00499999988824129,"Cyphomyrus wilverthi",337941.759545615,1,1,0,NA,NA,NA,NA,NA,1,"LC",3467
"7274",8.72200012207031,703.588989257812,0,1.44200003147125,1.44200003147125,301.572998046875,292.190002441406,0.00300000002607703,0.00499999988824129,"Bathybagrus grandis",33354.7184506497,0,0,0,63,"minor commercial",0,4.5,"Carni.",1,NA,390
"7277",7.50000006519255e-05,2.65599989891052,17,1.24929995536804,1.26070003509521,295.721770477295,281.379789733887,0.0110249999444932,0.0119750001002103,"Salmo trutta",375.114375753807,1,1,0,140,"commercial",1,3.79999995231628,"Carni.",3,"LC",2
"7280",1.06987500190735,1158.28894042969,0,0.223125005140901,0.612624995410442,302.65926361084,290.499378204346,0.00300000002607703,0.00400000018998981,"Etia nguti",7365.08427734965,1,0,0,13.3100004196167,NA,0,2.38,"Omni.",1,"DD",86
"7281",0.689000010490417,2546.23803710938,0,1.44700002670288,1.44700002670288,299.550994873047,289.290008544922,0.00899999961256981,0.00899999961256981,"Petrotilapia microgalana",84.413622389473,0,1,1,NA,NA,NA,NA,NA,3,"LC",1
"7290",0,927.523986816406,39,0.172599998116493,1.97599995136261,301.344000244141,287.226989746094,0.0020000000949949,0.00700000021606684,"Lacustricola centralis",288745.815088547,NA,NA,0,NA,NA,NA,NA,NA,1,NA,2385
"7296",0.689000010490417,2546.23803710938,0,1.44700002670288,1.44700002670288,302.144012451172,293.132995605469,0.00800000037997961,0.00800000037997961,"Placidochromis longirostris",167.754756607819,0,1,1,NA,NA,NA,NA,NA,1,"LC",2
"7297",0,37307.2734375,39,0.25,2.47829992771148,301.412264251709,291.711144256592,0.0020000000949949,0.00600000005215406,"Synodontis batesii",461616.778571081,1,1,0,NA,NA,NA,NA,NA,1,"LC",4910
"7301",0,9473.2900390625,47,0.592350003123283,3.42419999837875,305.131044006348,286.888000488281,0.00499999988824129,0.0130000002682209,"Sargochromis giardi",383382.60761096,1,1,0,48,"commercial",0,3.49,"Carni.",2,"LC",1895
"7303",0,3012.11206054688,43,0.668875008821487,2.45274993777275,303.235507965088,286.137615203857,0.00600000005215406,0.0109999999403954,"Enteromius manicensis",60841.8651289638,1,0,0,NA,NA,NA,NA,NA,1,"LC",746
"7312",0.162749999761581,316.578002929688,1.69999999999999,0.0704500000923872,0.570400005578994,300.895909118652,284.961637878418,0.0020000000949949,0.00300000002607703,"Haplochromis eduardianus",16177.5782462457,1,1,0,NA,NA,NA,NA,NA,1,"LC",167
"7323",0.417174992710352,703.588989257812,0,1.44200003147125,1.44200003147125,301.572998046875,292.190002441406,0.00300000002607703,0.00499999988824129,"Lepidiolamprologus meeli",34890.675799273,NA,NA,0,NA,NA,NA,NA,NA,1,NA,404
"7325",0,45825.2890625,42,0.250999987125397,2.45537500977516,301.924987792969,293.648210144043,0.0020000000949949,0.00499999988824129,"Microthrissa minuta",278015.540051003,1,1,0,4.30000019073486,"subsistence fisheries",0,NA,NA,1,"VU",2662
"7326",0,490.212005615234,39,0.230524995550513,2.20080007910728,297.519671630859,287.39599609375,0.00300000002607703,0.00700000021606684,"Synodontis laessoei",9067.78324835414,1,1,0,NA,NA,NA,NA,NA,2,"DD",94
"7331",0.689000010490417,2546.23803710938,0,1.44700002670288,1.44700002670288,302.659188842773,289.403015136719,0.00700000021606684,0.00800000037997961,"Bathyclarias foveolatus",26520.5883195937,0,1,1,NA,NA,NA,NA,NA,1,"LC",315
"7337",0.689000010490417,2546.23803710938,0,1.44700002670288,1.44700002670288,301.488006591797,292.117004394531,0.00800000037997961,0.00800000037997961,"Aulonocara maylandi",83.5738857687531,0,1,1,15,"commercial",0,3.5,"Carni.",1,"CR",1
"7338",0.689000010490417,2546.23803710938,0,1.44700002670288,1.44700002670288,303.043180847168,289.298007965088,0.00700000021606684,0.00899999961256981,"Mylochromis balteatus",6876.2660956166,0,1,1,16.2000007629395,"commercial",0,3.5,"Carni.",1,"LC",82
"7341",0.833000004291534,789.304016113281,0,1.97599995136261,1.97599995136261,298.594623565674,293.989990234375,0.0020000000949949,0.00300000002607703,"Haplochromis harpakteridion",70201.9485614657,0,1,1,8.05000019073486,NA,0,4.2,"Carni.",1,"DD",816
"7342",0.833000004291534,789.304016113281,0,1.97599995136261,1.97599995136261,298.594673919678,293.992588806152,0.0020000000949949,0.00300000002607703,"Haplochromis vanoijeni",70029.8147067808,0,1,1,8.88000011444092,NA,0,NA,NA,1,"VU",814
"7343",0,2546.23803710938,16,1.44700002670288,1.45000004768372,303.375982666016,289.288358306885,0.00700000021606684,0.00999999977648258,"Hemitilapia oxyrhyncha",3184.27816742153,NA,NA,0,NA,NA,NA,NA,NA,1,NA,38
"7349",0,45825.2890625,45,0.250999987125397,2.83159999847412,300.810589599609,291.034808349609,0.0020000000949949,0.00499999988824129,"Euchilichthys astatodon",95708.829439706,1,1,0,NA,NA,NA,NA,NA,1,"LC",985
"7351",0.417174992710352,703.588989257812,0,1.44200003147125,1.44200003147125,301.572998046875,292.190002441406,0.00300000002607703,0.00499999988824129,"Neolamprologus savoryi",34890.675799273,0,1,1,8,"commercial",0,3.4,"Carni.",1,"LC",404
"7352",0.0439999997615814,2528.13891601562,27,0.177850002795458,1.18745003938675,303.790985107422,296.209014892578,0.00300000002607703,0.00600000005215406,"Fundulopanchax walkeri",172221.267199696,1,1,0,NA,NA,NA,NA,NA,1,"LC",1715
"7355",0.120424998179078,345.597991943359,3,0.320575004816055,1.02692501544952,304.814769744873,293.741777038574,0.00499999988824129,0.00700000021606684,"Chiloglanis waterloti",11168.7532731683,1,0,0,4.80000019073486,"of no interest",0,NA,NA,1,"LC",132
"7358",37.8289985656738,3169.208984375,0,0.887000024318695,0.887000024318695,301.536010742188,295.100006103516,0.00499999988824129,0.00499999988824129,"Nothobranchius milvertzi",85.1004658905659,1,1,0,3.69000005722046,NA,0,NA,NA,1,"EN",1
"7363",0,703.588989257812,36.375,0.434375006705523,1.91800004243851,299.274005889893,289.764759063721,0.00300000002607703,0.00400000018998981,"Orthochromis rugufuensis",4452.60140825887,0,1,1,NA,NA,NA,NA,NA,1,"VU",36
"7367",0.689000010490417,2546.23803710938,0,1.44700002670288,1.44700002670288,302.916114807129,289.409999847412,0.00700000021606684,0.00899999961256981,"Labeotropheus trewavasae",4694.31397546243,0,1,1,NA,NA,NA,NA,NA,1,"LC",56
"7369",0.0112499999813736,3274.53393554688,10,0.266999989748001,1.2682000041008,303.275648498535,293.172503662109,0.00300000002607703,0.00755000030621859,"Petrocephalus pellegrini",274834.488038501,1,1,0,NA,NA,NA,NA,NA,1,"LC",3219
"7370",0,45918.515625,41,0.19200000166893,2.51710001826286,301.545558929443,293.616635131836,0.0020000000949949,0.00499999988824129,"Distichodus affinis",682464.76319877,1,1,0,NA,NA,NA,NA,NA,1,"LC",6870
"7371",0,45859.06640625,42,0.24714999422431,2.5090000629425,301.89326171875,293.638000488281,0.0020000000949949,0.00499999988824129,"Chrysichthys duttoni",547543.416138071,1,1,0,NA,NA,NA,NA,NA,1,"LC",5167
"7373",0.689000010490417,2546.23803710938,0,1.44700002670288,1.44700002670288,301.782794189453,289.249188232422,0.00720000024884939,0.00800000037997961,"Placidochromis electra",756.8407201366,0,1,1,12,"commercial",0,2.79,"Omni.",1,"LC",9
"7374",0,45825.2890625,41.7999999999997,0.195999994874001,2.62640008926392,301.320611572266,292.602001953125,0.0020000000949949,0.00499999988824129,"Stomatorhinus kununguensis",256116.101924128,1,1,0,NA,NA,NA,NA,NA,1,"LC",2609
"7376",0,5633.46484375,41,0.377800005674362,2.05089993476867,302.802911376953,287.835995483398,0.00300000002607703,0.00700000021606684,"Synodontis rukwaensis",290660.379667807,1,0,0,NA,NA,NA,NA,NA,1,"LC",2429
"7378",0,1011.35400390625,46.6,1.05919998884201,2.79389996528626,302.370606994629,290.65570526123,0.00805000034160912,0.00899999961256981,"Nothobranchius boklundi",251.829624340832,1,1,0,4.38000011444092,NA,0,NA,NA,1,"VU",3
"7379",0.454100003838539,1988.62902832031,0,0.80107499808073,1.21712502837181,300.910227966309,292.381952667236,0.00300000002607703,0.00600000005215406,"Raiamas ansorgii",848.065929931639,1,1,0,NA,NA,NA,NA,NA,1,"DD",4
"7380",0.689000010490417,2546.23803710938,0,1.44700002670288,1.44700002670288,302.916114807129,289.409999847412,0.00700000021606684,0.00899999961256981,"Copadichromis jacksoni",4694.31397546243,0,1,1,18.2999992370605,"commercial",0,3.4,"Carni.",1,"LC",56
"7381",0,570.757019042969,37.6,0.285500001907349,2.07279999256134,307.273107910156,288.488790893555,0.00400000018998981,0.00899999961256981,"Garra geba",31448.1904440207,1,1,0,8.64000034332275,"of no interest",0,NA,NA,2,"LC",269
"7384",0.299225011467934,1765.46105957031,0,0.309400002658367,0.732024993002415,299.697368621826,294.129064178467,0.0020000000949949,0.00400000018998981,"Aphyosemion buytaerti",6877.58190717646,NA,NA,0,NA,NA,NA,NA,NA,1,"LC",80
"7385",0.912000000476837,1999.19604492188,0,0.287200000882149,0.778700014948844,301.27724609375,294.6121925354,0.00300000002607703,0.00499999988824129,"Enteromius inaequalis",40337.8949825811,1,0,0,NA,NA,NA,NA,NA,1,"LC",472
"7386",0.417174992710352,703.588989257812,0,1.44200003147125,1.44200003147125,301.572998046875,292.190002441406,0.00300000002607703,0.00499999988824129,"Neolamprologus splendens",34890.675799273,0,1,1,NA,NA,NA,NA,NA,1,"LC",404
"7387",0,45825.2890625,42,0.190999999642372,2.62990005612373,300.82345123291,294.818070983887,0.0020000000949949,0.00400000018998981,"Mormyrops furcidens",225226.211484785,1,1,0,NA,NA,NA,NA,NA,1,"LC",2212
"7388",0,4415.455078125,34,0.136749997735023,1.84974998235703,307.07999420166,295.942001342773,0.00400000018998981,0.00800000037997961,"Chiloglanis voltae",104419.253930049,1,0,0,NA,NA,NA,NA,NA,1,"LC",951
"7392",0,37367.671875,43,0.234874999150634,2.57399988174438,301.373992919922,288.088012695312,0.00100000004749745,0.00800000037997961,"Enteromius kessleri",464029.268627253,1,1,0,NA,NA,NA,NA,NA,1,"LC",4356
"7395",0,45825.2890625,40,0.143999993801117,2.40899991989136,305.286755371094,292.003650665283,0.0020000000949949,0.00800000037997961,"Chiloglanis batesii",843257.193101432,1,1,0,NA,NA,NA,NA,NA,1,"LC",8634
"7397",1.06389998346567,1131.64001464844,0,0.334374997019768,0.766550023853779,301.177033996582,295.35036315918,0.00300000002607703,0.00400000018998981,"Brycinus nigricauda",12654.7482631372,NA,NA,0,NA,NA,NA,NA,NA,1,NA,148
"7398",0.0416249998379499,1818.63598632812,33.25,0.148499993607402,1.2012500166893,307.355487823486,295.622241973877,0.00675000017508864,0.00800000037997961,"Bagrus filamentosus",5520.27975902388,1,1,0,NA,NA,NA,NA,NA,1,"DD",36
"7404",0,1284.30895996094,37,0.263999998569489,1.57477502822876,300.035619354248,295.063188934326,0.00100000004749745,0.0020000000949949,"Cyclopharynx schwetzi",12494.2914183932,1,1,0,NA,NA,NA,NA,NA,1,"LC",132
"7413",0,1.2150000333786,34,1.86699998378754,1.86699998378754,309,298.473999023438,0.00899999961256981,0.00899999961256981,"Nothobranchius bellemansi",84.5332377147465,1,1,0,4.57000017166138,NA,0,NA,NA,2,"EN",1
"7415",0.689000010490417,2546.23803710938,0,1.44700002670288,1.44700002670288,303.043180847168,289.298007965088,0.00700000021606684,0.00899999961256981,"Tramitichromis brevis",6876.2660956166,0,1,1,16.2999992370605,"commercial",0,3.2,"Carni.",1,"LC",82
"7416",0.0209249996580184,61.9259986877441,32.95,0.432450006902218,2.09944999217987,302.400602722168,295.170631408691,0.00499999988824129,0.00499999988824129,"Spratellomorpha bianalis",3777.48811845475,1,0,0,4.5,"subsistence fisheries",0,NA,NA,1,"DD",28
"7417",0,45825.2890625,40,0.202000007033348,2.42385002374649,301.153967285156,288.426345062256,0.0020000000949949,0.00800000037997961,"Chelaethiops congicus",448883.318050179,1,1,0,NA,NA,NA,NA,NA,1,"LC",4442
"7427",0.114000000059605,4742.22119140625,9,0.194999992847443,1.15400004386902,300.881988525391,291.263000488281,0.00300000002607703,0.00499999988824129,"Labeobarbus fimbriatus",133670.963197998,NA,NA,0,NA,NA,NA,NA,NA,1,"LC",1561
"7429",0.00300000002607703,57.1699981689453,32.85,0.199725002422929,1.65352503061295,302.588394927979,296.176443481445,0.00400000018998981,0.00499999988824129,"Brycinus abeli",5479.05339432017,NA,NA,0,NA,NA,NA,NA,NA,1,NA,64
"7430",0.0106999999377877,45771.859375,40,0.250999987125397,3.43879994153976,300.684906005859,292.773010253906,0.00300000002607703,0.00600000005215406,"Chrysichthys helicophagus",8309.25010304236,1,1,0,18,NA,0,3.37,"Carni.",1,"VU",79
"7432",0.0168000007979572,45918.515625,14.75,0.227775004506111,1.45117500424385,301.176309204102,293.87244720459,0.00400000018998981,0.00700000021606684,"Tylochromis praecox",2139.52135836836,1,1,0,13,NA,0,2.59,"Omni.",1,"DD",22
"7440",0,342.053985595703,40,0.629000015556812,2.74175000190735,306.752246856689,281.978881835938,0.00300000002607703,0.00700000021606684,"Labeo percivali",52315.2018020943,1,0,0,NA,NA,NA,NA,NA,1,"LC",256
"7441",0,374.5419921875,33,0.426750000566244,1.89262498915195,304.615119934082,275.367988586426,0.0189999993890524,0.0270000007003546,"Salmo macrostigma",130947.729877612,1,0,0,60,NA,1,3.48,"Carni.",3,"DD",1096
"7442",0,45825.2890625,43,0.215000003576279,2.65662500858306,301.265014648438,291.125679779053,0.0020000000949949,0.00499999988824129,"Clarias platycephalus",1119547.50358184,1,1,0,37.5999984741211,NA,0,4.2,"Carni.",1,"LC",11748
"7444",0.0469999983906746,37425.43359375,20,0.259999990463257,2.06100010871887,301.484008789062,291.546997070312,0.0020000000949949,0.00600000005215406,"Schilbe multitaeniatus",327440.518272085,1,1,0,NA,NA,NA,NA,NA,1,"LC",3761
"7449",0,756.513977050781,38,0.446100007742643,2.25002496242523,307.523529815674,295.214434051514,0.00499999988824129,0.00899999961256981,"Malapterurus occidentalis",24465.4603340677,1,0,0,NA,NA,NA,NA,NA,1,"LC",182
"7450",0.00300000002607703,18.2110004425049,19.8,0.786000001430512,1.2808000087738,297.860205078125,283.167596435547,0.0101999998092651,0.0109999999403954,"Pseudobarbus trevelyani",795.667899049454,1,0,0,NA,NA,NA,NA,NA,3,"EN",9
"7460",0,45825.2890625,42,0.206950002163649,2.60899996757507,301.734008789062,290.172703552246,0.0020000000949949,0.00600000005215406,"Polypterus ornatipinnis",1040584.81256911,1,1,0,60,"of no interest",0,3.69,"Carni.",1,"LC",10399
"7461",0,45918.515625,38,0.208000004291534,2.39875000715256,305.361000061035,289.279243469238,0.00300000002607703,0.00899999961256981,"Odaxothrissa ansorgii",181470.068675669,1,1,0,15.2799997329712,"subsistence fisheries",0,NA,NA,1,"LC",1811
"7463",0.833000004291534,789.304016113281,0,1.97599995136261,1.97599995136261,298.594623565674,293.989990234375,0.0020000000949949,0.00300000002607703,"Haplochromis kujunjui",70201.9485614657,0,1,1,10.2799997329712,NA,0,4.2,"Carni.",1,"DD",816
"7464",3.53800010681152,543.231994628906,0,1.3289999961853,1.3289999961853,298.501007080078,288.878144836426,0.00600000005215406,0.00700000021606684,"Labeobarbus longissimus",2946.00893117719,0,1,1,54.7999992370605,NA,0,4.5,"Carni.",1,"DD",35
"7469",0,45918.515625,40,0.237550004571676,2.43360002040863,301.830255126953,293.493948364258,0.0020000000949949,0.00499999988824129,"Malapterurus microstoma",605514.73239018,1,1,0,NA,NA,NA,NA,NA,1,"LC",6183
"7470",0,3274.53393554688,18,0.272925002872944,1.4243750244379,303.277607727051,290.494384002686,0.00300000002607703,0.00999999977648258,"Malapterurus stiassnyae",149700.532953759,1,1,0,NA,NA,NA,NA,NA,1,"LC",1758
"7472",0,3274.53393554688,23,0.306099995970726,1.65659999847412,303.166793823242,289.064709472656,0.00300000002607703,0.0109999999403954,"Epiplatys annulatus",112720.141893523,1,1,0,NA,NA,NA,NA,NA,1,"LC",1325
"7474",0,45918.515625,43,0.228000000119209,2.66005008220673,300.912187957764,294.102696990967,0.0020000000949949,0.00499999988824129,"Polypterus polli",339534.443160451,1,1,0,32.0999984741211,NA,0,3.2,"Carni.",1,"LC",3200
"7475",0,45825.2890625,42,0.158599995076656,2.39649991989136,301.116998291016,294.441009521484,0.0020000000949949,0.00400000018998981,"Aphyosemion polli",108834.488360262,1,1,0,NA,NA,NA,NA,NA,1,"LC",1077
"7479",0.689000010490417,2546.23803710938,0,1.44700002670288,1.97599995136261,302.537289428711,291.362197875977,0.0020000000949949,0.00800000037997961,"Buccochromis lepturus",82568.635628411,0,1,1,41.7000007629395,"commercial",0,4.2,"Carni.",1,"LC",949
"7482",0,12638.6572265625,46,0.374000012874603,3.45820000171661,300.588702392578,296.695303344727,0.0020000000949949,0.00300000002607703,"Gephyroglanis gymnorhynchus",28138.6760177435,1,1,0,NA,NA,NA,NA,NA,1,"DD",309
"7484",3.33400011062622,527.762023925781,0,0.995999991893768,0.995999991893768,301.29715423584,294.487829589844,0.00499999988824129,0.00499999988824129,"Chelaethiops rukwaensis",2046.16714217607,0,1,1,NA,NA,NA,NA,NA,1,"VU",24
"7492",0,2546.23803710938,16,1.44700002670288,1.45000004768372,303.046699523926,289.295707702637,0.00700000021606684,0.00999999977648258,"Fossorochromis rostratus",7292.64023344102,0,1,1,24.3999996185303,"commercial",0,3.36,"Carni.",1,"LC",87
"7494",8.72200012207031,703.588989257812,0,1.44200003147125,1.44200003147125,301.572998046875,292.190002441406,0.00300000002607703,0.00499999988824129,"Mastacembelus micropectus",33012.5919769452,0,1,1,NA,NA,NA,NA,NA,1,"LC",386
"7497",0,1024.88098144531,37,0.492000013589859,2.23442493677139,303.835398864746,277.201219177246,0.00899999961256981,0.0209999997168779,"Enteromius anoplus",927161.976896078,1,1,0,10,"subsistence fisheries",0,2.69,"Omni.",2,"LC",4104
"7498",0.833000004291534,789.304016113281,0,1.97599995136261,1.97599995136261,298.252990722656,294.015991210938,0.0020000000949949,0.00300000002607703,"Bagrus degeni",3526.91605417237,0,1,1,55,"commercial",0,4.2,"Carni.",1,"DD",41
"7501",0,309.269012451172,38.1999999999999,0.437199991941452,2.14920001029968,304.914593505859,274.919812011719,0.0130000002682209,0.0199999995529652,"Austroglanis sclateri",301443.25360887,1,0,0,30,NA,0,3.5,"Carni.",2,"LC",873
"7503",0,17901.61328125,42,0.307000011205673,2.67077500224113,304.476934814453,281.861443328857,0.00300000002607703,0.0179999992251396,"Crenimugil crenilabis",452934.583133363,1,0,0,60,"minor commercial",1,2.34,"Omni.",1,"LC",3964
"7504",0.689000010490417,2546.23803710938,0,1.44700002670288,1.44700002670288,302.829521942139,289.617838287353,0.00700000021606684,0.00800000037997961,"Pallidochromis tokolosh",5367.43921908237,0,1,1,NA,NA,NA,NA,NA,1,"LC",64
"7505",0,13524.0048828125,40.7249999999995,0.154274999722838,2.74872502684593,309.042445373535,292.254167938232,0.00400000018998981,0.0130000002682209,"Hippopotamyrus pictus",664756.241580041,1,1,0,NA,NA,NA,NA,NA,1,"LC",5572
"7506",0,45633.43359375,42,0.212999999523163,2.58164993524551,301.674195861816,289.415901184082,0.0020000000949949,0.00600000005215406,"Raiamas salmolucius",682757.1987135,1,1,0,16.3700008392334,NA,0,NA,NA,1,"LC",6859
"7509",0,5357.83203125,45,0.324824990332127,2.87334992289543,300.940923309326,288.219004058838,0.00100000004749745,0.00899999961256981,"Thoracochromis stigmatogenys",120063.87305578,NA,NA,0,NA,NA,NA,NA,NA,1,NA,994
"7510",0.103000000119209,37307.2734375,4,0.157000005245209,0.962150010466576,301.496752929687,288.861999511719,0.0020000000949949,0.00999999977648258,"Plataplochilus miltotaenia",20221.176443196,1,1,0,NA,NA,NA,NA,NA,1,"VU",235
"7514",0,45920.859375,13.1,0.279074995219707,1.71689999997616,302.798846435547,294.963109588623,0.00300000002607703,0.00700000021606684,"Lutjanus endecacanthus",1802.30010328259,1,0,0,NA,NA,NA,NA,NA,1,"DD",20
"7515",8.72200012207031,703.588989257812,0,1.44200003147125,1.44200003147125,301.572998046875,292.190002441406,0.00300000002607703,0.00499999988824129,"Mastacembelus plagiostomus",33012.5919769452,0,1,1,NA,NA,NA,NA,NA,1,"LC",386
"7520",0.689000010490417,2546.23803710938,0,1.44700002670288,1.44700002670288,303.043180847168,289.298007965088,0.00700000021606684,0.00899999961256981,"Lethrinops macracanthus",6876.2660956166,0,1,1,20,"commercial",0,2.75,"Omni.",1,"DD",82
"7521",0,1567.5419921875,43,0.840400019288063,2.95105004310608,303.524409484863,281.855749511719,0.00800000037997961,0.0149999996647239,"Petrocephalus wesselsi",325916.323814032,1,0,0,NA,NA,NA,NA,NA,2,"LC",1835
"7522",0.833000004291534,789.304016113281,0,1.97599995136261,1.97599995136261,298.594673919678,293.992588806152,0.0020000000949949,0.00300000002607703,"Haplochromis saxicola",70029.8147067808,0,1,1,12.3000001907349,NA,0,3.42,"Carni.",1,"DD",814
"7523",0.689000010490417,2546.23803710938,0,1.44700002670288,1.44700002670288,303.043180847168,289.298007965088,0.00700000021606684,0.00899999961256981,"Mylochromis guentheri",6876.2660956166,0,1,1,NA,NA,NA,NA,NA,1,"LC",82
"7525",0,17901.61328125,42,0.519749991595745,2.74200001358986,309.147487640381,288.55037689209,0.00300000002607703,0.0120000001043081,"Pellona ditchela",93751.1606147623,1,0,0,16,"commercial",1,NA,NA,1,"LC",806
"7526",0.689000010490417,2546.23803710938,0,1.44700002670288,1.44700002670288,302.605786132813,292.093087768555,0.00800000037997961,0.00800000037997961,"Placidochromis obscurus",250.535202487244,0,1,1,NA,NA,NA,NA,NA,1,"LC",3
"7539",0,45825.2890625,42,0.177700002491474,2.44329997301102,301.448652648926,294.765606689453,0.0020000000949949,0.00400000018998981,"Mormyrops boulengeri",201468.825826095,1,1,0,NA,NA,NA,NA,NA,1,"LC",1895
"7540",0,37367.671875,45,0.277999997138977,2.54717509150505,300.853747558594,294.373147583008,0.00100000004749745,0.00300000002607703,"Hypsopanchax jobaerti",123858.094895995,1,0,0,NA,NA,NA,NA,NA,1,"LC",1058
"7541",8.72200012207031,703.588989257812,0,1.44200003147125,1.44200003147125,301.572998046875,292.190002441406,0.00300000002607703,0.00499999988824129,"Lepidiolamprologus attenuatus",33012.5919769452,0,1,1,15," ",0,4.05,"Carni.",1,"NT",386
"7546",0.137125000357628,1188.11096191406,3,0.104249997995794,1.44200003147125,299.552875518799,284.743118286133,0.0020000000949949,0.00300000002607703,"Enteromius lufukiensis",40831.4686286251,1,0,0,NA,NA,NA,NA,NA,1,"NT",466
"7547",0,7747.39599609375,42.65,1.05470003187656,2.83729991316795,306.342430114746,288.002014160156,0.00999999977648258,0.0130000002682209,"Nothobranchius capriviensis",8199.37263696242,0,1,1,4.96999979019165,NA,0,NA,NA,2,"EN",30
"7553",0,4319.72216796875,45,0.446124997735024,2.89470004439354,300.861107635498,289.658996582031,0.0020000000949949,0.00600000005215406,"Lacustricola mediolateralis",119480.608496082,NA,NA,0,NA,NA,NA,NA,NA,1,NA,1274
"7561",0,9478.6494140625,49,0.563624975085258,3.63935007452965,305.260366821289,287.474971008301,0.00800000037997961,0.0149999996647239,"Sargochromis carlottae",530743.785937833,1,1,0,34.5,"commercial",0,3.58,"Carni.",2,"LC",2334
"7563",0,17901.61328125,45,0.476000010967255,2.96579996347427,303.429170227051,291.264469146729,0.00499999988824129,0.00999999977648258,"Stenogobius kenyae",302136.273117128,1,1,0,NA,NA,NA,NA,NA,1,"LC",3372
"7565",0.689000010490417,2546.23803710938,0,1.44700002670288,1.44700002670288,303.043180847168,289.298007965088,0.00700000021606684,0.00899999961256981,"Gephyrochromis moorii",6876.2660956166,0,1,1,NA,NA,NA,NA,NA,1,"LC",82
"7567",0.689000010490417,2546.23803710938,0,1.44700002670288,1.44700002670288,301.149625396728,290.540676116943,0.00702500022016466,0.00797500037588179,"Maylandia glaucos",168.348787735016,NA,NA,0,NA,NA,NA,NA,NA,1,NA,2
"7577",0.00562499987427145,362.268005371094,39,0.349999990314245,1.89449997246265,302.522243499756,289.036758422852,0.00600000005215406,0.00800000037997961,"Oreochromis salinicola",5408.31979371577,1,1,0,NA,NA,NA,NA,NA,3,"VU",46
"7583",0,37425.43359375,41,0.153999999165535,2.52649998664856,301.233001708984,292.675994873047,0.0020000000949949,0.00499999988824129,"Amphilius brevis",676933.007317942,1,1,0,NA,NA,NA,NA,NA,1,"LC",7181
"7584",0.0329999998211861,2802.52490234375,23,0.203999996185303,2.32037496566772,300.775375366211,292.781497955322,0.00300000002607703,0.00499999988824129,"Enteromius aspilus",90610.6888527633,1,1,0,NA,NA,NA,NA,NA,1,"LC",1056
"7587",0,1365.64294433594,22.125,0.611874975264072,1.51312498748302,304.211261749268,294.887619018555,0.00400000018998981,0.00800000037997961,"Synodontis dekimpei",3047.07470202873,1,0,0,NA,NA,NA,NA,NA,1,"CR",36
"7590",0,366.433013916016,29.75,0.193149995058775,1.42344999313354,303.866741943359,296.030107116699,0.00400000018998981,0.00600000005215406,"Micropanchax keilhacki",18366.5452705516,1,0,0,NA,NA,NA,NA,NA,1,"LC",187
"7592",0,37307.2734375,23,0.221000000834465,1.42287502586841,303.605987548828,291.617004394531,0.0020000000949949,0.00700000021606684,"Thysochromis ansorgii",376394.355120889,1,0,0,NA,NA,NA,NA,NA,1,"LC",4250
"7603",0.0232500000856817,30968.673828125,18.875,0.354125000536442,1.78087501227856,301.111248016357,291.610008239746,0.0020000000949949,0.00600000005215406,"Parananochromis longirostris",184695.498667499,NA,NA,0,NA,NA,NA,NA,NA,1,"LC",2046
"7618",0.818800014257431,565.710021972656,11.05,0.297550002485514,1.2249500349164,300.570643615723,293.897417449951,0.00357500012032688,0.00400000018998981,"Chiloglanis loffabrevum",2043.28073775009,1,0,0,3.78999996185303,"of no interest",0,NA,NA,1,"EN",24
"7619",0,12638.6572265625,36,0.115000002086163,2.02700001001358,303.131248474121,287.395751953125,0.0020000000949949,0.00800000037997961,"Enteromius apleurogramma",1139535.02357334,1,1,0,5.40000009536743,NA,0,2.9,"Carni.",1,"LC",10391
"7620",0.871799993515015,61.6549987792969,0,0.185400000214577,0.418999987840653,300.780401611328,295.232208251953,0.00400000018998981,0.00400000018998981,"Chiloglanis nzerekore",767.128278529762,1,0,0,4.51999998092651,"of no interest",0,NA,NA,1,"EN",9
"7621",0.833000004291534,789.304016113281,0,1.97599995136261,1.97599995136261,298.730402374268,293.855461120605,0.0020000000949949,0.00300000002607703,"Haplochromis victoriae",75275.99539497,0,1,1,NA,NA,NA,NA,NA,1,"DD",862
"7622",1.20049996674061,371.378997802734,0,0.274650001525879,0.52145000398159,301.073460388184,295.212910461426,0.00300000002607703,0.00400000018998981,"Chiloglanis tweddlei",2303.24413531137,1,0,0,5.59999990463257,"of no interest",0,NA,NA,1,"EN",27
"7623",0.308749994635582,37.7830009460449,4.6,0.472549992799759,0.738299998641014,303.494255065918,295.236152648926,0.00534999994561076,0.00600000005215406,"Enteromius foutensis",1270.65838562942,1,0,0,NA,NA,NA,NA,NA,1,"EN",15
"7627",0,17901.61328125,44,0.477999985218048,2.78597501516342,303.989965820312,283.93519744873,0.00400000018998981,0.0140000004321337,"Enteromius toppini",2092813.11564752,1,1,0,4,"commercial",0,2.78,"Omni.",1,"LC",16602
"7629",0,3274.53393554688,26,0.394725006073713,1.75499999523163,304.09564743042,289.041660308838,0.00400000018998981,0.0109999999403954,"Petrocephalus levequei",111020.035112019,1,0,0,NA,NA,NA,NA,NA,1,"LC",1310
"7633",0.0651000013574958,927.523986816406,10.4250000000001,0.0839999988675117,0.774175012111664,300.901329803467,287.061470031738,0.0020000000949949,0.00400000018998981,"Platypanchax modestus",57301.1100925434,1,1,0,NA,NA,NA,NA,NA,1,"LC",582
"7634",0,24.0690002441406,42.95,1.3877249866724,3.08019993305206,300.858650970459,279.250507354736,0.0140000004321337,0.0160000007599592,"Austroglanis barnardi",2902.065894164,1,0,0,NA,NA,NA,NA,NA,2,"EN",22
"7637",0,45825.2890625,37.875,0.130249995738268,2.25312495231628,300.839122772217,294.865760803223,0.0020000000949949,0.00300000002607703,"Monostichodus lootensi",68281.9663890697,NA,NA,0,NA,NA,NA,NA,NA,1,NA,726
"7640",0,45825.2890625,44,0.228000000119209,2.82687490582466,300.832982635498,295.838112640381,0.0020000000949949,0.00300000002607703,"Enteromius hulstaerti",182178.264560516,1,1,0,NA,NA,NA,NA,NA,1,"LC",1882
"7642",0,954.385986328125,40.6,0.444799989461899,2.59080007076263,300.669705200195,295.577911376953,0.0020000000949949,0.0031000000424683,"Paradoxoglanis cryptus",10144.348642258,1,1,0,NA,NA,NA,NA,NA,1,"DD",117
"7652",0.0602749992161989,30968.673828125,17.7249999999999,0.344999998807907,2.03517500758171,300.842156219482,291.70484085083,0.0020000000949949,0.00600000005215406,"Aphyosemion batesii",176466.006894867,1,0,0,NA,NA,NA,NA,NA,1,"LC",2052
"7655",0,45859.06640625,42,0.244775004312396,2.571124958992,301.579456329346,293.65020904541,0.0020000000949949,0.00600000005215406,"Ctenopoma nigropannosum",490009.261409807,1,1,0,NA,NA,NA,NA,NA,1,"LC",4952
"7659",0.0148500005714595,919.344970703125,29,0.167099998146296,1.36387500762939,299.906756591797,290.288398742676,0.00300000002607703,0.00499999988824129,"Clariallabes mutsindoziensis",32235.6566794038,1,0,0,11.8000001907349,NA,0,3.2,"Carni.",1,"EN",298
"7660",0,45328.32421875,39,0.173124993219972,2.5082500576973,300.604633331299,291.006988525391,0.0020000000949949,0.00700000021606684,"Chrysichthys macropterus",88324.9185676015,1,1,0,NA,NA,NA,NA,NA,1,"DD",1006
"7665",0,2175.03100585938,38.975,0.253374991565943,2.21525009870529,301.417274475098,291.556011199951,0.00300000002607703,0.00700000021606684,"Labeobarbus stenostoma",27606.6525786309,1,1,0,NA,NA,NA,NA,NA,1,"DD",242
"7671",0.689000010490417,2546.23803710938,0,1.44700002670288,1.44700002670288,302.979362487793,289.330005645752,0.00700000021606684,0.00899999961256981,"Bathyclarias worthingtoni",3857.7974301287,0,1,1,80,"commercial",0,4.01,"Carni.",1,"LC",46
"7673",0,45825.2890625,42,0.237000003457069,2.54695004820824,301.738848114014,293.67882232666,0.00100000004749745,0.00499999988824129,"Mormyrops attenuatus",549035.183148606,1,1,0,NA,NA,NA,NA,NA,1,"LC",5422
"7680",0,45931.53515625,33,0.24727499447763,1.99490003287792,304.2919921875,290.165470123291,0.00300000002607703,0.00899999961256981,"Enneacampus ansorgii",639305.909394421,1,1,0,NA,NA,NA,NA,NA,1,"LC",6892
"7682",0,13524.0048828125,29.25,0.405000001192093,2.28199994564056,303.053504943848,292.950752258301,0.00300000002607703,0.00825000018812716,"Neolebias powelli",23403.1449294849,1,0,0,NA,NA,NA,NA,NA,1,"EN",271
"7687",0,45918.515625,24,0.248999997973442,1.70987498760223,302.307632446289,291.144371032715,0.0020000000949949,0.00700000021606684,"Parailia occidentalis",135335.373696101,1,1,0,NA,NA,NA,NA,NA,1,"LC",1516
"7692",0,13524.0048828125,28,0.230000004172325,1.97660002112389,303.683648681641,290.507150268555,0.00300000002607703,0.00899999961256981,"Fundulopanchax sjostedti",145889.053095582,1,1,0,NA,NA,NA,NA,NA,1,"EN",1695
"7695",0.689000010490417,2546.23803710938,0,1.44700002670288,1.44700002670288,300.908996582031,292.502990722656,0.00700000021606684,0.00700000021606684,"Placidochromis lukomae",84.3398314721336,0,1,1,NA,NA,NA,NA,NA,1,"LC",1
"7697",0.00300000002607703,4.74200010299683,33,3.37199997901917,3.37199997901917,301.851989746094,292.527008056641,0.00899999961256981,0.00899999961256981,"Gobius bontii",159.624076587397,NA,NA,0,NA,NA,NA,NA,NA,1,NA,1
"7701",0.689000010490417,2546.23803710938,0,1.44700002670288,1.44700002670288,302.766152954102,289.200947570801,0.00700000021606684,0.0084500000346452,"Trematocranus microstoma",1928.803753792,0,1,1,23.2000007629395,"commercial",0,3.36,"Carni.",1,"EN",23
"7705",0.0304499994963408,45737.828125,35,0.250999987125397,1.86104999780655,300.620039367676,292.991390991211,0.00300000002607703,0.00600000005215406,"Mastacembelus latens",3772.62325065123,1,0,0,NA,NA,NA,NA,NA,1,"VU",39
"7707",3.53800010681152,543.231994628906,0,1.3289999961853,1.3289999961853,298.501007080078,288.878144836426,0.00600000005215406,0.00700000021606684,"Labeobarbus gorguari",2946.00893117719,0,1,1,53.2000007629395,NA,0,3.26,"Carni.",1,"VU",35
"7708",0.0285499999299645,548.260009765625,31.9,0.188850001990795,1.75540000796318,305.659503173828,296.049942016602,0.00499999988824129,0.00700000021606684,"Micralestes comoensis",52279.2606537983,1,0,0,NA,NA,NA,NA,NA,1,"EN",503
"7709",0.0211999997496605,812.387023925781,25.8,0.311399990320206,1.76859998703003,300.307806396484,293.97880859375,0.00300000002607703,0.00400000018998981,"Aphyosemion schoutedeni",21839.8444105747,1,1,0,NA,NA,NA,NA,NA,1,"DD",249
"7712",0.833000004291534,789.304016113281,0,1.97599995136261,1.97599995136261,298.594673919678,293.992588806152,0.0020000000949949,0.00300000002607703,"Haplochromis maisomei",70029.8147067808,0,1,1,9.8100004196167,NA,0,4.2,"Carni.",1,"DD",814
"7713",2.26750001311302,107.46199798584,0,0.275499999523163,0.445875000208616,301.220500946045,296.161754608154,0.0023750000691507,0.00300000002607703,"Phenacogrammus stigmatura",1375.13496628521,NA,NA,0,NA,NA,NA,NA,NA,1,"DD",16
"7716",0,834.591003417969,44.525,0.423475001752377,2.77612506151199,299.849764251709,287.409424591064,0.00300000002607703,0.00999999977648258,"Chetia welwitschi",38181.9799903925,1,1,0,14.6999998092651,NA,0,NA,NA,2,"DD",340
"7718",0,4464.32421875,32,0.1875,1.97599995136261,306.901489257812,286.25,0.0020000000949949,0.00800000037997961,"Pseudocrenilabrus multicolor",274315.014236621,1,1,0,8," ",0,3.04,"Carni.",1,"LC",2421
"7720",0,4507.44091796875,42,0.319624993950129,2.93824997544289,310.306755065918,291.958118438721,0.00499999988824129,0.0160000007599592,"Neobola nilotica",92826.5826183264,1,0,0,NA,NA,NA,NA,NA,2,"DD",476
"7721",0.320199996232986,703.588989257812,0,0.179000005125999,1.44200003147125,301.519390869141,287.234808349609,0.0020000000949949,0.00499999988824129,"Aulonocranus dewindti",42979.5135057856,1,1,0,NA,NA,NA,NA,NA,1,"LC",497
"7723",0.00999999977648258,5357.83203125,35,0.30437498986721,1.64064998328686,300.331133270264,295.359985351562,0.00100000004749745,0.0020000000949949,"Opsaridium boweni",25798.8540730715,1,1,0,NA,NA,NA,NA,NA,1,"DD",164
"7724",0.612200018763542,37307.2734375,0,0.174774996563792,1.27467502653599,301.503217315674,291.116278076172,0.0020000000949949,0.00700000021606684,"Monostichodus elongatus",167945.799861871,NA,NA,0,NA,NA,NA,NA,NA,1,NA,1952
"7725",0,26.9829998016357,34,0.569025012850761,2.18907499909401,306.792998504639,280.273141479492,0.0230000000447035,0.0240000002086163,"Scatophagus argus",2124.29038371251,1,0,0,45,"minor commercial",1,2.99,"Carni.",2,"LC",22
"7727",0,5332.326171875,40.35,0.492899987101555,2.75109989643097,308.048951721191,283.277389526367,0.00400000018998981,0.0130000002682209,"Caranx sexfasciatus",39500.2471061998,1,0,0,120,"commercial",1,3.67,"Carni.",3,"LC",347
"7731",0,37367.671875,43,0.25,2.7752250790596,300.791211700439,295.932787322998,0.0020000000949949,0.00300000002607703,"Clariallabes centralis",541246.204024954,1,1,0,NA,NA,NA,NA,NA,1,"LC",5672
"7735",0,15607.3427734375,42,0.512600004673004,2.37579998970032,304.964990234375,285.32958984375,0.00700000021606684,0.0120000001043081,"Zaireichthys monomotapa",645569.598084449,1,0,0,3.76999998092651,NA,0,NA,NA,3,"LC",5793
"7738",0,30347.138671875,36,0.17399999499321,2.28200006484985,300.532989501953,294.777008056641,0.0020000000949949,0.00300000002607703,"Microthrissa congica",59796.6846335508,1,1,0,7,"of no interest",0,3.1,"Carni.",1,NA,681
"7739",0,45620.22265625,41,0.25450000166893,2.58399999141693,301.827499389648,288.797988891602,0.0020000000949949,0.00899999961256981,"Tylochromis variabilis",865419.545310091,1,1,0,27.6000003814697,NA,0,2.6,"Omni.",1,"LC",8781
"7745",0,17901.61328125,44,0.483999997377396,2.92137494683266,304.467124938965,291.734882354736,0.00400000018998981,0.00899999961256981,"Fibramia lateralis",268303.717977934,0,0,0,11,NA,1,3.98,"Carni.",1,NA,2466
"7749",0.833000004291534,789.304016113281,0,1.97599995136261,1.97599995136261,298.594623565674,293.989990234375,0.0020000000949949,0.00300000002607703,"Haplochromis humilior",70201.9485614657,0,1,1,9,NA,0,2.61,"Omni.",1,"DD",816
"7750",0.366425001621246,37307.2734375,0,0.178450004011393,1.24000000953674,301.614928436279,291.230671691895,0.0020000000949949,0.00600000005215406,"Enteromius diamouanganai",257168.159557253,NA,NA,0,NA,NA,NA,NA,NA,1,"LC",2990
"7754",0.833000004291534,789.304016113281,0,1.97599995136261,1.97599995136261,298.594673919678,293.992588806152,0.0020000000949949,0.00300000002607703,"Haplochromis melanopterus",70029.8147067808,0,1,1,12.6999998092651,NA,0,4,"Carni.",1,"VU",814
"7757",0,45931.53515625,38,0.175049997121096,2.47832500338554,305.058990478516,278.883395385742,0.00300000002607703,0.0230000000447035,"Chelon saliens",609376.297722545,1,1,0,40,"minor commercial",1,2.94,"Carni.",2,"LC",4902
"7758",0,834.591003417969,44.475,0.402100010216236,2.57890004515648,299.742658996582,287.407989501953,0.00499999988824129,0.00999999977648258,"Nannocharax monardi",23488.4611959883,NA,NA,0,NA,NA,NA,NA,NA,2,NA,222
"7760",0,133.354995727539,46.65,0.716050016880035,3.24359993934631,302.718299865723,292.79464263916,0.00400000018998981,0.00730000026524067,"Nothobranchius palmqvisti",1457.73510411917,1,1,0,NA,NA,NA,NA,NA,1,"VU",15
"7763",0,45825.2890625,26.975,0.161925004795194,1.39792502522468,300.662024688721,293.986999511719,0.0020000000949949,0.00499999988824129,"Tetraodon schoutedeni",19563.3098176113,1,1,0,9,"of no interest",0,3.23,"Carni.",1,"DD",228
"7764",0,252.341003417969,33.9,0.675199991464615,2.20260007381439,298.707202148438,278.05998840332,0.00800000037997961,0.0149999996647239,"Pseudobarbus quathlambae",16011.4208592123,1,0,0,13,NA,0,3.2,"Carni.",3,"EN",165
"7766",0.689000010490417,2546.23803710938,0,1.44700002670288,1.44700002670288,302.656875610352,291.707349395752,0.00752500030212104,0.00899999961256981,"Placidochromis ecclesi",1838.1216274523,0,1,1,NA,NA,NA,NA,NA,1,"LC",22
"7767",0,45918.515625,43,0.20100000500679,2.77500009536743,303.078002929688,293.673004150391,0.0020000000949949,0.00700000021606684,"Hemichromis lifalili",209376.658645999,1,1,0,NA,NA,NA,NA,NA,1,"LC",2161
"7768",0.156000003218651,37425.43359375,1.47499999999991,0.208000004291534,1.10694999098778,301.790321350098,290.018255615234,0.0020000000949949,0.00700000021606684,"Chrysichthys thysi",132809.360935604,NA,NA,0,NA,NA,NA,NA,NA,1,"LC",1542
"7771",0.689000010490417,2546.23803710938,0,1.44700002670288,1.44700002670288,302.670989990234,291.527295684814,0.00800000037997961,0.00899999961256981,"Placidochromis polli",4346.97807272884,0,1,1,NA,NA,NA,NA,NA,1,"LC",52
"7777",0.833000004291534,789.304016113281,0,1.97599995136261,1.97599995136261,298.594673919678,293.992588806152,0.0020000000949949,0.00300000002607703,"Haplochromis serranus",70029.8147067808,0,1,1,20.5,NA,0,4.2,"Carni.",1,"DD",814
"7779",0.0127500002272427,37307.2734375,26,0.270750001072884,2.30199998617172,302.074256896973,289.159507751465,0.0020000000949949,0.00825000018812716,"Coptodon nyongana",100984.552707874,NA,NA,0,NA,NA,NA,NA,NA,1,NA,1151
"7780",0,17901.61328125,47,0.478299985826015,3.34274994134903,303.877038574219,288.745945739746,0.00600000005215406,0.0109999999403954,"Mugilogobius mertoni",151733.795036389,1,0,0,6,NA,1,NA,NA,1,"LC",1803
"7781",0.0552500005811453,8801.8447265625,2.39999999999999,0.235600008815527,0.697000026702881,300.217155456543,295.872952270508,0.0020000000949949,0.0020000000949949,"Ctenopoma ashbysmithi",2320.49267972552,1,1,0,NA,NA,NA,NA,NA,1,"DD",27
"7785",0.00240000002086163,37425.43359375,15,0.253600007295609,1.25119996070862,301.997985839844,291.304803466797,0.0020000000949949,0.00700000021606684,"Poropanchax stigmatopygus",92192.951339222,1,0,0,NA,NA,NA,NA,NA,1,"LC",1073
"7786",0,7753.169921875,42,0.0900000035762787,3.26337498426437,308.382381439209,288.218376159668,0.0020000000949949,0.0109999999403954,"Labeo forskalii",350362.729506883,1,1,0,36,NA,0,2.5,"Omni.",1,"LC",2506
"7787",0.689000010490417,2546.23803710938,0,1.44700002670288,1.44700002670288,301.813513183594,291.979891967773,0.00705000022426248,0.00800000037997961,"Pseudotropheus elegans",253.828575154537,0,1,1,13.1999998092651," ",0,NA,NA,1,"LC",3
"7788",0.689000010490417,2546.23803710938,0,1.44700002670288,1.44700002670288,302.659188842773,289.403015136719,0.00700000021606684,0.00800000037997961,"Lethrinops argenteus",26520.5883195937,0,1,1,NA,NA,NA,NA,NA,1,"LC",315
"7789",0.0707500018179417,2610.23388671875,27.25,0.284999996423721,1.2002500295639,303.518508911133,294.424987792969,0.00300000002607703,0.00524999992921948,"Poropanchax rancureli",119502.215113986,1,0,0,5," ",0,NA,NA,1,"LC",1231
"7796",0.176449999958277,24282.30078125,1,0.453999996185303,1.71760001182556,301.057107543945,291.564598083496,0.0020000000949949,0.00655000014230604,"Phenacogrammus urotaenia",98036.0672717549,NA,NA,0,NA,NA,NA,NA,NA,1,"LC",1139
"7800",0.257350000739098,11712.7255859375,1,0.415650002658367,1.6561999797821,300.487744140625,292.059049987793,0.00300000002607703,0.00499999988824129,"Aphyosemion abacinum",47059.6958720071,1,0,0,NA,NA,NA,NA,NA,1,"VU",547
"7801",0,13524.0048828125,38,0.171850005537272,2.32099993228912,308.646096801758,294.004704284668,0.00300000002607703,0.0120000001043081,"Synodontis budgetti",252668.081040189,0,1,1,NA,NA,NA,NA,NA,1,"LC",1839
"7803",12.1280002593994,659.469970703125,0,0.842999994754791,0.842999994754791,300.303985595703,295.387008666992,0.00300000002607703,0.00400000018998981,"Haplochromis worthingtoni",1806.56266658786,0,1,1,NA,NA,NA,NA,NA,1,"DD",21
"7807",0.417174992710352,703.588989257812,0,1.44200003147125,1.44200003147125,301.572998046875,292.190002441406,0.00300000002607703,0.00499999988824129,"Synodontis dhonti",34890.675799273,0,1,1,NA,NA,NA,NA,NA,1,"LC",404
"7810",0,736.789001464844,38,0.164000004529953,2.73592504858971,307.157314300537,273.628997802734,0.0140000004321337,0.0280000008642673,"Labeobarbus maroccanus",371448.021249303,NA,NA,0,NA,NA,NA,NA,NA,2,NA,2684
"7811",0,13524.0048828125,39,0.164825006201863,2.09235002398491,308.015014648438,292.84984588623,0.00400000018998981,0.0109999999403954,"Malapterurus minjiriya",611223.15076837,1,1,0,NA,NA,NA,NA,NA,1,"LC",5674
"7817",8.72200012207031,703.588989257812,0,1.44200003147125,1.44200003147125,301.572998046875,292.190002441406,0.00300000002607703,0.00499999988824129,"Xenotilapia nasus",33012.5919769452,0,1,1,NA,NA,NA,NA,NA,1,"DD",386
"7818",0.689000010490417,2546.23803710938,0,1.44700002670288,1.44700002670288,301.429992675781,292.595001220703,0.00800000037997961,0.00800000037997961,"Copadichromis diplostigma",84.1614107759323,0,1,1,NA,NA,NA,NA,NA,1,"NT",1
"7823",8.72200012207031,703.588989257812,0,1.44200003147125,1.44200003147125,301.572998046875,292.190002441406,0.00300000002607703,0.00499999988824129,"Eretmodus cyanostictus",33354.7184506497,0,1,1,9," ",0,2,"Herbi.",1,"NT",390
"7824",0,37367.671875,43,0.244000002741814,2.6370750784874,301.601161956787,292.018637084961,0.0020000000949949,0.00600000005215406,"Labeo lukulae",723956.094256947,1,1,0,NA,NA,NA,NA,NA,1,"LC",7238
"7826",0,2488.02392578125,40.6,0.478999996185303,2.32779998779297,301.521002197266,288.27060546875,0.00300000002607703,0.00800000037997961,"Orthochromis torrenticola",33225.1814485428,1,1,0,NA,NA,NA,NA,NA,1,"LC",297
"7830",0,13524.0048828125,30,0.233374996110797,2.07712495326996,303.681629180908,292.117134094238,0.00300000002607703,0.00899999961256981,"Foerschichthys flavipinnis",139402.477338659,1,1,0,NA,NA,NA,NA,NA,1,"LC",1576
"7832",0,30347.138671875,42,0.232999995350838,2.69490005970001,301.688995361328,293.208905029297,0.0020000000949949,0.00499999988824129,"Synodontis smiti",264735.924855909,1,1,0,NA,NA,NA,NA,NA,1,"LC",2573
"7837",0,45825.2890625,42,0.231425000727177,2.66557492017746,301.635986328125,289.168176269531,0.0020000000949949,0.00700000021606684,"Labeo kirkii",377947.967455749,1,1,0,NA,NA,NA,NA,NA,1,"LC",3818
"7839",0.146999997645617,45737.828125,18.2,0.250999987125397,1.57399998903274,300.633706665039,294.053997802734,0.00300000002607703,0.00600000005215406,"Enteromius lamani",1371.51312668317,1,1,0,NA,NA,NA,NA,NA,1,"DD",13
"7842",0,3274.53393554688,23,0.29899999499321,1.54999995231628,303.054992675781,288.095001220703,0.00300000002607703,0.0120000001043081,"Scriptaphyosemion roloffi",78434.9708571734,1,1,0,NA,NA,NA,NA,NA,1,"LC",921
"7843",0.063000001013279,4575.0498046875,24,0.194749996066093,1.1832500398159,305.100257873535,294.499252319336,0.00300000002607703,0.00700000021606684,"Schilbe mandibularis",465519.230119741,1,0,0,50,NA,0,3.44,"Carni.",1,"LC",4991
"7850",0,37367.671875,43,0.25847500488162,1.59517501592636,300.883708190918,295.55689163208,0.00100000004749745,0.0020000000949949,"Aphyosemion ferranti",78171.3317341863,1,0,0,NA,NA,NA,NA,NA,1,"LC",634
"7855",0.417174992710352,703.588989257812,0,1.44200003147125,1.44200003147125,301.572998046875,292.190002441406,0.00300000002607703,0.00499999988824129,"Perissodus microlepis",34890.675799273,0,1,1,11,"commercial",0,4.16,"Carni.",1,"LC",404
"7858",0,13458.5224609375,29,0.203849996626377,1.66850000619888,303.93546295166,294.157594299316,0.00300000002607703,0.00700000021606684,"Synodontis robbianus",23864.602128196,1,0,0,NA,NA,NA,NA,NA,1,"DD",279
"7859",0,55.9720001220703,42.9,0.999000012874603,3.13989998102188,302.465455627441,279.035450744629,0.0140000004321337,0.0179999992251396,"Austroglanis gilli",10389.0733702298,1,0,0,13.7299995422363,NA,0,3.3,"Carni.",2,"NT",63
"7861",0,12037.8349609375,41,0.238000005483627,2.91390002965927,309.258653259277,284.572190856934,0.00300000002607703,0.0140000004321337,"Garra dembeensis",1222410.99839771,1,1,0,11,"of no interest",0,2,"Herbi.",1,"LC",8763
"7870",0.689000010490417,2546.23803710938,0,1.44700002670288,1.44700002670288,303.043180847168,289.298007965088,0.00700000021606684,0.00899999961256981,"Mylochromis lateristriga",6876.2660956166,0,1,1,20.7000007629395,"commercial",0,3.5,"Carni.",1,"LC",82
"7871",0.94454999268055,1131.64001464844,0,0.281950004398823,0.767300018668175,301.333486938477,294.495909118652,0.00300000002607703,0.00499999988824129,"Labeo alluaudi",34110.8564510712,1,0,0,NA,NA,NA,NA,NA,1,"LC",399
"7873",0,37367.671875,46,0.282050005346537,2.87197505831718,300.856642150879,291.473416900635,0.00100000004749745,0.00499999988824129,"Clariallabes variabilis",137699.59681208,1,1,0,NA,NA,NA,NA,NA,1,"LC",1108
"7874",0,10733.521484375,42,0.112999998033047,3.13499999046326,305.634002685547,277.579400634766,0.0120000001043081,0.0240000002086163,"Chelon ramada",254542.553190533,1,1,0,70,"commercial",1,2.34,"Omni.",2,"LC",1577
"7884",8.72200012207031,703.588989257812,0,1.44200003147125,1.44200003147125,301.572998046875,292.190002441406,0.00300000002607703,0.00499999988824129,"Tanganikallabes mortiauxi",33012.5919769452,0,1,1,32.5,NA,0,NA,NA,1,"LC",386
"7887",0,10742.6826171875,40,0.104999996721745,2.7532999753952,306.158644104004,276.591363525391,0.0160000007599592,0.025000000372529,"Aphanius fasciatus",348831.862492934,0,1,1,6.80000019073486,"of no interest",1,2.66,"Omni.",2,"LC",2295
"7890",0,9036.9833984375,41,0.455500000715256,2.33129992485046,303.618212890625,283.645608520508,0.00700000021606684,0.0120000001043081,"Serranochromis robustus",122339.286636862,1,1,0,56,"commercial",0,4.14,"Carni.",3,"CR",1357
"7891",0,496.622985839844,42,0.242050003260374,2.22809997797012,302.381513977051,289.659535217285,0.00400000018998981,0.00600000005215406,"Enteromius laticeps",48769.6246395356,1,0,0,NA,NA,NA,NA,NA,1,"VU",395
"7895",0.0178000006359071,501.798004150391,6.77499999999999,0.511500024795532,1.09569999873638,304.321437072754,293.70170211792,0.00499999988824129,0.00800000037997961,"Enteromius guineensis",7596.63953184163,1,0,0,NA,NA,NA,NA,NA,1,"VU",90
"7896",0,2546.23803710938,16,1.44700002670288,1.45000004768372,303.046699523926,289.295707702637,0.00700000021606684,0.00999999977648258,"Nimbochromis livingstonii",7292.64023344102,0,1,1,25,"commercial",0,4.2,"Carni.",1,"LC",87
"7897",27.0389995574951,103.972999572754,0,0.337999999523163,0.337999999523163,295.157012939453,289.976599121094,0.0020000000949949,0.00220000008121133,"Haplochromis vittatus",2837.93065776997,0,1,1,19.1000003814697,NA,0,NA,NA,3,"LC",33
"7898",0.0203749997308478,937.736022949219,4.69999999999999,0.353825005888939,1.02020000070333,302.017346954346,287.005114746094,0.00257500005536713,0.0102749998215586,"Aphyosemion celiae",5489.33618452605,1,1,0,NA,NA,NA,NA,NA,1,"LC",64
"7901",0,17901.61328125,46,0.526750013232231,3.11450004577637,304.498756408691,282.300239562988,0.00600000005215406,0.0140000004321337,"Enteromius afrohamiltoni",581550.652297176,1,1,0,17.5,NA,0,3.2,"Carni.",2,"LC",4831
"7902",0,45859.06640625,36.675,0.174299995601177,2.12270003557205,300.709279632568,293.023782348633,0.0020000000949949,0.00600000005215406,"Synodontis brichardi",38245.0644525414,1,0,0,15,NA,0,2,"Herbi.",1,"VU",414
"7903",0.45522501245141,1391.18701171875,1,0.198874997347593,0.578699995577335,303.56880569458,294.925210571289,0.00400000018998981,0.00700000021606684,"Brycinus carolinae",20694.5745368024,NA,NA,0,NA,NA,NA,NA,NA,1,NA,244
"7904",0.689000010490417,2546.23803710938,0,1.44700002670288,1.44700002670288,303.043180847168,289.298007965088,0.00700000021606684,0.00899999961256981,"Sciaenochromis psammophilus",6876.2660956166,0,1,1,11.6000003814697,NA,0,3.85,"Carni.",1,"LC",82
"7907",0.689000010490417,2546.23803710938,0,1.44700002670288,1.44700002670288,297.384002685547,289.411987304688,0.00700000021606684,0.00700000021606684,"Placidochromis ordinarius",84.8644268633423,0,1,1,NA,NA,NA,NA,NA,3,"LC",1
"7911",0.0147499998565763,937.736022949219,6.3,0.346850001811981,1.03460001647472,302.074194335937,291.333804321289,0.00300000002607703,0.0109499999321997,"Konia eisentrauti",4717.56909834871,0,1,1,9.30000019073486,NA,0,3.61,"Carni.",1,"CR",55
"7912",0,168.035003662109,47,1.162399995327,3.26859996318817,299.854891967773,290.20245513916,0.00300000002607703,0.00514999991282821,"Enteromius caudosignatus",3387.52918408759,1,1,0,NA,NA,NA,NA,NA,1,"DD",35
"7913",0,430.459014892578,18.15,0.736700004339218,1.28229995965958,300.232858276367,296.638452148438,0.0020000000949949,0.00300000002607703,"Enteromius syntrechalepis",6453.81877094843,1,1,0,NA,NA,NA,NA,NA,1,"DD",75
"7916",0.689000010490417,2546.23803710938,0,1.44700002670288,1.44700002670288,303.043180847168,289.298007965088,0.00700000021606684,0.00899999961256981,"Mylochromis melanonotus",6876.2660956166,0,1,1,26,"commercial",0,3.61,"Carni.",1,"LC",82
"7920",0.0753750000149012,137.886993408203,21.75,0.312125008553267,1.27087499201298,300.43049621582,294.686130523682,0.00400000018998981,0.00499999988824129,"Aphyosemion zygaima",1373.26785930822,NA,NA,0,NA,NA,NA,NA,NA,1,"DD",16
"7922",0,4215.328125,43,0.435000002384186,2.66734989881515,301.702983856201,288.18493270874,0.00300000002607703,0.00800000037997961,"Labeobarbus trachypterus",116773.463031994,1,1,0,NA,NA,NA,NA,NA,1,"LC",1152
"7925",3.53800010681152,543.231994628906,0,1.3289999961853,1.3289999961853,298.501007080078,288.878144836426,0.00600000005215406,0.00700000021606684,"Enteromius tanapelagius",2946.00893117719,0,1,1,NA,NA,NA,NA,NA,1,"LC",35
"7926",0.00909999962896109,45859.06640625,40,0.252000004053116,3.42359994649887,300.933410644531,292.779109191895,0.00300000002607703,0.00700000021606684,"Nanochromis consortus",9335.71281336562,1,1,0,NA,NA,NA,NA,NA,1,"VU",83
"7927",8.72200012207031,703.588989257812,0,1.44200003147125,1.44200003147125,301.572998046875,292.190002441406,0.00300000002607703,0.00499999988824129,"Julidochromis marlieri",33183.4448681446,0,1,1,13,"commercial",0,2.49,"Omni.",1,"LC",388
"7928",0,2201.2919921875,39,0.380674993991852,2.32867493629456,299.908666229248,287.977519226074,0.00499999988824129,0.00899999961256981,"Enteromius owenae",57145.1898308107,1,1,0,NA,NA,NA,NA,NA,3,"DD",670
"7929",0.0661500017158687,16.3759994506836,24.05,0.504749988019466,1.94280006289482,299.328190612793,288.890091705322,0.00422500019194558,0.00700000021606684,"Nothobranchius malaissei",423.307006593002,1,1,0,NA,NA,NA,NA,NA,1,"VU",4
"7930",0,45825.2890625,42,0.184000000357628,2.6253999710083,301.78869934082,288.777008056641,0.0020000000949949,0.00899999961256981,"Alestes liebrechtsii",1076869.76392602,1,1,0,NA,NA,NA,NA,NA,1,"LC",10773
"7933",0,6354.18017578125,20.4499999999998,0.246549999713898,1.70099997520447,303.182345581055,290.821098327637,0.00300000002607703,0.00899999961256981,"Mormyrus tapirus",288732.05787649,1,0,0,NA,NA,NA,NA,NA,1,"LC",3383
"7938",3.53800010681152,543.231994628906,0,1.3289999961853,1.3289999961853,298.501007080078,288.878144836426,0.00600000005215406,0.00700000021606684,"Labeobarbus crassibarbis",2946.00893117719,0,1,1,50.5,NA,0,2.91,"Carni.",1,"DD",35
"7941",0.00529999989084899,45771.859375,40,0.252000004053116,3.50719991922379,300.737091064453,292.773010253906,0.00300000002607703,0.00600000005215406,"Nanochromis minor",4369.8999964696,1,1,0,NA,NA,NA,NA,NA,1,"VU",43
"7944",0.440000008046627,37.140998840332,0,0.0606499996036291,0.403899998962879,293.016549682617,285.328141784668,0.00100000004749745,0.00300000002607703,"Labeobarbus platystomus",1978.59369783675,1,0,0,NA,NA,NA,NA,NA,3,"CR",23
"7945",0,45825.2890625,45,0.112375004775822,2.95392501950264,300.566009521484,293.553887939453,0.0020000000949949,0.00499999988824129,"Caecobarbus geertsii",18001.9605270755,1,0,0,12,"of no interest",0,3.5,"Carni.",1,"VU",174
"7947",0.417174992710352,703.588989257812,0,1.44200003147125,1.44200003147125,301.572998046875,292.190002441406,0.00300000002607703,0.00499999988824129,"Neolamprologus pulcher",34890.675799273,0,1,1,7.19999980926514,"of no interest",0,NA,NA,1,"LC",404
"7961",0,45825.2890625,41,0.228000000119209,2.47609995603561,301.66254119873,293.348468017578,0.0020000000949949,0.00499999988824129,"Synodontis decorus",649034.811046184,1,1,0,NA,NA,NA,NA,NA,1,"LC",6390
"7963",0,1040.21301269531,29.725,0.182324999570847,2.19032494425774,304.219846343994,293.07886428833,0.00300000002607703,0.0087249998236075,"Enteromius sylvaticus",18418.7509935407,1,0,0,1.89999997615814,NA,0,2.81,"Carni.",1,"VU",212
"7967",0.833000004291534,789.304016113281,0,1.97599995136261,1.97599995136261,298.594623565674,293.989990234375,0.0020000000949949,0.00300000002607703,"Haplochromis bartoni",70201.9485614657,0,1,1,19.5,NA,0,4.2,"Carni.",1,"DD",816
"7968",69.2440032958984,316.578002929688,0,0.165000006556511,0.268999993801117,302.050393676758,295.083407592773,0.0020000000949949,0.00300000002607703,"Haplochromis limax",2495.60453550203,1,1,0,8.39999961853027,NA,0,2.68,"Omni.",1,"LC",29
"7970",0.499350009858608,28.9190006256104,0,0.536400005221367,0.65040000975132,299.573207092285,293.584199523926,0.00400000018998981,0.00400000018998981,"Nothobranchius ivanovae",342.014327531136,1,1,0,NA,NA,NA,NA,NA,1,"VU",3
"7973",0,37364.69921875,43,0.244000002741814,2.64559991359711,301.548811340332,294.368310546875,0.0020000000949949,0.00400000018998981,"Heterochromis multidens",380314.669031675,1,1,0,29.5,NA,0,2.83,"Carni.",1,"LC",3763
"7975",0,45328.32421875,40,0.166999995708466,2.59239997863769,309.266998291016,293.123992919922,0.00300000002607703,0.0130000002682209,"Hemichromis fasciatus",2160651.83762535,1,1,0,21,"subsistence fisheries",0,3.18,"Carni.",1,"LC",19465
"7976",8.72200012207031,703.588989257812,0,1.44200003147125,1.44200003147125,301.572998046875,292.190002441406,0.00300000002607703,0.00499999988824129,"Julidochromis transcriptus",33183.4448681446,0,1,1,7,"commercial",0,3.5,"Carni.",1,"LC",388
"7983",0,78.8560028076172,40.05,0.778050012886524,2.65044993162155,301.986123657227,279.297842407227,0.0123250001575798,0.017000000923872,"Pseudobarbus phlegethon",10878.2676920418,1,0,0,7.09999990463257,NA,0,2.61,"Omni.",2,"EN",54
"7984",0.162749999761581,316.578002929688,1.69999999999999,0.0704500000923872,0.570400005578994,300.895909118652,284.961637878418,0.0020000000949949,0.00300000002607703,"Haplochromis nigripinnis",16177.5782462457,1,1,0,6.80000019073486,NA,0,2,"Herbi.",1,"LC",167
"7988",0,17901.61328125,47,0.477749988436699,3.15275001525879,303.52099609375,291.547256469727,0.00400000018998981,0.009249999653548,"Neopomacentrus taeniurus",164372.390630572,1,0,0,10,"minor commercial",1,3.4,"Carni.",1,"DD",1711
"7991",0.599400019645691,890.078002929688,0,0.342199999094009,0.992999970912933,302.022601318359,293.459606933594,0.00300000002607703,0.00819999966770409,"Myaka myaka",4202.50772882648,0,1,1,6.65000009536743,NA,0,2.63,"Omni.",1,"CR",49
"7997",0,45825.2890625,42,0.227449999004602,2.68064991235733,301.724099731445,294.542497253418,0.0020000000949949,0.00499999988824129,"Zaireichthys mandevillei",191727.61054325,1,1,0,2.63000011444092,NA,0,NA,NA,1,"DD",1899
"8005",0.310400003194809,2067.5380859375,1,0.217999994754791,0.778449991345406,302.947444152832,294.094287109375,0.00300000002607703,0.00600000005215406,"Epiplatys maeseni",101024.484681223,1,1,0,NA,NA,NA,NA,NA,1,"LC",1183
"8006",0.417174992710352,703.588989257812,0,1.44200003147125,1.44200003147125,301.572998046875,292.190002441406,0.00300000002607703,0.00499999988824129,"Neolamprologus buescheri",34890.675799273,0,1,1,NA,NA,NA,NA,NA,1,"DD",404
"8008",0,13458.5224609375,40,0.261600008606911,2.57009994983673,308.834991455078,293.904293823242,0.00300000002607703,0.0120000001043081,"Citharidium ansorgii",129417.037360892,1,0,0,NA,NA,NA,NA,NA,1,"DD",933
"8009",0,45328.32421875,44,0.213100004941225,2.89734991788864,300.807460021973,296.00495300293,0.0020000000949949,0.00300000002607703,"Synodontis aterrimus",127668.806181711,1,1,0,NA,NA,NA,NA,NA,1,"LC",1343
"8012",2.26909997463226,10097.5234375,0,0.277299997210503,0.839299988746643,301.435488891602,293.872311401367,0.0020000000949949,0.00499999988824129,"Aphyosemion hofmanni",20384.9283250247,1,1,0,NA,NA,NA,NA,NA,1,"LC",237
"8013",0,37367.671875,42,0.237000003457069,2.39494998455048,300.798845672607,295.856516265869,0.0020000000949949,0.00300000002607703,"Paradoxoglanis caudivittatus",178688.484819773,1,1,0,NA,NA,NA,NA,NA,1,"LC",1822
"8017",0.0175499992910773,13457.255859375,22,0.397700001299381,1.97474997639656,300.89659576416,293.013743591309,0.00300000002607703,0.00499999988824129,"Enteromius citrinus",58415.0079829905,1,1,0,NA,NA,NA,NA,NA,1,"DD",675
"8020",0,13524.0048828125,40,0.123000003397465,2.37700009346008,309.049987792969,292.001963806152,0.00300000002607703,0.0130000002682209,"Enteromius nigeriensis",472810.177045528,1,0,0,NA,NA,NA,NA,NA,1,"LC",4160
"8022",8.72200012207031,703.588989257812,0,1.44200003147125,1.44200003147125,301.572998046875,292.190002441406,0.00300000002607703,0.00499999988824129,"Trematocara nigrifrons",33012.5919769452,0,1,1,NA,NA,NA,NA,NA,1,"LC",386
"8023",0.0129749997518957,2802.52490234375,14.225,0.267649997770786,2.16235002279282,301.583019256592,292.30110244751,0.0020000000949949,0.00600000005215406,"Labeobarbus rocadasi",21090.5550865112,1,1,0,NA,NA,NA,NA,NA,1,"DD",232
"8037",0.0586000021547079,543.231994628906,2.3,0.413199996948242,1.35479998588562,304.319906616211,286.116204833984,0.00499999988824129,0.0112999999895692,"Labeobarbus truttiformis",9173.3194613352,1,1,0,44.2000007629395,NA,0,3.87,"Carni.",3,"LC",109
"8040",8.72200012207031,703.588989257812,0,1.44200003147125,1.44200003147125,301.572998046875,292.190002441406,0.00300000002607703,0.00499999988824129,"Xenotilapia flavipinnis",33012.5919769452,0,1,1,9.19999980926514,"commercial",0,3.5,"Carni.",1,"LC",386
"8041",0.0627000004053116,3994.98803710938,25.3,0.23269999474287,1.11559997797012,307.884701538086,294.342987060547,0.00300000002607703,0.0102999998256564,"Mastacembelus praensis",196358.40694074,1,1,0,NA,NA,NA,NA,NA,1,"LC",1949
"8045",0.689000010490417,2546.23803710938,0,1.44700002670288,1.44700002670288,301.454010009766,292.283996582031,0.00800000037997961,0.00800000037997961,"Copadichromis parvus",83.9468206076889,0,1,1,NA,NA,NA,NA,NA,1,"LC",1
"8050",0,12638.6572265625,40,0.172999992966652,2.55507506132126,300.555143737793,294.907540893555,0.0020000000949949,0.00300000002607703,"Brachypetersius pseudonummifer",139052.896278615,1,1,0,NA,NA,NA,NA,NA,1,"LC",1518
"8052",0,17901.61328125,45,0.34892500564456,2.92607511281967,303.634002685547,281.499656677246,0.00300000002607703,0.0130000002682209,"Microphis brachyurus",1094271.91385975,1,0,0,22,"of no interest",1,3.3199999332428,"Carni.",1,"LC",10358
"8053",0.768400013446808,242.128997802734,13.3,0.687550002336502,1.44755001366138,299.403085327148,295.686408996582,0.00300000002607703,0.00300000002607703,"Scardinius elmaliensis",258.146720563579,0,1,1,NA,NA,NA,NA,NA,1,"EN",3
"8057",0.00400000018998981,4.54500007629395,47,1.64300000667572,2.18699994683266,306.401741027832,291.534492492676,0.00999999977648258,0.0109999999403954,"Maccullochella peelii",712.678682581108,1,1,0,180,"commercial",0,4.15000009536743,"Carni.",1,"LC",6
"8059",8.72200012207031,703.588989257812,0,1.44200003147125,1.44200003147125,301.572998046875,292.190002441406,0.00300000002607703,0.00499999988824129,"Callochromis pleurospilus",33354.7184506497,1,1,0,10,"commercial",0,3.5,"Carni.",1,"LC",390
"8061",0.0241250002291054,1074.28796386719,27,0.217700002714992,1.72587504684925,300.364041900635,294.096434020996,0.0020000000949949,0.00400000018998981,"Enteromius tetraspilus",29495.4441866122,NA,NA,0,NA,NA,NA,NA,NA,1,NA,338
"8062",0,13524.0048828125,42,0.184000000357628,2.74722496271133,309.731667327881,292.243988037109,0.00400000018998981,0.0140000004321337,"Alestes baremoze",4028842.74539439,1,1,0,43,"highly commercial",0,3.05,"Carni.",1,"LC",30392
"8064",0.639925004541874,37425.43359375,0,0.221575001999736,1.17985000908375,301.71897354126,290.906646728516,0.0020000000949949,0.00700000021606684,"Chrysichthys ogooensis",170670.466003925,NA,NA,0,NA,NA,NA,NA,NA,1,"LC",1984
"8065",2.80179991722107,10097.5234375,0,0.317599999904633,0.836799991130829,301.820794677734,294.308990478516,0.0020000000949949,0.00400000018998981,"Aphyosemion aureum",24864.8419029658,1,0,0,NA,NA,NA,NA,NA,1,"VU",289
"8068",0.384999990463257,37425.43359375,0,0.217299993336201,1.38900005817413,301.545013427734,291.276306152344,0.0020000000949949,0.00600000005215406,"Synodontis polyodon",217915.257928732,NA,NA,0,NA,NA,NA,NA,NA,1,"LC",2533
"8072",0,45931.53515625,33,0.245000004768372,1.98000001907349,304.207000732422,291.612406921387,0.00300000002607703,0.00899999961256981,"Dalophis boulengeri",746501.024161581,1,1,0,NA,NA,NA,NA,NA,1,"LC",7675
"8073",0,919.344970703125,31,0.182249996811152,1.52700001001358,301.202011108398,287.846496582031,0.0020000000949949,0.00499999988824129,"Lacustricola pumilus",90926.0443794576,1,1,0,NA,NA,NA,NA,NA,1,"LC",971
"8074",0.833000004291534,789.304016113281,0,1.97599995136261,1.97599995136261,298.594673919678,293.992588806152,0.0020000000949949,0.00300000002607703,"Haplochromis megalops",70029.8147067808,0,1,1,8.10000038146973,NA,0,3.3,"Carni.",1,"VU",814
"8075",0.689000010490417,2546.23803710938,0,1.44700002670288,1.44700002670288,301.813513183594,289.422857666016,0.00800000037997961,0.0089499996509403,"Nyassachromis serenus",253.549496086174,0,1,1,25,"commercial",0,3.4,"Carni.",1,"LC",3
"8076",0.0431750001385808,1320.34997558594,27.275,0.310900004208088,1.61387498676777,300.773079681396,293.247717285156,0.00300000002607703,0.00499999988824129,"Chrysichthys uniformis",26811.3264813827,1,1,0,NA,NA,NA,NA,NA,1,"DD",310
"8078",0,2556.30395507812,36,0.261199992895126,1.82679997682571,301.237893676758,293.486505126953,0.00400000018998981,0.00600000005215406,"Enteromius collarti",36553.7036067332,NA,NA,0,NA,NA,NA,NA,NA,1,"VU",413
"8081",0.559825005382299,14.2580003738403,0,0.422725009173155,0.682225015759468,299.753688812256,289.433283233643,0.00300000002607703,0.00700000021606684,"Nothobranchius chochamandai",929.866930707308,1,1,0,3.51999998092651,NA,0,NA,NA,3,"VU",8
"8082",0.0120000001043081,927.523986816406,29,0.146724999323487,1.97599995136261,301.325988769531,286.122577667236,0.0020000000949949,0.00499999988824129,"Pollimyrus nigricans",307497.35837663,1,1,0,10,NA,0,3.4,"Carni.",1,"LC",2630
"8083",0,892.906005859375,44,0.54389999806881,2.61374990940094,300.079986572266,295.826347351074,0.0020000000949949,0.00300000002607703,"Aphyosemion chauchei",7572.84835309406,1,1,0,NA,NA,NA,NA,NA,1,"DD",59
"8084",0,45825.2890625,42,0.228000000119209,2.67412502169609,301.723042297363,294.374974822998,0.0020000000949949,0.00499999988824129,"Lamprologus mocquardi",567992.199397377,1,1,0,NA,NA,NA,NA,NA,1,"LC",5800
"8085",0.26869999319315,37307.2734375,1,0.168999999761581,0.967000007629395,301.746302032471,291.283172607422,0.0020000000949949,0.00600000005215406,"Stomatorhinus walkeri",164967.566108446,1,0,0,NA,NA,NA,NA,NA,1,"LC",1918
"8088",0,24.5750007629395,26.6,1.29450002908707,1.90529998540878,302.14208984375,275.624200439453,0.00400000018998981,0.0392000013031066,"Nothobranchius krammeri",422.540178602676,1,1,0,NA,NA,NA,NA,NA,1,"VU",5
"8092",0,45918.515625,42,0.196999996900558,2.61999988555908,301.412088012695,291.680899047852,0.0020000000949949,0.00499999988824129,"Bryconaethiops macrops",773822.995464427,1,1,0,NA,NA,NA,NA,NA,1,"LC",7837
"8094",0,268.838989257812,39.625,0.991500034928322,2.24799996614456,299.818878173828,283.824005126953,0.00600000005215406,0.00762500031851232,"Lacustricola usanguensis",5957.41113146643,NA,NA,0,NA,NA,NA,NA,NA,3,NA,56
"8102",0,37367.671875,45,0.237375002354383,2.87375006079674,300.839996337891,295.645366668701,0.0020000000949949,0.00300000002607703,"Belonophago hutsebouti",346716.536540347,1,1,0,NA,NA,NA,NA,NA,1,"LC",3246
"8105",0,7743.26708984375,44,0.17399999499321,2.98799991607666,309.923960876465,293.024087524414,0.00400000018998981,0.0140000004321337,"Mormyrus hasselquistii",1213703.92932338,1,1,0,NA,NA,NA,NA,NA,2,"LC",7843
"8106",0.118799997121096,73.4250030517578,2.475,1.39437498152256,1.68270000815392,302.249954986572,296.695447540283,0.00499999988824129,0.00499999988824129,"Nothobranchius albimarginatus",682.965727103012,1,1,0,NA,NA,NA,NA,NA,1,"EN",8
"8108",1.50299998521805,1147.47998046875,0,0.268649990856647,0.534249991178512,301.135653686523,294.147143554687,0.00300000002607703,0.00400000018998981,"Enteromius huguenyi",7414.34212318004,1,0,0,NA,NA,NA,NA,NA,1,"VU",87
"8109",0.0320000015199184,3277.625,28,0.181624995544553,1.41525000333786,307.646373748779,294.459499359131,0.00300000002607703,0.00999999977648258,"Enteromius punctitaeniatus",319611.547048015,1,1,0,NA,NA,NA,NA,NA,1,"LC",3226
"8111",0.417174992710352,703.588989257812,0,1.44200003147125,1.44200003147125,301.572998046875,292.190002441406,0.00300000002607703,0.00499999988824129,"Synodontis tanganyicae",34890.675799273,0,1,1,NA,NA,NA,NA,NA,1,"LC",404
"8119",0.204999998211861,30968.673828125,1,0.328999996185303,1.63699996471405,301.289001464844,291.670989990234,0.0020000000949949,0.00600000005215406,"Aphyosemion herzogi",103320.81648775,1,0,0,NA,NA,NA,NA,NA,1,"LC",1201
"8120",0.0691250031813979,2100.81494140625,10.625,0.315500002354383,2.16475003957748,300.834739685059,293.504875183105,0.0020000000949949,0.00562499999068677,"Prolabeops nyongensis",15118.873624094,NA,NA,0,NA,NA,NA,NA,NA,1,"DD",176
"8123",0,45825.2890625,37,0.152350000292063,2.19604994058609,300.991156005859,293.825842285156,0.0020000000949949,0.00600000005215406,"Dolichallabes microphthalmus",92323.2937040349,1,1,0,NA,NA,NA,NA,NA,1,"LC",995
"8124",0.0962999990209937,3863.86206054688,9,0.196999996900558,1.70967502295971,301.259580230713,291.346040344238,0.00300000002607703,0.00499999988824129,"Aphyosemion elberti",155386.147238198,1,1,0,NA,NA,NA,NA,NA,1,"LC",1814
"8127",0.689000010490417,2546.23803710938,0,1.44700002670288,1.44700002670288,302.158996582031,292.93701171875,0.00800000037997961,0.00800000037997961,"Aulonocara koningsi",83.6918234878922,0,1,1,NA,NA,NA,NA,NA,1,"LC",1
"8129",0.0583249989897013,2612.15600585938,19,0.177325001731515,1.09167499244213,304.283996582031,294.614890289307,0.00300000002607703,0.00600000005215406,"Rhexipanchax schioetzi",293482.544880137,1,1,0,NA,NA,NA,NA,NA,1,"LC",3174
"8132",0.0379749988205731,5070.841796875,23,0.328949996083975,2.29220005273819,300.482019805908,291.993813323975,0.0020000000949949,0.00499999988824129,"Micropanchax camerunensis",103134.466328399,1,1,0,NA,NA,NA,NA,NA,1,"LC",1200
"8135",0,45825.2890625,42,0.219099996984005,2.63272489905357,300.803009033203,293.359683227539,0.0020000000949949,0.00497499989578491,"Nannocharax ocellicauda",181070.813186764,NA,NA,0,NA,NA,NA,NA,NA,1,NA,1802
"8137",NA,NA,NA,NA,NA,NA,NA,NA,NA,"Coptodon ismailiaensis",3716.18967140879,NA,NA,0,NA,NA,NA,NA,NA,2,"DD",0
"8145",0.0630500011146069,3863.86206054688,19.9,0.211099995672703,1.69780004024505,300.896658325195,292.954588317871,0.00300000002607703,0.00499999988824129,"Labeobarbus mbami",34535.6222635313,NA,NA,0,NA,NA,NA,NA,NA,1,"EN",403
"8146",1.30859997272491,381.43701171875,0,0.300000011920929,0.606399977207184,301.815991210938,293.542413330078,0.00300000002607703,0.00580000020563603,"Coptodon gutturosa",1456.6482365492,NA,NA,0,NA,NA,NA,NA,NA,1,NA,17
"8152",0,531.820007324219,33.975,0.521325026452541,2.01267501115799,305.149993896484,293.044324493408,0.00400000018998981,0.00800000037997961,"Ophisternon afrum",13623.2137383396,1,1,0,NA,NA,NA,NA,NA,1,"EN",162
"8157",0,45859.06640625,44,0.177050001174211,3.23475005626678,300.799858093262,293.072099304199,0.0020000000949949,0.00600000005215406,"Stomatorhinus microps",38372.0013336324,1,1,0,NA,NA,NA,NA,NA,1,"VU",403
"8160",0.00774999987334013,25.7970008850098,35.5,0.451999999582767,2.56949996948242,302.286254882812,296.466255187988,0.00499999988824129,0.00499999988824129,"Zenarchopterus dispar",1459.60357669425,1,1,0,19,"commercial",1,NA,NA,1,"LC",11
"8163",0,251.673004150391,38,0.515275007486343,1.96444998979568,304.227384185791,276.143097686768,0.0199999995529652,0.0260000005364418,"Pseudophoxinus punicus",35039.0914289151,NA,NA,0,NA,NA,NA,NA,NA,3,NA,378
"8164",0,29.7450008392334,34,0.558400017023087,2.18565000295639,306.790998840332,280.280291748047,0.0230000000447035,0.0240000002086163,"Rhinogobius giurinus",3971.45018668671,1,1,0,12.1000003814697,"subsistence fisheries",1,3.21,"Carni.",2,"LC",23
"8170",0.0397749991156161,1328.81005859375,3.05000000000001,0.234949999302626,1.04432502985001,302.270289611816,287.954461669922,0.00300000002607703,0.00904999962076546,"Enteromius thysi",20584.0915433641,NA,NA,0,NA,NA,NA,NA,NA,1,"EN",240
"8171",0,45825.2890625,42,0.223000004887581,2.50432510972023,301.284884643555,294.133794403076,0.0020000000949949,0.00499999988824129,"Genyomyrus donnyi",154315.18803443,1,1,0,NA,NA,NA,NA,NA,1,"LC",1570
"8177",0.833000004291534,789.304016113281,0,1.97599995136261,1.97599995136261,298.594673919678,293.992588806152,0.0020000000949949,0.00300000002607703,"Haplochromis obtusidens",70029.8147067808,0,1,1,11.3999996185303,NA,0,3.13,"Carni.",1,"DD",814
"8182",0,13524.0048828125,30,0.243475001677871,2.05462498068809,303.701995849609,291.332353210449,0.00300000002607703,0.00899999961256981,"Fundulopanchax gularis",122320.146902054,1,1,0,NA,NA,NA,NA,NA,1,"EN",1420
"8191",0.00372500014491379,1032.44604492188,28.65,0.263950006663799,1.43692502379417,298.730987548828,295.306083679199,0.0020000000949949,0.0020000000949949,"Euchilichthys boulengeri",2824.44411094468,1,1,0,NA,NA,NA,NA,NA,1,"DD",30
"8192",0,736.789001464844,38,0.227975000068545,2.56120010614395,304.941059112549,274.233783721924,0.0130000002682209,0.0260000005364418,"Cyprinus carpio",407333.024746879,1,1,0,120,"highly commercial",0,3.05,"Carni.",3,"VU",3400
"8193",0.833000004291534,789.304016113281,0,1.97599995136261,1.97599995136261,298.594673919678,293.992588806152,0.0020000000949949,0.00300000002607703,"Haplochromis squamulatus",70029.8147067808,0,1,1,19.7999992370605,NA,0,4.2,"Carni.",1,"DD",814
"8195",0,45825.2890625,42,0.18299999833107,2.57369990348816,301.755004882812,288.902305603027,0.0020000000949949,0.00899999961256981,"Bryconaethiops boulengeri",1286637.95734767,1,1,0,NA,NA,NA,NA,NA,1,"LC",13127
"8196",0.833000004291534,789.304016113281,0,1.97599995136261,1.97599995136261,298.730402374268,293.855461120605,0.0020000000949949,0.00300000002607703,"Haplochromis simotes",75275.99539497,1,1,0,NA,NA,NA,NA,NA,1,"DD",862
"8198",0,2546.23803710938,16,1.44700002670288,1.45000004768372,303.046699523926,289.295707702637,0.00700000021606684,0.00999999977648258,"Tramitichromis variabilis",7292.64023344102,0,1,1,17.2999992370605,"commercial",0,3.2,"Carni.",1,"LC",87
"8210",0,4319.72216796875,46,0.383650004118681,3.1798249065876,300.282689666748,290.382479095459,0.0017250000819331,0.00499999988824129,"Dundocharax bidentatus",19217.5685711306,1,1,0,NA,NA,NA,NA,NA,1,"DD",190
"8212",0.454100003838539,1988.62902832031,0,0.80107499808073,1.21712502837181,300.910227966309,292.381952667236,0.00300000002607703,0.00600000005215406,"Labeobarbus gulielmi",848.065929931639,1,1,0,NA,NA,NA,NA,NA,1,"DD",4
"8213",0,1988.62902832031,35.9,0.351375010609627,2.41447489261627,301.40266494751,291.319170379639,0.00300000002607703,0.00700000021606684,"Enteromius musumbi",12155.571695097,1,1,0,NA,NA,NA,NA,NA,1,"LC",82
"8215",0,45825.2890625,43,0.226999998092651,2.70585008859634,300.82765045166,294.441009521484,0.00100000004749745,0.00400000018998981,"Gnathonemus echidnorhynchus",253698.104926713,1,1,0,NA,NA,NA,NA,NA,1,"LC",2415
"8217",0.417174992710352,703.588989257812,0,1.44200003147125,1.44200003147125,301.572998046875,292.190002441406,0.00300000002607703,0.00499999988824129,"Neolamprologus brevis",34890.675799273,0,1,1,5.5,"commercial",0,3.4,"Carni.",1,"LC",404
"8219",0,4742.22119140625,25.6,0.219600000977516,1.71749999523163,301.946990966797,292.415991210937,0.00300000002607703,0.00830000014975667,"Aphyosemion edeanum",9358.12563848356,1,1,0,NA,NA,NA,NA,NA,1,"VU",109
"8220",0,37364.69921875,40,0.178000003099442,2.50300002098083,309.127014160156,292.697353363037,0.00300000002607703,0.0130000002682209,"Neolebias unifasciatus",3884734.48469934,1,1,0,NA,NA,NA,NA,NA,1,"LC",34708
"8221",0,17901.61328125,47,0.388999998569489,3.24600005149841,304.798004150391,286.534802246094,0.0020000000949949,0.0120000001043081,"Opsaridium zambezense",1710576.5456882,1,1,0,12,"minor commercial",0,3.38,"Carni.",1,"LC",13785
"8223",0.833000004291534,789.304016113281,0,1.97599995136261,1.97599995136261,298.730402374268,293.855461120605,0.0020000000949949,0.00300000002607703,"Haplochromis azureus",75275.99539497,0,1,1,9.55000019073486,NA,0,3.4,"Carni.",1,"VU",862
"8224",0.613999998569489,6354.18017578125,0,0.25699999332428,0.963800013065338,301.126995849609,291.567797851562,0.00300000002607703,0.00700000021606684,"Aphyosemion lugens",4901.80614005101,1,0,0,NA,NA,NA,NA,NA,1,"EN",57
"8226",0,1024.88098144531,44,0.844999992847443,3.08619999885559,303.494799804687,281.595397949219,0.00899999961256981,0.0149999996647239,"Labeo ruddi",207661.669732331,1,1,0,NA,NA,NA,NA,NA,2,"DD",1217
"8227",0,3035.248046875,44,0.391199994087219,2.99080004692078,304.253802490234,289.7,0.00559999998658896,0.00999999977648258,"Nothobranchius rachovii",5387.80111441974,1,1,0,6," ",0,NA,NA,1,"LC",65
"8228",0,2546.23803710938,47.3,0.671799993515015,3.182000041008,304.409405517578,281.81760559082,0.00800000037997961,0.0133000003173947,"Nothobranchius wattersi",9420.48670866113,1,1,0,5.34000015258789,NA,0,NA,NA,1,"NT",109
"8229",0.417174992710352,703.588989257812,0,1.44200003147125,1.44200003147125,301.572998046875,292.190002441406,0.00300000002607703,0.00499999988824129,"Neolamprologus falcicula",34890.675799273,0,1,1,NA,NA,NA,NA,NA,1,"LC",404
"8233",0.28899999819696,137.001998901367,1.325,0.533999979496002,0.837850019335747,303.637648010254,293.859046173096,0.00499999988824129,0.00632500010542571,"Enteromius cadenati",2365.66444361928,1,0,0,NA,NA,NA,NA,NA,1,"VU",28
"8236",3.62787507176399,3435.68994140625,0,0.271699999272823,0.757000029087067,301.934621429443,294.545064544678,0.0020000000949949,0.00499999988824129,"Aphyosemion citrineipinnis",24776.0511952304,1,0,0,NA,NA,NA,NA,NA,1,"LC",288
"8240",0.00300000002607703,13681.75,33.35,0.387200000137091,1.85635000169277,301.655059051514,293.28549041748,0.00300000002607703,0.00600000005215406,"Raiamas longirostris",22812.8474039613,1,1,0,NA,NA,NA,NA,NA,1,"DD",254
"8241",NA,NA,NA,NA,NA,NA,NA,NA,NA,"Vanmanenia striata",4822.47970313661,1,0,0,NA,NA,NA,NA,NA,2,"DD",0
"8243",0.000300000002607703,8.3129997253418,26.4,0.608499997854233,1.82709995508194,301.252990722656,297.21741027832,0.00400000018998981,0.00400000018998981,"Nothobranchius korthausae",511.477030425373,1,1,0,NA,NA,NA,NA,NA,1,"EN",5
"8244",0,12638.6572265625,39,0.344800001382828,2.3981999874115,300.906994628906,287.964196777344,0.0020000000949949,0.00899999961256981,"Micralestes sardina",173957.283446429,1,1,0,NA,NA,NA,NA,NA,3,"LC",1897
"8245",0.0965000009164214,6371.3427734375,4.5,0.261750008910894,0.880249992012978,301.386005401611,293.59888458252,0.0020000000949949,0.00400000018998981,"Awaous bustamantei",4815.76752107956,NA,NA,0,NA,NA,NA,NA,NA,1,"VU",56
"8250",0,309.535003662109,43,0.298900005221367,2.50810005664825,300.002191162109,294.078799438477,0.00100000004749745,0.00300000002607703,"Enteromius machadoi",6566.70754914024,1,1,0,NA,NA,NA,NA,NA,1,"DD",53
"8251",0,45825.2890625,44,0.195024992898107,2.63397505879402,300.949005126953,291.644911956787,0.00100000004749745,0.00499999988824129,"Synodontis depauwi",151712.661453987,1,1,0,NA,NA,NA,NA,NA,1,"LC",1362
"8254",0.00300000002607703,57.1699981689453,32.85,0.199725002422929,1.65352503061295,302.588394927979,296.176443481445,0.00400000018998981,0.00499999988824129,"Nannocharax hollyi",5479.05339432017,1,0,0,NA,NA,NA,NA,NA,1,"DD",64
"8256",0,45825.2890625,42,0.228000000119209,2.52282500267029,301.734008789062,293.110010528564,0.0020000000949949,0.00499999988824129,"Synodontis pleurops",884177.4285201,1,1,0,NA,NA,NA,NA,NA,1,"LC",8722
"8259",0.417174992710352,703.588989257812,0,1.44200003147125,1.44200003147125,301.572998046875,292.190002441406,0.00300000002607703,0.00499999988824129,"Interochromis loocki",34890.675799273,0,1,1,10.5,NA,0,2,"Herbi.",1,NA,404
"8260",0.612500011920929,11712.7255859375,0,0.798250004649162,1.34549996256828,300.410758972168,290.552253723145,0.00300000002607703,0.00700000021606684,"Channallabes longicaudatus",14714.735843746,NA,NA,0,NA,NA,NA,NA,NA,1,"DD",171
"8262",0.499350009858608,28.9190006256104,0,0.536400005221367,0.65040000975132,299.573207092285,293.584199523926,0.00400000018998981,0.00400000018998981,"Nothobranchius kardashevi",342.014327531136,1,1,0,NA,NA,NA,NA,NA,1,"VU",3
"8263",0,45920.859375,43,0.308999985456467,3.14299988746643,304.670989990234,287.688995361328,0.00300000002607703,0.00899999961256981,"Mugil curema",8091.84202788275,1,0,0,91,"commercial",1,2.42,"Omni.",1,"LC",81
"8266",1.30859997272491,381.43701171875,0,0.300000011920929,0.606399977207184,301.815991210938,293.542413330078,0.00300000002607703,0.00580000020563603,"Coptodon bythobates",1456.6482365492,0,1,1,NA,NA,NA,NA,NA,1,"CR",17
"8270",0,1087.25500488281,39,0.196824996545911,2.27687500119209,299.679755401611,292.571291351318,0.00100000004749745,0.00300000002607703,"Marcusenius cuangoanus",42720.1280666759,1,1,0,NA,NA,NA,NA,NA,1,"VU",394
"8276",8.72200012207031,703.588989257812,0,1.44200003147125,1.44200003147125,301.572998046875,292.190002441406,0.00300000002607703,0.00499999988824129,"Trematochromis benthicola",33354.7184506497,0,1,1,21.5,NA,0,3.4,"Carni.",1,NA,390
"8281",0.417174992710352,703.588989257812,0,1.44200003147125,1.44200003147125,301.572998046875,292.190002441406,0.00300000002607703,0.00499999988824129,"Ophthalmotilapia heterodonta",34890.675799273,0,1,1,NA,NA,NA,NA,NA,1,"LC",404
"8282",0.833000004291534,789.304016113281,0,1.97599995136261,1.97599995136261,298.594623565674,293.989990234375,0.0020000000949949,0.00300000002607703,"Haplochromis howesi",70201.9485614657,0,1,1,16.3299999237061,NA,0,3.5,"Carni.",1,"VU",816
"8284",0,45825.2890625,40,0.237000003457069,2.45437503457069,301.829379272461,292.770534515381,0.0020000000949949,0.00600000005215406,"Chelaethiops elongatus",665103.788905225,1,1,0,NA,NA,NA,NA,NA,1,"LC",6550
"8288",0,45920.859375,40,0.227800004184246,2.2389999628067,301.813102722168,293.78404083252,0.00400000018998981,0.00700000021606684,"Brycinus carmesinus",6507.29666420911,1,1,0,NA,NA,NA,NA,NA,1,"DD",59
"8289",0,45920.859375,44,0.267674989998341,3.3289999961853,304.670989990234,289.923355102539,0.00300000002607703,0.00700000021606684,"Eucinostomus melanopterus",19740.7339136576,1,0,0,30,"minor commercial",1,3.24,"Carni.",1,"LC",204
"8296",0.0209999997168779,957.070007324219,21,0.144999995827675,1.97599995136261,302.128012084961,286.49508972168,0.0020000000949949,0.00499999988824129,"Oreochromis leucostictus",422730.311830573,1,1,0,36.2999992370605," ",0,2.25,"Omni.",1,"LC",4013
"8307",0.883050011098385,6354.18017578125,0,0.303999999910593,0.986475011706352,301.309997558594,291.581539154053,0.0020000000949949,0.00700000021606684,"Fundulopanchax avichang",12901.6427174132,1,1,0,NA,NA,NA,NA,NA,1,"DD",150
"8309",0.00737500016111881,7.04099988937378,13.625,0.931374996900558,1.29549999535084,297.48649597168,280.395740509033,0.0120000001043081,0.0138750004116446,"Pseudobarbus skeltoni",428.907356768496,1,0,0,NA,NA,NA,NA,NA,3,"EN",6
"8312",3.53800010681152,543.231994628906,0,1.3289999961853,1.3289999961853,298.501007080078,288.878144836426,0.00600000005215406,0.00700000021606684,"Labeobarbus platydorsus",2946.00893117719,0,1,1,63.5,NA,0,3.39,"Carni.",1,"VU",35
"8313",0.114000000059605,4742.22119140625,9,0.194999992847443,1.15400004386902,300.881988525391,291.263000488281,0.00300000002607703,0.00499999988824129,"Synodontis rebeli",133670.963197998,NA,NA,0,NA,NA,NA,NA,NA,1,"DD",1561
"8316",0.417174992710352,703.588989257812,0,1.44200003147125,1.44200003147125,301.572998046875,292.190002441406,0.00300000002607703,0.00499999988824129,"Neolamprologus tretocephalus",34890.675799273,0,1,1,15," ",0,NA,NA,1,"LC",404
"8317",0,7743.26708984375,44,0.553224974870682,3.41792498826981,309.266998291016,291.826139831543,0.00707500022836029,0.0140000004321337,"Mochokus brevis",81010.6138577082,1,1,0,NA,NA,NA,NA,NA,2,"DD",684
"8325",0,231.335998535156,16,0.283799999952316,1.13379999399185,301.450158691406,284.753604125977,0.00300000002607703,0.00825000037439166,"Micropanchax antinorii",7423.25394584424,NA,NA,0,NA,NA,NA,NA,NA,3,NA,79
"8326",0,37425.43359375,20,0.186000004410744,1.28600001335144,301.630004882812,291.433990478516,0.0020000000949949,0.00700000021606684,"Nannopetersius ansorgii",282699.632428104,NA,NA,0,NA,NA,NA,NA,NA,1,NA,3201
"8327",0.689000010490417,2546.23803710938,0,1.44700002670288,1.44700002670288,301.454010009766,292.283996582031,0.00800000037997961,0.00800000037997961,"Copadichromis cyanocephalus",83.9468206076889,0,1,1,NA,NA,NA,NA,NA,1,"NT",1
"8329",0.0705999979749322,668.252990722656,3,0.433974993228912,1.3289999961853,308.130452728272,285.577143096924,0.00499999988824129,0.0130000002682209,"Labeobarbus acutirostris",12968.8578893625,1,1,0,41,NA,0,3.5699999332428,"Carni.",3,"VU",154
"8330",0,9036.9833984375,41.45,1.09617499113083,2.78689989447594,306.683995056152,288.273986816406,0.00999999977648258,0.0130750002805144,"Hippopotamyrus szaboi",11888.5804674385,1,0,0,NA,NA,NA,NA,NA,2,"LC",38
"8331",0.117674998007715,331.695007324219,3,0.512000013887882,1.44289996922016,300.443843841553,295.736288452148,0.00300000002607703,0.00300000002607703,"Mormyrops intermedius",4984.12990326737,1,1,0,NA,NA,NA,NA,NA,1,"DD",58
"8336",0.0959999978542328,912.090026855469,15.4,0.220600000023842,0.767799997329712,299.960400390625,294.794409179687,0.0020000000949949,0.00300000002607703,"Labeobarbus mirabilis",1548.36935982559,1,1,0,NA,NA,NA,NA,NA,1,"DD",9
"8341",0,2922.8310546875,21,0.170000001788139,1.52909998297691,306.017552185059,293.832507324219,0.00400000018998981,0.00800000037997961,"Scriptaphyosemion nigrifluvi",245797.207537894,1,1,0,4.5,NA,0,NA,NA,1,"VU",2899
"8348",0.689000010490417,2546.23803710938,0,1.44700002670288,1.44700002670288,302.683120727539,291.977882385254,0.00712500023655593,0.00800000037997961,"Placidochromis macrognathus",503.41312283178,0,1,1,NA,NA,NA,NA,NA,1,"LC",6
"8353",1.7968249797821,83.4599990844727,0,0.246074996143579,0.507199990004301,301.027132415771,294.746676635742,0.00372500014491379,0.00499999988824129,"Aphyosemion hanneloreae",2579.48170553945,1,1,0,NA,NA,NA,NA,NA,1,"LC",30
"8356",0,4583.47802734375,43,0.257999986410141,2.98485000729561,308.88270111084,294.286987304688,0.00700000021606684,0.0120000001043081,"Synodontis vermiculatus",46473.3090567214,1,1,0,NA,NA,NA,NA,NA,2,"LC",274
"8358",0,45825.2890625,42,0.131599999032915,2.6002248942852,300.663906097412,293.986999511719,0.0020000000949949,0.00499999988824129,"Labeo nigricans",15882.4774877295,1,1,0,NA,NA,NA,NA,NA,1,"DD",178
"8362",0.833000004291534,789.304016113281,0,1.97599995136261,1.97599995136261,298.594673919678,293.992588806152,0.0020000000949949,0.00300000002607703,"Haplochromis niloticus",70029.8147067808,1,0,0,NA,NA,NA,NA,NA,1,"DD",814
"8367",0,37367.671875,45,0.273274997621775,2.23872494697571,300.830701446533,294.762255859375,0.00100000004749745,0.00300000002607703,"Aphyosemion lujae",114883.440289062,1,0,0,NA,NA,NA,NA,NA,1,"LC",854
"8369",0.689000010490417,2546.23803710938,0,1.44700002670288,1.44700002670288,303.018642425537,289.285057830811,0.00700000021606684,0.00899999961256981,"Copadichromis pleurostigma",2683.74261882117,0,1,1,NA,NA,NA,NA,NA,1,"LC",32
"8370",0,45825.2890625,43,0.172649997472763,2.67934995889664,301.635986328125,293.595545959473,0.0020000000949949,0.00499999988824129,"Leptocypris lujae",594318.609688382,1,1,0,NA,NA,NA,NA,NA,1,"LC",5747
"8371",0.0217499993741512,11.7629995346069,17.625,0.262750001624227,1.18224996328354,297.620624542236,286.564998626709,0.00600000005215406,0.00800000037997961,"Kneria sjolandersi",1576.06132624964,1,0,0,NA,NA,NA,NA,NA,2,"DD",6
"8372",0,45665.3515625,43,0.164000004529953,2.60999989509583,301.336955261231,288.075012207031,0.0020000000949949,0.00800000037997961,"Clarias dumerilii",841115.523835488,1,1,0,NA,NA,NA,NA,NA,1,"LC",8403
"8375",0,2590.998046875,13.6999999999999,0.287974997609854,1.35530000329018,302.38274307251,292.592449951172,0.00300000002607703,0.00800000037997961,"Kribia leonensis",21634.2997240965,1,0,0,NA,NA,NA,NA,NA,1,"DD",254
"8377",0.203975001722574,645.844970703125,0.424999999999997,0.226474994793534,0.851324993371963,299.795710754395,289.575288391113,0.00300000002607703,0.00600000005215406,"Aphyosemion bamilekorum",8908.46338478698,1,0,0,NA,NA,NA,NA,NA,1,"EN",104
"8385",0,297.511993408203,37.4,0.642500001192093,2.26860001087189,308.307009887695,296.472296142578,0.00499999988824129,0.00869999984279275,"Nothobranchius virgatus",14395.68229476,1,1,0,5.5,NA,0,3.31,"Carni.",2,"LC",53
"8395",0,45918.515625,42,0.200000002980232,2.56869994997978,301.659676361084,291.813642883301,0.0020000000949949,0.00499999988824129,"Schilbe grenfelli",1363186.30757454,1,1,0,NA,NA,NA,NA,NA,1,"LC",13934
"8396",0.833000004291534,789.304016113281,0,1.97599995136261,1.97599995136261,298.730402374268,293.855461120605,0.0020000000949949,0.00300000002607703,"Haplochromis igneopinnis",75275.99539497,0,1,1,10.7700004577637,NA,0,2,"Herbi.",1,"EN",862
"8400",0.126700003445148,801.331970214844,2,0.21445000320673,1.97599995136261,319.193104553223,283.266941833496,0.00285000003641471,0.0257500002160668,"Clariallabes petricola",7916.24962444401,1,1,0,NA,NA,NA,NA,NA,1,"DD",75
"8402",0,45918.515625,43,0.232999995350838,2.7222248852253,301.635986328125,293.590628051758,0.0020000000949949,0.00600000005215406,"Mormyrops mariae",300588.959210717,1,1,0,NA,NA,NA,NA,NA,1,"LC",2878
"8406",0.103874997235835,2275.02905273438,12.375,0.218999998643994,1.03037497401237,307.075988769531,294.334133148193,0.00499999988824129,0.00800000037997961,"Enteromius dialonensis",25903.2366405924,1,0,0,NA,NA,NA,NA,NA,1,"LC",306
"8411",0.912000000476837,2067.5380859375,0,0.223000004887581,0.727999985218048,301.204986572266,294.140991210938,0.00300000002607703,0.00499999988824129,"Nimbapanchax viridis",30818.7538180108,1,1,0,NA,NA,NA,NA,NA,1,"NT",361
"8413",0.0084500000346452,973.880004882812,30.5499999999997,0.131999999284744,1.97599995136261,303.330993652344,286.164239501953,0.0020000000949949,0.00600000005215406,"Clarias werneri",363794.655912118,1,1,0,23,NA,0,3.08999991416931,"Carni.",1,"LC",2979
"8416",0.114000000059605,4742.22119140625,9,0.194999992847443,1.15400004386902,300.881988525391,291.263000488281,0.00300000002607703,0.00499999988824129,"Mastacembelus seiteri",133670.963197998,1,0,0,NA,NA,NA,NA,NA,1,"LC",1561
"8418",0,17508.447265625,46,0.268999993801117,3.18895000815392,303.837897491455,286.229532623291,0.0020000000949949,0.0120000001043081,"Enteromius kerstenii",1633607.30675626,1,1,0,9," ",0,2.97,"Carni.",3,"LC",13102
"8420",0,45918.515625,42,0.233199995756149,2.72000002861023,301.543609619141,294.063403320312,0.0020000000949949,0.00499999988824129,"Papyrocranus congoensis",375369.268928167,1,1,0,NA,NA,NA,NA,NA,1,"LC",3849
"8422",0,17901.61328125,47,0.505624987185001,3.15100002288818,303.309867858887,291.095874786377,0.00400000018998981,0.00999999977648258,"Osteomugil perusii",132661.740816278,1,0,0,25,NA,1,NA,NA,1,"LC",1426
"8423",0,14038.1435546875,42,0.279249999672174,2.60874998569489,304.478256225586,284.827625274658,0.00300000002607703,0.0130000002682209,"Enteromius lineomaculatus",806815.893165571,1,0,0,8.60000038146973,"minor commercial",0,NA,NA,2,"LC",6666
"8424",7.33599996566772,15.7639999389648,0,0.165999993681908,0.165999993681908,295.644012451172,292.902008056641,0.0020000000949949,0.0020000000949949,"Haplochromis commutabilis",86.0512011034069,0,1,1,NA,NA,NA,NA,NA,1,"VU",1
"8427",0,7811.64501953125,45,0.244125002995133,2.96000003814697,300.619995117188,290.455993652344,0.00100000004749745,0.00499999988824129,"Enteromius chicapaensis",191526.46609008,1,1,0,NA,NA,NA,NA,NA,1,"LC",1766
"8428",0,717.158020019531,34,0.258199989795685,1.54860002994537,306.584991455078,297.142205810547,0.00600000005215406,0.00700000021606684,"Micropanchax bracheti",15528.4777732469,1,0,0,4," ",0,NA,NA,1,"EN",169
"8429",0.123099998384714,316.578002929688,2.29999999999998,0.0720999993383884,0.591999995708465,300.888204956055,286.265689086914,0.0020000000949949,0.00300000002607703,"Haplochromis squamipinnis",18500.9860647022,1,1,0,20.2000007629395,NA,0,3.2,"Carni.",1,"LC",189
"8433",0.815424981713295,11.0979995727539,0,0.265524998307228,0.323474988341332,298.399464416504,294.318090820313,0.00300000002607703,0.00300000002607703,"Haplochromis katonga",172.108368246124,1,1,0,6.86999988555908,NA,0,NA,NA,1,"DD",2
"8436",0,5332.326171875,39,0.592274996638298,3.23759995698929,308.317597961426,286.64895324707,0.00400000018998981,0.0120000001043081,"Gerres filamentosus",8020.54715067571,1,1,0,39,"minor commercial",1,3.46,"Carni.",1,"LC",62
"8443",0.417174992710352,703.588989257812,0,1.44200003147125,1.44200003147125,301.572998046875,292.190002441406,0.00300000002607703,0.00499999988824129,"Reganochromis calliurus",34890.675799273,0,1,1,15,"commercial",0,3.6,"Carni.",1,"LC",404
"8447",0.044675001129508,331.755004882812,31,0.28340000808239,1.18460004627705,303.648304748535,296.574909973144,0.00300000002607703,0.00499999988824129,"Enteromius walkeri",51420.1725506785,1,1,0,NA,NA,NA,NA,NA,1,"LC",468
"8450",8.72200012207031,703.588989257812,0,1.44200003147125,1.44200003147125,301.572998046875,292.190002441406,0.00300000002607703,0.00499999988824129,"Tangachromis dhanisi",33012.5919769452,0,1,1,8.5,"commercial",0,3,"Carni.",1,"LC",386
"8453",0,45825.2890625,42.9749999999995,0.248999997973442,2.69290007352829,301.463012695312,294.69817276001,0.0020000000949949,0.00400000018998981,"Polypterus retropinnis",476072.049728017,1,1,0,34,"of no interest",0,2.58,"Omni.",1,"LC",4922
"8454",0,13524.0048828125,43,0.181999996304512,2.80100011825562,310.003259277344,292.480242919922,0.00400000018998981,0.0140000004321337,"Synodontis membranaceus",1678193.61593405,1,1,0,46,"commercial",0,3.11,"Carni.",1,"LC",12183
"8458",0.689000010490417,2546.23803710938,0,1.44700002670288,1.44700002670288,303.017791748047,289.285607910156,0.00700000021606684,0.00899999961256981,"Nimbochromis polystigma",2767.9040295971,0,1,1,23,"of no interest",0,4.2,"Carni.",1,"LC",33
"8459",1.70349998772144,37307.2734375,0,0.230625003576279,0.785625003278255,301.810634613037,288.916873931885,0.0020000000949949,0.00700000021606684,"Brycinus bartoni",45251.0339362509,NA,NA,0,NA,NA,NA,NA,NA,1,NA,526
"8465",0.833000004291534,789.304016113281,0,1.97599995136261,1.97599995136261,298.594623565674,293.989990234375,0.0020000000949949,0.00300000002607703,"Haplochromis arcanus",70201.9485614657,0,1,1,14.1999998092651,NA,0,4.2,"Carni.",1,"DD",816
"8469",0.188500000536442,3169.208984375,2.7,0.471899992227554,0.953500002622604,301.302011108398,291.056695556641,0.00400000018998981,0.00499999988824129,"Enteromius brachygramma",8504.33688082917,1,1,0,NA,NA,NA,NA,NA,1,"DD",93
"8470",0.689000010490417,2546.23803710938,0,1.44700002670288,1.44700002670288,303.043180847168,289.298007965088,0.00700000021606684,0.00899999961256981,"Otopharynx argyrosoma",6876.2660956166,1,1,0,15.1999998092651,"commercial",0,3.45,"Carni.",1,"LC",82
"8479",0,5633.46484375,40,0.570999979972839,2.28500008583069,303.018005371094,287.308990478516,0.00400000018998981,0.00700000021606684,"Petersius conserialis",192131.874728065,1,0,0,14.5,NA,0,NA,NA,1,"LC",1601
"8484",0,14034.43359375,41,0.543299984931946,2.55669991970062,304.90930480957,281.1796875,0.00800000037997961,0.0160000007599592,"Labeo molybdinus",889335.921425644,1,0,0,NA,NA,NA,NA,NA,2,"LC",5845
"8485",0,2579.22900390625,37.2,0.512700009346008,1.89930000305176,301.525210571289,290.80119934082,0.00300000002607703,0.00499999988824129,"Labeobarbus gestetneri",7918.78563274845,1,1,0,NA,NA,NA,NA,NA,1,"DD",77
"8490",0,7572.171875,43,0.580049996078014,3.22887489199638,305.349558258057,287.754124450684,0.00800000037997961,0.0149999996647239,"Synodontis thamalakanensis",57469.1339861094,1,0,0,17.5,NA,0,NA,NA,2,"LC",164
"8492",0.00662500003818423,1735.05200195312,6.94999999999999,0.233049995452166,1.06682502925396,302.113613128662,288.372589111328,0.00300000002607703,0.0119750001002103,"Chromidotilapia linkei",17323.7171112522,NA,NA,0,NA,NA,NA,NA,NA,1,"EN",202
"8493",8.72200012207031,703.588989257812,0,1.44200003147125,1.44200003147125,301.572998046875,292.190002441406,0.00300000002607703,0.00499999988824129,"Telmatochromis brachygnathus",33012.5919769452,0,1,1,NA,NA,NA,NA,NA,1,"LC",386
"8495",0,726.742004394531,46.15,1.04464999437332,3.07809996604919,299.757846069336,290.246612548828,0.0020000000949949,0.00499999988824129,"Nannocharax lineostriatus",11118.4695083476,NA,NA,0,NA,NA,NA,NA,NA,1,NA,115
"8497",0,12016.1474609375,37,0.196750000864267,2.15615010261536,303.470695495605,291.106994628906,0.0020000000949949,0.00600000005215406,"Labeo luluae",34578.4524670955,1,1,0,NA,NA,NA,NA,NA,1,"DD",395
"8499",0,45825.2890625,40,0.231175003945828,2.45799994468689,301.690002441406,290.995457458496,0.0020000000949949,0.00600000005215406,"Petrocephalus simus",1433336.87285292,1,1,0,NA,NA,NA,NA,NA,1,"LC",14928
"8500",0,45918.515625,42,0.250999987125397,2.61029994487762,301.775296020508,293.734600830078,0.0020000000949949,0.00499999988824129,"Chrysichthys ornatus",625897.693309828,1,1,0,NA,NA,NA,NA,NA,1,"LC",6269
"8506",0,2175.03100585938,38,0.401199994236231,2.50879992842674,301.484893035889,293.649702453613,0.00400000018998981,0.00800000037997961,"Petrocephalus cunganus",7047.10245379478,1,1,0,NA,NA,NA,NA,NA,2,"DD",52
"8508",0.00879999995231629,45328.32421875,36.4,0.175999999046326,2.10199995040894,302.168200683594,293.4751953125,0.0020000000949949,0.00600000005215406,"Tylochromis microdon",17096.1077448442,0,1,1,15.1999998092651,NA,0,2.83,"Carni.",1,"EN",185
"8510",0,17508.447265625,39,0.550800013542175,2.23120002746582,304.133807373047,288.691796875,0.00600000005215406,0.00999999977648258,"Enteromius choloensis",66868.121749535,1,0,0,NA,NA,NA,NA,NA,1,"DD",785
"8513",0.0480000004172325,6371.3427734375,20,0.264449992775917,1.16445004045963,303.297866821289,291.978749847412,0.00300000002607703,0.00627500009723005,"Sicydium crenilabrum",67955.6947741632,1,0,0,NA,NA,NA,NA,NA,1,"LC",750
"8514",0,45825.2890625,42,0.232999995350838,2.57399988174438,300.819478607178,294.843515777588,0.00100000004749745,0.00400000018998981,"Synodontis contractus",328356.210099501,1,1,0,9.69999980926514,"of no interest",0,2,"Herbi.",1,"LC",3128
"8523",0.417174992710352,703.588989257812,0,1.44200003147125,1.44200003147125,301.572998046875,292.190002441406,0.00300000002607703,0.00499999988824129,"Variabilichromis moorii",34890.675799273,0,1,1,10.3000001907349,"commercial",0,NA,NA,1,NA,404
"8527",0,1988.62902832031,35.9,0.351375010609627,2.41447489261627,301.40266494751,291.319170379639,0.00300000002607703,0.00700000021606684,"Chrysichthys ansorgii",12155.571695097,1,1,0,NA,NA,NA,NA,NA,1,"LC",82
"8533",0.689000010490417,2546.23803710938,0,1.44700002670288,1.44700002670288,302.922439575195,289.402000427246,0.00700000021606684,0.00899999961256981,"Copadichromis borleyi",4610.1525646865,0,1,1,14,"commercial",0,3.4,"Carni.",1,"LC",55
"8535",27.0389995574951,103.972999572754,0,0.337999999523163,0.337999999523163,295.157012939453,289.976599121094,0.0020000000949949,0.00220000008121133,"Haplochromis crebridens",2837.93065776997,0,1,1,NA,NA,NA,NA,NA,3,"LC",33
"8537",0,877.27099609375,41,0.360549992322922,2.82852501869202,307.291216278076,290.079814910889,0.00300000002607703,0.00707500022836028,"Synodontis geledensis",51066.463141525,1,0,0,NA,NA,NA,NA,NA,2,"LC",198
"8539",0,17901.61328125,46,0.529699975252152,3.0592000246048,303.518005371094,290.810089111328,0.00400000018998981,0.00999999977648258,"Arius africanus",266752.290463722,1,0,0,45,"commercial",0,3.8,"Carni.",1,"DD",2677
"8542",0,7808.18603515625,40,0.420199996232986,2.00940008163452,302.339007568359,291.597589111328,0.0020000000949949,0.00499999988824129,"Lacustricola lualabaensis",23773.5624767194,1,0,0,NA,NA,NA,NA,NA,1,"LC",233
"8545",0,45825.2890625,42,0.237600001692772,2.67440009117126,300.792797851563,294.93759765625,0.0020000000949949,0.00400000018998981,"Alestopetersius hilgendorfi",343846.351868557,1,1,0,NA,NA,NA,NA,NA,1,"LC",3489
"8546",0.833000004291534,789.304016113281,0,1.97599995136261,1.97599995136261,298.594673919678,293.992588806152,0.0020000000949949,0.00300000002607703,"Haplochromis pyrrhocephalus",70029.8147067808,0,1,1,NA,NA,NA,NA,NA,1,"LC",814
"8550",0,7106.158203125,45,0.252350004762411,2.82095001935959,300.491259765625,291.329055023193,0.00100000004749745,0.00499999988824129,"Labeobarbus nanningsi",96320.2634595666,1,1,0,NA,NA,NA,NA,NA,1,"DD",808
"8552",0,2546.23803710938,16,1.44700002670288,1.45000004768372,303.377307128906,289.287808227539,0.00700000021606684,0.00999999977648258,"Otopharynx tetrastigma",3100.1167566456,1,1,0,16,"commercial",0,3.39,"Carni.",1,"LC",37
"8554",0.25,2610.23388671875,2,0.232999995350838,0.90030001103878,303.343994140625,294.346458435059,0.00300000002607703,0.00499999988824129,"Epiplatys olbrechtsi",161206.12859917,1,1,0,NA,NA,NA,NA,NA,1,"LC",1855
"8555",0,45825.2890625,42,0.248999997973442,2.61014989614487,301.626106262207,293.497386169434,0.0020000000949949,0.00499999988824129,"Phago intermedius",458651.759501281,1,1,0,NA,NA,NA,NA,NA,1,"LC",4519
"8558",0.3192999958992,703.588989257812,0,0.179000005125999,1.44200003147125,301.522090148926,287.226708984375,0.0020000000949949,0.00499999988824129,"Labeobarbus leleupanus",42810.3486646984,1,1,0,NA,NA,NA,NA,NA,1,"VU",495
"8559",0,13524.0048828125,34,0.137999996542931,2.0711000919342,308.278063964844,293.540008544922,0.00300000002607703,0.0109999999403954,"Petrocephalus ansorgii",245125.032405204,1,1,0,NA,NA,NA,NA,NA,1,"LC",2479
"8562",0,37367.671875,43,0.187100001424551,2.80060006380081,300.82765045166,295.79984588623,0.0020000000949949,0.00300000002607703,"Alestopetersius leopoldianus",181069.581682094,1,1,0,NA,NA,NA,NA,NA,1,"LC",1855
"8564",0,45825.2890625,40,0.232999995350838,2.50050002336502,301.591003417969,294.339492797852,0.0020000000949949,0.00499999988824129,"Mormyrops sirenoides",355012.490029748,1,1,0,NA,NA,NA,NA,NA,1,"LC",3751
"8566",0,9131.9716796875,48,0.435999989509583,3.43899989128113,303.397003173828,287.244995117188,0.00499999988824129,0.0130000002682209,"Mormyrus lacerda",1176546.43231618,1,1,0,50,"commercial",0,3.69,"Carni.",2,"LC",7641
"8571",0,543.231994628906,21.65,0.409000009298325,1.52992497682571,308.100006103516,286.007701873779,0.00499999988824129,0.00977499973960221,"Garra dembecha",21878.8435643578,1,1,0,NA,NA,NA,NA,NA,1,"LC",250
"8583",0.835250020027161,1895.25805664062,0,0.302749998867512,0.867250010371208,301.28450012207,294.64274597168,0.00300000002607703,0.00499999988824129,"Chrysichthys teugelsi",31729.6211114049,1,0,0,NA,NA,NA,NA,NA,1,"LC",371
"8585",0.833000004291534,789.304016113281,0,1.97599995136261,1.97599995136261,298.594673919678,293.992588806152,0.0020000000949949,0.00300000002607703,"Haplochromis melichrous",70029.8147067808,0,1,1,10.6999998092651,NA,0,3.4,"Carni.",1,"DD",814
"8592",0,7714.2119140625,22,0.194999992847443,1.40587501227856,307.426876068115,289.352367401123,0.00300000002607703,0.00999999977648258,"Amphilius platychir",420999.24096347,1,0,0,NA,NA,NA,NA,NA,1,"LC",4846
"8593",0.833000004291534,789.304016113281,0,1.97599995136261,1.97599995136261,298.730402374268,293.855461120605,0.0020000000949949,0.00300000002607703,"Haplochromis degeni",75275.99539497,0,1,1,15.3999996185303,NA,0,3.24000000953674,"Carni.",1,"LC",862
"8599",0,441.505004882812,34,0.705999970436096,1.95000004768372,299.968994140625,283.773010253906,0.00600000005215406,0.00899999961256981,"Nothobranchius usanguensis",3997.96811973291,1,1,0,NA,NA,NA,NA,NA,3,"VU",41
"8603",0.833000004291534,789.304016113281,0,1.97599995136261,1.97599995136261,298.594623565674,293.989990234375,0.0020000000949949,0.00300000002607703,"Haplochromis cryptodon",70201.9485614657,0,1,1,13,NA,0,4,"Carni.",1,"DD",816
"8609",0.0397749991156161,1328.81005859375,3.05000000000001,0.234949999302626,1.04432502985001,302.270289611816,287.954461669922,0.00300000002607703,0.00904999962076546,"Sarotherodon lohbergeri",20584.0915433641,1,1,0,16.2000007629395,NA,0,2.23,"Omni.",1,"CR",240
"8610",0,422.101013183594,39,0.74924997985363,2.39275008440018,301.413497924805,279.031494140625,0.00800000037997961,0.0160000007599592,"Labeobarbus natalensis",94752.3160662423,1,0,0,63.7999992370605,NA,0,2.96,"Carni.",3,"LC",931
"8612",0,4215.328125,42,0.440475005656481,2.63472502231598,300.879113006592,287.927130889893,0.00400000018998981,0.00899999961256981,"Rhabdalestes rhodesiensis",140140.411575678,1,1,0,NA,NA,NA,NA,NA,3,"LC",1580
"8615",0,13524.0048828125,39,0.153999999165535,2.34634993076325,308.661402893066,293.004754638672,0.00300000002607703,0.0120000001043081,"Enteromius macrops",1861040.17497827,1,1,0,16.8999996185303,"of no interest",0,3.04,"Carni.",1,"LC",15587
"8616",0,566.075012207031,38.95,0.678049975633621,1.93169996738434,301.820411682129,280.903614807129,0.00899999961256981,0.0120000001043081,"Chiloglanis bifurcus",21634.8022808089,1,0,0,6.80000019073486,"of no interest",0,3.25,"Carni.",3,"CR",203
"8619",0,17901.61328125,46,0.485000014305115,3.08552500009537,304.424011230469,280.635009765625,0.00499999988824129,0.017000000923872,"Pseudocrenilabrus philander",4144650.51897436,1,1,0,13,"minor commercial",0,3.74,"Carni.",2,"LC",27940
"8621",0.833000004291534,789.304016113281,0,1.97599995136261,1.97599995136261,298.594673919678,293.992588806152,0.0020000000949949,0.00300000002607703,"Haplochromis pallidus",70029.8147067808,0,1,1,7.40000009536743,NA,0,2.57,"Omni.",1,"DD",814
"8623",0.000750000006519258,64.9520034790039,20.25,0.619249999523163,1.60199999809265,301.862503051758,294.992012023926,0.00400000018998981,0.00575000001117587,"Nothobranchius guentheri",940.998496237259,1,1,0,3.5,"of no interest",0,NA,NA,1,"EN",11
"8628",0.0959999978542328,912.090026855469,15.4,0.220600000023842,0.767799997329712,299.960400390625,294.794409179687,0.0020000000949949,0.00300000002607703,"Synodontis iturii",1548.36935982559,1,1,0,NA,NA,NA,NA,NA,1,"DD",9
"8630",0.47784998267889,37307.2734375,0,0.240299995243549,0.868349987268448,301.599703979492,289.182006835938,0.0020000000949949,0.00700000021606684,"Chromidotilapia mrac",50506.7896629138,NA,NA,0,NA,NA,NA,NA,NA,1,"LC",587
"8631",0.689000010490417,2546.23803710938,0,1.44700002670288,1.44700002670288,301.813513183594,289.422857666016,0.00800000037997961,0.0089499996509403,"Tropheops lucerna",253.549496086174,0,1,1,13.5,"commercial",0,2,"Herbi.",1,NA,3
"8633",8.72200012207031,703.588989257812,0,1.44200003147125,1.44200003147125,301.572998046875,292.190002441406,0.00300000002607703,0.00499999988824129,"Greenwoodochromis christyi",33354.7184506497,0,1,1,NA,NA,NA,NA,NA,1,"LC",390
"8634",0,2390.44091796875,36.8,0.946849992871284,3.22329994440079,303.345791625977,290.862637329102,0.00600000005215406,0.00700000021606684,"Nothobranchius kilomberoensis",3744.98603884148,1,1,0,NA,NA,NA,NA,NA,1,"VU",43
"8645",0.417174992710352,703.588989257812,0,1.44200003147125,1.44200003147125,301.572998046875,292.190002441406,0.00300000002607703,0.00499999988824129,"Plecodus multidentatus",34890.675799273,0,1,1,12,NA,0,4.4,"Carni.",1,"LC",404
"8647",0,415.886993408203,39,0.26800000667572,2.03399991989136,299.787994384766,287.191986083984,0.00300000002607703,0.00899999961256981,"Schilbe zairensis",24772.2537837868,1,1,0,NA,NA,NA,NA,NA,1,"DD",281
"8648",1.30859997272491,381.43701171875,0,0.300000011920929,0.606399977207184,301.815991210938,293.542413330078,0.00300000002607703,0.00580000020563603,"Coptodon bakossiorum",1456.6482365492,0,1,1,NA,NA,NA,NA,NA,1,"CR",17
"8650",0,45825.2890625,42,0.201450005918741,2.63265005350113,300.820561218262,295.058906555176,0.0020000000949949,0.00300000002607703,"Acanthocleithron chapini",139756.576744249,1,1,0,NA,NA,NA,NA,NA,1,"LC",1459
"8656",0,17901.61328125,43,0.561274985969067,2.80834993124008,303.162448883057,281.115697479248,0.00499999988824129,0.0149999996647239,"Osteomugil robustus",319405.489295486,0,1,1,30,"commercial",1,2,"Herbi.",1,NA,3132
"8657",0.0947500003501773,4742.22119140625,12,0.200000002980232,1.30120002925396,301.040985107422,291.289793395996,0.00300000002607703,0.00499999988824129,"Labeobarbus brevispinis",98036.808555231,NA,NA,0,NA,NA,NA,NA,NA,1,"LC",1144
"8659",0,45825.2890625,30,0.100900003314018,1.66249995231628,300.593612670898,293.986999511719,0.0020000000949949,0.00499999988824129,"Teleogramma brichardi",27200.7754504355,1,1,0,NA,NA,NA,NA,NA,1,"CR",317
"8662",0,13524.0048828125,34,0.254849997162819,2.05275002717972,305.655149841309,290.442449951172,0.00300000002607703,0.00999999977648258,"Gobioides sagitta",331471.246987334,1,1,0,NA,NA,NA,NA,NA,1,"LC",3435
"8663",1.30859997272491,381.43701171875,0,0.300000011920929,0.606399977207184,301.815991210938,293.542413330078,0.00300000002607703,0.00580000020563603,"Coptodon snyderae",1456.6482365492,0,1,1,NA,NA,NA,NA,NA,1,"CR",17
"8666",0.689000010490417,2546.23803710938,0,1.44700002670288,1.44700002670288,302.644989013672,292.542999267578,0.00800000037997961,0.00800000037997961,"Maylandia benetos",83.4531194061356,NA,NA,0,NA,NA,NA,NA,NA,1,NA,1
"8667",7.33599996566772,15.7639999389648,0,0.165999993681908,0.165999993681908,295.644012451172,292.902008056641,0.0020000000949949,0.0020000000949949,"Haplochromis ampullarostratus",86.0512011034069,0,1,1,NA,NA,NA,NA,NA,1,"VU",1
"8670",0.689000010490417,2546.23803710938,0,1.44700002670288,1.44700002670288,302.035623931885,289.488154602051,0.00800000037997961,0.00800000037997961,"Cynotilapia afra",672.778704442478,0,1,1,10.1000003814697," ",0,3.4,"Carni.",1,"LC",8
"8671",69.2440032958984,316.578002929688,0,0.165000006556511,0.268999993801117,302.050393676758,295.083407592773,0.0020000000949949,0.00300000002607703,"Haplochromis angustifrons",2495.60453550203,1,1,0,9,NA,0,3.2,"Carni.",1,"LC",29
"8678",0,45859.06640625,36.275,0.177725002542138,2.10509997606277,300.683383178711,292.911864471436,0.0020000000949949,0.00600000005215406,"Garra congoensis",44611.1403535403,1,0,0,NA,NA,NA,NA,NA,1,"LC",470
"8680",0,45328.32421875,43,0.200625004246831,2.93437498807907,309.385753631592,291.702995300293,0.00400000018998981,0.0140000004321337,"Auchenoglanis biscutatus",2273526.4667836,1,1,0,54,"commercial",0,3.08,"Carni.",2,"LC",15946
"8681",0.417174992710352,703.588989257812,0,1.44200003147125,1.44200003147125,301.572998046875,292.190002441406,0.00300000002607703,0.00499999988824129,"Paracyprichromis brieni",34890.675799273,0,1,1,11,"commercial",0,3.4,"Carni.",1,"LC",404
"8684",0.00105000000912696,11104.275390625,35.65,0.18134999871254,1.56369999051094,309.040240478516,289.581399536133,0.00300000002607703,0.0209999997168779,"Salmo dentex",16104.5247275604,1,1,0,NA,NA,NA,NA,NA,1,"DD",135
"8685",0,11608.4775390625,36,0.117700000107288,1.98349999189377,301.401303100586,290.620706176758,0.0020000000949949,0.00499999988824129,"Chiloglanis pojeri",204347.853445555,1,1,0,NA,NA,NA,NA,NA,1,"LC",2029
"8690",0.0936500001698732,543.231994628906,4,0.393700003623962,1.3289999961853,304.520002746582,285.680155944824,0.00499999988824129,0.0106999998912215,"Labeobarbus tsanensis",17511.475810345,1,1,0,39.4000015258789,NA,0,3.15000009536743,"Carni.",1,"LC",207
"8692",0,13524.0048828125,34,0.13330000191927,2.03480005264282,305.617407226562,291.642501831055,0.00300000002607703,0.00800000037997961,"Odaxothrissa mento",199564.203634553,1,1,0,14,"subsistence fisheries",0,4.29,"Carni.",1,"LC",2093
"8694",0,17901.61328125,42,0.254000008106232,2.59954993724823,304.954986572266,281.043452453613,0.0020000000949949,0.0140000004321337,"Anguilla mossambica",3431417.70100801,1,1,0,150,"commercial",1,3.3,"Carni.",1,"NT",29059
"8702",8.72200012207031,703.588989257812,0,1.44200003147125,1.44200003147125,301.572998046875,292.190002441406,0.00300000002607703,0.00499999988824129,"Lates stappersii",33012.5919769452,0,1,1,45,"highly commercial",0,4.09,"Carni.",1,"LC",386
"8703",0,3274.53393554688,22,0.28079999089241,1.63839998245239,303.662005615234,291.546997070312,0.00300000002607703,0.00899999961256981,"Sarotherodon caudomarginatus",213609.923100829,1,0,0,NA,NA,NA,NA,NA,1,"LC",2513
"8712",0,374.5419921875,36,0.400374995917082,2.04424993395805,304.821513366699,276.275578308105,0.0160000007599592,0.025000000372529,"Alosa algeriensis",87603.022759779,1,1,0,43.5,"commercial",1,NA,NA,3,"EN",932
"8716",0.689000010490417,2546.23803710938,0,1.44700002670288,1.44700002670288,302.670989990234,289.370002746582,0.00800000037997961,0.00899999961256981,"Aulonocara jacobfreibergi",4271.16405338392,0,1,1,NA,NA,NA,NA,NA,1,"LC",51
"8717",0.484600023925304,890.078002929688,0,0.358475008606911,1.00702498704195,302.523026275635,292.256964874268,0.00300000002607703,0.0060999998124316,"Clarias maclareni",6003.81507451964,0,1,1,36,NA,0,4.2,"Carni.",1,"CR",70
"8720",0.649999988079071,30968.673828125,0,0.323799994587898,1.19700000286102,301.302496337891,291.426507568359,0.0020000000949949,0.00600000005215406,"Aphyosemion callipteron",47235.2158044028,NA,NA,0,NA,NA,NA,NA,NA,1,"LC",549
"8726",0,45918.515625,42,0.181999996304512,2.63100004196167,301.653015136719,288.763000488281,0.0020000000949949,0.00899999961256981,"Mastacembelus congicus",1432789.55429533,1,1,0,NA,NA,NA,NA,NA,1,"LC",14521
"8731",0,13524.0048828125,42,0.231000006198883,2.71524995565414,309.658500671387,292.531494140625,0.00400000018998981,0.0140000004321337,"Paradistichodus dimidiatus",701180.71148693,1,1,0,NA,NA,NA,NA,NA,2,"LC",5331
"8736",0.0750000000000001,63.5779991149902,13.3,1.12610004544258,1.22109995484352,299.508088684082,283.12209777832,0.0149999996647239,0.0159500007051975,"Micropterus dolomieu",387.865927449787,1,1,0,69,"commercial",0,4.09,"Carni.",3,"LC",3
"8739",0.833000004291534,797.286010742188,0,1.14600002765656,1.97599995136261,300.069000244141,293.911010742188,0.0020000000949949,0.00400000018998981,"Haplochromis sauvagei",74761.211721527,0,1,1,10.5,NA,0,2.71,"Omni.",1,"VU",851
"8742",0.689000010490417,2546.23803710938,0,1.44700002670288,1.44700002670288,302.683120727539,292.538009643555,0.00800000037997961,0.00800000037997961,"Lethrinops macrophthalmus",502.608113158455,0,1,1,12,"commercial",0,2.75,"Omni.",1,"LC",6
"8744",0.417174992710352,703.588989257812,0,1.44200003147125,1.44200003147125,301.572998046875,292.190002441406,0.00300000002607703,0.00499999988824129,"Plecodus elaviae",34890.675799273,0,1,1,32,NA,0,4.4,"Carni.",1,"LC",404
"8749",0,17901.61328125,43,0.568000018596649,2.72784993648529,305.004929351807,282.180667877197,0.00700000021606684,0.0149999996647239,"Labeobarbus marequensis",1060495.9770587,1,1,0,47,NA,0,3.17,"Carni.",2,"LC",7684
"8752",0,45920.859375,33,0.252000004053116,1.98000001907349,304.944000244141,292.192208862305,0.00300000002607703,0.00899999961256981,"Yongeichthys thomasi",657892.058733777,1,1,0,NA,NA,NA,NA,NA,1,"LC",6854
"8756",0,45859.06640625,42,0.232999995350838,2.60762500166893,301.791899871826,293.270120239258,0.0020000000949949,0.00600000005215406,"Chrysichthys longipinnis",284813.244977072,1,1,0,70,"commercial",0,3.061,"Carni.",1,"LC",2892
"8762",0,338.898986816406,31.975,0.252075003832579,2.03074994087219,299.653498840332,287.463173675537,0.00300000002607703,0.00700000021606684,"Thoracochromis lucullae",23678.2747411668,NA,NA,0,NA,NA,NA,NA,NA,2,NA,202
"8763",0,2758.09301757812,45,0.195999994874001,2.74825009703636,300.477619171143,290.073490142822,0.00100000004749745,0.00499999988824129,"Synodontis cuangoanus",76288.4234379031,1,1,0,NA,NA,NA,NA,NA,1,"VU",736
"8765",0.14174999576062,11382.8876953125,1.375,0.266999989748001,1.26537500321865,302.689750671387,292.440116882324,0.0020000000949949,0.00700000021606684,"Enteromius liberiensis",80785.5398431862,1,1,0,10,NA,0,2.45,"Omni.",1,"EN",946
"8766",0.689000010490417,2546.23803710938,0,1.44700002670288,1.44700002670288,302.670989990234,292.094850158691,0.00800000037997961,0.00800000037997961,"Lethrinops microdon",3175.96853015725,0,1,1,13.1000003814697,NA,0,2,"Herbi.",1,"DD",38
"8769",0.212974998727441,703.588989257812,2.475,0.31445001065731,1.44200003147125,300.573567962647,291.176470184326,0.00300000002607703,0.00447500004665926,"Orthochromis luichensis",2744.13438791017,1,0,0,9.07999992370605,NA,0,2,"Herbi.",1,"VU",22
"8771",0.689000010490417,2546.23803710938,0,1.44700002670288,1.44700002670288,302.71014251709,289.826800537109,0.00800000037997961,0.00899999961256981,"Melanochromis melanopterus",1925.34410864112,0,1,1,NA,NA,NA,NA,NA,1,"LC",23
"8772",0.833000004291534,789.304016113281,0,1.97599995136261,1.97599995136261,298.594673919678,293.992588806152,0.0020000000949949,0.00300000002607703,"Haplochromis mandibularis",70029.8147067808,0,1,1,17.3999996185303,NA,0,4.2,"Carni.",1,"DD",814
"8774",0.263699997961521,919.344970703125,0,0.179000005125999,1.44200003147125,301.161010742188,287.428709411621,0.0020000000949949,0.00499999988824129,"Tylochromis polylepis",55765.6911455812,1,1,0,43.5," ",0,2.97,"Carni.",1,"LC",618
"8776",0,45825.2890625,19.5,0.0880000032484531,1.23600000143051,300.745010375977,294.413497924805,0.0020000000949949,0.00499999988824129,"Clariallabes teugelsi",12104.3292663728,1,1,0,NA,NA,NA,NA,NA,1,"VU",141
"8778",1.66550005078316,3181.68994140625,0,0.238649997115135,0.598149991035461,301.906692504883,294.173594665527,0.0020000000949949,0.00499999988824129,"Chromidotilapia nana",17103.6122905664,NA,NA,0,NA,NA,NA,NA,NA,1,"DD",199
"8779",0,13524.0048828125,27,0.233999997377396,2.05135004520416,303.671997070312,289.522843933105,0.00300000002607703,0.0109999999403954,"Pelvicachromis taeniatus",103587.403330799,1,0,0,NA,NA,NA,NA,NA,1,"LC",1203
"8780",0.417174992710352,703.588989257812,0,1.44200003147125,1.44200003147125,301.572998046875,292.190002441406,0.00300000002607703,0.00499999988824129,"Neolamprologus prochilus",34890.675799273,0,1,1,NA,NA,NA,NA,NA,1,"LC",404
"8785",0,13524.0048828125,30,0.200000002980232,1.89895004630089,307.075988769531,292.030266571045,0.00300000002607703,0.00899999961256981,"Marcusenius mento",484516.983014783,1,0,0,36.0999984741211,NA,0,2.46,"Omni.",1,"LC",5202
"8791",0,45918.515625,42,0.222000002861023,2.605350035429,301.734008789062,293.500654602051,0.0020000000949949,0.00600000005215406,"Eugnathichthys macroterolepis",846106.498592946,1,1,0,14.5,NA,0,4.2,"Carni.",1,"LC",8434
"8795",0.599400019645691,890.078002929688,0,0.342199999094009,0.992999970912933,302.022601318359,293.459606933594,0.00300000002607703,0.00819999966770409,"Stomatepia mongo",4202.50772882648,0,1,1,NA,NA,NA,NA,NA,1,"CR",49
"8797",0.689000010490417,2546.23803710938,0,1.44700002670288,1.44700002670288,303.043180847168,289.298007965088,0.00700000021606684,0.00899999961256981,"Protomelas marginatus",6876.2660956166,0,1,1,16.6000003814697,"commercial",0,2,"Herbi.",1,"LC",82
"8798",0.48199999332428,1645.57104492188,0,0.096000000834465,0.293999999761581,299.906005859375,287.385009765625,0.00100000004749745,0.0020000000949949,"Parakneria kissi",20731.6170950713,1,1,0,NA,NA,NA,NA,NA,1,"DD",241
"8799",0.259500007331371,101.339996337891,8.35,0.232599999755621,0.453649994730949,301.054095458984,294.417796325684,0.00300000002607703,0.00499999988824129,"Phractura gladysae",2319.88878745258,NA,NA,0,NA,NA,NA,NA,NA,1,"DD",27
"8800",0,7743.26708984375,47,0.631149984896183,4.28240005970001,311.004149627686,292.704653930664,0.00700000021606684,0.0109999999403954,"Clarias engelseni",22958.6809010881,1,0,0,NA,NA,NA,NA,NA,2,"DD",204
"8802",0.689000010490417,2546.23803710938,0,1.44700002670288,1.44700002670288,302.670989990234,290.846870422363,0.00800000037997961,0.00899999961256981,"Otopharynx brooksi",1669.01296424583,0,1,1,15,"commercial",0,4.2,"Carni.",1,"LC",20
"8803",0,1330.56298828125,42,0.466900008171797,2.80632497668266,302.733539581299,286.374720001221,0.00400000018998981,0.00999999977648258,"Ambassis ambassis",9394.12460363548,1,1,0,15,NA,1,3.65,"Carni.",1,"LC",114
"8804",1.08462498188019,11712.7255859375,0,0.776425014436245,1.27969999611378,300.435549926758,290.314505004883,0.00300000002607703,0.00800000037997961,"Microsynodontis armatus",8088.98952207439,1,0,0,2.74000000953674,NA,0,NA,NA,1,"DD",94
"8805",0,527.762023925781,42,0.386899994313717,2.09934997558594,301.498045349121,287.561138916016,0.00400000018998981,0.00700000021606684,"Kneria rukwaensis",36481.935104467,1,0,0,6.19000005722046,NA,0,NA,NA,1,"LC",359
"8811",0,45825.2890625,40,0.167599999904633,2.24939999580383,300.903009033203,294.595190429687,0.00100000004749745,0.00400000018998981,"Alestopetersius tumbensis",122996.991572374,1,1,0,NA,NA,NA,NA,NA,1,"LC",1273
"8812",0,653.552001953125,41.05,0.259424990788102,3.10535008907318,303.130072784424,286.101654052734,0.00499999988824129,0.00999999977648258,"Enteromius breviceps",28372.1038872477,1,1,0,NA,NA,NA,NA,NA,2,"LC",160
"8813",0,2546.23803710938,16,1.44700002670288,1.45000004768372,303.046699523926,289.295707702637,0.00700000021606684,0.00999999977648258,"Copadichromis virginalis",7292.64023344102,0,1,1,13.1999998092651,"commercial",0,3,"Carni.",1,"NT",87
"8814",0.00300000002607703,45328.32421875,31,0.341324996203184,1.82042498886585,309.101370239258,291.9903175354,0.00300000002607703,0.0140000004321337,"Clarias albopunctatus",151199.42333506,1,1,0,NA,NA,NA,NA,NA,1,"LC",1534
"8820",0.00650000013411045,3062.65795898438,16.5,0.330499991774559,1.09200000762939,302.369003295898,286.889495849609,0.00300000002607703,0.00700000021606684,"Enteromius arambourgi",34799.2042568961,NA,NA,0,NA,NA,NA,NA,NA,1,NA,381
"8827",8.72200012207031,703.588989257812,0,1.44200003147125,1.44200003147125,301.572998046875,292.190002441406,0.00300000002607703,0.00499999988824129,"Bathybates vittatus",33354.7184506497,0,1,1,42,"commercial",0,4.2,"Carni.",1,"LC",390
"8828",0.00800000037997961,14403.857421875,36,0.328899997472763,1.891100025177,302.021389770508,293.492288208008,0.00300000002607703,0.00499999988824129,"Synodontis ornatissimus",141230.04638626,1,1,0,NA,NA,NA,NA,NA,1,"LC",1517
"8834",0.689000010490417,2546.23803710938,0,1.44700002670288,1.44700002670288,303.043180847168,289.298007965088,0.00700000021606684,0.00899999961256981,"Stigmatochromis pholidophorus",6876.2660956166,0,1,1,10.8000001907349,"of no interest",0,3.5,"Carni.",1,"LC",82
"8838",0,45825.2890625,39,0.160999998450279,2.31920006275177,300.791735839844,294.697998046875,0.0020000000949949,0.00400000018998981,"Marcusenius friteli",140099.14279323,1,1,0,NA,NA,NA,NA,NA,1,"LC",1355
"8842",0.833000004291534,789.304016113281,0,1.97599995136261,1.97599995136261,298.730402374268,293.855461120605,0.0020000000949949,0.00300000002607703,"Haplochromis retrodens",75275.99539497,0,1,1,14.3999996185303,NA,0,3.34,"Carni.",1,"VU",862
"8843",0.243850005790591,2538.36596679688,1,0.28947499319911,1.0560750067234,302.985129547119,293.422091674805,0.00300000002607703,0.00817500024568291,"Prolabeo batesi",30094.3821517638,1,0,0,NA,NA,NA,NA,NA,1,"DD",354
"8847",0,12011.134765625,44,0.195799994468689,3.30680003166199,309.643402099609,287.025006103516,0.00400000018998981,0.0189999993890524,"Synodontis clarias",1261089.66007064,1,0,0,36,NA,0,2.96,"Carni.",2,"LC",6233
"8848",37.8289985656738,3169.208984375,0,0.887000024318695,0.887000024318695,300.756011962891,294.500478363037,0.00400000018998981,0.00400000018998981,"Thoracochromis moeruensis",5099.84750716768,NA,NA,0,NA,NA,NA,NA,NA,1,NA,60
"8849",0,45633.43359375,38,0.432399994134903,2.05060005187988,301.684997558594,290.821197509766,0.0020000000949949,0.00600000005215406,"Enteromius luluae",89939.1171872257,1,1,0,NA,NA,NA,NA,NA,1,"LC",825
"8857",0.000450000003911555,45920.859375,7.85,0.310349999368191,1.16084998250008,302.410800170898,295.418756103516,0.00300000002607703,0.00655000021215528,"Microdesmus aethiopicus",600.201202739842,1,0,0,NA,NA,NA,NA,NA,1,"LC",7
"8858",0.689000010490417,2546.23803710938,0,1.44700002670288,1.44700002670288,302.660629272461,291.639247894287,0.00800000037997961,0.00899999961256981,"Aulonocara nyassae",1335.53520547754,0,1,1,8,"of no interest",0,3.5,"Carni.",1,"NT",16
"8862",0.689000010490417,2546.23803710938,0,1.44700002670288,1.44700002670288,302.670989990234,291.479594421387,0.00800000037997961,0.00899999961256981,"Stigmatochromis melanchros",3591.59762948301,0,1,1,NA,NA,NA,NA,NA,1,"LC",43
"8865",0,45825.2890625,40,0.232999995350838,2.51465002298355,301.847653198242,294.000607299805,0.0020000000949949,0.00499999988824129,"Stomatorhinus polylepis",324983.535863129,1,1,0,NA,NA,NA,NA,NA,1,"LC",3339
"8867",0.768400013446808,242.128997802734,13.3,0.687550002336502,1.44755001366138,299.403085327148,295.686408996582,0.00300000002607703,0.00300000002607703,"Scardinius hesperidicus",258.146720563579,1,1,0,NA,NA,NA,NA,NA,1,"LC",3
"8869",0,490.212005615234,39,0.230524995550513,2.20080007910728,297.519671630859,287.39599609375,0.00300000002607703,0.00700000021606684,"Parakneria marmorata",9067.78324835414,1,0,0,NA,NA,NA,NA,NA,2,"DD",94
"8871",0,758.56201171875,42.3499999999999,0.78844997882843,2.59554997682571,303.32325592041,281.283251953125,0.00899999961256981,0.0160000007599592,"Chiloglanis pretoriae",263906.532976443,1,0,0,6.5,"of potential interest",0,3.2,"Carni.",2,"LC",1307
"8872",2.32119990587235,3435.68994140625,0,0.271699999272823,0.578100007772446,301.946699523926,293.931851196289,0.0020000000949949,0.00499999988824129,"Epiplatys huberi",18833.3547078156,1,0,0,NA,NA,NA,NA,NA,1,"LC",219
"8874",0.599400019645691,890.078002929688,0,0.342199999094009,0.992999970912933,302.022601318359,293.459606933594,0.00300000002607703,0.00819999966770409,"Stomatepia pindu",4202.50772882648,0,1,1,NA,NA,NA,NA,NA,1,"CR",49
"8876",0,45918.515625,43,0.189999997615814,2.8199999332428,308.033996582031,285.67399597168,0.0020000000949949,0.0130000002682209,"Schilbe intermedius",3352900.60258946,1,1,0,50,"commercial",0,3.6,"Carni.",1,"LC",27141
"8881",1.06752500534058,1158.28894042969,0,0.223075005039573,0.613974995911121,302.398783111572,290.49642868042,0.00300000002607703,0.00400000018998981,"Fundulopanchax moensis",7193.91699219597,NA,NA,0,NA,NA,NA,NA,NA,1,"DD",84
"8887",0,13524.0048828125,27,0.148000001907349,1.7242999792099,304.578103637695,293.155659484863,0.00300000002607703,0.00800000037997961,"Pelmatolapia mariae",436816.66040668,1,1,0,NA,NA,NA,NA,NA,1,"LC",4779
"8888",0,45825.2890625,40,0.237000003457069,2.42190001010895,301.782012939453,293.563410949707,0.0020000000949949,0.00499999988824129,"Belonoglanis tenuis",728740.533973273,1,1,0,NA,NA,NA,NA,NA,1,"LC",7215
"8889",0,2962.44702148438,27,0.32090000808239,1.80960001945496,305.37350769043,293.756796264648,0.00300000002607703,0.00700000021606684,"Doumea chappuisi",105560.37285108,1,0,0,NA,NA,NA,NA,NA,1,"LC",1237
"8890",0,6371.3427734375,30,0.239000000059605,1.59149998426437,303.582504272461,295.470993041992,0.00300000002607703,0.00600000005215406,"Pollimyrus guttatus",25750.7116181049,NA,NA,0,NA,NA,NA,NA,NA,1,"DD",301
"8891",0,3274.53393554688,18,0.272000014781952,1.44839999675751,303.290594482422,290.862188720703,0.00300000002607703,0.00999999977648258,"Wallaceochromis humilis",171038.717704078,NA,NA,0,NA,NA,NA,NA,NA,1,NA,2009
"8897",8.72200012207031,703.588989257812,0,1.44200003147125,1.44200003147125,301.572998046875,292.190002441406,0.00300000002607703,0.00499999988824129,"Cyprichromis microlepidotus",33354.7184506497,0,1,1,11," ",0,3.5,"Carni.",1,"DD",390
"8898",0.0130000002682209,789.304016113281,36,0.271249998360872,2.07424992322922,299.54175567627,284.569629669189,0.00300000002607703,0.00600000005215406,"Chiloglanis somereni",47871.6714861076,1,1,0,NA,NA,NA,NA,NA,1,"LC",486
"8900",0,2488.02392578125,33,0.533700013160706,1.50750002861023,301.526095581055,289.711596679688,0.00300000002607703,0.00499999988824129,"Chiloglanis lufirae",7223.3756629481,1,0,0,NA,NA,NA,NA,NA,1,"DD",77
"8903",0,7747.39599609375,38,0.141000002622604,2.30305004119873,307.886888122559,286.784501647949,0.0020000000949949,0.00999999977648258,"Ctenopoma muriei",606871.558496667,1,1,0,6,NA,0,3.02,"Carni.",1,"LC",4835
"8906",0,45825.2890625,34.125,0.0675750002264977,1.80972503721714,300.807943725586,294.493338012695,0.0020000000949949,0.00499999988824129,"Psammphiletria delicata",7551.67107053,1,1,0,NA,NA,NA,NA,NA,1,"DD",88
"8909",0.892450007796288,971.463989257812,0,0.225100003927946,0.765950012207031,301.407647705078,294.482707214355,0.00300000002607703,0.00499999988824129,"Chromidotilapia cavalliensis",11535.1593338878,1,0,0,NA,NA,NA,NA,NA,1,"EN",135
"8913",0.268500006198883,869.711975097656,0.699999999999989,0.201700001955032,0.799300009012222,300.296298217773,289.690893554687,0.00300000002607703,0.00600000005215406,"Enteromius bourdariei",11393.7811737461,1,1,0,NA,NA,NA,NA,NA,1,"EN",133
"8914",0,4215.328125,36.15,0.437550007551909,1.71872499585152,302.092042541504,290.021173095703,0.00400000018998981,0.00700000021606684,"Coptostomabarbus bellcrossi",23652.3627847997,1,1,0,NA,NA,NA,NA,NA,1,"DD",258
"8922",0,45825.2890625,41,0.135700000450015,2.56682496666908,300.879379272461,294.572134399414,0.0020000000949949,0.00400000018998981,"Schilbe tumbanus",89159.7844692941,1,1,0,NA,NA,NA,NA,NA,1,"LC",938
"8929",0,12016.1474609375,43.125,0.306875009089708,2.81725004315376,300.283878326416,296.052875518799,0.0020000000949949,0.00300000002607703,"Congochromis pugnatus",6712.12073293616,1,1,0,NA,NA,NA,NA,NA,1,"DD",76
"8930",0.689000010490417,2546.23803710938,0,1.44700002670288,1.44700002670288,302.916114807129,289.409999847412,0.00700000021606684,0.00899999961256981,"Copadichromis quadrimaculatus",4694.31397546243,0,1,1,20,"commercial",0,2.64,"Omni.",1,"LC",56
"8931",0,12016.1474609375,42.525,0.409000009298325,2.59907489418983,304.868501281738,291.858529663086,0.0020000000949949,0.00600000005215406,"Campylomormyrus orycteropus",13149.6714800879,1,1,0,NA,NA,NA,NA,NA,1,"DD",140
"8932",0,45918.515625,43,0.225699995458126,2.71159999370575,300.820602416992,293.531597900391,0.0020000000949949,0.00600000005215406,"Stomatorhinus corneti",208117.872432728,1,1,0,NA,NA,NA,NA,NA,1,"LC",1989
"8940",0.0641000006347895,3181.68994140625,11.5999999999999,0.2434499964118,0.862950015068054,301.901303100586,294.207051086426,0.00300000002607703,0.00600000005215406,"Chrysichthys dageti",25342.1243900042,NA,NA,0,NA,NA,NA,NA,NA,1,"VU",295
"8942",0.0026250000228174,14403.857421875,34.125,0.184000000357628,1.71499997377396,301.959125518799,295.309627532959,0.00300000002607703,0.00499999988824129,"Tetracamphilius clandestinus",6519.22319489193,1,1,0,NA,NA,NA,NA,NA,1,"DD",76
"8944",0,17901.61328125,46.4,0.477399998903275,3.15759997367859,304.429388427734,288.723400878906,0.00800000037997961,0.00999999977648258,"Alestes stuhlmannii",33024.874576588,1,0,0,NA,NA,NA,NA,NA,1,"LC",385
"8948",27.0389995574951,103.972999572754,0,0.337999999523163,0.337999999523163,295.157012939453,289.976599121094,0.0020000000949949,0.00220000008121133,"Haplochromis kamiranzovu",2837.93065776997,0,1,1,9.39999961853027,NA,0,NA,NA,3,"LC",33
"8952",0.0579999983310699,2401.25708007812,25.6749999999997,0.174999997019768,1.26169998943806,305.176055145264,294.731642150879,0.00300000002607703,0.00700000021606684,"Marcusenius furcidens",319254.897601425,1,1,0,NA,NA,NA,NA,NA,1,"LC",3374
"8953",0,17901.61328125,41,0.24600000679493,2.87464991807938,308.520397186279,281.773578643799,0.00300000002607703,0.0189999993890524,"Gazza minuta",569993.096814894,1,0,0,21,"commercial",1,4,"Carni.",2,"LC",3430
"8961",0.833000004291534,789.304016113281,0,1.97599995136261,1.97599995136261,298.594673919678,293.992588806152,0.0020000000949949,0.00300000002607703,"Haplochromis xenognathus",70029.8147067808,0,1,1,11.3000001907349,NA,0,2.91,"Carni.",1,"LC",814
"8964",0,5332.326171875,39.175,0.295674994215369,3.12212495207787,308.119298553467,285.607679748535,0.00382500016130507,0.0111749999690801,"Arothron hispidus",18781.0161247329,1,1,0,50,"minor commercial",1,3.09999990463257,"Carni.",2,"LC",114
"8967",0,45918.515625,42,0.238999992609024,2.57419989109039,301.438189697266,292.243994140625,0.0020000000949949,0.00600000005215406,"Marcusenius moorii",1276771.44351042,1,1,0,NA,NA,NA,NA,NA,1,"LC",13477
"8971",0,17901.61328125,45,0.476649997383356,2.91832497119903,305.158865356445,287.758126831055,0.00700000021606684,0.0109999999403954,"Distichodus schenga",286960.111159352,1,0,0,NA,NA,NA,NA,NA,1,"LC",2954
"8973",0,12016.1474609375,40,0.142400005459785,2.43359999656677,301.313012695313,292.573004150391,0.0020000000949949,0.00460000000894061,"Orthochromis polyacanthus",137769.364732511,1,1,0,NA,NA,NA,NA,NA,1,"LC",1377
"8975",0.833000004291534,789.304016113281,0,1.97599995136261,1.97599995136261,298.594673919678,293.992588806152,0.0020000000949949,0.00300000002607703,"Haplochromis thuragnathus",70029.8147067808,0,1,1,20,NA,0,4.2,"Carni.",1,"DD",814
"8976",27.0389995574951,103.972999572754,0,0.337999999523163,0.337999999523163,295.157012939453,289.976599121094,0.0020000000949949,0.00220000008121133,"Haplochromis rubescens",2837.93065776997,0,1,1,11.3999996185303,NA,0,NA,NA,3,"LC",33
"8978",0,2610.11694335938,39,0.486899992823601,1.91520001888275,303.514202880859,284.073098754883,0.00700000021606684,0.0109999999403954,"Opsaridium microcephalum",119576.379315641,1,1,0,34,"minor commercial",0,NA,NA,1,"LC",1389
"8979",0,45328.32421875,40,0.181999996304512,2.53519997000694,301.734008789062,294.407755279541,0.0020000000949949,0.00400000018998981,"Potamothrissa obtusirostris",447757.195644796,1,1,0,6,"subsistence fisheries",0,3.2,"Carni.",1,"LC",4540
"8980",0,11658.8447265625,43,0.128000006079674,3.22559995651245,309.949194335937,291.942993164062,0.00400000018998981,0.0149999996647239,"Hydrocynus brevis",1345221.30646299,1,1,0,86,"commercial",0,3.4,"Carni.",2,"LC",7545
"8981",0.689000010490417,2546.23803710938,0,1.44700002670288,1.44700002670288,302.916114807129,289.409999847412,0.00700000021606684,0.00899999961256981,"Copadichromis likomae",4694.31397546243,0,1,1,14,"commercial",0,3.4,"Carni.",1,"LC",56
"8992",0.689000010490417,2546.23803710938,0,1.44700002670288,1.44700002670288,303.043180847168,289.298007965088,0.00700000021606684,0.00899999961256981,"Buccochromis spectabilis",6876.2660956166,0,1,1,NA,NA,NA,NA,NA,1,"LC",82
"8993",0,11496.783203125,33,0.224000006914139,1.74214998185635,305.464140319824,293.49214553833,0.00400000018998981,0.00700000021606684,"Procatopus aberrans",294293.838795608,1,0,0,5.5," ",0,NA,NA,1,"LC",3438
"8994",0.176899993047118,90.3789978027344,0,0.975774990022182,1.26462504863739,299.327512359619,291.207289886475,0.00507499990053475,0.00700000021606684,"Zaireichthys compactus",338.858890381027,1,0,0,NA,NA,NA,NA,NA,1,"DD",4
"8995",0,37425.43359375,21.0500000000001,0.201150000840426,1.45820000767708,301.731649780273,293.406002807617,0.0020000000949949,0.00600000005215406,"Pelvicachromis subocellatus",68395.6978236996,1,0,0,NA,NA,NA,NA,NA,1,"LC",787
"8998",0,17901.61328125,42,0.504274995625019,2.72915008664131,309.047312927246,284.350487518311,0.00400000018998981,0.0130000002682209,"Monodactylus falciformis",104586.686860098,1,0,0,31,"minor commercial",1,NA,NA,1,"LC",880
"9001",0,5122.18603515625,47,0.448424990475178,3.24822503328323,308.283183288574,293.1669921875,0.00852499997708947,0.0120000001043081,"Garra lancrenonensis",44000.3718422956,1,0,0,NA,NA,NA,NA,NA,2,"DD",222
"9002",0,919.344970703125,34.8,0.168199998140335,1.6458000421524,300.565405273437,286.978204345703,0.0020000000949949,0.00499999988824129,"Astatoreochromis vanderhorsti",53251.1128433794,1,0,0,NA,NA,NA,NA,NA,1,"LC",529
"9011",0,6515.658203125,29.8249999999999,0.181449999287724,1.54799997210502,300.663494873047,293.088166809082,0.00100000004749745,0.00300000002607703,"Labeobarbus ansorgii",45207.148354124,1,1,0,NA,NA,NA,NA,NA,1,"VU",430
"9012",0.123249999247491,37307.2734375,9,0.183624999597669,1.15900003910065,301.563373565674,291.299617767334,0.0020000000949949,0.00600000005215406,"Enteromius brichardi",230799.08101615,NA,NA,0,NA,NA,NA,NA,NA,1,"LC",2666
"9013",0.0867500003427267,2401.25708007812,16.45,0.174549996107817,1.07445002198219,304.206492614746,294.591641235352,0.00300000002607703,0.00600000005215406,"Synodontis punctifer",146982.090557851,1,0,0,NA,NA,NA,NA,NA,1,"LC",1663
"9014",0,36549.51953125,45,0.310699991136789,2.99622505307198,300.754972839356,292.985168457031,0.0020000000949949,0.00499999988824129,"Aphyosemion wildekampi",272598.843471974,1,1,0,NA,NA,NA,NA,NA,1,"VU",2638
"9023",0,17901.61328125,46,0.389249995350838,3.21675002574921,303.373497009277,286.752250671387,0.0020000000949949,0.0130000002682209,"Clarias theodorae",879762.18863227,1,1,0,35,"subsistence fisheries",0,3.46,"Carni.",1,"LC",6971
"9025",0,13524.0048828125,30,0.108000002801418,1.87800002098083,307.535003662109,294.27099609375,0.00300000002607703,0.00999999977648258,"Petrocephalus pallidomaculatus",237631.075332959,1,1,0,NA,NA,NA,NA,NA,1,"LC",2361
"9026",0.0149999996647239,5296.1767578125,46.625,0.381124995648861,2.00175003707409,299.890129089355,295.10961151123,0.0020000000949949,0.0020000000949949,"Ctenochromis luluae",9586.47270933658,NA,NA,0,NA,NA,NA,NA,NA,1,NA,46
"9029",0.689000010490417,2546.23803710938,0,1.44700002670288,1.44700002670288,302.688391113281,289.545989990234,0.00800000037997961,0.00899999961256981,"Protomelas spilonotus",2764.92651108758,0,1,1,16.7000007629395,"commercial",0,3.36,"Carni.",1,"LC",33
"9031",0.833000004291534,789.304016113281,0,1.97599995136261,1.97599995136261,298.594673919678,293.992588806152,0.0020000000949949,0.00300000002607703,"Haplochromis paraguiarti",70029.8147067808,0,1,1,15.6000003814697,NA,0,3.16,"Carni.",1,"DD",814
"9032",0.00909999962896109,45859.06640625,40,0.252000004053116,3.42359994649887,300.933410644531,292.779109191895,0.00300000002607703,0.00700000021606684,"Teleogramma depressa",9335.71281336562,NA,NA,0,NA,NA,NA,NA,NA,1,NA,83
"9034",0,5196.6171875,48,0.639099997282028,3.09079996347427,302.85604095459,292.585607910156,0.00499999988824129,0.00899999961256981,"Nothobranchius makondorum",27767.5894255572,1,1,0,NA,NA,NA,NA,NA,1,"LC",303
"9036",0,12.451000213623,42.625,2.08100003004074,2.9057500064373,300.420989990234,283.675487518311,0.0120000001043081,0.0158750006230548,"Pseudobarbus verloreni",943.230554847923,1,0,0,7.07999992370605,NA,0,NA,NA,3,"EN",6
"9038",0,5994.5439453125,37,0.439550011605024,1.80189998745918,302.732266235352,290.372818756104,0.00300000002607703,0.00600000005215406,"Clypeobarbus pseudognathodon",62796.5251165841,1,1,0,NA,NA,NA,NA,NA,1,"NT",612
"9039",0,45328.32421875,26,0.210999995470047,2.0944250702858,302.838855743408,291.42029800415,0.0020000000949949,0.00700000021606684,"Clarias jaensis",549278.671767151,1,1,0,NA,NA,NA,NA,NA,1,"LC",6304
"9041",0,163.151992797852,37.95,0.0420999994501472,2.87690011262894,303.940002441406,276.146711730957,0.011049999948591,0.0219499998725951,"Labeobarbus reinii",21187.9684273899,1,0,0,NA,NA,NA,NA,NA,2,"EX",163
"9044",0,45.398998260498,29.9,0.5373750038445,2.29987504780292,295.130868530273,288.109121704102,0.00342500009573996,0.00499999988824129,"Enteromius wellmani",1679.7774055239,1,0,0,NA,NA,NA,NA,NA,2,"DD",18
"9046",0,13524.0048828125,27.775,0.23199999332428,2.12297498583794,303.115997314453,288.253488922119,0.00300000002607703,0.0109999999403954,"Barboides gracilis",66012.6688382738,1,0,0,1.79999995231628,NA,0,2,"Herbi.",1,"VU",770
"9050",0.833000004291534,789.304016113281,0,1.97599995136261,1.97599995136261,298.730402374268,293.855461120605,0.0020000000949949,0.00300000002607703,"Haplochromis pundamilia",75275.99539497,0,1,1,12.4200000762939,"of no interest",0,3.68,"Carni.",1,"LC",862
"9051",0.169000007212162,28.0170001983643,2.8,0.296800002455711,1.32099997997284,300.183996582031,293.439590454102,0.00499999988824129,0.00499999988824129,"Nothobranchius oestergaardi",595.905759098961,0,1,1,3.1800000667572,NA,0,NA,NA,1,"EN",5
"9054",0.00769999991171062,45771.859375,40,0.169200001657009,3.32879991531372,300.653648376465,292.827900695801,0.00300000002607703,0.00600000005215406,"Gymnallabes nops",9171.17701506704,1,1,0,NA,NA,NA,NA,NA,1,"VU",99
"9057",0,45825.2890625,37.75,0.0642500026151538,2.00537504255772,300.812488555908,294.417991638184,0.0020000000949949,0.00400000018998981,"Tetraodon duboisi",3948.6275505585,1,1,0,NA,NA,NA,NA,NA,1,"DD",46
"9064",0,3184.03100585938,37.45,0.650774973630905,2.30009998083115,299.863508605957,287.673548126221,0.00700000021606684,0.00899999961256981,"Nothobranchius rosenstocki",4958.57828925981,1,1,0,4.48999977111816,NA,0,NA,NA,3,"VU",58
"9065",0,45825.2890625,42,0.12062499858439,2.67587497830391,301.872123718262,293.174633026123,0.0020000000949949,0.00499999988824129,"Phractura lindica",250160.146399086,1,1,0,NA,NA,NA,NA,NA,1,"LC",2586
"9073",0,17901.61328125,45,0.525149977207184,2.96754993796348,302.918955993652,283.643030548096,0.00400000018998981,0.0120000001043081,"Favonigobius reichei",173342.832038766,1,0,0,8.30000019073486,"of no interest",1,NA,NA,1,"LC",1842
"9074",0.00735000011045486,45328.32421875,32,0.160399994626641,1.79857504367828,303.790985107422,294.708321380615,0.0020000000949949,0.00600000005215406,"Mormyrus subundulatus",47017.5461810551,1,1,0,NA,NA,NA,NA,NA,1,"VU",488
"9077",37.8289985656738,3169.208984375,0,0.887000024318695,0.887000024318695,300.756011962891,294.500478363037,0.00400000018998981,0.00400000018998981,"Campylomormyrus bredoi",5099.84750716768,0,1,1,NA,NA,NA,NA,NA,1,"VU",60
"9078",0,142.098007202148,31.05,0.708649985492229,1.4743499815464,299.221659851074,287.651348876953,0.00600000005215406,0.00800000037997961,"Enteromius lornae",3292.56504806354,1,1,0,NA,NA,NA,NA,NA,3,"DD",39
"9082",0.689000010490417,2546.23803710938,0,1.44700002670288,1.44700002670288,301.454010009766,292.283996582031,0.00800000037997961,0.00800000037997961,"Melanochromis mossambiquensis",83.9468206076889,0,1,1,NA,NA,NA,NA,NA,1,"NT",1
"9083",0.00300000002607703,30968.673828125,37,0.275000005960464,2.5252500474453,301.418128967285,291.90113067627,0.0020000000949949,0.00600000005215406,"Ctenopoma maculatum",302414.299358278,1,1,0,NA,NA,NA,NA,NA,1,"LC",3416
"9085",8.72200012207031,703.588989257812,0,1.44200003147125,1.44200003147125,301.572998046875,292.190002441406,0.00300000002607703,0.00499999988824129,"Tropheus moorii",33012.5919769452,0,1,1,14.5,"commercial",0,NA,NA,1,"LC",386
"9087",0.689000010490417,2546.23803710938,0,1.44700002670288,1.44700002670288,303.043180847168,289.298007965088,0.00700000021606684,0.00899999961256981,"Rhamphochromis longiceps",6876.2660956166,0,1,1,28,"commercial",0,3.83,"Carni.",1,"VU",82
"9089",0.00300000002607703,11712.7255859375,29,0.435750000178814,2.37075001001358,300.974502563477,292.481742858887,0.00300000002607703,0.00600000005215406,"Parauchenoglanis altipinnis",73869.2856835807,1,1,0,NA,NA,NA,NA,NA,1,"LC",851
"9094",0,16501.240234375,40,0.278899998962879,2.62490006685257,300.611451721191,296.342404174805,0.0020000000949949,0.00300000002607703,"Clupeocharax schoutedeni",12475.7681682186,0,1,1,NA,NA,NA,NA,NA,1,"VU",127
"9095",0.0120000001043081,2556.30395507812,22,0.192750003188848,1.25450003147125,301.20149230957,293.679008483887,0.00300000002607703,0.00600000005215406,"Enteromius parajae",112754.303979044,1,1,0,4.15000009536743,NA,0,NA,NA,1,"LC",1311
"9101",0,4215.328125,39,0.418800002336502,2.221399974823,301.638201904297,287.666790771484,0.00300000002607703,0.00899999961256981,"Lacustricola moeruensis",170940.836844435,1,1,0,4,NA,0,NA,NA,3,"LC",1873
"9104",1.88429992198944,3882.8349609375,0,0.166000002622604,0.502299997210503,302.699499511719,293.97080078125,0.00300000002607703,0.00700000021606684,"Fundulopanchax scheeli",2483.64665496887,1,1,0,NA,NA,NA,NA,NA,1,"CR",29
"9105",0,14785.6494140625,47.625,0.465999990701675,3.47325000166893,305.260116577148,287.750755310059,0.00800000037997961,0.0140000004321337,"Sargochromis codringtonii",449379.470821936,1,1,0,39,"commercial",0,3.09,"Carni.",2,"LC",2376
"9109",3.53800010681152,543.231994628906,0,1.3289999961853,1.3289999961853,298.501007080078,288.878144836426,0.00600000005215406,0.00700000021606684,"Labeobarbus osseensis",2946.00893117719,0,1,1,26.3999996185303,NA,0,2.62,"Omni.",1,"VU",35
"9111",0.689000010490417,2546.23803710938,0,1.44700002670288,1.44700002670288,301.176675415039,289.145066070557,0.00717500024475157,0.00800000037997961,"Labidochromis textilis",673.71997889476,0,1,1,NA,NA,NA,NA,NA,1,"LC",8
"9113",0.833399999141693,14401.5302734375,0,0.266399988532066,0.505999982357025,301.954800415039,295.930508422852,0.00400000018998981,0.00499999988824129,"Opsaridium engrauloides",429.040622161205,1,1,0,NA,NA,NA,NA,NA,1,"DD",5
"9120",0,6371.3427734375,44,0.340000003576279,3.3289999961853,307.933392333984,280.885198974609,0.00300000002607703,0.0240000002086163,"Bathygobius fuscus",22790.8478875132,1,0,0,12,"minor commercial",1,NA,NA,1,"LC",193
"9121",0,288.881988525391,33.175,0.63752499371767,1.86519994437694,305.001007080078,282.812305450439,0.00400000018998981,0.00499999988824129,"Alcolapia latilabris",3181.61248734789,NA,NA,0,NA,NA,NA,NA,NA,1,NA,34
"9122",8.72200012207031,703.588989257812,0,1.44200003147125,1.44200003147125,301.572998046875,292.190002441406,0.00300000002607703,0.00499999988824129,"Lestradea stappersii",33012.5919769452,0,1,1,11.6999998092651,"commercial",0,3.5,"Carni.",1,"LC",386
"9126",21.2229995727539,689.453979492188,0,0.940999984741211,0.940999984741211,303.712005615234,298.950012207031,0.00400000018998981,0.00400000018998981,"Nothobranchius willerti",172.005120136978,0,1,1,NA,NA,NA,NA,NA,1,"VU",1
"9127",0.331999987363815,30968.673828125,0,0.345999985933304,1.46099996566772,301.199005126953,291.468994140625,0.0020000000949949,0.00600000005215406,"Parananochromis gabonicus",65468.1633507259,NA,NA,0,NA,NA,NA,NA,NA,1,"LC",761
"9129",0,3716.80493164062,45,0.431300011277199,2.8953750193119,300.884102630615,290.96524887085,0.0020000000949949,0.00499999988824129,"Labeobarbus jubbi",66985.4305829259,1,1,0,NA,NA,NA,NA,NA,1,"DD",710
"9130",27.0389995574951,103.972999572754,0,0.337999999523163,0.337999999523163,295.157012939453,289.976599121094,0.0020000000949949,0.00220000008121133,"Haplochromis microchrysomelas",2837.93065776997,0,1,1,8.30000019073486,NA,0,NA,NA,3,"LC",33
"9131",1.15299997329712,150.423004150391,0,0.162599995732307,0.307200002670288,297.56220703125,283.743414306641,0.0020000000949949,0.00220000008121133,"Chiloglanis marlieri",2838.33861557658,1,1,0,NA,NA,NA,NA,NA,1,"DD",33
"9132",0,1735.05200195312,20.2,0.232799994945526,1.35340001583099,302.055798339844,288.251788330078,0.00300000002607703,0.011600000038743,"Fundulopanchax puerzli",16554.5580078959,1,1,0,NA,NA,NA,NA,NA,1,"LC",193
"9133",0,2547.44506835938,38.725,1.0519500285387,1.90497503578663,304.305230712891,282.004531860352,0.00700000021606684,0.0134500003419816,"Copadichromis trimaculatus",11053.5608411534,0,1,1,NA,NA,NA,NA,NA,1,"LC",132
"9139",0,2488.02392578125,36.25,0.495625007897615,1.99562497437,301.753120422363,288.233867645264,0.00387500016950071,0.00800000037997961,"Labeobarbus wittei",22125.5333928797,1,1,0,NA,NA,NA,NA,NA,1,"DD",196
"9141",8.72200012207031,703.588989257812,0,1.44200003147125,1.44200003147125,301.572998046875,292.190002441406,0.00300000002607703,0.00499999988824129,"Cyprichromis leptosoma",33354.7184506497,0,1,1,11,"commercial",0,3.5,"Carni.",1,"LC",390
"9144",0,45328.32421875,41,0.155000001192093,2.67767499685287,309.674011230469,292.882995605469,0.00400000018998981,0.0140000004321337,"Ctenopoma petherici",3221552.46862059,1,1,0,17.3999996185303,NA,0,3.16,"Carni.",1,"LC",25254
"9146",0.0396499990485609,3265.27587890625,27.175,0.120824998989701,1.41719999611378,307.547770690918,295.231904602051,0.0068250001873821,0.00999999977648258,"Labeo roseopunctatus",38778.7741897674,1,1,0,NA,NA,NA,NA,NA,1,"LC",354
"9148",0,96.7419967651367,36.4999999999999,0.440224996954203,1.13015003204346,300.661376190186,295.886039733887,0.00300000002607703,0.00300000002607703,"Phenacogrammus bleheri",4295.8231520651,1,1,0,NA,NA,NA,NA,NA,1,"DD",44
"9149",0.0895000014454126,4742.22119140625,8.95000000000005,0.195999994874001,1.19059998393059,301.066636657715,292.008255004883,0.00300000002607703,0.00499999988824129,"Labeobarbus habereri",99600.1283854107,1,1,0,NA,NA,NA,NA,NA,1,"LC",1163
"9152",0.00210000001825392,1735.05200195312,11.5,0.420900002121925,1.16769995689392,302.039801025391,281.437701416016,0.0020000000949949,0.0202000003308058,"Fundulopanchax robertsoni",2489.10638311524,0,1,1,NA,NA,NA,NA,NA,1,"DD",29
"9155",0.689000010490417,2546.23803710938,0,1.44700002670288,1.44700002670288,301.813513183594,289.422857666016,0.00800000037997961,0.0089499996509403,"Pseudotropheus perspicax",253.549496086174,0,1,1,NA,NA,NA,NA,NA,1,"LC",3
"9157",0.00372500014491379,1032.44604492188,28.65,0.263950006663799,1.43692502379417,298.730987548828,295.306083679199,0.0020000000949949,0.0020000000949949,"Pollimyrus maculipinnis",2824.44411094468,1,1,0,NA,NA,NA,NA,NA,1,"DD",30
"9160",21.9029998779297,1609.28796386719,0,0.685999989509583,0.685999989509583,305.424591064453,299.923596191406,0.00300000002607703,0.00400000018998981,"Enteromius turkanae",8414.7713261449,0,1,1,NA,NA,NA,NA,NA,2,"VU",97
"9166",1.99570001363754,1147.47998046875,0,0.253699991106987,0.512100011110306,301.166749572754,294.927410888672,0.00300000002607703,0.00400000018998981,"Enteromius melanotaenia",3667.09216418555,1,0,0,NA,NA,NA,NA,NA,1,"CR",43
"9167",0.0109999999403954,45918.515625,36.15,0.176250001788139,2.48170003890991,300.855651855469,292.887939453125,0.0020000000949949,0.00700000021606684,"Steatocranus gibbiceps",38821.8620647234,1,1,0,NA,NA,NA,NA,NA,1,"LC",395
"9169",NA,NA,NA,NA,NA,NA,NA,NA,NA,"Gambusia affinis",86.0271647393956,1,1,0,5.09999990463257,"minor commercial",0,3.22,"Carni.",NA,"LC",0
"9171",0,45859.06640625,43,0.224275003373623,2.66572490930557,301.555177307129,292.103819274902,0.0020000000949949,0.00600000005215406,"Chrysichthys laticeps",422648.384032909,1,1,0,NA,NA,NA,NA,NA,1,"LC",4172
"9174",0.417174992710352,703.588989257812,0,1.44200003147125,1.44200003147125,301.572998046875,292.190002441406,0.00300000002607703,0.00499999988824129,"Pseudosimochromis margaretae",34890.675799273,0,1,1,8.14999961853027," ",0,2,"Herbi.",1,NA,404
"9178",0.689000010490417,2546.23803710938,0,1.44700002670288,1.44700002670288,302.673165130615,291.43936920166,0.00800000037997961,0.00899999961256981,"Lethrinops macrochir",3340.0763358163,0,1,1,NA,NA,NA,NA,NA,1,"LC",40
"9181",8.72200012207031,703.588989257812,0,1.44200003147125,1.44200003147125,301.572998046875,292.190002441406,0.00300000002607703,0.00499999988824129,"Gnathochromis permaxillaris",33354.7184506497,0,1,1,NA,NA,NA,NA,NA,1,"LC",390
"9183",0.0696500029414892,2100.81494140625,10.45,0.234450003504753,2.16370003223419,301.110438537598,293.51975402832,0.0020000000949949,0.00544999996200203,"Epiplatys esekanus",15718.5055702612,1,0,0,NA,NA,NA,NA,NA,1,"LC",183
"9184",0.833000004291534,789.304016113281,0,1.97599995136261,1.97599995136261,298.594623565674,293.989990234375,0.0020000000949949,0.00300000002607703,"Haplochromis chilotes",70201.9485614657,0,1,1,14.8000001907349,NA,0,3.2,"Carni.",1,"LC",816
"9187",0.0599999986588955,37307.2734375,14,0.238999992609024,1.90190002918243,301.958905029297,291.173999023438,0.0020000000949949,0.00700000021606684,"Labeobarbus batesii",278483.131507728,1,1,0,NA,NA,NA,NA,NA,1,"LC",3149
"9190",0,13524.0048828125,31.2999999999997,0.230000004172325,1.87330000400543,305.403991699219,293.601898193359,0.00300000002607703,0.00800000037997961,"Aphyosemion bitaeniatum",265674.684449864,1,1,0,NA,NA,NA,NA,NA,1,"LC",3069
"9195",0.0369749987730756,203.391006469727,10.275,0.251524996012449,1.32137500345707,299.680976104736,291.349035644531,0.00300000002607703,0.00600000005215406,"Kneria ansorgii",2546.77383606627,1,1,0,NA,NA,NA,NA,NA,1,"DD",22
"9203",0.225050000101328,2719.43603515625,0,0.982899990677834,1.64124996066093,299.45990447998,291.550045776367,0.0020000000949949,0.00499999988824129,"Microsynodontis hirsuta",7482.53494238609,1,0,0,6.80000019073486,NA,0,NA,NA,1,"DD",87
"9204",0,45825.2890625,36,0.195999994874001,2.17899990081787,308.135246276855,293.131507873535,0.0020000000949949,0.0120000001043081,"Papyrocranus afer",1190474.63390969,1,1,0,80,"subsistence fisheries",0,3.15,"Carni.",1,"LC",11811
"9206",0,4215.328125,39,0.463900001347065,2.29539997577667,300.928201293945,287.863804626465,0.00400000018998981,0.00999999977648258,"Campylomormyrus luapulaensis",44881.3759882122,1,1,0,NA,NA,NA,NA,NA,3,"DD",499
"9207",8.72200012207031,703.588989257812,0,1.44200003147125,1.44200003147125,301.572998046875,292.190002441406,0.00300000002607703,0.00499999988824129,"Xenotilapia leptura",33012.5919769452,0,1,1,11,"commercial",0,2,"Herbi.",1,"LC",386
"9210",0.793000012636185,452.679992675781,0,0.508499994874001,0.933000028133392,302.597503662109,290.047485351562,0.00250000006053597,0.00450000003911555,"Coptodon kottae",1801.32606590871,0,1,1,NA,NA,NA,NA,NA,1,"EN",21
"9211",0,45920.859375,43,0.23199999332428,2.62737509608269,301.734008789062,290.213882446289,0.0020000000949949,0.00700000021606684,"Tylochromis lateralis",803243.797519288,1,1,0,26,NA,0,3.08,"Carni.",1,"LC",7836
"9212",0,496.622985839844,41,0.24367500282824,2.12120004892349,302.312986755371,289.664910125732,0.00400000018998981,0.00600000005215406,"Zaireichthys wamiensis",49198.2485139009,1,0,0,NA,NA,NA,NA,NA,1,"VU",400
"9218",0,11273.216796875,44.5250000000001,0.207475003227592,3.08157493472099,309.432402038574,290.4494972229,0.00400000018998981,0.0149999996647239,"Gymnarchus niloticus",409866.908988173,1,1,0,167,"commercial",0,3.71,"Carni.",2,"LC",3260
"9221",150.837678909302,3405.36791992188,0,1.08202501535416,1.08297494649887,299.862438201904,294.556867980957,0.00400000018998981,0.00400000018998981,"Mormyrops batesianus",429.989436959037,1,1,0,NA,NA,NA,NA,NA,1,"DD",2
"9222",3.53800010681152,543.231994628906,0,1.3289999961853,1.3289999961853,298.501007080078,288.878144836426,0.00600000005215406,0.00700000021606684,"Labeobarbus gorgorensis",2946.00893117719,0,1,1,61.7999992370605,NA,0,3.22,"Carni.",1,"DD",35
"9223",0.017399999499321,73.4250030517578,37.85,1.39374998211861,2.69199996590614,302.195346069336,296.673045349121,0.00499999988824129,0.00499999988824129,"Nothobranchius luekei",597.622345063263,1,1,0,NA,NA,NA,NA,NA,1,"EN",7
"9224",0,45918.515625,41,0.231000006198883,2.53959999084473,301.434405517578,288.80400390625,0.0020000000949949,0.00899999961256981,"Campylomormyrus rhynchophorus",838814.660183962,1,1,0,NA,NA,NA,NA,NA,1,"LC",8457
"9227",0,45920.859375,33,0.23199999332428,1.98000001907349,306.018005371094,292.553997802734,0.00300000002607703,0.00899999961256981,"Dormitator lebretonis",836288.829024521,1,1,0,12.3999996185303,"of no interest",1,2.47,"Omni.",1,"LC",8497
"9229",0,5332.326171875,39,0.801899999380112,3.10949993729591,308.195523071289,285.183672332764,0.00302500003017485,0.0120000001043081,"Monodactylus argenteus",8189.33675318414,1,0,0,27,"minor commercial",1,3.13,"Carni.",1,"LC",82
"9230",0.833000004291534,789.304016113281,0,1.97599995136261,1.97599995136261,298.594623565674,293.989990234375,0.0020000000949949,0.00300000002607703,"Haplochromis laparogramma",70201.9485614657,0,1,1,8.5,NA,0,3.3,"Carni.",1,"LC",816
"9234",0,13524.0048828125,29,0.221575001999736,1.98542498350143,303.693270111084,292.353979492187,0.00300000002607703,0.00899999961256981,"Parachanna africana",143216.895834303,1,0,0,NA,NA,NA,NA,NA,1,"LC",1664
"9237",0.0531000006012618,5.31599998474121,2.95,0.983374981582165,0.997625024616718,299.05433883667,289.998045349121,0.00700000021606684,0.00700000021606684,"Nothobranchius flagrans",169.182086499315,1,1,0,NA,NA,NA,NA,NA,3,"EN",2
"9239",0.689000010490417,2546.23803710938,0,1.44700002670288,1.44700002670288,302.694916534424,290.004598999023,0.00800000037997961,0.00899999961256981,"Aulonocara brevirostre",2510.09468586416,NA,NA,0,NA,NA,NA,NA,NA,1,NA,30
"9242",0,45825.2890625,41,0.217249993234873,2.36174999475479,301.627590942383,294.667242431641,0.0020000000949949,0.00499999988824129,"Distichodus altus",314913.259883961,1,1,0,NA,NA,NA,NA,NA,1,"LC",3203
"9248",0,96.7419967651367,36.4999999999999,0.440224996954203,1.13015003204346,300.661376190186,295.886039733887,0.00300000002607703,0.00300000002607703,"Micralestes ambiguus",4295.8231520651,1,1,0,NA,NA,NA,NA,NA,1,"DD",44
"9255",0,6167.31982421875,39,0.453699988871813,1.90157500505447,301.833139038086,291.153737640381,0.00300000002607703,0.00499999988824129,"Microctenopoma ocellifer",48240.3530419572,1,1,0,NA,NA,NA,NA,NA,1,"LC",430
"9259",0,3274.53393554688,39,0.246200004220009,2.48680000305176,308.08779296875,281.290399169922,0.00300000002607703,0.0189999993890524,"Lamnostoma orientalis",510852.39826373,1,0,0,NA,NA,NA,NA,NA,2,"LC",3129
"9261",0.0149999996647239,37425.43359375,17.125,0.230000004172325,1.8735000193119,301.403991699219,291.433616638184,0.0020000000949949,0.00600000005215406,"Phractura longicauda",275232.335757007,NA,NA,0,NA,NA,NA,NA,NA,1,"LC",3196
"9265",0,309.269012451172,38,0.439924998581409,2.19600009918213,305.110958862305,275.880897521973,0.00999999977648258,0.0209999997168779,"Labeo umbratus",545162.117920622,1,1,0,50,"commercial",0,2.77,"Omni.",2,"LC",1518
"9266",0,45918.515625,42,0.224000006914139,2.55294997692108,301.503997802734,291.977414703369,0.0020000000949949,0.00499999988824129,"Distichodus sexfasciatus",821185.900004875,1,1,0,76,"commercial",0,2.79,"Omni.",1,"LC",8162
"9267",0.0472749983891845,6354.18017578125,18.975,0.30507500693202,2.36762502789497,301.039510345459,291.609533691406,0.00300000002607703,0.00600000005215406,"Enteromius taeniurus",27674.3936060789,1,1,0,NA,NA,NA,NA,NA,1,"VU",322
"9268",0,45918.515625,41,0.228000000119209,2.51862502098083,301.560375213623,293.695869445801,0.0020000000949949,0.00499999988824129,"Parailia congica",581864.474052057,1,1,0,9,NA,0,3.2,"Carni.",1,"LC",5706
"9269",0,3274.53393554688,23,0.305000007152557,1.68299996852875,303.436250305176,290.163006591797,0.00300000002607703,0.00999999977648258,"Epiplatys fasciolatus",158121.693401304,1,1,0,NA,NA,NA,NA,NA,1,"LC",1859
"9275",0,46.4039993286133,42,0.338874997571111,1.83087499439716,303.150127410889,290.012866973877,0.00400000018998981,0.00600000005215406,"Synodontis macrops",20193.3216744825,1,0,0,NA,NA,NA,NA,NA,1,"DD",76
"9276",0,1609.28796386719,39,0.401800008118153,2.53050004243851,306.192488098145,284.99114074707,0.00300000002607703,0.00715000024065373,"Labeobarbus intermedius",93617.3405586623,1,1,0,NA,NA,NA,NA,NA,1,"LC",915
"9278",0,45931.53515625,34,0.247999995946884,2.0868999004364,305.148889160156,288.736508178711,0.00300000002607703,0.00899999961256981,"Eleotris daganensis",983247.147933203,1,1,0,NA,NA,NA,NA,NA,1,"LC",9525
"9279",0,11349.0703125,40,0.135000005364418,2.39562499523163,309.028991699219,292.911987304688,0.00400000018998981,0.0130000002682209,"Arius gigas",946605.923202641,1,1,0,NA,NA,NA,NA,NA,1,"DD",8676
"9280",0,707.939025878906,39.675,0.467874994874001,2.66317502856255,305.810549163818,283.116149139404,0.00300000002607703,0.00700000021606684,"Bagrus urostigma",87483.0813855579,1,0,0,NA,NA,NA,NA,NA,1,"DD",374
"9281",0,45859.06640625,37.05,0.172974993288517,2.1453250825405,300.720500946045,293.014989471436,0.0020000000949949,0.00600000005215406,"Steatocranus tinanti",36958.546873683,1,1,0,NA,NA,NA,NA,NA,1,"LC",400
"9283",8.72200012207031,703.588989257812,0,1.44200003147125,1.44200003147125,301.572998046875,292.190002441406,0.00300000002607703,0.00499999988824129,"Lamprichthys tanganicanus",33865.6245571029,1,1,0,NA,NA,NA,NA,NA,1,"LC",396
"9286",0,13524.0048828125,29,0.1342500038445,1.98325002193451,304.557510375977,291.972755432129,0.00300000002607703,0.00899999961256981,"Denticeps clupeoides",146176.902322442,1,0,0,15,NA,0,NA,NA,1,"VU",1691
"9289",0.689000010490417,2546.23803710938,0,1.44700002670288,1.44700002670288,302.694916534424,289.403015136719,0.00700000021606684,0.00899999961256981,"Bathyclarias nyasensis",15957.7125646371,0,1,1,100,"commercial",0,3.73,"Carni.",1,"LC",190
"9291",0,4215.328125,35.6999999999999,0.306299994885921,1.71630001068115,302.674290466309,288.759840393066,0.00300000002607703,0.00700000021606684,"Oreochromis mweruensis",31676.422787262,1,1,0,23.7999992370605,NA,0,NA,NA,1,"LC",327
"9292",0.30249999165535,2719.43603515625,0,0.360799995064735,1.55089995861053,299.454998779297,291.338012695312,0.0020000000949949,0.00600000005215406,"Channallabes alvarezi",19697.1727312095,NA,NA,0,NA,NA,NA,NA,NA,1,"LC",229
"9294",0,2727.44604492188,39,0.225824995711446,2.1068749666214,303.096314239502,288.743174743652,0.00300000002607703,0.00899999961256981,"Enteromius innocens",138311.721785148,1,1,0,8,"commercial",0,2.41,"Omni.",1,"LC",1314
"9295",0,45918.515625,39.2249999999995,0.203999996185303,2.3794499695301,301.635986328125,293.442766571045,0.0020000000949949,0.00600000005215406,"Synodontis acanthomias",712690.749649947,1,1,0,NA,NA,NA,NA,NA,1,"LC",7272
"9296",0,1988.62902832031,45,0.316424993425608,2.82800006866455,301.327924346924,287.500328826904,0.0020000000949949,0.0109999999403954,"Lacustricola macrurus",135589.827528527,1,0,0,5,NA,0,NA,NA,2,NA,980
"9298",0,2578.76489257812,31,0.289900006353855,1.85367499887943,301.34587097168,294.469008636475,0.00400000018998981,0.00600000005215406,"Enteromius stauchi",19828.0781251556,NA,NA,0,NA,NA,NA,NA,NA,1,"EN",230
"9306",0.833000004291534,789.304016113281,0,1.97599995136261,1.97599995136261,298.594673919678,293.992588806152,0.0020000000949949,0.00300000002607703,"Haplochromis prodromus",70029.8147067808,0,1,1,13,NA,0,3.4,"Carni.",1,"DD",814
"9307",0.689000010490417,2546.23803710938,0,1.44700002670288,1.44700002670288,303.043180847168,289.298007965088,0.00700000021606684,0.00899999961256981,"Exochochromis anagenys",6876.2660956166,0,1,1,20,"commercial",0,4.2,"Carni.",1,"LC",82
"9308",0,37425.43359375,40,0.244000002741814,2.54989995956421,301.749600219727,291.736492919922,0.0020000000949949,0.00600000005215406,"Enteromius brazzai",400046.657779021,1,1,0,NA,NA,NA,NA,NA,1,"LC",4325
"9310",0.689000010490417,2546.23803710938,0,1.44700002670288,1.44700002670288,302.49866027832,290.661511230469,0.00800000037997961,0.00884999972768128,"Mylochromis mollis",586.843871410294,0,1,1,NA,NA,NA,NA,NA,1,"LC",7
"9311",0.689000010490417,2546.23803710938,0,1.44700002670288,1.44700002670288,303.043180847168,289.298007965088,0.00700000021606684,0.00899999961256981,"Stigmatochromis woodi",6876.2660956166,0,1,1,25,"commercial",0,4.2,"Carni.",1,"LC",82
"9314",0,45920.859375,41,0.224000006914139,2.52930002212524,301.555294799805,292.05270690918,0.0020000000949949,0.00600000005215406,"Bryconaethiops microstoma",1238021.13815083,1,1,0,NA,NA,NA,NA,NA,1,"LC",12709
"9315",0,2523.6220703125,25,0.340000003576279,1.70520005226135,301.24619140625,294.525402832031,0.00400000018998981,0.00600000005215406,"Amphilius mamonekenensis",12444.2569832423,1,0,0,NA,NA,NA,NA,NA,1,"VU",145
"9316",0.833000004291534,789.304016113281,0,1.97599995136261,1.97599995136261,298.594623565674,293.989990234375,0.0020000000949949,0.00300000002607703,"Haplochromis cavifrons",70201.9485614657,0,1,1,19.5,NA,0,4.2,"Carni.",1,"DD",816
"9319",0,4464.32421875,39,0.284225008636713,2.33305003643036,310.059336853027,293.989376068115,0.00499999988824129,0.00899999961256981,"Microctenopoma pekkolai",64813.509340937,NA,NA,0,NA,NA,NA,NA,NA,1,"DD",364
"9320",0.00974999996833504,1735.05200195312,6.69999999999999,0.378200002014637,1.06550003290176,302.464051818848,286.70285949707,0.00300000002607703,0.0145499997306615,"Amphilius korupi",10894.235848234,1,0,0,NA,NA,NA,NA,NA,1,"EN",127
"9328",0.689000010490417,2546.23803710938,0,1.44700002670288,1.44700002670288,302.916114807129,289.409999847412,0.00700000021606684,0.00899999961256981,"Nimbochromis linni",4694.31397546243,0,1,1,25,"commercial",0,4.2,"Carni.",1,"LC",56
"9329",0,9473.2900390625,48,0.441000014543533,3.40499997138977,304.180999755859,287.154998779297,0.00499999988824129,0.0130000002682209,"Oreochromis macrochir",1184987.02150882,1,1,0,43,"commercial",0,2.21,"Omni.",2,"VU",8201
"9332",0,45825.2890625,40,0.248999997973442,2.54817508459091,301.463012695312,293.638000488281,0.0020000000949949,0.00499999988824129,"Microsynodontis christyi",474472.460291362,NA,NA,0,NA,NA,NA,NA,NA,1,"LC",4874
"9333",0.0221999999135733,957.070007324219,31,0.0915999993681908,1.35840003490448,303.2171875,286.301391601562,0.0020000000949949,0.00499999988824129,"Microctenopoma damasi",91594.8042058683,1,0,0,NA,NA,NA,NA,NA,1,"LC",745
"9338",0.689000010490417,2546.23803710938,0,1.44700002670288,1.44700002670288,302.916114807129,289.409999847412,0.00700000021606684,0.00899999961256981,"Tyrannochromis macrostoma",4694.31397546243,0,1,1,30,"commercial",0,4.2,"Carni.",1,"LC",56
"9341",0,45859.06640625,40,0.178000003099442,2.23452510237694,300.6431640625,291.738040161133,0.00300000002607703,0.00700000021606684,"Enteromius vanderysti",26626.1439773443,NA,NA,0,NA,NA,NA,NA,NA,1,NA,278
"9342",0,45825.2890625,41,0.174999997019768,2.64487498998642,309.053009033203,289.805870056152,0.00300000002607703,0.0130000002682209,"Schilbe mystus",2401498.43609808,1,1,0,35,"commercial",0,3.28,"Carni.",1,"LC",19806
"9345",0.689000010490417,2546.23803710938,0,1.44700002670288,1.44700002670288,301.429992675781,292.595001220703,0.00800000037997961,0.00800000037997961,"Labidochromis lividus",84.1614107759323,0,1,1,NA,NA,NA,NA,NA,1,"LC",1
"9348",0,11496.783203125,30,0.393249992281199,1.76585000157356,304.050635528564,296.529319000244,0.00400000018998981,0.00499999988824129,"Synodontis guttatus",14866.7627290481,0,1,1,NA,NA,NA,NA,NA,1,"CR",174
"9351",0,2546.23803710938,16,1.44700002670288,1.45000004768372,303.375982666016,289.288358306885,0.00700000021606684,0.00999999977648258,"Oreochromis squamipinnis",3184.27816742153,1,1,0,36,"commercial",0,2.14,"Herbi.",1,"CR",38
"9352",0,45918.515625,42,0.187150004506111,2.74364991188049,300.803009033203,291.961349487305,0.0020000000949949,0.00600000005215406,"Clypeobarbus congicus",256132.131516663,1,1,0,NA,NA,NA,NA,NA,1,"LC",2727
"9354",0,10733.521484375,41.075,0.117850000411272,2.98075001835823,305.791775512695,277.57056350708,0.0149999996647239,0.0240000002086163,"Dicentrarchus labrax",201434.224036293,1,0,0,103,"commercial",1,3.47,"Carni.",2,"LC",1558
"9357",0.0250750003848225,45631.30078125,16.925,0.162750000879169,1.11122502535581,300.566009521484,293.631311798096,0.0020000000949949,0.00499999988824129,"Atopochilus mandevillei",14073.5176193708,1,1,0,NA,NA,NA,NA,NA,1,"DD",164
"9359",0,7053.97021484375,39,0.200725004449487,1.80010001063347,301.615997314453,288.30433883667,0.0020000000949949,0.00600000005215406,"Enteromius taeniopleura",168414.872731069,1,1,0,NA,NA,NA,NA,NA,1,"LC",1630
"9362",0,5606.25,47.1,0.891600006818771,3.77110006809235,302.972109985352,295.886294555664,0.00489999991841614,0.00600000005215406,"Nothobranchius eggersi",3582.04785520588,1,1,0,NA,NA,NA,NA,NA,1,"LC",37
"9368",0,13524.0048828125,39,0.171000003814697,2.30327495336533,308.559997558594,292.55862121582,0.00400000018998981,0.0120000001043081,"Parailia pellucida",1715528.54347492,1,1,0,12,"commercial",0,3.45,"Carni.",1,"LC",14590
"9369",1.06752500534058,1158.28894042969,0,0.223075005039573,0.613974995911121,302.398783111572,290.49642868042,0.00300000002607703,0.00400000018998981,"Fundulopanchax gresensi",7193.91699219597,NA,NA,0,NA,NA,NA,NA,NA,1,"DD",84
"9372",0,45918.515625,41,0.228000000119209,2.50200009346008,301.829504394531,292.98620300293,0.0020000000949949,0.00499999988824129,"Citharinus gibbosus",753850.824768964,1,1,0,NA,NA,NA,NA,NA,1,"LC",7309
"9376",0.00300000002607703,707.939025878906,44,0.444450004398823,2.89259999990463,304.334799194336,294.393054199219,0.00400000018998981,0.00499999988824129,"Marcusenius devosi",69245.0388400855,1,0,0,NA,NA,NA,NA,NA,1,"NT",207
"9379",0,36908.328125,42.9249999999997,0.248999997973442,2.66277510523796,301.826471710205,293.834463500977,0.0020000000949949,0.00499999988824129,"Petrocephalus schoutedeni",244944.253255989,1,1,0,NA,NA,NA,NA,NA,1,"LC",2244
"9384",0,17901.61328125,42,0.456000000238419,2.63712498545647,303.857875823975,281.238246917725,0.00499999988824129,0.0160000007599592,"Enteromius trimaculatus",1109964.12654628,1,1,0,15,"commercial",0,3.22,"Carni.",2,"LC",8096
"9386",0,2626.625,39.675,0.462999999523163,2.0498000562191,304.223504638672,283.675402832031,0.00600000005215406,0.0109999999403954,"Labeobarbus johnstonii",104924.837785781,1,1,0,50,"commercial",0,2,"Herbi.",3,"LC",1214
"9389",0,1284.30895996094,37,0.263999998569489,1.57477502822876,300.035619354248,295.063188934326,0.00100000004749745,0.0020000000949949,"Cyclopharynx fwae",12494.2914183932,1,1,0,NA,NA,NA,NA,NA,1,"LC",132
"9391",0,37307.2734375,39,0.165999993681908,2.49699997901917,309.661010742188,293.089996337891,0.00300000002607703,0.0130000002682209,"Pellonula leonensis",3365833.85284635,1,1,0,12.1000003814697,"minor commercial",1,3.29999995231628,"Carni.",1,"LC",28434
"9392",0.187899998575449,2097.541015625,6,0.198474999889731,1.05082496106624,300.650693511963,289.989386749268,0.00300000002607703,0.00499999988824129,"Aphyosemion dargei",13194.6327138679,NA,NA,0,NA,NA,NA,NA,NA,1,"VU",154
"9393",0.689000010490417,2546.23803710938,0,1.44700002670288,1.44700002670288,302.144012451172,293.132995605469,0.00800000037997961,0.00800000037997961,"Placidochromis nkhotakotae",167.754756607819,0,1,1,NA,NA,NA,NA,NA,1,"DD",2
"9394",0,17901.61328125,45,0.51139999628067,2.95600004196167,308.230206298828,284.171002197266,0.00400000018998981,0.0130000002682209,"Crenimugil buchanani",300736.004820018,1,0,0,100,"commercial",1,2.22,"Omni.",1,NA,2497
"9397",0.017000000923872,927.523986816406,38,0.239375001192093,1.97599995136261,303.808042907715,288.713069152832,0.00300000002607703,0.00652500013820825,"Mormyrus macrocephalus",78171.0648805117,1,1,0,NA,NA,NA,NA,NA,1,"VU",500
"9399",0.0638000003993511,3181.68994140625,9,0.259499993920326,1.89480000734329,301.888595581055,293.672888183594,0.0020000000949949,0.00600000005215406,"Labeo camerunensis",56097.3404999324,NA,NA,0,NA,NA,NA,NA,NA,1,"LC",653
"9400",0.130400004982948,36493.0546875,4,0.227399998903275,1.32359998226166,301.55400390625,291.674401855469,0.0020000000949949,0.00600000005215406,"Paramormyrops kingsleyae",226173.260332094,1,0,0,NA,NA,NA,NA,NA,1,"LC",2617
"9403",0,13681.75,36,0.436000004410744,2.0275000333786,301.695510864258,292.555244445801,0.00300000002607703,0.00600000005215406,"Microthrissa whiteheadi",77525.9295462535,1,1,0,NA,NA,NA,NA,NA,1,"LC",851
"9404",0,13524.0048828125,41,0.164000004529953,2.60700011253357,309.652159118652,292.888000488281,0.00400000018998981,0.0130000002682209,"Epiplatys bifasciatus",2471140.19398596,1,1,0,NA,NA,NA,NA,NA,1,"LC",20115
"9407",0,45825.2890625,42.0500000000002,0.172999992966652,2.60415009260178,301.527157592773,294.430949401855,0.0020000000949949,0.00499999988824129,"Leptocypris modestus",427232.847467338,1,1,0,NA,NA,NA,NA,NA,1,"LC",4319
"9410",0.0568000003695488,2427.31201171875,18.6,0.241399997472763,0.804999995231626,300.967993164062,293.540802001953,0.0020000000949949,0.00499999988824129,"Aphyosemion louessense",35920.1589723294,1,0,0,NA,NA,NA,NA,NA,1,"VU",417
"9416",0.689000010490417,2546.23803710938,0,1.44700002670288,1.44700002670288,303.018642425537,289.285057830811,0.00700000021606684,0.00899999961256981,"Lichnochromis acuticeps",2683.74261882117,0,1,1,NA,NA,NA,NA,NA,1,"LC",32
"9417",8.72200012207031,703.588989257812,0,1.44200003147125,1.44200003147125,301.572998046875,292.190002441406,0.00300000002607703,0.00499999988824129,"Lamprologus ornatipinnis",33012.5919769452,0,1,1,NA,NA,NA,NA,NA,1,"LC",386
"9419",0,5332.326171875,39,0.800999999046326,3.1159999370575,308.197998046875,284.799987792969,0.00300000002607703,0.0120000001043081,"Chanos chanos",9858.6599157916,1,1,0,180,"highly commercial",1,2.59,"Omni.",2,"LC",81
"9421",0,9131.9716796875,48,0.441125012934208,3.47300004959106,303.365886688232,287.556125640869,0.00499999988824129,0.0130000002682209,"Enteromius barotseensis",741406.354714095,1,1,0,5,"of potential interest",0,NA,NA,3,"LC",5166
"9424",0,12037.8349609375,45,0.390299990773201,3.5154000043869,310.287185668945,289.420910644531,0.00300000002607703,0.0140000004321337,"Pollimyrus petherici",193004.745709027,1,1,0,NA,NA,NA,NA,NA,2,"LC",1333
"9435",0,45328.32421875,42,0.232999995350838,2.60037496089935,301.786015319824,294.295989990234,0.0020000000949949,0.00499999988824129,"Tylochromis robertsi",477339.940784077,1,1,0,21.1000003814697,NA,0,2.44,"Omni.",1,"LC",4734
"9436",0,45825.2890625,45,0.232999995350838,2.98157504200935,308.665985107422,287.158417510986,0.0020000000949949,0.0130000002682209,"Hydrocynus vittatus",3731467.69133885,1,1,0,105,"commercial",0,3.93,"Carni.",1,"LC",30978
"9437",0.833000004291534,789.304016113281,0,1.97599995136261,1.97599995136261,298.594673919678,293.992588806152,0.0020000000949949,0.00300000002607703,"Haplochromis pseudopellegrini",70029.8147067808,0,1,1,15,NA,0,4.2,"Carni.",1,"DD",814
"9438",0,73.4250030517578,35.75,1.39687497913837,2.54449997246265,302.249353790283,296.603728485107,0.00499999988824129,0.00499999988824129,"Nothobranchius ruudwildekampi",1024.51389670026,1,1,0,2.49000000953674,NA,0,NA,NA,1,"VU",12
"9440",0.0316749994643033,937.736022949219,4.925,0.377600003033876,1.0440000295639,302.475525665283,286.947619628906,0.00300000002607703,0.0120000001043081,"Fundulopanchax rubrolabialis",10636.7017350887,1,1,0,NA,NA,NA,NA,NA,1,"EN",124
"9441",21.9029998779297,3085.00805664062,0,0.685999989509583,0.685999989509583,305.445263671875,299.324127960205,0.00300000002607703,0.00400000018998981,"Neobola stellae",8758.08952918663,0,1,1,NA,NA,NA,NA,NA,2,"LC",100
"9446",0.169125006720424,2538.36596679688,1,0.291099993884563,1.12945000231266,303.057183074951,293.365997314453,0.00300000002607703,0.00899999961256981,"Scriptaphyosemion chaytori",35044.6540581911,1,1,0,NA,NA,NA,NA,NA,1,"VU",412
"9447",0,11334.392578125,23.875,0.112999998033047,1.41712498664856,300.41686630249,287.668369293213,0.0020000000949949,0.00400000018998981,"Clarias dhonti",166333.183954518,1,1,0,NA,NA,NA,NA,NA,1,"LC",1686
"9449",0,262.276000976562,31.175,0.557549990713596,1.9352500140667,299.445483398437,287.576097106934,0.00600000005215406,0.00999999977648258,"Steatocranus bleheri",8174.12430357927,1,1,0,NA,NA,NA,NA,NA,3,"DD",92
"9451",0,927.523986816406,36,0.248999997973442,1.97599995136261,302.467534637451,284.602613830566,0.00300000002607703,0.00700000021606684,"Enteromius yongei",137446.344983826,1,1,0,5.59999990463257,NA,0,2.3,"Omni.",1,"LC",1038
"9452",0,785.924987792969,30.1,0.268600001186132,1.67967501282692,299.721002960205,292.681436920166,0.0020000000949949,0.00400000018998981,"Platyclarias machadoi",7652.5934798573,1,1,0,NA,NA,NA,NA,NA,1,"DD",70
"9453",0,5633.46484375,38,0.209450004994869,2.17385002374649,302.90470123291,290.389305114746,0.00300000002607703,0.00600000005215406,"Labeobarbus macrolepis",174204.534099668,1,1,0,NA,NA,NA,NA,NA,1,"NT",1327
"9455",0,45918.515625,42,0.185000002384186,2.82599997520447,309.052001953125,289.546119689941,0.0020000000949949,0.0130000002682209,"Mormyrops anguilloides",2742295.02311893,1,1,0,150,"commercial",0,3.77,"Carni.",1,"LC",20986
"9459",0,4319.72216796875,45,0.359349998086691,2.96224998831749,300.406460571289,290.685565948486,0.00100000004749745,0.00499999988824129,"Enteromius mediosquamatus",50010.7481289231,1,1,0,NA,NA,NA,NA,NA,1,"DD",488
"9462",0,3012.11206054688,43,0.668875008821487,2.45274993777275,303.235507965088,286.137615203857,0.00600000005215406,0.0109999999403954,"Chetia brevicauda",60841.8651289638,1,0,0,12.5,NA,0,NA,NA,1,"LC",746
"9464",0,45918.515625,43,0.211550005152822,2.66172509789467,300.860564422607,293.72784576416,0.0020000000949949,0.00600000005215406,"Chrysichthys brevibarbis",205889.491551398,1,1,0,NA,NA,NA,NA,NA,1,"LC",1938
"9465",0,4742.22119140625,21.375,0.231874994933605,1.35212501883507,301.998992919922,290.998737335205,0.00300000002607703,0.00912499963305891,"Aphyosemion franzwerneri",27111.4098473989,1,1,0,NA,NA,NA,NA,NA,1,"EN",316
"9466",0,12016.1474609375,43,0.18472500666976,2.73787499666214,300.274993896484,295.567798614502,0.0020000000949949,0.0020000000949949,"Tylochromis elongatus",35266.7178258257,1,1,0,15.3000001907349,NA,0,2.65,"Omni.",1,"DD",388
"9468",0,3169.208984375,32.6,0.221799993515015,2.3974000453949,301.476593017578,289.822393798828,0.00300000002607703,0.00800000037997961,"Alestes ansorgii",20115.4981059968,1,1,0,NA,NA,NA,NA,NA,1,"LC",185
"9471",0,374.5419921875,36,0.110950001329184,2.19199998378754,305.496604919434,274.038500976563,0.0189999993890524,0.0280000008642673,"Carasobarbus moulouyensis",87309.0848855475,1,0,0,NA,NA,NA,NA,NA,3,"LC",719
"9475",0.833000004291534,789.304016113281,0,1.97599995136261,1.97599995136261,298.594623565674,293.989990234375,0.0020000000949949,0.00300000002607703,"Haplochromis cinctus",70201.9485614657,0,1,1,8.80000019073486,NA,0,2,"Herbi.",1,"CR",816
"9476",27.0389995574951,103.972999572754,0,0.337999999523163,0.337999999523163,295.157012939453,289.976599121094,0.0020000000949949,0.00220000008121133,"Haplochromis scheffersi",2837.93065776997,0,1,1,8.5,NA,0,NA,NA,3,"LC",33
"9480",0,752.841979980469,42.7,0.547399997711182,3.12619988918304,304.627490234375,288.326400756836,0.00210000008810312,0.011500000115484,"Ephippus goreensis",3908.40239071528,1,0,0,30,"minor commercial",1,3.45,"Carni.",1,"LC",45
"9481",0,36870.85546875,42,0.226250000298023,2.77050006389618,300.820259094238,296.058242797852,0.0020000000949949,0.00300000002607703,"Clariallabes uelensis",130581.886359654,1,1,0,NA,NA,NA,NA,NA,1,"LC",1351
"9482",0.103975002095103,6371.3427734375,6.02499999999998,0.274800005555153,1.96662496328354,301.16608581543,291.718851470947,0.0020000000949949,0.00600000005215406,"Doumea gracila",41254.638785791,NA,NA,0,NA,NA,NA,NA,NA,1,"VU",480
"9483",0,45620.22265625,42,0.237000003457069,2.64884994029999,301.965852355957,293.126155853271,0.0020000000949949,0.00499999988824129,"Brycinus bimaculatus",876061.474734945,NA,NA,0,NA,NA,NA,NA,NA,1,NA,8844
"9484",0.0438250000588596,318.692993164062,29.35,0.27412500679493,1.19140003919601,302.968339538574,297.0419921875,0.00300000002607703,0.00400000018998981,"Limbochromis robertsi",23438.5616850215,1,0,0,NA,NA,NA,NA,NA,1,"EN",194
"9487",0.833000004291534,797.286010742188,0,1.97599995136261,1.97599995136261,299.014126586914,293.911010742188,0.0020000000949949,0.00300000002607703,"Haplochromis mbipi",72008.7472782697,0,1,1,13.0600004196167,NA,0,2.58,"Omni.",1,"LC",832
"9490",0,45859.06640625,40,0.114300003089011,3.19514991044998,300.815480804443,292.908116149902,0.0020000000949949,0.00700000021606684,"Chiloglanis carnosus",17056.9636145755,1,1,0,NA,NA,NA,NA,NA,1,"NT",168
"9491",0.689000010490417,2546.23803710938,0,1.44700002670288,1.44700002670288,302.916114807129,289.409999847412,0.00700000021606684,0.00899999961256981,"Ctenopharynx pictus",4694.31397546243,0,1,1,12.6000003814697,"commercial",0,3,"Carni.",1,"LC",56
"9492",0,7055.5361328125,42,0.425999999046326,2.34594995975494,301.638478851318,288.101134490967,0.0020000000949949,0.00899999961256981,"Kneria wittei",208038.957747166,1,1,0,NA,NA,NA,NA,NA,1,"LC",1982
"9493",0.689000010490417,2546.23803710938,0,1.44700002670288,1.44700002670288,301.806011962891,289.533407592773,0.00800000037997961,0.00889999968931079,"Labidochromis maculicauda",422.101536995476,0,1,1,6.40000009536743,"commercial",0,3.35,"Carni.",1,"LC",5
"9495",0.0450000017881393,3274.53393554688,23,0.204999998211861,1.28250001370907,305.020378112793,294.143989562988,0.00300000002607703,0.00700000021606684,"Marcusenius ussheri",566726.020661404,1,0,0,NA,NA,NA,NA,NA,1,"LC",6176
"9498",0,36856.625,36.4749999999999,0.265524994581938,1.99640003740787,301.56569442749,291.797576141357,0.0020000000949949,0.00600000005215406,"Paramphilius baudoni",153850.70555793,1,1,0,NA,NA,NA,NA,NA,1,"LC",1542
"9499",0.0264250006061047,2100.81494140625,25.1,0.320175001770258,2.36530001163483,300.827738952637,293.513377380371,0.0020000000949949,0.0055249999742955,"Chrysichthys nyongensis",15460.411232987,NA,NA,0,NA,NA,NA,NA,NA,1,"VU",180
"9500",0,13524.0048828125,38,0.136999994516373,2.15899991989136,308.385009765625,286.416211700439,0.0020000000949949,0.017000000923872,"Bagrus docmak",826113.69276976,1,1,0,127,"commercial",0,4.08,"Carni.",1,"LC",6004
"9504",0.689000010490417,2546.23803710938,0,1.44700002670288,1.44700002670288,303.043180847168,289.298007965088,0.00700000021606684,0.00899999961256981,"Sciaenochromis fryeri",6876.2660956166,0,1,1,11.5,NA,0,4.2,"Carni.",1,"LC",82
"9507",0,527.762023925781,42,0.411249998956919,1.99747500121594,301.18948135376,287.196070861816,0.00400000018998981,0.00700000021606684,"Synodontis ricardoae",72714.2791921898,1,1,0,NA,NA,NA,NA,NA,1,"LC",702
"9513",0.689000010490417,2546.23803710938,0,1.44700002670288,1.44700002670288,302.707967376709,290.965370178223,0.00800000037997961,0.00899999961256981,"Mylochromis plagiotaenia",2003.75733240314,0,1,1,NA,NA,NA,NA,NA,1,"LC",24
"9518",0.00899999961256981,13524.0048828125,26,0.141250003129244,1.45699995756149,306.657241821289,294.481491088867,0.00300000002607703,0.00800000037997961,"Micralestes occidentalis",825797.330774132,1,0,0,NA,NA,NA,NA,NA,1,"LC",8691
"9523",0.00832499964162708,465.834014892578,8,0.179475006088614,1.14447503089905,302.322962188721,290.411010742188,0.00300000002607703,0.0109999999403954,"Benitochromis ufermanni",10114.652550309,1,0,0,NA,NA,NA,NA,NA,1,"EN",118
"9524",0.0287500000558794,263.342010498047,30.75,0.47749999910593,1.50625005364418,306.633255004883,288.677490234375,0.00499999988824129,0.00899999961256981,"Garra duobarbis",8212.55202130936,1,1,0,6.67999982833862,"of no interest",0,NA,NA,1,"VU",91
"9526",0,45920.859375,21,0.224999994039536,1.26775003969669,301.71862411499,291.165115356445,0.0020000000949949,0.00700000021606684,"Epiplatys ansorgii",209971.74159737,1,0,0,NA,NA,NA,NA,NA,1,"LC",2426
"9528",0.0146999997552484,385.933013916016,37,0.200550004094839,2.52849994897842,308.022143554687,295.552001953125,0.00400000018998981,0.00999999977648258,"Micralestes pabrensis",187466.281287008,1,1,0,NA,NA,NA,NA,NA,1,"LC",1035
"9529",0.689000010490417,2546.23803710938,0,1.44700002670288,1.44700002670288,302.659378051758,291.661948394775,0.00800000037997961,0.00899999961256981,"Labidochromis shiranus",1502.68297701508,1,1,0,NA,NA,NA,NA,NA,1,"LC",18
"9530",0.0645749999210238,4742.22119140625,17.425,0.196574996039271,1.89142500162125,300.865674591064,291.476356506348,0.00300000002607703,0.00499999988824129,"Sanagia velifera",156257.238705418,1,0,0,NA,NA,NA,NA,NA,1,"NT",1824
"9531",0,7559.7177734375,27,0.26497498601675,1.73002501726151,305.361267852783,289.913001251221,0.00300000002607703,0.00899999961256981,"Clarias salae",361755.333464727,1,1,0,NA,NA,NA,NA,NA,1,"LC",4200
"9532",0.677750009298325,37307.2734375,0,0.223850006610155,0.719650012254714,301.941096496582,289.182006835938,0.0020000000949949,0.00600000005215406,"Brycinus intermedius",68336.0278997945,NA,NA,0,NA,NA,NA,NA,NA,1,NA,795
"9533",0.00415000014472753,633.206970214844,34.85,0.172999992966652,1.68430001735688,305.753462219238,291.336756896973,0.00400000018998981,0.00800000037997961,"Aphyosemion bualanum",52198.3705046744,1,1,0,NA,NA,NA,NA,NA,1,"LC",607
"9536",0,17901.61328125,45,0.48759999871254,3.08090007305145,308.451208496094,284.020590209961,0.00400000018998981,0.0130000002682209,"Ambassis natalensis",264997.84404839,1,1,0,10,"of no interest",1,3.42,"Carni.",1,"LC",2125
"9546",0,424.93798828125,42,0.424999997019768,2.02249991893768,301.174987792969,293.397003173828,0.00400000018998981,0.00700000021606684,"Mastacembelus shiloangoensis",12859.0944541663,1,0,0,14.3999996185303,NA,0,NA,NA,1,"DD",141
"9547",0.689000010490417,2546.23803710938,0,1.44700002670288,1.44700002670288,301.429992675781,292.595001220703,0.00800000037997961,0.00800000037997961,"Pseudotropheus williamsi",84.1614107759323,0,1,1,16.5,"commercial",0,3.37,"Carni.",1,"NT",1
"9549",0,259.411987304688,24.5,0.394500009715557,1.5531250089407,297.576503753662,284.879493713379,0.00300000002607703,0.00499999988824129,"Enteromius loveridgii",13421.3107293717,1,0,0,NA,NA,NA,NA,NA,3,"VU",136
"9553",0.689000010490417,2546.23803710938,0,1.44700002670288,1.44700002670288,303.043180847168,289.298007965088,0.00700000021606684,0.00899999961256981,"Mchenga thinos",6876.2660956166,0,1,1,7.84000015258789,NA,0,3.4,"Carni.",1,"LC",82
"9554",0,3035.248046875,40,0.50847500115633,2.57102500200272,302.739837646484,279.185029602051,0.00499999988824129,0.0140000004321337,"Ambassis gymnocephalus",36933.646397756,1,1,0,16,"minor commercial",1,3.91,"Carni.",3,"LC",398
"9556",8.72200012207031,703.588989257812,0,1.44200003147125,1.44200003147125,301.572998046875,292.190002441406,0.00300000002607703,0.00499999988824129,"Trematocara kufferathi",33012.5919769452,0,1,1,NA,NA,NA,NA,NA,1,"LC",386
"9557",0,227.733001708984,41.125,0.469500008970499,2.59912499785423,302.724239349365,284.98962020874,0.00587500003166497,0.0109999999403954,"Glossogobius giuris",9860.131620882,1,1,0,50,"minor commercial",1,3.57,"Carni.",3,"LC",116
"9561",0,36908.328125,36,0.186650005728006,2.19672494530678,300.753997802734,295.96665802002,0.0020000000949949,0.00300000002607703,"Bathyaethiops greeni",118041.572242483,1,1,0,NA,NA,NA,NA,NA,1,"LC",1274
"9569",0.833000004291534,789.304016113281,0,1.97599995136261,1.97599995136261,298.594623565674,293.989990234375,0.0020000000949949,0.00300000002607703,"Haplochromis chrysogynaion",70201.9485614657,0,1,1,9.13000011444092,NA,0,4.2,"Carni.",1,"DD",816
"9570",0.833000004291534,789.304016113281,0,1.97599995136261,1.97599995136261,298.594623565674,293.989990234375,0.0020000000949949,0.00300000002607703,"Haplochromis maculipinna",70201.9485614657,1,1,0,16.6000003814697,NA,0,3.87,"Carni.",1,"DD",816
"9572",0,2547.44506835938,39,0.47299998998642,1.9121499478817,303.012936401367,283.889398193359,0.00700000021606684,0.0109999999403954,"Opsaridium microlepis",108323.478212919,1,1,0,47,"commercial",0,NA,NA,3,"VU",1238
"9576",0.417174992710352,703.588989257812,0,1.44200003147125,1.44200003147125,301.572998046875,292.190002441406,0.00300000002607703,0.00499999988824129,"Petrochromis famula",34890.675799273,0,1,1,15.1000003814697,"commercial",0,2,"Herbi.",1,"LC",404
"9577",0.799500018358231,664.119018554688,0,0.278999999165535,0.88850000500679,301.202499389648,294.876510620117,0.00300000002607703,0.00400000018998981,"Chiloglanis harbinger",5241.38279962411,NA,NA,0,NA,NA,NA,NA,NA,1,"VU",61
"9578",0,45825.2890625,42,0.229700003564358,2.60725001096725,301.866804504395,294.350135803223,0.0020000000949949,0.00499999988824129,"Microthrissa royauxi",460767.576914054,1,1,0,9.89999961853027,"subsistence fisheries",0,NA,NA,1,"LC",4575
"9581",0,45918.515625,40,0.209999993443489,2.41799998283386,301.546997070312,292.691986083984,0.00100000004749745,0.00600000005215406,"Distichodus antonii",581652.097429274,1,1,0,55,NA,0,NA,NA,1,"LC",5761
"9583",0,45920.859375,32,0.23199999332428,1.93900001049042,304.207000732422,291.619506835938,0.00300000002607703,0.00899999961256981,"Bostrychus africanus",621825.61246727,1,1,0,NA,NA,NA,NA,NA,1,"LC",6941
"9585",0,756.489013671875,33.5,0.260249994695187,2.33499991893768,298.999496459961,287.460250854492,0.00300000002607703,0.00700000021606684,"Enteromius evansi",22311.30634913,1,1,0,NA,NA,NA,NA,NA,2,"LC",191
"9586",0.689000010490417,2546.23803710938,0,1.44700002670288,1.44700002670288,303.043180847168,289.298007965088,0.00700000021606684,0.00899999961256981,"Rhamphochromis esox",6876.2660956166,0,1,1,42,"commercial",0,4.2,"Carni.",1,"VU",82
"9589",0,37367.671875,41,0.252000004053116,2.56767491698265,301.596454620361,292.527788543701,0.0020000000949949,0.00499999988824129,"Schilbe laticeps",512486.822380873,1,1,0,NA,NA,NA,NA,NA,1,"LC",5272
"9592",0.0873000007122755,4742.22119140625,9,0.194649997353554,1.17129996418953,301.11033782959,291.291592407227,0.00300000002607703,0.00499999988824129,"Labeo nunensis",139339.083562357,NA,NA,0,NA,NA,NA,NA,NA,1,"LC",1627
"9593",0,45328.32421875,39.15,0.250999987125397,2.46684994697571,302.670989990234,290.098796081543,0.0020000000949949,0.00899999961256981,"Bathyclarias longibarbis",20532.2922109818,0,1,1,NA,NA,NA,NA,NA,1,"LC",235
"9595",0,45918.515625,43,0.232999995350838,2.67812492251396,301.803462219238,291.921342468262,0.00100000004749745,0.00600000005215406,"Clarias angolensis",1108213.25563189,1,1,0,35," ",0,3.25,"Carni.",1,"LC",11208
"9596",0,45825.2890625,42,0.197599998116493,2.59840002059936,301.549011230469,294.381597900391,0.0020000000949949,0.00499999988824129,"Epiplatys chevalieri",714117.610694615,1,1,0,NA,NA,NA,NA,NA,1,"LC",7265
"9597",0,45918.515625,42,0.24099999666214,2.58119993209839,301.734008789062,293.726989746094,0.00100000004749745,0.00499999988824129,"Raiamas christyi",718873.43070295,1,1,0,NA,NA,NA,NA,NA,1,"LC",7305
"9599",0,785.924987792969,29.5,0.253999998793006,1.67112502455711,299.697002410889,288.674633026123,0.0020000000949949,0.00800000037997961,"Chiloglanis angolensis",9228.65480610694,1,1,0,NA,NA,NA,NA,NA,1,"DD",76
"9601",0.00300000002607703,57.1699981689453,32.85,0.199725002422929,1.65352503061295,302.588394927979,296.176443481445,0.00400000018998981,0.00499999988824129,"Enteromius tomiensis",5479.05339432017,1,1,0,NA,NA,NA,NA,NA,1,"DD",64
"9602",0.0520000010728836,2401.25708007812,26,0.170000001788139,1.33439998626709,305.209991455078,295.710797119141,0.00300000002607703,0.00700000021606684,"Citharinus eburneensis",270554.011446039,1,1,0,NA,NA,NA,NA,NA,1,"LC",2833
"9605",0,11651.462890625,47,0.425000011920929,4.03305007815361,311.476727294922,290.90027923584,0.00300000002607703,0.0179999992251396,"Synodontis khartoumensis",63391.1651106958,1,1,0,NA,NA,NA,NA,NA,2,"DD",348
"9610",0.00430000019259751,145.856994628906,15.9,1.08720000982285,1.46789997816086,300.748202514648,283.353512573242,0.00810000030323863,0.0109999999403954,"Marcusenius caudisquamatus",377.681731883932,1,0,0,25.5,NA,0,NA,NA,3,"EN",5
"9612",0,3903.67700195312,38.425,0.460875001549721,2.13120002150535,300.056327819824,287.402587127686,0.00600000005215406,0.00942499968223269,"Chetia mola",47807.5119351972,1,1,0,NA,NA,NA,NA,NA,3,"EN",544
"9613",1.00365000963211,166.878997802734,0,0.0958500009030104,0.293999999761581,298.165594482422,284.66960144043,0.00100000004749745,0.0020000000949949,"Labeobarbus longifilis",6795.48120062974,1,1,0,NA,NA,NA,NA,NA,1,"DD",79
"9615",0,37367.671875,41,0.231199998408556,2.45694997310638,300.832453918457,296.439903259277,0.0020000000949949,0.00300000002607703,"Poropanchax brichardi",113806.03950658,NA,NA,0,NA,NA,NA,NA,NA,1,NA,1223
"9618",0,5633.46484375,43,0.529999971389771,2.3260499715805,302.904998779297,286.498129272461,0.00499999988824129,0.00899999961256981,"Marcusenius livingstonii",519688.617367391,1,1,0,NA,NA,NA,NA,NA,1,"LC",5220
"9619",8.72200012207031,3169.208984375,0,0.887000024318695,1.44200003147125,301.568196105957,292.190002441406,0.00300000002607703,0.00499999988824129,"Limnothrissa miodon",38198.5153559517,0,1,1,17,"commercial",0,2.71,"Omni.",1,"LC",447
"9621",0.417174992710352,703.588989257812,0,1.44200003147125,1.44200003147125,301.572998046875,292.190002441406,0.00300000002607703,0.00499999988824129,"Neolamprologus crassus",34890.675799273,0,1,1,NA,NA,NA,NA,NA,1,"LC",404
"9623",0.689000010490417,2546.23803710938,0,1.44700002670288,1.44700002670288,301.009002685547,291.078002929688,0.00800000037997961,0.00800000037997961,"Copadichromis melas",84.0822731726227,0,1,1,NA,NA,NA,NA,NA,1,"LC",1
"9626",0,3274.53393554688,29.2249999999995,0.272775004804134,1.71922499239445,307.061004638672,293.177240753174,0.00300000002607703,0.00899999961256981,"Tylochromis jentinki",440844.671936093,1,0,0,27,NA,0,2.65,"Omni.",1,"LC",4632
"9628",0,45825.2890625,42,0.226999998092651,2.58787503838539,301.637748718262,293.699615478516,0.0020000000949949,0.00499999988824129,"Labeo degeni",368176.941967014,1,0,0,NA,NA,NA,NA,NA,1,"LC",3566
"9629",21.9029998779297,1609.28796386719,0,0.685999989509583,0.685999989509583,305.424865722656,299.920745849609,0.00300000002607703,0.00400000018998981,"Haplochromis turkanae",8328.83092852185,0,1,1,8.60000038146973,NA,0,3.5,"Carni.",2,"LC",96
"9633",0,166.225997924805,30,0.325274992734194,1.59405002295971,298.317206573486,279.140715789795,0.00899999961256981,0.0160000007599592,"Enteromius amatolicus",34600.4703324986,1,0,0,NA,NA,NA,NA,NA,3,"DD",292
"9635",0.16387499589473,858.440002441406,7.375,0.1875,0.569000020623207,299.717624664307,291.870002746582,0.00300000002607703,0.00400000018998981,"Orthochromis malagaraziensis",6000.61670363593,1,0,0,NA,NA,NA,NA,NA,1,"VU",56
"9637",0.833000004291534,789.304016113281,0,1.97599995136261,1.97599995136261,298.594623565674,293.989990234375,0.0020000000949949,0.00300000002607703,"Haplochromis spekii",70201.9485614657,0,1,1,22,NA,0,4.2,"Carni.",1,"DD",816
"9640",0,4415.455078125,38.45,0.166850002110004,2.24549995660782,306.849359130859,292.954547119141,0.00499999988824129,0.00800000037997961,"Chiloglanis benuensis",12187.45744931,1,0,0,NA,NA,NA,NA,NA,1,"LC",143
"9641",0.833000004291534,789.304016113281,0,1.97599995136261,1.97599995136261,298.594673919678,293.992588806152,0.0020000000949949,0.00300000002607703,"Haplochromis paropius",70029.8147067808,0,1,1,8.69999980926514,NA,0,2.29,"Omni.",1,"LC",814
"9642",0,1352.28405761719,26.525,0.196474995836616,2.08687505125999,306.990305328369,292.492509460449,0.00300000002607703,0.00800000037997961,"Dagetichthys lakdoensis",39886.760367219,1,0,0,NA,NA,NA,NA,NA,1,"LC",460
"9643",0.22355000115931,2538.36596679688,1,0.282274998724461,1.08892502188683,302.716681671143,293.365997314453,0.00300000002607703,0.00899999961256981,"Enteromius bagbwensis",25516.3409531026,1,0,0,NA,NA,NA,NA,NA,1,"CR",300
"9646",0.337600003927946,5342.4912109375,0,0.293325008451939,1.3289999961853,303.019402313232,288.847174835205,0.00499999988824129,0.00899999961256981,"Labeobarbus surkis",14718.6604068085,1,1,0,43,NA,0,2.89000010490417,"Carni.",1,"DD",174
"9648",0,309.535003662109,44.25,0.35700000077486,2.92524993419647,300.391510009766,290.9169921875,0.00100000004749745,0.00499999988824129,"Zaireichthys dorae",19537.323085642,1,1,0,2.70000004768372,NA,0,NA,NA,1,"DD",191
"9649",0,10605.4443359375,36.85,0.113050002790988,2.32269993722439,303.836234283447,279.899647521973,0.013675000378862,0.0225499999709427,"Dicentrarchus punctatus",4246.82395638508,1,0,0,70,"minor commercial",1,3.94,"Carni.",2,"LC",10
"9654",0,132.837005615234,34,0.0978999998420477,2.30720000267029,308.408996582031,291.007405090332,0.00564999999478459,0.00999999977648258,"Danakilia franchettii",5866.31675790706,0,1,1,7.40000009536743,NA,0,2,"Herbi.",2,"EN",67
"9655",0.0209999997168779,252.246002197266,24,0.181800001859665,1.32200005054474,301.958807373047,295.143206787109,0.00400000018998981,0.00499999988824129,"Aphyosemion decorsei",26140.8532141185,1,0,0,NA,NA,NA,NA,NA,1,"DD",305
"9657",0,17901.61328125,42,0.0189999993890524,2.87784994840622,308.785905456543,291.117753601074,0.00400000018998981,0.0120000001043081,"Istigobius ornatus",74418.4719932334,1,0,0,11,"commercial",1,4.3,"Carni.",2,"LC",483
"9658",0,5633.46484375,46,0.632049989700317,2.89895004034042,302.908996582031,291.050741577148,0.00400000018998981,0.00600000005215406,"Nothobranchius melanospilus",67022.6650881762,1,1,0,5,"of no interest",0,3.25,"Carni.",1,"LC",575
"9659",0,17901.61328125,44,0.346524994820356,2.8304250061512,304.92247543335,283.648010253906,0.0020000000949949,0.0140000004321337,"Labeo cylindricus",2015928.26727013,1,1,0,25,"commercial",0,2,"Herbi.",1,"LC",16222
"9660",0,1024.88098144531,39.475,0.711574989557266,2.43327493071556,302.023801422119,281.119153594971,0.00800000037997961,0.0130000002682209,"Chiloglanis emarginatus",48801.6599405987,1,0,0,6.5,"minor commercial",0,3.2,"Carni.",3,"VU",502
"9661",0,45346.265625,42,0.177000001072884,2.72099995613098,309.747985839844,290.940002441406,0.00300000002607703,0.0140000004321337,"Malapterurus electricus",3788711.35745409,1,1,0,122,"subsistence fisheries",0,2.93,"Carni.",1,"LC",28921
"9666",0,13524.0048828125,36,0.12899999320507,2.23600006103516,308.884399414062,293.934405517578,0.00300000002607703,0.0120000001043081,"Enteromius sublineatus",931006.447595991,1,1,0,8.52999973297119,NA,0,2.72,"Omni.",1,"LC",7953
"9675",0,45859.06640625,40.9499999999998,0.214050001651049,2.52265000343323,301.590853881836,292.861386108398,0.0020000000949949,0.00600000005215406,"Labeo nasus",339820.703185468,1,1,0,NA,NA,NA,NA,NA,1,"LC",3443
"9676",8.72200012207031,703.588989257812,0,1.44200003147125,1.44200003147125,301.572998046875,292.190002441406,0.00300000002607703,0.00499999988824129,"Hemibates stenosoma",33183.4448681446,0,1,1,30,"commercial",0,4.07,"Carni.",1,"LC",388
"9677",0.115499999374151,501.798004150391,5.09999999999999,0.406500005722046,0.967800009250641,303.947106933594,293.855001831055,0.00499999988824129,0.00700000021606684,"Enteromius salessei",16650.1856674043,1,0,0,NA,NA,NA,NA,NA,1,"LC",197
"9689",0,17901.61328125,42,0.244775004312396,2.67199993133545,306.933460235596,281.753771209717,0.00300000002607703,0.0149999996647239,"Anguilla bengalensis",5505711.28358033,1,1,0,200,"commercial",1,NA,NA,1,"NT",43472
"9690",0,137.703994750977,29.9,0.288424997031689,1.89672501683235,300.386451721191,289.138877105713,0.00400000018998981,0.00499999988824129,"Chiloglanis neumanni",11057.5782281821,1,0,0,6.5,"commercial",0,2.77,"Omni.",2,"DD",72
"9691",0,17901.61328125,42,0.264999985694885,2.69630007743835,306.104800415039,281.226092529297,0.00300000002607703,0.0140000004321337,"Anguilla bicolor",4217296.66918757,1,1,0,123,"minor commercial",1,3.55,"Carni.",1,"NT",31949
"9693",0.689000010490417,2546.23803710938,0,1.44700002670288,1.44700002670288,303.043180847168,289.298007965088,0.00700000021606684,0.00899999961256981,"Otopharynx auromarginatus",6876.2660956166,1,1,0,24.5,"commercial",0,2,"Herbi.",1,"LC",82
"9697",0,1284.30895996094,45,0.190524998679757,2.96907497048378,299.916468811035,292.234532165527,0.00100000004749745,0.00400000018998981,"Thoracochromis schwetzi",57441.6707966439,NA,NA,0,NA,NA,NA,NA,NA,1,NA,528
"9698",NA,NA,NA,NA,NA,NA,NA,NA,NA,"Salmo ferox",768.744904320587,1,1,0,80,NA,0,3.83,"Carni.",2,"DD",0
"9699",0.985249996185303,1382.3740234375,0,0.224300006777048,0.690500018000603,302.895506286621,290.625595092773,0.00300000002607703,0.00494999990332872,"Chiloglanis polypogon",10535.3004292425,1,0,0,NA,NA,NA,NA,NA,1,"NT",123
"9703",0,244.921005249023,41.35,0.889900004863739,2.66324993371963,304.108703613281,284.954112243652,0.00600000005215406,0.0109999999403954,"Lacustricola myaposae",17099.5853747581,1,1,0,5.5," ",0,2.58,"Omni.",3,NA,187
"9708",0.323349997401237,703.588989257812,0,0.178150003403425,1.44200003147125,301.509943389893,287.07438583374,0.0020000000949949,0.00499999988824129,"Lates mariae",43584.4713272509,0,1,1,80,"commercial",0,4.19,"Carni.",1,"VU",504
"9709",8.72200012207031,703.588989257812,0,1.44200003147125,1.44200003147125,301.572998046875,292.190002441406,0.00300000002607703,0.00499999988824129,"Benthochromis tricoti",33354.7184506497,0,1,1,16.5,"commercial",0,3.45,"Carni.",1,"LC",390
"9713",0,133.354995727539,47.15,0.791249984502792,2.80064995288849,302.795310974121,292.615144348145,0.00484999993350357,0.00630000010132789,"Enteromius usambarae",2999.92462023346,0,1,1,NA,NA,NA,NA,NA,1,"LC",35
"9715",0,45825.2890625,44,0.240474995598197,2.79962499141693,300.832529449463,294.697998046875,0.0020000000949949,0.00400000018998981,"Bathyaethiops caudomaculatus",292410.073241207,1,1,0,NA,NA,NA,NA,NA,1,"LC",2700
"9716",0.00400000018998981,37307.2734375,22,0.243000000715256,1.609124943614,301.56720123291,289.95036315918,0.0020000000949949,0.00600000005215406,"Chiloglanis cameronensis",110427.246680427,NA,NA,0,NA,NA,NA,NA,NA,1,"LC",1284
"9717",0.417174992710352,703.588989257812,0,1.44200003147125,1.44200003147125,301.572998046875,292.190002441406,0.00300000002607703,0.00499999988824129,"Spathodus marlieri",34890.675799273,0,1,1,NA,NA,NA,NA,NA,1,"LC",404
"9722",0.833000004291534,789.304016113281,0,1.97599995136261,1.97599995136261,298.594623565674,293.989990234375,0.0020000000949949,0.00300000002607703,"Haplochromis dolichorhynchus",70201.9485614657,0,1,1,11.8999996185303,NA,0,3.4,"Carni.",1,"DD",816
"9723",0,36493.0546875,28.1499999999999,0.28084999024868,1.49229997992516,303.545310974121,293.975639343262,0.00300000002607703,0.00600000005215406,"Epiplatys dageti",192135.759254006,1,1,0,NA,NA,NA,NA,NA,1,"LC",2075
"9727",0,9131.9716796875,45,0.166999995708466,3.10480000972748,303.076596069336,287.46764831543,0.0020000000949949,0.0130000002682209,"Mastacembelus frenatus",876976.112576822,1,1,0,40,NA,0,3.87,"Carni.",1,"LC",7143
"9728",0.689000010490417,2546.23803710938,0,1.44700002670288,1.44700002670288,302.670989990234,289.403015136719,0.00700000021606684,0.00800000037997961,"Eclectochromis lobochilus",29454.7533964954,NA,NA,0,NA,NA,NA,NA,NA,1,NA,350
"9729",0,1294.81994628906,27,0.852124996483326,1.86700002849102,303.81298828125,293.53125,0.00400000018998981,0.00887499970849603,"Synodontis kogonensis",14021.218925461,1,0,0,NA,NA,NA,NA,NA,1,"VU",166
"9734",0.138000003993511,213.186004638672,7.19999999999999,0.0843000024557114,0.547100001573562,296.545901489258,286.155487060547,0.00100000004749745,0.00300000002607703,"Synodontis ruandae",6791.49875291069,1,1,0,NA,NA,NA,NA,NA,1,"VU",69
"9740",0.604400014877319,797.286010742188,0,0.455200004577637,1.97599995136261,301.144598388672,293.911010742188,0.0020000000949949,0.00400000018998981,"Haplochromis phytophagus",79405.5495387361,0,1,1,8.60000038146973,"commercial",0,2,"Herbi.",1,"DD",897
"9741",0.417174992710352,703.588989257812,0,1.44200003147125,1.44200003147125,301.572998046875,292.190002441406,0.00300000002607703,0.00499999988824129,"Neolamprologus olivaceous",34890.675799273,0,1,1,NA,NA,NA,NA,NA,1,"DD",404
"9745",0,244.921005249023,43,0.875500023365021,3.03799998760223,304.916000366211,289.154510498047,0.00650000013411045,0.0109999999403954,"Hypseleotris cyprinoides",9281.70384132542,1,0,0,8,NA,1,3.2,"Carni.",3,"DD",101
"9746",0.833000004291534,789.304016113281,0,1.97599995136261,1.97599995136261,298.594673919678,293.992588806152,0.0020000000949949,0.00300000002607703,"Haplochromis paraplagiostoma",70029.8147067808,0,1,1,NA,NA,NA,NA,NA,1,"DD",814
"9750",1.65350001454353,3181.68994140625,0,0.192650002986193,0.599349999427795,301.928298950195,294.154393005371,0.0020000000949949,0.00499999988824129,"Phractura stiassny",15726.6125996643,NA,NA,0,NA,NA,NA,NA,NA,1,"DD",183
"9751",0,860.083984375,40.375,0.25700000487268,2.09899997711182,303.743377685547,296.055370330811,0.00499999988824129,0.00600000005215406,"Enteromius clauseni",5807.60833749396,1,0,0,NA,NA,NA,NA,NA,1,"CR",66
"9752",0,86.447998046875,38,0.60030001103878,2.62134994268417,307.309208679199,297.98065032959,0.00400000018998981,0.00499999988824129,"Uegitglanis zammaranoi",13182.5094100398,1,0,0,10.1000003814697,"of no interest",0,NA,NA,2,"VU",47
"9756",0.00300000002607703,527.762023925781,43,0.319999992847443,1.93900001049042,300.640991210938,290.136993408203,0.00400000018998981,0.00600000005215406,"Enteromius pseudotoppini",17928.3267485632,1,0,0,NA,NA,NA,NA,NA,1,"VU",161
"9759",0.709600019454956,514.588989257812,0,0.286299991607666,0.660399973392486,302.32041015625,290.738293457031,0.00400000018998981,0.00499999988824129,"Chiloglanis niger",5901.51185005901,1,0,0,NA,NA,NA,NA,NA,1,"EN",69
"9761",0.00909999962896109,45859.06640625,40,0.252000004053116,3.42359994649887,300.933410644531,292.779109191895,0.00300000002607703,0.00700000021606684,"Nanochromis splendens",9335.71281336562,1,1,0,NA,NA,NA,NA,NA,1,"VU",83
"9762",0,566.075012207031,36,0.71389998793602,2.13100004196167,302.248309326172,280.568399047852,0.00899999961256981,0.0160000007599592,"Labeobarbus polylepis",129436.937860239,1,0,0,58.5,"commercial",0,3.28,"Carni.",3,"LC",957
"9766",8.72200012207031,703.588989257812,0,1.44200003147125,1.44200003147125,301.572998046875,292.190002441406,0.00300000002607703,0.00499999988824129,"Mastacembelus cunningtoni",33012.5919769452,1,1,0,58,"minor commercial",0,4.17,"Carni.",1,"LC",386
"9767",0,2528.13891601562,36,0.124549999088049,1.99144999086857,307.802355194092,293.605010986328,0.00499999988824129,0.00999999977648258,"Enteromius atakorensis",519086.835817733,1,0,0,NA,NA,NA,NA,NA,1,"LC",3972
"9770",0,490.212005615234,39,0.239874998107553,2.19200006127357,299.022510528564,287.39599609375,0.00300000002607703,0.00700000021606684,"Labeobarbus ensis",11614.5570844204,1,1,0,NA,NA,NA,NA,NA,2,"LC",116
"9774",0.147250001505017,1520.48205566406,2.075,0.315425001829863,0.922074989974499,301.205661773682,293.333759307861,0.0020000000949949,0.00400000018998981,"Aphyosemion kouamense",6711.78624527854,1,0,0,NA,NA,NA,NA,NA,1,"DD",78
"9775",8.72200012207031,703.588989257812,0,1.44200003147125,1.44200003147125,301.572998046875,292.190002441406,0.00300000002607703,0.00499999988824129,"Mastacembelus ellipsifer",33012.5919769452,0,1,1,NA,NA,NA,NA,NA,1,"LC",386
"9776",0,1294.76293945312,47,1.0504999756813,3.5184999704361,303.290496826172,292.22900390625,0.00800000037997961,0.00999999977648258,"Nothobranchius kadleci",1697.83406860771,1,1,0,3.84999990463257,NA,0,NA,NA,1,"NT",21
"9778",0,45825.2890625,44,0.229000002145767,2.72780003547668,303.473999023438,294.710296630859,0.0020000000949949,0.00499999988824129,"Polypterus delhezi",291995.107039474,1,1,0,44,"subsistence fisheries",0,3.19,"Carni.",1,"LC",2773
"9780",0.0136250003706664,25.1000003814697,40,0.387625008821487,2.00724998116493,303.105495452881,295.340370178223,0.00400000018998981,0.00499999988824129,"Clypeobarbus schoutedeni",16569.7623388055,1,1,0,NA,NA,NA,NA,NA,1,"DD",106
"9781",0,2590.998046875,28,0.426999986171722,1.74245000481605,302.49100189209,284.517054748535,0.00300000002607703,0.017000000923872,"Notoglanidium thomasi",13895.3505737183,1,0,0,NA,NA,NA,NA,NA,1,"VU",163
"9784",0.833000004291534,789.304016113281,0,1.97599995136261,1.97599995136261,298.594623565674,293.989990234375,0.0020000000949949,0.00300000002607703,"Haplochromis gowersii",70201.9485614657,0,1,1,22.3999996185303,NA,0,4.2,"Carni.",1,"DD",816
"9785",0.689000010490417,2546.23803710938,0,1.44700002670288,1.44700002670288,302.144012451172,292.09328918457,0.00800000037997961,0.00800000037997961,"Placidochromis mbunoides",585.360219507317,0,1,1,NA,NA,NA,NA,NA,1,"LC",7
"9792",0,497.122009277344,40.2,0.662899994850159,3.40819997787475,302.779293823242,279.970397949219,0.00400000018998981,0.0122000001370907,"Chelidonichthys kumu",6831.76075804417,1,0,0,60,"commercial",1,3.68,"Carni.",1,"LC",77
"9793",0,566.075012207031,39,0.726499998569489,2.37370004653931,302.491702270508,281.169491577148,0.00790000036358834,0.0130000002682209,"Chiloglanis anoterus",72340.6277924546,1,0,0,9,"of no interest",0,3.2,"Carni.",3,"LC",717
"9796",8.72200012207031,703.588989257812,0,1.44200003147125,1.44200003147125,301.572998046875,292.190002441406,0.00300000002607703,0.00499999988824129,"Xenotilapia burtoni",33012.5919769452,0,1,1,NA,NA,NA,NA,NA,1,"VU",386
"9798",0.833000004291534,789.304016113281,0,1.97599995136261,1.97599995136261,298.594623565674,293.989990234375,0.0020000000949949,0.00300000002607703,"Haplochromis chlorochrous",70201.9485614657,0,1,1,12,NA,0,3.6,"Carni.",1,"DD",816
"9799",NA,NA,NA,NA,NA,NA,NA,NA,NA,"Takifugu poecilonotus",388.064428565403,NA,NA,0,NA,NA,NA,NA,NA,2,"LC",0
"9800",0,11238.23828125,48,0.43495000898838,5.29080011844635,309.165246582031,288.671453857422,0.00600000005215406,0.0130000002682209,"Hippopotamyrus harringtoni",53243.6649095889,1,1,0,NA,NA,NA,NA,NA,2,"LC",423
"9801",0,752.841979980469,43,0.640999972820282,3.14299988746643,304.670989990234,287.595001220703,0.0020000000949949,0.0120000001043081,"Wheelerigobius maltzani",3564.19283049281,NA,NA,0,NA,NA,NA,NA,NA,1,"LC",41
"9802",0.456999987363815,6886.80419921875,0,0.326450005173683,0.965600004792214,300.414405822754,292.97430267334,0.0020000000949949,0.00464999999385328,"Amphilius caudosignatus",18492.5325220473,1,0,0,NA,NA,NA,NA,NA,1,"EN",215
"9803",0,17901.61328125,45,0.501999974250793,3.04119992256164,303.518005371094,284.309008789062,0.00400000018998981,0.0120000001043081,"Hippichthys heptagonus",605728.624114118,1,0,0,15,"of no interest",0,NA,NA,1,"LC",6017
"9804",0.0438250000588596,318.692993164062,29.35,0.27412500679493,1.19140003919601,302.968339538574,297.0419921875,0.00300000002607703,0.00400000018998981,"Enteromius subinensis",23438.5616850215,1,0,0,NA,NA,NA,NA,NA,1,"EN",194
"9805",0,2546.23803710938,16,1.44700002670288,1.45000004768372,303.208511352539,289.309005737305,0.00700000021606684,0.00999999977648258,"Buccochromis nototaenia",5110.68811328686,0,1,1,NA,NA,NA,NA,NA,1,"LC",61
"9806",0.689000010490417,2546.23803710938,0,1.44700002670288,1.44700002670288,302.916114807129,289.409999847412,0.00700000021606684,0.00899999961256981,"Aristochromis christyi",4694.31397546243,0,1,1,30,"commercial",0,4,"Carni.",1,"LC",56
"9809",0,17901.61328125,45,0.437000006437302,2.8818750679493,305.042369842529,285.69425201416,0.00400000018998981,0.0120000001043081,"Labeo altivelis",934516.049844737,1,1,0,49,"subsistence fisheries",0,2,"Herbi.",1,"LC",8586
"9810",0,5633.46484375,45,0.669250026345253,2.7767499089241,302.908996582031,292.736759185791,0.00400000018998981,0.00600000005215406,"Synodontis leopardus",116140.497976878,1,0,0,NA,NA,NA,NA,NA,1,"DD",1046
"9813",0.833000004291534,797.286010742188,0,1.97599995136261,1.97599995136261,298.752360534668,293.911010742188,0.0020000000949949,0.00300000002607703,"Haplochromis riponianus",71836.6402717869,0,1,1,10.3999996185303,NA,0,3.2,"Carni.",1,"LC",830
"9815",0,6371.3427734375,43,0.263000011444092,2.73925000429153,301.05549621582,292.69100189209,0.0020000000949949,0.00499999988824129,"Parananochromis caudifasciatus",204279.962620332,1,1,0,NA,NA,NA,NA,NA,1,"LC",2251
"9816",0.212999999523163,1916.51904296875,3,0.18665000423789,0.778949984908104,302.950988769531,294.140463256836,0.00305000003427267,0.00600000005215406,"Synodontis koensis",48063.7778758303,1,1,0,NA,NA,NA,NA,NA,1,"LC",563
"9817",0,2612.15600585938,41.2249999999999,0.314725004136562,3.02242506444453,302.968701171875,296.297810363769,0.00400000018998981,0.00499999988824129,"Irvineia voltae",10093.1360292358,1,0,0,NA,NA,NA,NA,NA,1,"EN",102
"9818",8.72200012207031,703.588989257812,0,1.44200003147125,1.44200003147125,301.572998046875,292.190002441406,0.00300000002607703,0.00499999988824129,"Mastacembelus albomaculatus",33012.5919769452,0,1,1,NA,NA,NA,NA,NA,1,"LC",386
"9819",0,483.723999023438,24.125,0.483125012367964,1.62375003099442,301.116886138916,284.450866699219,0.00400000018998981,0.00700000021606684,"Labeo trigliceps",22362.7108182391,1,0,0,NA,NA,NA,NA,NA,1,"VU",156
"9822",0.0312000013887882,4468.94482421875,4.34999999999997,0.178775004670024,0.956924989819526,302.616549682617,293.832847595215,0.00300000002607703,0.00700000021606684,"Aphyosemion bivittatum",13196.5327101323,1,1,0,NA,NA,NA,NA,NA,1,"LC",154
"9824",0.0466749997809529,4742.22119140625,17.7749999999999,0.200450003892183,1.39249995946884,301.922550964355,290.826042175293,0.00300000002607703,0.00499999988824129,"Labeobarbus mungoensis",96874.68761772,NA,NA,0,NA,NA,NA,NA,NA,1,"EN",1130
"9828",0,13524.0048828125,42,0.180999994277954,2.83864997029304,309.52574005127,292.219170379639,0.00400000018998981,0.0140000004321337,"Enteromius leonensis",935829.619860425,1,0,0,NA,NA,NA,NA,NA,2,"LC",6808
"9829",0,45825.2890625,44,0.230000004172325,2.80879995822907,302.003704833984,293.71350402832,0.0020000000949949,0.00600000005215406,"Microctenopoma congicum",386190.46047218,1,1,0,NA,NA,NA,NA,NA,1,"LC",3765
"9830",0,756.489013671875,43,0.793150019645691,2.86530007123947,301.352639770508,288.35220489502,0.00499999988824129,0.0109999999403954,"Marcusenius angolensis",20748.0608709714,1,1,0,NA,NA,NA,NA,NA,2,"LC",143
"9832",0.010175000061281,17.923999786377,18.375,0.523025006055832,1.27064996957779,298.695422363281,284.042681884766,0.00899999961256981,0.0130000002682209,"Syngnathus watermeyeri",3444.41986517403,1,0,0,NA,NA,NA,NA,NA,3,"CR",30
"9836",0.184550002217293,6371.3427734375,1,0.26095000654459,1.61974995732307,301.381504821777,291.641398620605,0.0020000000949949,0.00600000005215406,"Procatopus nototaenia",48054.3708256817,1,0,0,NA,NA,NA,NA,NA,1,"LC",559
"9837",0.451999992132187,37307.2734375,0,0.205849999934435,1.38274996876717,301.561347961426,291.251448059082,0.0020000000949949,0.00600000005215406,"Synodontis haugi",209487.602371241,NA,NA,0,NA,NA,NA,NA,NA,1,"LC",2435
"9838",0.0139000004157424,696.760009765625,12.05,0.406750005483627,1.11919996142387,305.685047912598,293.677349853516,0.00499999988824129,0.00800000037997961,"Rhexipanchax lamberti",33667.0028918941,1,0,0,4.5," ",0,NA,NA,1,"LC",399
"9842",0,12037.8349609375,44,0.290674996376038,3.61400008201599,310.279844665527,285.3330078125,0.00300000002607703,0.0199999995529652,"Labeobarbus bynni",859504.555630469,1,1,0,82,NA,0,3.1,"Carni.",2,"LC",4330
"9843",1.23155003786087,855.765991210938,0,0.262749993801117,0.563350015878677,301.636247253418,294.02395324707,0.00315000005066395,0.00499999988824129,"Nimbapanchax jeanpoli",7400.266704892,1,0,0,NA,NA,NA,NA,NA,1,"VU",87
"9844",0.0884750004857779,4742.22119140625,8.52499999999986,0.195999994874001,1.14404999315739,301.849848937988,290.855202484131,0.00300000002607703,0.00499999988824129,"Labeobarbus mariae",152453.723807402,NA,NA,0,NA,NA,NA,NA,NA,1,"LC",1780
"9846",0.0439999997615814,5070.841796875,22,0.214000001549721,2.19100004434586,301.095748901367,292.483253479004,0.0020000000949949,0.00499999988824129,"Phenacogrammus major",157120.114366385,1,1,0,NA,NA,NA,NA,NA,1,"LC",1831
"9848",0,5122.18603515625,45,0.181950001418591,2.98254992961884,308.141845703125,292.859252929688,0.00499999988824129,0.0130000002682209,"Enteromius yeiensis",141171.608643823,1,1,0,NA,NA,NA,NA,NA,2,"DD",907
"9853",0,13524.0048828125,44,0.156000003218651,2.59100008010864,307.68798828125,294.739398193359,0.00400000018998981,0.00999999977648258,"Petrocephalus soudanensis",607045.092277143,1,1,0,NA,NA,NA,NA,NA,1,"LC",5513
"9854",0,5633.46484375,40,0.535000026226044,2.28467503190041,302.989672851562,287.416312408447,0.00400000018998981,0.00700000021606684,"Schilbe moebiusii",242774.204020986,1,0,0,NA,NA,NA,NA,NA,1,"LC",2014
"9855",0,1050.13403320312,44,0.346900002658367,2.55587502717972,300.558098602295,294.909753417969,0.0020000000949949,0.00300000002607703,"Epiplatys phoeniceps",64880.9678563663,1,0,0,NA,NA,NA,NA,NA,1,"LC",500
"9857",8.72200012207031,703.588989257812,0,1.44200003147125,1.44200003147125,301.572998046875,292.190002441406,0.00300000002607703,0.00499999988824129,"Bathybagrus platycephalus",33354.7184506497,NA,NA,0,NA,NA,NA,NA,NA,1,NA,390
"9859",0,45825.2890625,33.4999999999999,0.0828000031411648,1.78810003995895,300.778106689453,293.986999511719,0.0020000000949949,0.00499999988824129,"Belonoglanis brieni",11407.8134765396,1,1,0,NA,NA,NA,NA,NA,1,"DD",133
"9861",0.689000010490417,2546.23803710938,0,1.44700002670288,1.44700002670288,303.043180847168,289.298007965088,0.00700000021606684,0.00899999961256981,"Protomelas pleurotaenia",6876.2660956166,0,1,1,14.1000003814697,"commercial",0,3.5,"Carni.",1,"LC",82
"9863",0.833000004291534,789.304016113281,0,1.97599995136261,1.97599995136261,298.730402374268,293.855461120605,0.0020000000949949,0.00300000002607703,"Haplochromis bwathondii",75275.99539497,0,1,1,8.17000007629395,NA,0,NA,NA,1,"VU",862
"9864",0,5196.6171875,44,0.607524986565113,2.33542500734329,302.410417175293,289.696248626709,0.00499999988824129,0.00899999961256981,"Engraulicypris ngalala",206782.975664051,1,1,0,5.09999990463257,NA,0,NA,NA,1,"LC",2382
"9866",0,4927.27587890625,38,0.236000001430511,2.33140001296997,300.200012207031,295.886993408203,0.00100000004749745,0.0020000000949949,"Tylochromis aristoma",123608.853589798,1,1,0,19.2999992370605,NA,0,NA,NA,1,"LC",1389
"9867",0.208750001713634,11712.7255859375,0,0.381099997460842,1.6167999535799,300.572074890137,291.532513427734,0.0020000000949949,0.00700000021606684,"Marcusenius ntemensis",45759.4020914385,NA,NA,0,NA,NA,NA,NA,NA,1,"VU",532
"9868",0,45825.2890625,42,0.2108000010252,2.632200050354,301.627990722656,293.633410644531,0.0020000000949949,0.00600000005215406,"Synodontis longirostris",293884.705865613,1,1,0,NA,NA,NA,NA,NA,1,"LC",3025
"9869",8.72200012207031,703.588989257812,0,1.44200003147125,1.44200003147125,301.572998046875,292.190002441406,0.00300000002607703,0.00499999988824129,"Altolamprologus compressiceps",33012.5919769452,0,1,1,12.3000001907349,NA,0,3.6,"Carni.",1,"LC",386
"9870",0,5122.18603515625,42,0.188999995589256,2.55155007839203,308.308551025391,292.482202148438,0.00400000018998981,0.0120000001043081,"Nannocharax ansorgii",1126479.98318849,1,1,0,NA,NA,NA,NA,NA,1,"LC",10259
"9872",0,66.0479965209961,36.1,0.288899989426136,1.87894996404648,300.023322296143,281.779608917236,0.00300000002607703,0.0149999996647239,"Cyprinus multitaeniatus",6904.1190632954,1,1,0,NA,NA,NA,NA,NA,3,"NT",50
"9876",0,3777.22509765625,31.575,0.890224978327751,2.34932500123978,302.802001953125,278.793270874023,0.00400000018998981,0.0187250001356006,"Fundulopanchax powelli",4969.92438392964,0,1,1,NA,NA,NA,NA,NA,1,"CR",58
"9877",0,19.443000793457,33,0.906749978661537,1.6246249973774,305.701488494873,280.733135223389,0.0209999997168779,0.023625000147149,"Redigobius bikolanus",5148.45395743441,1,1,0,4.90000009536743,NA,1,3.27,"Carni.",2,"LC",16
"9879",0.162749999761581,316.578002929688,1.69999999999999,0.0704500000923872,0.570400005578994,300.895909118652,284.961637878418,0.0020000000949949,0.00300000002607703,"Haplochromis pappenheimi",16177.5782462457,1,1,0,8.75,NA,0,3.2,"Carni.",1,"LC",167
"9880",0.0780000016093254,919.344970703125,15,0.204999998211861,1.0460000038147,299.723999023438,291.855010986328,0.00300000002607703,0.00400000018998981,"Haplochromis paludinosus",9343.22823818839,NA,NA,0,NA,NA,NA,NA,NA,1,NA,81
"9881",0.833000004291534,789.304016113281,0,1.97599995136261,1.97599995136261,298.594623565674,293.989990234375,0.0020000000949949,0.00300000002607703,"Haplochromis flavus",70201.9485614657,0,1,1,11.8999996185303,NA,0,2.32,"Omni.",1,"LC",816
"9882",0,955.547973632812,42.9,0.320900000631809,2.7218000292778,296.58745880127,287.912942504883,0.0020000000949949,0.00499999988824129,"Enteromius mocoensis",6402.61532995116,1,0,0,NA,NA,NA,NA,NA,2,"DD",63
"9885",0,3274.53393554688,16,0.27017500847578,1.40929997563362,303.264154815674,290.827003479004,0.00300000002607703,0.00999999977648258,"Anomalochromis thomasi",164176.395935334,1,0,0,NA,NA,NA,NA,NA,1,"LC",1928
"9886",0.768400013446808,242.128997802734,13.3,0.687550002336502,1.44755001366138,299.403085327148,295.686408996582,0.00300000002607703,0.00300000002607703,"Scardinius dergle",258.146720563579,1,1,0,NA,NA,NA,NA,NA,1,"NT",3
"9887",0,13768.8310546875,39,0.303000003099442,2.55587500333786,300.7907371521,295.885375976562,0.0020000000949949,0.00300000002607703,"Alestopetersius compressus",49447.4344793335,1,1,0,NA,NA,NA,NA,NA,1,"LC",566
"9889",0,4425.4482421875,45,0.158350002765656,2.87360001802444,310.384899902344,292.746696472168,0.00300000002607703,0.0149999996647239,"Synodontis eupterus",458443.515532318,1,1,0,30,"of no interest",0,2.65,"Omni.",1,"LC",3215
"9898",0.0173750002868474,957.070007324219,25,0.130374995991588,1.97599995136261,302.439994812012,285.597625732422,0.0020000000949949,0.00499999988824129,"Lacustricola bukobanus",278602.606452934,0,1,1,5," ",0,NA,NA,1,NA,2456
"9899",0.0104249998694286,684.268005371094,24.325,0.875175005197525,2.33909992575645,304.128997039795,298.489440917969,0.00215000010211952,0.00492499991087243,"Nothobranchius microlepis",1117.55838738599,1,1,0,NA,NA,NA,NA,NA,2,"VU",4
"9903",0,134.044998168945,42.6,1.59280002117157,2.86560010910034,300.200012207031,296.830206298828,0.0020000000949949,0.0020000000949949,"Enteromius deguidei",4904.99532727345,1,1,0,NA,NA,NA,NA,NA,1,"DD",57
"9904",0.144824995473027,797.286010742188,1,0.314000010490417,1.97599995136261,301.167445373535,291.403087615967,0.0020000000949949,0.00400000018998981,"Haplochromis nuchisquamulatus",92052.5929186002,0,1,1,11.3000001907349,NA,0,2,"Herbi.",1,"DD",1012
"9905",0.417174992710352,703.588989257812,0,1.44200003147125,1.44200003147125,301.572998046875,292.190002441406,0.00300000002607703,0.00499999988824129,"Neolamprologus mondabu",34890.675799273,0,1,1,10.6999998092651,"commercial",0,NA,NA,1,"LC",404
"9906",0.456549991667271,11712.7255859375,0,0.35119998678565,1.43700002133846,300.673656463623,291.523327636719,0.00300000002607703,0.00700000021606684,"Boulengeromyrus knoepffleri",35617.081668657,NA,NA,0,NA,NA,NA,NA,NA,1,"LC",414
"9907",0.183875001966953,25769.677734375,6.125,0.244750004261732,0.909624978899956,301.426864624023,291.091747283936,0.0020000000949949,0.00499999988824129,"Paramormyrops batesii",78674.069956662,NA,NA,0,NA,NA,NA,NA,NA,1,"DD",916
"9908",0,527.762023925781,42,0.130649999901652,2.07314995527267,305.269161987305,288.914401245117,0.00300000002607703,0.00700000021606684,"Zaireichthys rotundiceps",28004.0083731941,1,0,0,3.78999996185303,"of potential interest",0,3.4,"Carni.",1,"DD",275
"9910",0.00300000002607703,57.1699981689453,32.75,0.199875002726912,1.65087503194809,302.585994720459,296.176742553711,0.00400000018998981,0.00499999988824129,"Enteromius castrasibutum",5650.01813194222,1,1,0,NA,NA,NA,NA,NA,1,"DD",66
"9911",0,731.572998046875,19.825,0.333525002747774,1.41297501027584,302.561912536621,289.144990539551,0.00400000018998981,0.0120000001043081,"Mochokiella paynei",7496.31417550267,1,0,0,NA,NA,NA,NA,NA,1,"LC",88
"9912",0,45825.2890625,40,0.187000006437302,2.45600008964539,307.462879180908,293.403991699219,0.0020000000949949,0.00999999977648258,"Kribia nana",2287513.59524983,1,1,0,NA,NA,NA,NA,NA,1,"LC",23436
"9914",0.417174992710352,703.588989257812,0,1.44200003147125,1.44200003147125,301.572998046875,292.190002441406,0.00300000002607703,0.00499999988824129,"Neolamprologus sexfasciatus",34890.675799273,0,1,1,15,"commercial",0,NA,NA,1,"LC",404
"9922",0,45825.2890625,39,0.188149993866682,2.38085005283356,306.325842285156,293.191009521484,0.0020000000949949,0.00899999961256981,"Ctenopoma kingsleyae",1620549.24336604,1,1,0,NA,NA,NA,NA,NA,1,"LC",16887
"9923",0.298824990913272,990.174987792969,1,0.455150002986193,0.855100020766258,303.78854675293,293.539304351807,0.00499999988824129,0.00800000037997961,"Scriptaphyosemion cauveti",6595.93156288051,1,0,0,NA,NA,NA,NA,NA,1,"VU",78
"9924",0,45825.2890625,40,0.232374994084239,2.20337501168251,301.782623291016,293.532009124756,0.0020000000949949,0.00600000005215406,"Mastacembelus robertsi",151123.801609001,1,1,0,NA,NA,NA,NA,NA,1,"LC",1536
"9926",0,707.939025878906,43,0.432399997115135,2.50860002636909,304.313567352295,283.672824859619,0.00400000018998981,0.00700000021606684,"Labeo gregorii",163176.912693442,1,0,0,NA,NA,NA,NA,NA,1,"LC",818
"9927",0,12638.6572265625,42.625,0.30799999833107,2.69737508893013,300.50174331665,296.040378570557,0.0020000000949949,0.00300000002607703,"Labeo reidi",11960.7192714269,1,1,0,NA,NA,NA,NA,NA,1,"DD",136
"9929",0.0205999996513129,3274.53393554688,25,0.188599994778633,1.38579998016357,306.848193359375,293.939599609375,0.00300000002607703,0.00899999961256981,"Raiamas nigeriensis",623260.115590609,1,0,0,NA,NA,NA,NA,NA,1,"LC",6705
"9933",8.72200012207031,703.588989257812,0,1.44200003147125,1.44200003147125,301.572998046875,292.190002441406,0.00300000002607703,0.00499999988824129,"Tropheus brichardi",33012.5919769452,0,1,1,NA,NA,NA,NA,NA,1,"LC",386
"9934",0,5357.83203125,46,0.307450005412102,2.9420500099659,300.294786834717,290.77904510498,0.00100000004749745,0.00499999988824129,"Teleogramma monogramma",81083.5428908445,1,1,0,NA,NA,NA,NA,NA,1,"VU",610
"9936",0,190.630996704102,25.6,0.830200004577637,2.29440000057221,301.36640625,284.863787841797,0.00899999961256981,0.0107999999076128,"Coryogalops william",657.535502733389,1,0,0,NA,NA,NA,NA,NA,3,"LC",9
"9937",0,45920.859375,44,0.300599989295006,3.3289999961853,304.670989990234,292.928506469727,0.00300000002607703,0.00899999961256981,"Pomadasys jubelini",14272.6220555717,1,0,0,60,"minor commercial",1,3.63,"Carni.",1,"LC",147
"9940",0.0084999998100102,244.634994506836,26.25,0.337849991023541,1.60650002360344,302.574893188477,289.002105712891,0.00600000005215406,0.00800000037997961,"Nothobranchius polli",4225.91633329519,1,1,0,NA,NA,NA,NA,NA,1,"EN",35
"9943",0,37364.69921875,43.275,0.28644999936223,2.71370005607605,302.076234436035,291.269673156738,0.00100000004749745,0.00499999988824129,"Phractura scaphyrhynchura",67645.3063847404,1,1,0,NA,NA,NA,NA,NA,1,"LC",670
"9945",0,17901.61328125,45,0.488999992609024,2.9560250878334,303.339039611816,285.069956970215,0.00499999988824129,0.0109999999403954,"Oligolepis acutipennis",533038.748744024,1,1,0,15,"of no interest",1,3.95,"Carni.",1,"LC",5600
"9947",8.72200012207031,703.588989257812,0,1.44200003147125,1.44200003147125,301.572998046875,292.190002441406,0.00300000002607703,0.00499999988824129,"Telmatochromis dhonti",33012.5919769452,0,1,1,12,"commercial",0,3.5,"Carni.",1,"LC",386
"9949",0,2546.23803710938,16,1.44700002670288,1.45000004768372,303.375982666016,289.288358306885,0.00700000021606684,0.00999999977648258,"Protomelas labridens",3184.27816742153,1,1,0,18,"commercial",0,3.42,"Carni.",1,"LC",38
"9952",0,17901.61328125,42,0.0352499997243285,2.99700009822845,310.121753692627,287.477252960205,0.00300000002607703,0.0130000002682209,"Yirrkala tenuis",138482.254551002,1,0,0,NA,NA,NA,NA,NA,2,"LC",866
"9953",0,4215.328125,39,0.371399994939566,2.31172495484352,300.951567840576,287.902272033691,0.00400000018998981,0.00899999961256981,"Synodontis unicolor",111122.276087277,1,1,0,NA,NA,NA,NA,NA,3,"LC",1218
"9955",0,14785.6494140625,47,0.472124993801117,3.2321250140667,304.82886505127,282.614116668701,0.00300000002607703,0.0149999996647239,"Enteromius unitaeniatus",1338051.48196161,1,1,0,14,"minor commercial",0,3.31,"Carni.",2,"LC",8576
"9961",0,9131.9716796875,48,0.436200004816055,3.36979999542236,303.549993896484,287.482196044922,0.00499999988824129,0.0140000004321337,"Serranochromis angusticeps",786807.132206622,1,1,0,41,"commercial",0,4.5,"Carni.",3,"LC",5385
"9964",0.417174992710352,703.588989257812,0,1.44200003147125,1.44200003147125,301.572998046875,292.190002441406,0.00300000002607703,0.00499999988824129,"Ophthalmotilapia nasuta",34890.675799273,0,1,1,20,"commercial",0,NA,NA,1,"LC",404
"9966",0.115000002086163,37307.2734375,7,0.235425000265241,1.74172502160072,301.4845703125,291.373670196533,0.0020000000949949,0.00600000005215406,"Labeobarbus tornieri",379713.272737294,NA,NA,0,NA,NA,NA,NA,NA,1,"LC",4418
"9968",0,17901.61328125,45,0.488000005483627,2.87677505612373,305.139561462402,287.436641693115,0.00700000021606684,0.0109999999403954,"Distichodus mossambicus",300405.291111082,1,1,0,57,"minor commercial",0,3.18,"Carni.",1,"LC",3170
"9969",0,1843.83898925781,45,0.55350000411272,2.86862501502037,300.918361663818,291.009994506836,0.0020000000949949,0.00512499990873039,"Lacustricola nigrolateralis",46849.5176832779,NA,NA,0,NA,NA,NA,NA,NA,1,NA,516
"9970",0,7468.005859375,45,0.304700002074242,2.94630007743835,300.650903320313,290.424206542969,0.00100000004749745,0.00499999988824129,"Clarias nigromarmoratus",193639.166229294,1,1,0,NA,NA,NA,NA,NA,1,"LC",1869
"9972",0,45825.2890625,42,0.237000003457069,2.61969990730286,301.5291015625,292.648999023438,0.0020000000949949,0.00600000005215406,"Mastacembelus niger",1070105.25446723,1,1,0,NA,NA,NA,NA,NA,1,"LC",11173
"9973",0,17901.61328125,45,0.476650002598763,3.08034998178482,303.197296142578,284.78084564209,0.00499999988824129,0.0109999999403954,"Eleotris mauritiana",150034.902978008,1,1,0,NA,NA,NA,NA,NA,1,"LC",1747
"9976",8.72200012207031,703.588989257812,0,1.44200003147125,1.44200003147125,301.572998046875,292.190002441406,0.00300000002607703,0.00499999988824129,"Limnotilapia dardennii",33012.5919769452,1,1,0,26,"commercial",0,NA,NA,1,"LC",386
"9978",0.00287499993573874,58.3479995727539,33.275,0.640474998950958,2.03517505526543,299.090674591064,280.909483337402,0.0101499998010695,0.017000000923872,"Pseudobarbus tenuis",5594.43623734368,1,0,0,8,NA,0,2.57,"Omni.",2,"NT",24
"9980",0,17901.61328125,44,0.477999985218048,2.76419997215271,303.527404785156,287.314190673828,0.00499999988824129,0.0109999999403954,"Astatotilapia calliptera",628671.879389832,1,1,0,15,"commercial",0,3.04,"Carni.",1,"LC",7313
"9982",0,12638.6572265625,38,0.333000004291534,2.34520001411438,301.524987792969,292.270794677734,0.0020000000949949,0.00499999988824129,"Enteromius tetrastigma",36528.8798410748,1,1,0,NA,NA,NA,NA,NA,1,"DD",393
"9983",0,17901.61328125,42,0.301124997437,2.70849996805191,306.773620605469,281.886756896973,0.00300000002607703,0.0179999992251396,"Plectorhinchus gibbosus",501007.31883067,1,0,0,75,"commercial",1,4.01,"Carni.",1,"LC",3806
"9985",0.689000010490417,2546.23803710938,0,1.44700002670288,1.44700002670288,300.908996582031,292.502990722656,0.00700000021606684,0.00700000021606684,"Placidochromis communis",84.3398314721336,0,1,1,NA,NA,NA,NA,NA,1,"LC",1
"9986",0.689000010490417,2546.23803710938,0,1.44700002670288,1.44700002670288,302.670989990234,289.727937316895,0.00800000037997961,0.00899999961256981,"Pseudotropheus crabro",4017.61455729774,0,1,1,9.39999961853027,"commercial",0,3.76,"Carni.",1,"LC",48
"9988",0,45814.21875,30.125,0.0747750028967857,1.51587496697903,300.722076416016,293.986999511719,0.0020000000949949,0.00499999988824129,"Dolichamphilius brieni",10292.0493553879,1,1,0,NA,NA,NA,NA,NA,1,"VU",120
"9990",0,37367.671875,44,0.237750004976988,2.6139999628067,300.815254211426,295.558494567871,0.00100000004749745,0.00300000002607703,"Enteromius candens",336148.695242801,1,1,0,NA,NA,NA,NA,NA,1,"LC",3191
"9991",0.689000010490417,2546.23803710938,0,1.44700002670288,1.44700002670288,302.670989990234,290.842797851563,0.00800000037997961,0.00899999961256981,"Nyassachromis leuciscus",1419.1099094656,0,1,1,16,"commercial",0,2.46,"Omni.",1,"DD",17
"9994",0,30347.138671875,41,0.233999997377396,2.50200009346008,301.636993408203,294.183297729492,0.0020000000949949,0.00499999988824129,"Labeobarbus fasolt",232199.662385583,1,1,0,NA,NA,NA,NA,NA,1,"LC",2397
"9995",0.417174992710352,703.588989257812,0,1.44200003147125,1.44200003147125,301.572998046875,292.190002441406,0.00300000002607703,0.00499999988824129,"Neolamprologus wauthioni",34890.675799273,0,1,1,5.5," ",0,3.4,"Carni.",1,"DD",404
"9996",0.0160000007599592,927.523986816406,29,0.0916499994695187,1.44200003147125,301.575102233887,285.984144592285,0.0020000000949949,0.00499999988824129,"Raiamas moorii",120169.164163569,1,1,0,NA,NA,NA,NA,NA,1,"LC",1307
"9998",0,1406.73901367188,45,0.371750004589558,2.62449991703033,300.644012451172,294.264511108398,0.0020000000949949,0.00400000018998981,"Clypeobarbus bomokandi",35260.7121466332,1,1,0,NA,NA,NA,NA,NA,1,"DD",271
"9999",0,14038.1435546875,42,0.493000000715256,2.34197504520416,305.16061706543,285.064952087402,0.00400000018998981,0.0120000001043081,"Kneria auriculata",155439.183962456,1,1,0,NA,NA,NA,NA,NA,3,"LC",1580
